CivilizationType,CitizenName,Female,Modern
CIVILIZATION_AMERICA,LOC_CITIZEN_AMERICA_MALE_1,0,0
CIVILIZATION_AMERICA,LOC_CITIZEN_AMERICA_MALE_2,0,0
CIVILIZATION_AMERICA,LOC_CITIZEN_AMERICA_MALE_3,0,0
CIVILIZATION_AMERICA,LOC_CITIZEN_AMERICA_MALE_4,0,0
CIVILIZATION_AMERICA,LOC_CITIZEN_AMERICA_MALE_5,0,0
CIVILIZATION_AMERICA,LOC_CITIZEN_AMERICA_MALE_6,0,0
CIVILIZATION_AMERICA,LOC_CITIZEN_AMERICA_MALE_7,0,0
CIVILIZATION_AMERICA,LOC_CITIZEN_AMERICA_MALE_8,0,0
CIVILIZATION_AMERICA,LOC_CITIZEN_AMERICA_MALE_9,0,0
CIVILIZATION_AMERICA,LOC_CITIZEN_AMERICA_MALE_10,0,0
CIVILIZATION_AMERICA,LOC_CITIZEN_AMERICA_FEMALE_1,1,0
CIVILIZATION_AMERICA,LOC_CITIZEN_AMERICA_FEMALE_2,1,0
CIVILIZATION_AMERICA,LOC_CITIZEN_AMERICA_FEMALE_3,1,0
CIVILIZATION_AMERICA,LOC_CITIZEN_AMERICA_FEMALE_4,1,0
CIVILIZATION_AMERICA,LOC_CITIZEN_AMERICA_FEMALE_5,1,0
CIVILIZATION_AMERICA,LOC_CITIZEN_AMERICA_FEMALE_6,1,0
CIVILIZATION_AMERICA,LOC_CITIZEN_AMERICA_FEMALE_7,1,0
CIVILIZATION_AMERICA,LOC_CITIZEN_AMERICA_FEMALE_8,1,0
CIVILIZATION_AMERICA,LOC_CITIZEN_AMERICA_FEMALE_9,1,0
CIVILIZATION_AMERICA,LOC_CITIZEN_AMERICA_FEMALE_10,1,0
CIVILIZATION_AMERICA,LOC_CITIZEN_AMERICA_MODERN_MALE_1,0,1
CIVILIZATION_AMERICA,LOC_CITIZEN_AMERICA_MODERN_MALE_2,0,1
CIVILIZATION_AMERICA,LOC_CITIZEN_AMERICA_MODERN_MALE_3,0,1
CIVILIZATION_AMERICA,LOC_CITIZEN_AMERICA_MODERN_MALE_4,0,1
CIVILIZATION_AMERICA,LOC_CITIZEN_AMERICA_MODERN_MALE_5,0,1
CIVILIZATION_AMERICA,LOC_CITIZEN_AMERICA_MODERN_MALE_6,0,1
CIVILIZATION_AMERICA,LOC_CITIZEN_AMERICA_MODERN_MALE_7,0,1
CIVILIZATION_AMERICA,LOC_CITIZEN_AMERICA_MODERN_MALE_8,0,1
CIVILIZATION_AMERICA,LOC_CITIZEN_AMERICA_MODERN_MALE_9,0,1
CIVILIZATION_AMERICA,LOC_CITIZEN_AMERICA_MODERN_MALE_10,0,1
CIVILIZATION_AMERICA,LOC_CITIZEN_AMERICA_MODERN_FEMALE_1,1,1
CIVILIZATION_AMERICA,LOC_CITIZEN_AMERICA_MODERN_FEMALE_2,1,1
CIVILIZATION_AMERICA,LOC_CITIZEN_AMERICA_MODERN_FEMALE_3,1,1
CIVILIZATION_AMERICA,LOC_CITIZEN_AMERICA_MODERN_FEMALE_4,1,1
CIVILIZATION_AMERICA,LOC_CITIZEN_AMERICA_MODERN_FEMALE_5,1,1
CIVILIZATION_AMERICA,LOC_CITIZEN_AMERICA_MODERN_FEMALE_6,1,1
CIVILIZATION_AMERICA,LOC_CITIZEN_AMERICA_MODERN_FEMALE_7,1,1
CIVILIZATION_AMERICA,LOC_CITIZEN_AMERICA_MODERN_FEMALE_8,1,1
CIVILIZATION_AMERICA,LOC_CITIZEN_AMERICA_MODERN_FEMALE_9,1,1
CIVILIZATION_AMERICA,LOC_CITIZEN_AMERICA_MODERN_FEMALE_10,1,1
CIVILIZATION_ARABIA,LOC_CITIZEN_ARABIA_MALE_1,0,0
CIVILIZATION_ARABIA,LOC_CITIZEN_ARABIA_MALE_2,0,0
CIVILIZATION_ARABIA,LOC_CITIZEN_ARABIA_MALE_3,0,0
CIVILIZATION_ARABIA,LOC_CITIZEN_ARABIA_MALE_4,0,0
CIVILIZATION_ARABIA,LOC_CITIZEN_ARABIA_MALE_5,0,0
CIVILIZATION_ARABIA,LOC_CITIZEN_ARABIA_MALE_6,0,0
CIVILIZATION_ARABIA,LOC_CITIZEN_ARABIA_MALE_7,0,0
CIVILIZATION_ARABIA,LOC_CITIZEN_ARABIA_MALE_8,0,0
CIVILIZATION_ARABIA,LOC_CITIZEN_ARABIA_MALE_9,0,0
CIVILIZATION_ARABIA,LOC_CITIZEN_ARABIA_MALE_10,0,0
CIVILIZATION_ARABIA,LOC_CITIZEN_ARABIA_FEMALE_1,1,0
CIVILIZATION_ARABIA,LOC_CITIZEN_ARABIA_FEMALE_2,1,0
CIVILIZATION_ARABIA,LOC_CITIZEN_ARABIA_FEMALE_3,1,0
CIVILIZATION_ARABIA,LOC_CITIZEN_ARABIA_FEMALE_4,1,0
CIVILIZATION_ARABIA,LOC_CITIZEN_ARABIA_FEMALE_5,1,0
CIVILIZATION_ARABIA,LOC_CITIZEN_ARABIA_FEMALE_6,1,0
CIVILIZATION_ARABIA,LOC_CITIZEN_ARABIA_FEMALE_7,1,0
CIVILIZATION_ARABIA,LOC_CITIZEN_ARABIA_FEMALE_8,1,0
CIVILIZATION_ARABIA,LOC_CITIZEN_ARABIA_FEMALE_9,1,0
CIVILIZATION_ARABIA,LOC_CITIZEN_ARABIA_FEMALE_10,1,0
CIVILIZATION_ARABIA,LOC_CITIZEN_ARABIA_MODERN_MALE_1,0,1
CIVILIZATION_ARABIA,LOC_CITIZEN_ARABIA_MODERN_MALE_2,0,1
CIVILIZATION_ARABIA,LOC_CITIZEN_ARABIA_MODERN_MALE_3,0,1
CIVILIZATION_ARABIA,LOC_CITIZEN_ARABIA_MODERN_MALE_4,0,1
CIVILIZATION_ARABIA,LOC_CITIZEN_ARABIA_MODERN_MALE_5,0,1
CIVILIZATION_ARABIA,LOC_CITIZEN_ARABIA_MODERN_MALE_6,0,1
CIVILIZATION_ARABIA,LOC_CITIZEN_ARABIA_MODERN_MALE_7,0,1
CIVILIZATION_ARABIA,LOC_CITIZEN_ARABIA_MODERN_MALE_8,0,1
CIVILIZATION_ARABIA,LOC_CITIZEN_ARABIA_MODERN_MALE_9,0,1
CIVILIZATION_ARABIA,LOC_CITIZEN_ARABIA_MODERN_MALE_10,0,1
CIVILIZATION_ARABIA,LOC_CITIZEN_ARABIA_MODERN_FEMALE_1,1,1
CIVILIZATION_ARABIA,LOC_CITIZEN_ARABIA_MODERN_FEMALE_2,1,1
CIVILIZATION_ARABIA,LOC_CITIZEN_ARABIA_MODERN_FEMALE_3,1,1
CIVILIZATION_ARABIA,LOC_CITIZEN_ARABIA_MODERN_FEMALE_4,1,1
CIVILIZATION_ARABIA,LOC_CITIZEN_ARABIA_MODERN_FEMALE_5,1,1
CIVILIZATION_ARABIA,LOC_CITIZEN_ARABIA_MODERN_FEMALE_6,1,1
CIVILIZATION_ARABIA,LOC_CITIZEN_ARABIA_MODERN_FEMALE_7,1,1
CIVILIZATION_ARABIA,LOC_CITIZEN_ARABIA_MODERN_FEMALE_8,1,1
CIVILIZATION_ARABIA,LOC_CITIZEN_ARABIA_MODERN_FEMALE_9,1,1
CIVILIZATION_ARABIA,LOC_CITIZEN_ARABIA_MODERN_FEMALE_10,1,1
CIVILIZATION_BRAZIL,LOC_CITIZEN_BRAZIL_MALE_1,0,0
CIVILIZATION_BRAZIL,LOC_CITIZEN_BRAZIL_MALE_2,0,0
CIVILIZATION_BRAZIL,LOC_CITIZEN_BRAZIL_MALE_3,0,0
CIVILIZATION_BRAZIL,LOC_CITIZEN_BRAZIL_MALE_4,0,0
CIVILIZATION_BRAZIL,LOC_CITIZEN_BRAZIL_MALE_5,0,0
CIVILIZATION_BRAZIL,LOC_CITIZEN_BRAZIL_MALE_6,0,0
CIVILIZATION_BRAZIL,LOC_CITIZEN_BRAZIL_MALE_7,0,0
CIVILIZATION_BRAZIL,LOC_CITIZEN_BRAZIL_MALE_8,0,0
CIVILIZATION_BRAZIL,LOC_CITIZEN_BRAZIL_MALE_9,0,0
CIVILIZATION_BRAZIL,LOC_CITIZEN_BRAZIL_MALE_10,0,0
CIVILIZATION_BRAZIL,LOC_CITIZEN_BRAZIL_FEMALE_1,1,0
CIVILIZATION_BRAZIL,LOC_CITIZEN_BRAZIL_FEMALE_2,1,0
CIVILIZATION_BRAZIL,LOC_CITIZEN_BRAZIL_FEMALE_3,1,0
CIVILIZATION_BRAZIL,LOC_CITIZEN_BRAZIL_FEMALE_4,1,0
CIVILIZATION_BRAZIL,LOC_CITIZEN_BRAZIL_FEMALE_5,1,0
CIVILIZATION_BRAZIL,LOC_CITIZEN_BRAZIL_FEMALE_6,1,0
CIVILIZATION_BRAZIL,LOC_CITIZEN_BRAZIL_FEMALE_7,1,0
CIVILIZATION_BRAZIL,LOC_CITIZEN_BRAZIL_FEMALE_8,1,0
CIVILIZATION_BRAZIL,LOC_CITIZEN_BRAZIL_FEMALE_9,1,0
CIVILIZATION_BRAZIL,LOC_CITIZEN_BRAZIL_FEMALE_10,1,0
CIVILIZATION_BRAZIL,LOC_CITIZEN_BRAZIL_MODERN_MALE_1,0,1
CIVILIZATION_BRAZIL,LOC_CITIZEN_BRAZIL_MODERN_MALE_2,0,1
CIVILIZATION_BRAZIL,LOC_CITIZEN_BRAZIL_MODERN_MALE_3,0,1
CIVILIZATION_BRAZIL,LOC_CITIZEN_BRAZIL_MODERN_MALE_4,0,1
CIVILIZATION_BRAZIL,LOC_CITIZEN_BRAZIL_MODERN_MALE_5,0,1
CIVILIZATION_BRAZIL,LOC_CITIZEN_BRAZIL_MODERN_MALE_6,0,1
CIVILIZATION_BRAZIL,LOC_CITIZEN_BRAZIL_MODERN_MALE_7,0,1
CIVILIZATION_BRAZIL,LOC_CITIZEN_BRAZIL_MODERN_MALE_8,0,1
CIVILIZATION_BRAZIL,LOC_CITIZEN_BRAZIL_MODERN_MALE_9,0,1
CIVILIZATION_BRAZIL,LOC_CITIZEN_BRAZIL_MODERN_MALE_10,0,1
CIVILIZATION_BRAZIL,LOC_CITIZEN_BRAZIL_MODERN_FEMALE_1,1,1
CIVILIZATION_BRAZIL,LOC_CITIZEN_BRAZIL_MODERN_FEMALE_2,1,1
CIVILIZATION_BRAZIL,LOC_CITIZEN_BRAZIL_MODERN_FEMALE_3,1,1
CIVILIZATION_BRAZIL,LOC_CITIZEN_BRAZIL_MODERN_FEMALE_4,1,1
CIVILIZATION_BRAZIL,LOC_CITIZEN_BRAZIL_MODERN_FEMALE_5,1,1
CIVILIZATION_BRAZIL,LOC_CITIZEN_BRAZIL_MODERN_FEMALE_6,1,1
CIVILIZATION_BRAZIL,LOC_CITIZEN_BRAZIL_MODERN_FEMALE_7,1,1
CIVILIZATION_BRAZIL,LOC_CITIZEN_BRAZIL_MODERN_FEMALE_8,1,1
CIVILIZATION_BRAZIL,LOC_CITIZEN_BRAZIL_MODERN_FEMALE_9,1,1
CIVILIZATION_BRAZIL,LOC_CITIZEN_BRAZIL_MODERN_FEMALE_10,1,1
CIVILIZATION_CHINA,LOC_CITIZEN_CHINA_MALE_1,0,0
CIVILIZATION_CHINA,LOC_CITIZEN_CHINA_MALE_2,0,0
CIVILIZATION_CHINA,LOC_CITIZEN_CHINA_MALE_3,0,0
CIVILIZATION_CHINA,LOC_CITIZEN_CHINA_MALE_4,0,0
CIVILIZATION_CHINA,LOC_CITIZEN_CHINA_MALE_5,0,0
CIVILIZATION_CHINA,LOC_CITIZEN_CHINA_MALE_6,0,0
CIVILIZATION_CHINA,LOC_CITIZEN_CHINA_MALE_7,0,0
CIVILIZATION_CHINA,LOC_CITIZEN_CHINA_MALE_8,0,0
CIVILIZATION_CHINA,LOC_CITIZEN_CHINA_MALE_9,0,0
CIVILIZATION_CHINA,LOC_CITIZEN_CHINA_MALE_10,0,0
CIVILIZATION_CHINA,LOC_CITIZEN_CHINA_FEMALE_1,1,0
CIVILIZATION_CHINA,LOC_CITIZEN_CHINA_FEMALE_2,1,0
CIVILIZATION_CHINA,LOC_CITIZEN_CHINA_FEMALE_3,1,0
CIVILIZATION_CHINA,LOC_CITIZEN_CHINA_FEMALE_4,1,0
CIVILIZATION_CHINA,LOC_CITIZEN_CHINA_FEMALE_5,1,0
CIVILIZATION_CHINA,LOC_CITIZEN_CHINA_FEMALE_6,1,0
CIVILIZATION_CHINA,LOC_CITIZEN_CHINA_FEMALE_7,1,0
CIVILIZATION_CHINA,LOC_CITIZEN_CHINA_FEMALE_8,1,0
CIVILIZATION_CHINA,LOC_CITIZEN_CHINA_FEMALE_9,1,0
CIVILIZATION_CHINA,LOC_CITIZEN_CHINA_FEMALE_10,1,0
CIVILIZATION_CHINA,LOC_CITIZEN_CHINA_MODERN_MALE_1,0,1
CIVILIZATION_CHINA,LOC_CITIZEN_CHINA_MODERN_MALE_2,0,1
CIVILIZATION_CHINA,LOC_CITIZEN_CHINA_MODERN_MALE_3,0,1
CIVILIZATION_CHINA,LOC_CITIZEN_CHINA_MODERN_MALE_4,0,1
CIVILIZATION_CHINA,LOC_CITIZEN_CHINA_MODERN_MALE_5,0,1
CIVILIZATION_CHINA,LOC_CITIZEN_CHINA_MODERN_MALE_6,0,1
CIVILIZATION_CHINA,LOC_CITIZEN_CHINA_MODERN_MALE_7,0,1
CIVILIZATION_CHINA,LOC_CITIZEN_CHINA_MODERN_MALE_8,0,1
CIVILIZATION_CHINA,LOC_CITIZEN_CHINA_MODERN_MALE_9,0,1
CIVILIZATION_CHINA,LOC_CITIZEN_CHINA_MODERN_MALE_10,0,1
CIVILIZATION_CHINA,LOC_CITIZEN_CHINA_MODERN_FEMALE_1,1,1
CIVILIZATION_CHINA,LOC_CITIZEN_CHINA_MODERN_FEMALE_2,1,1
CIVILIZATION_CHINA,LOC_CITIZEN_CHINA_MODERN_FEMALE_3,1,1
CIVILIZATION_CHINA,LOC_CITIZEN_CHINA_MODERN_FEMALE_4,1,1
CIVILIZATION_CHINA,LOC_CITIZEN_CHINA_MODERN_FEMALE_5,1,1
CIVILIZATION_CHINA,LOC_CITIZEN_CHINA_MODERN_FEMALE_6,1,1
CIVILIZATION_CHINA,LOC_CITIZEN_CHINA_MODERN_FEMALE_7,1,1
CIVILIZATION_CHINA,LOC_CITIZEN_CHINA_MODERN_FEMALE_8,1,1
CIVILIZATION_CHINA,LOC_CITIZEN_CHINA_MODERN_FEMALE_9,1,1
CIVILIZATION_CHINA,LOC_CITIZEN_CHINA_MODERN_FEMALE_10,1,1
CIVILIZATION_EGYPT,LOC_CITIZEN_EGYPT_MALE_1,0,0
CIVILIZATION_EGYPT,LOC_CITIZEN_EGYPT_MALE_2,0,0
CIVILIZATION_EGYPT,LOC_CITIZEN_EGYPT_MALE_3,0,0
CIVILIZATION_EGYPT,LOC_CITIZEN_EGYPT_MALE_4,0,0
CIVILIZATION_EGYPT,LOC_CITIZEN_EGYPT_MALE_5,0,0
CIVILIZATION_EGYPT,LOC_CITIZEN_EGYPT_MALE_6,0,0
CIVILIZATION_EGYPT,LOC_CITIZEN_EGYPT_MALE_7,0,0
CIVILIZATION_EGYPT,LOC_CITIZEN_EGYPT_MALE_8,0,0
CIVILIZATION_EGYPT,LOC_CITIZEN_EGYPT_MALE_9,0,0
CIVILIZATION_EGYPT,LOC_CITIZEN_EGYPT_MALE_10,0,0
CIVILIZATION_EGYPT,LOC_CITIZEN_EGYPT_FEMALE_1,1,0
CIVILIZATION_EGYPT,LOC_CITIZEN_EGYPT_FEMALE_2,1,0
CIVILIZATION_EGYPT,LOC_CITIZEN_EGYPT_FEMALE_3,1,0
CIVILIZATION_EGYPT,LOC_CITIZEN_EGYPT_FEMALE_4,1,0
CIVILIZATION_EGYPT,LOC_CITIZEN_EGYPT_FEMALE_5,1,0
CIVILIZATION_EGYPT,LOC_CITIZEN_EGYPT_FEMALE_6,1,0
CIVILIZATION_EGYPT,LOC_CITIZEN_EGYPT_FEMALE_7,1,0
CIVILIZATION_EGYPT,LOC_CITIZEN_EGYPT_FEMALE_8,1,0
CIVILIZATION_EGYPT,LOC_CITIZEN_EGYPT_FEMALE_9,1,0
CIVILIZATION_EGYPT,LOC_CITIZEN_EGYPT_FEMALE_10,1,0
CIVILIZATION_EGYPT,LOC_CITIZEN_EGYPT_MODERN_MALE_1,0,1
CIVILIZATION_EGYPT,LOC_CITIZEN_EGYPT_MODERN_MALE_2,0,1
CIVILIZATION_EGYPT,LOC_CITIZEN_EGYPT_MODERN_MALE_3,0,1
CIVILIZATION_EGYPT,LOC_CITIZEN_EGYPT_MODERN_MALE_4,0,1
CIVILIZATION_EGYPT,LOC_CITIZEN_EGYPT_MODERN_MALE_5,0,1
CIVILIZATION_EGYPT,LOC_CITIZEN_EGYPT_MODERN_MALE_6,0,1
CIVILIZATION_EGYPT,LOC_CITIZEN_EGYPT_MODERN_MALE_7,0,1
CIVILIZATION_EGYPT,LOC_CITIZEN_EGYPT_MODERN_MALE_8,0,1
CIVILIZATION_EGYPT,LOC_CITIZEN_EGYPT_MODERN_MALE_9,0,1
CIVILIZATION_EGYPT,LOC_CITIZEN_EGYPT_MODERN_MALE_10,0,1
CIVILIZATION_EGYPT,LOC_CITIZEN_EGYPT_MODERN_FEMALE_1,1,1
CIVILIZATION_EGYPT,LOC_CITIZEN_EGYPT_MODERN_FEMALE_2,1,1
CIVILIZATION_EGYPT,LOC_CITIZEN_EGYPT_MODERN_FEMALE_3,1,1
CIVILIZATION_EGYPT,LOC_CITIZEN_EGYPT_MODERN_FEMALE_4,1,1
CIVILIZATION_EGYPT,LOC_CITIZEN_EGYPT_MODERN_FEMALE_5,1,1
CIVILIZATION_EGYPT,LOC_CITIZEN_EGYPT_MODERN_FEMALE_6,1,1
CIVILIZATION_EGYPT,LOC_CITIZEN_EGYPT_MODERN_FEMALE_7,1,1
CIVILIZATION_EGYPT,LOC_CITIZEN_EGYPT_MODERN_FEMALE_8,1,1
CIVILIZATION_EGYPT,LOC_CITIZEN_EGYPT_MODERN_FEMALE_9,1,1
CIVILIZATION_EGYPT,LOC_CITIZEN_EGYPT_MODERN_FEMALE_10,1,1
CIVILIZATION_ENGLAND,LOC_CITIZEN_ENGLAND_MALE_1,0,0
CIVILIZATION_ENGLAND,LOC_CITIZEN_ENGLAND_MALE_2,0,0
CIVILIZATION_ENGLAND,LOC_CITIZEN_ENGLAND_MALE_3,0,0
CIVILIZATION_ENGLAND,LOC_CITIZEN_ENGLAND_MALE_4,0,0
CIVILIZATION_ENGLAND,LOC_CITIZEN_ENGLAND_MALE_5,0,0
CIVILIZATION_ENGLAND,LOC_CITIZEN_ENGLAND_MALE_6,0,0
CIVILIZATION_ENGLAND,LOC_CITIZEN_ENGLAND_MALE_7,0,0
CIVILIZATION_ENGLAND,LOC_CITIZEN_ENGLAND_MALE_8,0,0
CIVILIZATION_ENGLAND,LOC_CITIZEN_ENGLAND_MALE_9,0,0
CIVILIZATION_ENGLAND,LOC_CITIZEN_ENGLAND_MALE_10,0,0
CIVILIZATION_ENGLAND,LOC_CITIZEN_ENGLAND_FEMALE_1,1,0
CIVILIZATION_ENGLAND,LOC_CITIZEN_ENGLAND_FEMALE_2,1,0
CIVILIZATION_ENGLAND,LOC_CITIZEN_ENGLAND_FEMALE_3,1,0
CIVILIZATION_ENGLAND,LOC_CITIZEN_ENGLAND_FEMALE_4,1,0
CIVILIZATION_ENGLAND,LOC_CITIZEN_ENGLAND_FEMALE_5,1,0
CIVILIZATION_ENGLAND,LOC_CITIZEN_ENGLAND_FEMALE_6,1,0
CIVILIZATION_ENGLAND,LOC_CITIZEN_ENGLAND_FEMALE_7,1,0
CIVILIZATION_ENGLAND,LOC_CITIZEN_ENGLAND_FEMALE_8,1,0
CIVILIZATION_ENGLAND,LOC_CITIZEN_ENGLAND_FEMALE_9,1,0
CIVILIZATION_ENGLAND,LOC_CITIZEN_ENGLAND_FEMALE_10,1,0
CIVILIZATION_ENGLAND,LOC_CITIZEN_ENGLAND_MODERN_MALE_1,0,1
CIVILIZATION_ENGLAND,LOC_CITIZEN_ENGLAND_MODERN_MALE_2,0,1
CIVILIZATION_ENGLAND,LOC_CITIZEN_ENGLAND_MODERN_MALE_3,0,1
CIVILIZATION_ENGLAND,LOC_CITIZEN_ENGLAND_MODERN_MALE_4,0,1
CIVILIZATION_ENGLAND,LOC_CITIZEN_ENGLAND_MODERN_MALE_5,0,1
CIVILIZATION_ENGLAND,LOC_CITIZEN_ENGLAND_MODERN_MALE_6,0,1
CIVILIZATION_ENGLAND,LOC_CITIZEN_ENGLAND_MODERN_MALE_7,0,1
CIVILIZATION_ENGLAND,LOC_CITIZEN_ENGLAND_MODERN_MALE_8,0,1
CIVILIZATION_ENGLAND,LOC_CITIZEN_ENGLAND_MODERN_MALE_9,0,1
CIVILIZATION_ENGLAND,LOC_CITIZEN_ENGLAND_MODERN_MALE_10,0,1
CIVILIZATION_ENGLAND,LOC_CITIZEN_ENGLAND_MODERN_FEMALE_1,1,1
CIVILIZATION_ENGLAND,LOC_CITIZEN_ENGLAND_MODERN_FEMALE_2,1,1
CIVILIZATION_ENGLAND,LOC_CITIZEN_ENGLAND_MODERN_FEMALE_3,1,1
CIVILIZATION_ENGLAND,LOC_CITIZEN_ENGLAND_MODERN_FEMALE_4,1,1
CIVILIZATION_ENGLAND,LOC_CITIZEN_ENGLAND_MODERN_FEMALE_5,1,1
CIVILIZATION_ENGLAND,LOC_CITIZEN_ENGLAND_MODERN_FEMALE_6,1,1
CIVILIZATION_ENGLAND,LOC_CITIZEN_ENGLAND_MODERN_FEMALE_7,1,1
CIVILIZATION_ENGLAND,LOC_CITIZEN_ENGLAND_MODERN_FEMALE_8,1,1
CIVILIZATION_ENGLAND,LOC_CITIZEN_ENGLAND_MODERN_FEMALE_9,1,1
CIVILIZATION_ENGLAND,LOC_CITIZEN_ENGLAND_MODERN_FEMALE_10,1,1
CIVILIZATION_FRANCE,LOC_CITIZEN_FRANCE_MALE_1,0,0
CIVILIZATION_FRANCE,LOC_CITIZEN_FRANCE_MALE_2,0,0
CIVILIZATION_FRANCE,LOC_CITIZEN_FRANCE_MALE_3,0,0
CIVILIZATION_FRANCE,LOC_CITIZEN_FRANCE_MALE_4,0,0
CIVILIZATION_FRANCE,LOC_CITIZEN_FRANCE_MALE_5,0,0
CIVILIZATION_FRANCE,LOC_CITIZEN_FRANCE_MALE_6,0,0
CIVILIZATION_FRANCE,LOC_CITIZEN_FRANCE_MALE_7,0,0
CIVILIZATION_FRANCE,LOC_CITIZEN_FRANCE_MALE_8,0,0
CIVILIZATION_FRANCE,LOC_CITIZEN_FRANCE_MALE_9,0,0
CIVILIZATION_FRANCE,LOC_CITIZEN_FRANCE_MALE_10,0,0
CIVILIZATION_FRANCE,LOC_CITIZEN_FRANCE_FEMALE_1,1,0
CIVILIZATION_FRANCE,LOC_CITIZEN_FRANCE_FEMALE_2,1,0
CIVILIZATION_FRANCE,LOC_CITIZEN_FRANCE_FEMALE_3,1,0
CIVILIZATION_FRANCE,LOC_CITIZEN_FRANCE_FEMALE_4,1,0
CIVILIZATION_FRANCE,LOC_CITIZEN_FRANCE_FEMALE_5,1,0
CIVILIZATION_FRANCE,LOC_CITIZEN_FRANCE_FEMALE_6,1,0
CIVILIZATION_FRANCE,LOC_CITIZEN_FRANCE_FEMALE_7,1,0
CIVILIZATION_FRANCE,LOC_CITIZEN_FRANCE_FEMALE_8,1,0
CIVILIZATION_FRANCE,LOC_CITIZEN_FRANCE_FEMALE_9,1,0
CIVILIZATION_FRANCE,LOC_CITIZEN_FRANCE_FEMALE_10,1,0
CIVILIZATION_FRANCE,LOC_CITIZEN_FRANCE_FEMALE_11,1,0
CIVILIZATION_FRANCE,LOC_CITIZEN_FRANCE_FEMALE_12,1,0
CIVILIZATION_FRANCE,LOC_CITIZEN_FRANCE_MODERN_MALE_1,0,1
CIVILIZATION_FRANCE,LOC_CITIZEN_FRANCE_MODERN_MALE_2,0,1
CIVILIZATION_FRANCE,LOC_CITIZEN_FRANCE_MODERN_MALE_3,0,1
CIVILIZATION_FRANCE,LOC_CITIZEN_FRANCE_MODERN_MALE_4,0,1
CIVILIZATION_FRANCE,LOC_CITIZEN_FRANCE_MODERN_MALE_5,0,1
CIVILIZATION_FRANCE,LOC_CITIZEN_FRANCE_MODERN_MALE_6,0,1
CIVILIZATION_FRANCE,LOC_CITIZEN_FRANCE_MODERN_MALE_7,0,1
CIVILIZATION_FRANCE,LOC_CITIZEN_FRANCE_MODERN_MALE_8,0,1
CIVILIZATION_FRANCE,LOC_CITIZEN_FRANCE_MODERN_MALE_9,0,1
CIVILIZATION_FRANCE,LOC_CITIZEN_FRANCE_MODERN_MALE_10,0,1
CIVILIZATION_FRANCE,LOC_CITIZEN_FRANCE_MODERN_FEMALE_1,1,1
CIVILIZATION_FRANCE,LOC_CITIZEN_FRANCE_MODERN_FEMALE_2,1,1
CIVILIZATION_FRANCE,LOC_CITIZEN_FRANCE_MODERN_FEMALE_3,1,1
CIVILIZATION_FRANCE,LOC_CITIZEN_FRANCE_MODERN_FEMALE_4,1,1
CIVILIZATION_FRANCE,LOC_CITIZEN_FRANCE_MODERN_FEMALE_5,1,1
CIVILIZATION_FRANCE,LOC_CITIZEN_FRANCE_MODERN_FEMALE_6,1,1
CIVILIZATION_FRANCE,LOC_CITIZEN_FRANCE_MODERN_FEMALE_7,1,1
CIVILIZATION_FRANCE,LOC_CITIZEN_FRANCE_MODERN_FEMALE_8,1,1
CIVILIZATION_FRANCE,LOC_CITIZEN_FRANCE_MODERN_FEMALE_9,1,1
CIVILIZATION_FRANCE,LOC_CITIZEN_FRANCE_MODERN_FEMALE_10,1,1
CIVILIZATION_GERMANY,LOC_CITIZEN_GERMANY_MALE_1,0,0
CIVILIZATION_GERMANY,LOC_CITIZEN_GERMANY_MALE_2,0,0
CIVILIZATION_GERMANY,LOC_CITIZEN_GERMANY_MALE_3,0,0
CIVILIZATION_GERMANY,LOC_CITIZEN_GERMANY_MALE_4,0,0
CIVILIZATION_GERMANY,LOC_CITIZEN_GERMANY_MALE_5,0,0
CIVILIZATION_GERMANY,LOC_CITIZEN_GERMANY_MALE_6,0,0
CIVILIZATION_GERMANY,LOC_CITIZEN_GERMANY_MALE_7,0,0
CIVILIZATION_GERMANY,LOC_CITIZEN_GERMANY_MALE_8,0,0
CIVILIZATION_GERMANY,LOC_CITIZEN_GERMANY_MALE_9,0,0
CIVILIZATION_GERMANY,LOC_CITIZEN_GERMANY_MALE_10,0,0
CIVILIZATION_GERMANY,LOC_CITIZEN_GERMANY_FEMALE_1,1,0
CIVILIZATION_GERMANY,LOC_CITIZEN_GERMANY_FEMALE_2,1,0
CIVILIZATION_GERMANY,LOC_CITIZEN_GERMANY_FEMALE_3,1,0
CIVILIZATION_GERMANY,LOC_CITIZEN_GERMANY_FEMALE_4,1,0
CIVILIZATION_GERMANY,LOC_CITIZEN_GERMANY_FEMALE_5,1,0
CIVILIZATION_GERMANY,LOC_CITIZEN_GERMANY_FEMALE_6,1,0
CIVILIZATION_GERMANY,LOC_CITIZEN_GERMANY_FEMALE_7,1,0
CIVILIZATION_GERMANY,LOC_CITIZEN_GERMANY_FEMALE_8,1,0
CIVILIZATION_GERMANY,LOC_CITIZEN_GERMANY_FEMALE_9,1,0
CIVILIZATION_GERMANY,LOC_CITIZEN_GERMANY_FEMALE_10,1,0
CIVILIZATION_GERMANY,LOC_CITIZEN_GERMANY_MODERN_MALE_1,0,1
CIVILIZATION_GERMANY,LOC_CITIZEN_GERMANY_MODERN_MALE_2,0,1
CIVILIZATION_GERMANY,LOC_CITIZEN_GERMANY_MODERN_MALE_3,0,1
CIVILIZATION_GERMANY,LOC_CITIZEN_GERMANY_MODERN_MALE_4,0,1
CIVILIZATION_GERMANY,LOC_CITIZEN_GERMANY_MODERN_MALE_5,0,1
CIVILIZATION_GERMANY,LOC_CITIZEN_GERMANY_MODERN_MALE_6,0,1
CIVILIZATION_GERMANY,LOC_CITIZEN_GERMANY_MODERN_MALE_7,0,1
CIVILIZATION_GERMANY,LOC_CITIZEN_GERMANY_MODERN_MALE_8,0,1
CIVILIZATION_GERMANY,LOC_CITIZEN_GERMANY_MODERN_MALE_9,0,1
CIVILIZATION_GERMANY,LOC_CITIZEN_GERMANY_MODERN_MALE_10,0,1
CIVILIZATION_GERMANY,LOC_CITIZEN_GERMANY_MODERN_FEMALE_1,1,1
CIVILIZATION_GERMANY,LOC_CITIZEN_GERMANY_MODERN_FEMALE_2,1,1
CIVILIZATION_GERMANY,LOC_CITIZEN_GERMANY_MODERN_FEMALE_3,1,1
CIVILIZATION_GERMANY,LOC_CITIZEN_GERMANY_MODERN_FEMALE_4,1,1
CIVILIZATION_GERMANY,LOC_CITIZEN_GERMANY_MODERN_FEMALE_5,1,1
CIVILIZATION_GERMANY,LOC_CITIZEN_GERMANY_MODERN_FEMALE_6,1,1
CIVILIZATION_GERMANY,LOC_CITIZEN_GERMANY_MODERN_FEMALE_7,1,1
CIVILIZATION_GERMANY,LOC_CITIZEN_GERMANY_MODERN_FEMALE_8,1,1
CIVILIZATION_GERMANY,LOC_CITIZEN_GERMANY_MODERN_FEMALE_9,1,1
CIVILIZATION_GERMANY,LOC_CITIZEN_GERMANY_MODERN_FEMALE_10,1,1
CIVILIZATION_GREECE,LOC_CITIZEN_GREECE_MALE_1,0,0
CIVILIZATION_GREECE,LOC_CITIZEN_GREECE_MALE_2,0,0
CIVILIZATION_GREECE,LOC_CITIZEN_GREECE_MALE_3,0,0
CIVILIZATION_GREECE,LOC_CITIZEN_GREECE_MALE_4,0,0
CIVILIZATION_GREECE,LOC_CITIZEN_GREECE_MALE_5,0,0
CIVILIZATION_GREECE,LOC_CITIZEN_GREECE_MALE_6,0,0
CIVILIZATION_GREECE,LOC_CITIZEN_GREECE_MALE_7,0,0
CIVILIZATION_GREECE,LOC_CITIZEN_GREECE_MALE_8,0,0
CIVILIZATION_GREECE,LOC_CITIZEN_GREECE_MALE_9,0,0
CIVILIZATION_GREECE,LOC_CITIZEN_GREECE_MALE_10,0,0
CIVILIZATION_GREECE,LOC_CITIZEN_GREECE_FEMALE_1,1,0
CIVILIZATION_GREECE,LOC_CITIZEN_GREECE_FEMALE_2,1,0
CIVILIZATION_GREECE,LOC_CITIZEN_GREECE_FEMALE_3,1,0
CIVILIZATION_GREECE,LOC_CITIZEN_GREECE_FEMALE_4,1,0
CIVILIZATION_GREECE,LOC_CITIZEN_GREECE_FEMALE_5,1,0
CIVILIZATION_GREECE,LOC_CITIZEN_GREECE_FEMALE_6,1,0
CIVILIZATION_GREECE,LOC_CITIZEN_GREECE_FEMALE_7,1,0
CIVILIZATION_GREECE,LOC_CITIZEN_GREECE_FEMALE_8,1,0
CIVILIZATION_GREECE,LOC_CITIZEN_GREECE_FEMALE_9,1,0
CIVILIZATION_GREECE,LOC_CITIZEN_GREECE_FEMALE_10,1,0
CIVILIZATION_GREECE,LOC_CITIZEN_GREECE_MODERN_MALE_1,0,1
CIVILIZATION_GREECE,LOC_CITIZEN_GREECE_MODERN_MALE_2,0,1
CIVILIZATION_GREECE,LOC_CITIZEN_GREECE_MODERN_MALE_3,0,1
CIVILIZATION_GREECE,LOC_CITIZEN_GREECE_MODERN_MALE_4,0,1
CIVILIZATION_GREECE,LOC_CITIZEN_GREECE_MODERN_MALE_5,0,1
CIVILIZATION_GREECE,LOC_CITIZEN_GREECE_MODERN_MALE_6,0,1
CIVILIZATION_GREECE,LOC_CITIZEN_GREECE_MODERN_MALE_7,0,1
CIVILIZATION_GREECE,LOC_CITIZEN_GREECE_MODERN_MALE_8,0,1
CIVILIZATION_GREECE,LOC_CITIZEN_GREECE_MODERN_MALE_9,0,1
CIVILIZATION_GREECE,LOC_CITIZEN_GREECE_MODERN_MALE_10,0,1
CIVILIZATION_GREECE,LOC_CITIZEN_GREECE_MODERN_FEMALE_1,1,1
CIVILIZATION_GREECE,LOC_CITIZEN_GREECE_MODERN_FEMALE_2,1,1
CIVILIZATION_GREECE,LOC_CITIZEN_GREECE_MODERN_FEMALE_3,1,1
CIVILIZATION_GREECE,LOC_CITIZEN_GREECE_MODERN_FEMALE_4,1,1
CIVILIZATION_GREECE,LOC_CITIZEN_GREECE_MODERN_FEMALE_5,1,1
CIVILIZATION_GREECE,LOC_CITIZEN_GREECE_MODERN_FEMALE_6,1,1
CIVILIZATION_GREECE,LOC_CITIZEN_GREECE_MODERN_FEMALE_7,1,1
CIVILIZATION_GREECE,LOC_CITIZEN_GREECE_MODERN_FEMALE_8,1,1
CIVILIZATION_GREECE,LOC_CITIZEN_GREECE_MODERN_FEMALE_9,1,1
CIVILIZATION_GREECE,LOC_CITIZEN_GREECE_MODERN_FEMALE_10,1,1
CIVILIZATION_INDIA,LOC_CITIZEN_INDIA_MALE_1,0,0
CIVILIZATION_INDIA,LOC_CITIZEN_INDIA_MALE_2,0,0
CIVILIZATION_INDIA,LOC_CITIZEN_INDIA_MALE_3,0,0
CIVILIZATION_INDIA,LOC_CITIZEN_INDIA_MALE_4,0,0
CIVILIZATION_INDIA,LOC_CITIZEN_INDIA_MALE_5,0,0
CIVILIZATION_INDIA,LOC_CITIZEN_INDIA_MALE_6,0,0
CIVILIZATION_INDIA,LOC_CITIZEN_INDIA_MALE_7,0,0
CIVILIZATION_INDIA,LOC_CITIZEN_INDIA_MALE_8,0,0
CIVILIZATION_INDIA,LOC_CITIZEN_INDIA_MALE_9,0,0
CIVILIZATION_INDIA,LOC_CITIZEN_INDIA_MALE_10,0,0
CIVILIZATION_INDIA,LOC_CITIZEN_INDIA_FEMALE_1,1,0
CIVILIZATION_INDIA,LOC_CITIZEN_INDIA_FEMALE_2,1,0
CIVILIZATION_INDIA,LOC_CITIZEN_INDIA_FEMALE_3,1,0
CIVILIZATION_INDIA,LOC_CITIZEN_INDIA_FEMALE_4,1,0
CIVILIZATION_INDIA,LOC_CITIZEN_INDIA_FEMALE_5,1,0
CIVILIZATION_INDIA,LOC_CITIZEN_INDIA_FEMALE_6,1,0
CIVILIZATION_INDIA,LOC_CITIZEN_INDIA_FEMALE_7,1,0
CIVILIZATION_INDIA,LOC_CITIZEN_INDIA_FEMALE_8,1,0
CIVILIZATION_INDIA,LOC_CITIZEN_INDIA_FEMALE_9,1,0
CIVILIZATION_INDIA,LOC_CITIZEN_INDIA_FEMALE_10,1,0
CIVILIZATION_INDIA,LOC_CITIZEN_INDIA_MODERN_MALE_1,0,1
CIVILIZATION_INDIA,LOC_CITIZEN_INDIA_MODERN_MALE_2,0,1
CIVILIZATION_INDIA,LOC_CITIZEN_INDIA_MODERN_MALE_3,0,1
CIVILIZATION_INDIA,LOC_CITIZEN_INDIA_MODERN_MALE_4,0,1
CIVILIZATION_INDIA,LOC_CITIZEN_INDIA_MODERN_MALE_5,0,1
CIVILIZATION_INDIA,LOC_CITIZEN_INDIA_MODERN_MALE_6,0,1
CIVILIZATION_INDIA,LOC_CITIZEN_INDIA_MODERN_MALE_7,0,1
CIVILIZATION_INDIA,LOC_CITIZEN_INDIA_MODERN_MALE_8,0,1
CIVILIZATION_INDIA,LOC_CITIZEN_INDIA_MODERN_MALE_9,0,1
CIVILIZATION_INDIA,LOC_CITIZEN_INDIA_MODERN_MALE_10,0,1
CIVILIZATION_INDIA,LOC_CITIZEN_INDIA_MODERN_FEMALE_1,1,1
CIVILIZATION_INDIA,LOC_CITIZEN_INDIA_MODERN_FEMALE_2,1,1
CIVILIZATION_INDIA,LOC_CITIZEN_INDIA_MODERN_FEMALE_3,1,1
CIVILIZATION_INDIA,LOC_CITIZEN_INDIA_MODERN_FEMALE_4,1,1
CIVILIZATION_INDIA,LOC_CITIZEN_INDIA_MODERN_FEMALE_5,1,1
CIVILIZATION_INDIA,LOC_CITIZEN_INDIA_MODERN_FEMALE_6,1,1
CIVILIZATION_INDIA,LOC_CITIZEN_INDIA_MODERN_FEMALE_7,1,1
CIVILIZATION_INDIA,LOC_CITIZEN_INDIA_MODERN_FEMALE_8,1,1
CIVILIZATION_INDIA,LOC_CITIZEN_INDIA_MODERN_FEMALE_9,1,1
CIVILIZATION_INDIA,LOC_CITIZEN_INDIA_MODERN_FEMALE_10,1,1
CIVILIZATION_JAPAN,LOC_CITIZEN_JAPAN_MALE_1,0,0
CIVILIZATION_JAPAN,LOC_CITIZEN_JAPAN_MALE_2,0,0
CIVILIZATION_JAPAN,LOC_CITIZEN_JAPAN_MALE_3,0,0
CIVILIZATION_JAPAN,LOC_CITIZEN_JAPAN_MALE_4,0,0
CIVILIZATION_JAPAN,LOC_CITIZEN_JAPAN_MALE_5,0,0
CIVILIZATION_JAPAN,LOC_CITIZEN_JAPAN_MALE_6,0,0
CIVILIZATION_JAPAN,LOC_CITIZEN_JAPAN_MALE_7,0,0
CIVILIZATION_JAPAN,LOC_CITIZEN_JAPAN_MALE_8,0,0
CIVILIZATION_JAPAN,LOC_CITIZEN_JAPAN_MALE_9,0,0
CIVILIZATION_JAPAN,LOC_CITIZEN_JAPAN_MALE_10,0,0
CIVILIZATION_JAPAN,LOC_CITIZEN_JAPAN_FEMALE_1,1,0
CIVILIZATION_JAPAN,LOC_CITIZEN_JAPAN_FEMALE_2,1,0
CIVILIZATION_JAPAN,LOC_CITIZEN_JAPAN_FEMALE_3,1,0
CIVILIZATION_JAPAN,LOC_CITIZEN_JAPAN_FEMALE_4,1,0
CIVILIZATION_JAPAN,LOC_CITIZEN_JAPAN_FEMALE_5,1,0
CIVILIZATION_JAPAN,LOC_CITIZEN_JAPAN_FEMALE_6,1,0
CIVILIZATION_JAPAN,LOC_CITIZEN_JAPAN_FEMALE_7,1,0
CIVILIZATION_JAPAN,LOC_CITIZEN_JAPAN_FEMALE_8,1,0
CIVILIZATION_JAPAN,LOC_CITIZEN_JAPAN_FEMALE_9,1,0
CIVILIZATION_JAPAN,LOC_CITIZEN_JAPAN_FEMALE_10,1,0
CIVILIZATION_JAPAN,LOC_CITIZEN_JAPAN_MODERN_MALE_1,0,1
CIVILIZATION_JAPAN,LOC_CITIZEN_JAPAN_MODERN_MALE_2,0,1
CIVILIZATION_JAPAN,LOC_CITIZEN_JAPAN_MODERN_MALE_3,0,1
CIVILIZATION_JAPAN,LOC_CITIZEN_JAPAN_MODERN_MALE_4,0,1
CIVILIZATION_JAPAN,LOC_CITIZEN_JAPAN_MODERN_MALE_5,0,1
CIVILIZATION_JAPAN,LOC_CITIZEN_JAPAN_MODERN_MALE_6,0,1
CIVILIZATION_JAPAN,LOC_CITIZEN_JAPAN_MODERN_MALE_7,0,1
CIVILIZATION_JAPAN,LOC_CITIZEN_JAPAN_MODERN_MALE_8,0,1
CIVILIZATION_JAPAN,LOC_CITIZEN_JAPAN_MODERN_MALE_9,0,1
CIVILIZATION_JAPAN,LOC_CITIZEN_JAPAN_MODERN_MALE_10,0,1
CIVILIZATION_JAPAN,LOC_CITIZEN_JAPAN_MODERN_FEMALE_1,1,1
CIVILIZATION_JAPAN,LOC_CITIZEN_JAPAN_MODERN_FEMALE_2,1,1
CIVILIZATION_JAPAN,LOC_CITIZEN_JAPAN_MODERN_FEMALE_3,1,1
CIVILIZATION_JAPAN,LOC_CITIZEN_JAPAN_MODERN_FEMALE_4,1,1
CIVILIZATION_JAPAN,LOC_CITIZEN_JAPAN_MODERN_FEMALE_5,1,1
CIVILIZATION_JAPAN,LOC_CITIZEN_JAPAN_MODERN_FEMALE_6,1,1
CIVILIZATION_JAPAN,LOC_CITIZEN_JAPAN_MODERN_FEMALE_7,1,1
CIVILIZATION_JAPAN,LOC_CITIZEN_JAPAN_MODERN_FEMALE_8,1,1
CIVILIZATION_JAPAN,LOC_CITIZEN_JAPAN_MODERN_FEMALE_9,1,1
CIVILIZATION_JAPAN,LOC_CITIZEN_JAPAN_MODERN_FEMALE_10,1,1
CIVILIZATION_KONGO,LOC_CITIZEN_KONGO_MALE_1,0,0
CIVILIZATION_KONGO,LOC_CITIZEN_KONGO_MALE_2,0,0
CIVILIZATION_KONGO,LOC_CITIZEN_KONGO_MALE_3,0,0
CIVILIZATION_KONGO,LOC_CITIZEN_KONGO_MALE_4,0,0
CIVILIZATION_KONGO,LOC_CITIZEN_KONGO_MALE_5,0,0
CIVILIZATION_KONGO,LOC_CITIZEN_KONGO_MALE_6,0,0
CIVILIZATION_KONGO,LOC_CITIZEN_KONGO_MALE_7,0,0
CIVILIZATION_KONGO,LOC_CITIZEN_KONGO_MALE_8,0,0
CIVILIZATION_KONGO,LOC_CITIZEN_KONGO_MALE_9,0,0
CIVILIZATION_KONGO,LOC_CITIZEN_KONGO_MALE_10,0,0
CIVILIZATION_KONGO,LOC_CITIZEN_KONGO_FEMALE_1,1,0
CIVILIZATION_KONGO,LOC_CITIZEN_KONGO_FEMALE_2,1,0
CIVILIZATION_KONGO,LOC_CITIZEN_KONGO_FEMALE_3,1,0
CIVILIZATION_KONGO,LOC_CITIZEN_KONGO_FEMALE_4,1,0
CIVILIZATION_KONGO,LOC_CITIZEN_KONGO_FEMALE_5,1,0
CIVILIZATION_KONGO,LOC_CITIZEN_KONGO_FEMALE_6,1,0
CIVILIZATION_KONGO,LOC_CITIZEN_KONGO_FEMALE_7,1,0
CIVILIZATION_KONGO,LOC_CITIZEN_KONGO_FEMALE_8,1,0
CIVILIZATION_KONGO,LOC_CITIZEN_KONGO_FEMALE_9,1,0
CIVILIZATION_KONGO,LOC_CITIZEN_KONGO_FEMALE_10,1,0
CIVILIZATION_KONGO,LOC_CITIZEN_KONGO_MODERN_MALE_1,0,1
CIVILIZATION_KONGO,LOC_CITIZEN_KONGO_MODERN_MALE_2,0,1
CIVILIZATION_KONGO,LOC_CITIZEN_KONGO_MODERN_MALE_3,0,1
CIVILIZATION_KONGO,LOC_CITIZEN_KONGO_MODERN_MALE_4,0,1
CIVILIZATION_KONGO,LOC_CITIZEN_KONGO_MODERN_MALE_5,0,1
CIVILIZATION_KONGO,LOC_CITIZEN_KONGO_MODERN_MALE_6,0,1
CIVILIZATION_KONGO,LOC_CITIZEN_KONGO_MODERN_MALE_7,0,1
CIVILIZATION_KONGO,LOC_CITIZEN_KONGO_MODERN_MALE_8,0,1
CIVILIZATION_KONGO,LOC_CITIZEN_KONGO_MODERN_MALE_9,0,1
CIVILIZATION_KONGO,LOC_CITIZEN_KONGO_MODERN_MALE_10,0,1
CIVILIZATION_KONGO,LOC_CITIZEN_KONGO_MODERN_FEMALE_1,1,1
CIVILIZATION_KONGO,LOC_CITIZEN_KONGO_MODERN_FEMALE_2,1,1
CIVILIZATION_KONGO,LOC_CITIZEN_KONGO_MODERN_FEMALE_3,1,1
CIVILIZATION_KONGO,LOC_CITIZEN_KONGO_MODERN_FEMALE_4,1,1
CIVILIZATION_KONGO,LOC_CITIZEN_KONGO_MODERN_FEMALE_5,1,1
CIVILIZATION_KONGO,LOC_CITIZEN_KONGO_MODERN_FEMALE_6,1,1
CIVILIZATION_KONGO,LOC_CITIZEN_KONGO_MODERN_FEMALE_7,1,1
CIVILIZATION_KONGO,LOC_CITIZEN_KONGO_MODERN_FEMALE_8,1,1
CIVILIZATION_KONGO,LOC_CITIZEN_KONGO_MODERN_FEMALE_9,1,1
CIVILIZATION_KONGO,LOC_CITIZEN_KONGO_MODERN_FEMALE_10,1,1
CIVILIZATION_NORWAY,LOC_CITIZEN_NORWAY_MALE_1,0,0
CIVILIZATION_NORWAY,LOC_CITIZEN_NORWAY_MALE_2,0,0
CIVILIZATION_NORWAY,LOC_CITIZEN_NORWAY_MALE_3,0,0
CIVILIZATION_NORWAY,LOC_CITIZEN_NORWAY_MALE_4,0,0
CIVILIZATION_NORWAY,LOC_CITIZEN_NORWAY_MALE_5,0,0
CIVILIZATION_NORWAY,LOC_CITIZEN_NORWAY_MALE_6,0,0
CIVILIZATION_NORWAY,LOC_CITIZEN_NORWAY_MALE_7,0,0
CIVILIZATION_NORWAY,LOC_CITIZEN_NORWAY_MALE_8,0,0
CIVILIZATION_NORWAY,LOC_CITIZEN_NORWAY_MALE_9,0,0
CIVILIZATION_NORWAY,LOC_CITIZEN_NORWAY_MALE_10,0,0
CIVILIZATION_NORWAY,LOC_CITIZEN_NORWAY_FEMALE_1,1,0
CIVILIZATION_NORWAY,LOC_CITIZEN_NORWAY_FEMALE_2,1,0
CIVILIZATION_NORWAY,LOC_CITIZEN_NORWAY_FEMALE_3,1,0
CIVILIZATION_NORWAY,LOC_CITIZEN_NORWAY_FEMALE_4,1,0
CIVILIZATION_NORWAY,LOC_CITIZEN_NORWAY_FEMALE_5,1,0
CIVILIZATION_NORWAY,LOC_CITIZEN_NORWAY_FEMALE_6,1,0
CIVILIZATION_NORWAY,LOC_CITIZEN_NORWAY_FEMALE_7,1,0
CIVILIZATION_NORWAY,LOC_CITIZEN_NORWAY_FEMALE_8,1,0
CIVILIZATION_NORWAY,LOC_CITIZEN_NORWAY_FEMALE_9,1,0
CIVILIZATION_NORWAY,LOC_CITIZEN_NORWAY_FEMALE_10,1,0
CIVILIZATION_NORWAY,LOC_CITIZEN_NORWAY_MODERN_MALE_1,0,1
CIVILIZATION_NORWAY,LOC_CITIZEN_NORWAY_MODERN_MALE_2,0,1
CIVILIZATION_NORWAY,LOC_CITIZEN_NORWAY_MODERN_MALE_3,0,1
CIVILIZATION_NORWAY,LOC_CITIZEN_NORWAY_MODERN_MALE_4,0,1
CIVILIZATION_NORWAY,LOC_CITIZEN_NORWAY_MODERN_MALE_5,0,1
CIVILIZATION_NORWAY,LOC_CITIZEN_NORWAY_MODERN_MALE_6,0,1
CIVILIZATION_NORWAY,LOC_CITIZEN_NORWAY_MODERN_MALE_7,0,1
CIVILIZATION_NORWAY,LOC_CITIZEN_NORWAY_MODERN_MALE_8,0,1
CIVILIZATION_NORWAY,LOC_CITIZEN_NORWAY_MODERN_MALE_9,0,1
CIVILIZATION_NORWAY,LOC_CITIZEN_NORWAY_MODERN_MALE_10,0,1
CIVILIZATION_NORWAY,LOC_CITIZEN_NORWAY_MODERN_FEMALE_1,1,1
CIVILIZATION_NORWAY,LOC_CITIZEN_NORWAY_MODERN_FEMALE_2,1,1
CIVILIZATION_NORWAY,LOC_CITIZEN_NORWAY_MODERN_FEMALE_3,1,1
CIVILIZATION_NORWAY,LOC_CITIZEN_NORWAY_MODERN_FEMALE_4,1,1
CIVILIZATION_NORWAY,LOC_CITIZEN_NORWAY_MODERN_FEMALE_5,1,1
CIVILIZATION_NORWAY,LOC_CITIZEN_NORWAY_MODERN_FEMALE_6,1,1
CIVILIZATION_NORWAY,LOC_CITIZEN_NORWAY_MODERN_FEMALE_7,1,1
CIVILIZATION_NORWAY,LOC_CITIZEN_NORWAY_MODERN_FEMALE_8,1,1
CIVILIZATION_NORWAY,LOC_CITIZEN_NORWAY_MODERN_FEMALE_9,1,1
CIVILIZATION_NORWAY,LOC_CITIZEN_NORWAY_MODERN_FEMALE_10,1,1
CIVILIZATION_ROME,LOC_CITIZEN_ROME_MALE_1,0,0
CIVILIZATION_ROME,LOC_CITIZEN_ROME_MALE_2,0,0
CIVILIZATION_ROME,LOC_CITIZEN_ROME_MALE_3,0,0
CIVILIZATION_ROME,LOC_CITIZEN_ROME_MALE_4,0,0
CIVILIZATION_ROME,LOC_CITIZEN_ROME_MALE_5,0,0
CIVILIZATION_ROME,LOC_CITIZEN_ROME_MALE_6,0,0
CIVILIZATION_ROME,LOC_CITIZEN_ROME_MALE_7,0,0
CIVILIZATION_ROME,LOC_CITIZEN_ROME_MALE_8,0,0
CIVILIZATION_ROME,LOC_CITIZEN_ROME_MALE_9,0,0
CIVILIZATION_ROME,LOC_CITIZEN_ROME_MALE_10,0,0
CIVILIZATION_ROME,LOC_CITIZEN_ROME_FEMALE_1,1,0
CIVILIZATION_ROME,LOC_CITIZEN_ROME_FEMALE_2,1,0
CIVILIZATION_ROME,LOC_CITIZEN_ROME_FEMALE_3,1,0
CIVILIZATION_ROME,LOC_CITIZEN_ROME_FEMALE_4,1,0
CIVILIZATION_ROME,LOC_CITIZEN_ROME_FEMALE_5,1,0
CIVILIZATION_ROME,LOC_CITIZEN_ROME_FEMALE_6,1,0
CIVILIZATION_ROME,LOC_CITIZEN_ROME_FEMALE_7,1,0
CIVILIZATION_ROME,LOC_CITIZEN_ROME_FEMALE_8,1,0
CIVILIZATION_ROME,LOC_CITIZEN_ROME_FEMALE_9,1,0
CIVILIZATION_ROME,LOC_CITIZEN_ROME_FEMALE_10,1,0
CIVILIZATION_ROME,LOC_CITIZEN_ROME_MODERN_MALE_1,0,1
CIVILIZATION_ROME,LOC_CITIZEN_ROME_MODERN_MALE_2,0,1
CIVILIZATION_ROME,LOC_CITIZEN_ROME_MODERN_MALE_3,0,1
CIVILIZATION_ROME,LOC_CITIZEN_ROME_MODERN_MALE_4,0,1
CIVILIZATION_ROME,LOC_CITIZEN_ROME_MODERN_MALE_5,0,1
CIVILIZATION_ROME,LOC_CITIZEN_ROME_MODERN_MALE_6,0,1
CIVILIZATION_ROME,LOC_CITIZEN_ROME_MODERN_MALE_7,0,1
CIVILIZATION_ROME,LOC_CITIZEN_ROME_MODERN_MALE_8,0,1
CIVILIZATION_ROME,LOC_CITIZEN_ROME_MODERN_MALE_9,0,1
CIVILIZATION_ROME,LOC_CITIZEN_ROME_MODERN_MALE_10,0,1
CIVILIZATION_ROME,LOC_CITIZEN_ROME_MODERN_FEMALE_1,1,1
CIVILIZATION_ROME,LOC_CITIZEN_ROME_MODERN_FEMALE_2,1,1
CIVILIZATION_ROME,LOC_CITIZEN_ROME_MODERN_FEMALE_3,1,1
CIVILIZATION_ROME,LOC_CITIZEN_ROME_MODERN_FEMALE_4,1,1
CIVILIZATION_ROME,LOC_CITIZEN_ROME_MODERN_FEMALE_5,1,1
CIVILIZATION_ROME,LOC_CITIZEN_ROME_MODERN_FEMALE_6,1,1
CIVILIZATION_ROME,LOC_CITIZEN_ROME_MODERN_FEMALE_7,1,1
CIVILIZATION_ROME,LOC_CITIZEN_ROME_MODERN_FEMALE_8,1,1
CIVILIZATION_ROME,LOC_CITIZEN_ROME_MODERN_FEMALE_9,1,1
CIVILIZATION_ROME,LOC_CITIZEN_ROME_MODERN_FEMALE_10,1,1
CIVILIZATION_RUSSIA,LOC_CITIZEN_RUSSIA_MALE_1,0,0
CIVILIZATION_RUSSIA,LOC_CITIZEN_RUSSIA_MALE_2,0,0
CIVILIZATION_RUSSIA,LOC_CITIZEN_RUSSIA_MALE_3,0,0
CIVILIZATION_RUSSIA,LOC_CITIZEN_RUSSIA_MALE_4,0,0
CIVILIZATION_RUSSIA,LOC_CITIZEN_RUSSIA_MALE_5,0,0
CIVILIZATION_RUSSIA,LOC_CITIZEN_RUSSIA_MALE_6,0,0
CIVILIZATION_RUSSIA,LOC_CITIZEN_RUSSIA_MALE_7,0,0
CIVILIZATION_RUSSIA,LOC_CITIZEN_RUSSIA_MALE_8,0,0
CIVILIZATION_RUSSIA,LOC_CITIZEN_RUSSIA_MALE_9,0,0
CIVILIZATION_RUSSIA,LOC_CITIZEN_RUSSIA_MALE_10,0,0
CIVILIZATION_RUSSIA,LOC_CITIZEN_RUSSIA_FEMALE_1,1,0
CIVILIZATION_RUSSIA,LOC_CITIZEN_RUSSIA_FEMALE_2,1,0
CIVILIZATION_RUSSIA,LOC_CITIZEN_RUSSIA_FEMALE_3,1,0
CIVILIZATION_RUSSIA,LOC_CITIZEN_RUSSIA_FEMALE_4,1,0
CIVILIZATION_RUSSIA,LOC_CITIZEN_RUSSIA_FEMALE_5,1,0
CIVILIZATION_RUSSIA,LOC_CITIZEN_RUSSIA_FEMALE_6,1,0
CIVILIZATION_RUSSIA,LOC_CITIZEN_RUSSIA_FEMALE_7,1,0
CIVILIZATION_RUSSIA,LOC_CITIZEN_RUSSIA_FEMALE_8,1,0
CIVILIZATION_RUSSIA,LOC_CITIZEN_RUSSIA_FEMALE_9,1,0
CIVILIZATION_RUSSIA,LOC_CITIZEN_RUSSIA_FEMALE_10,1,0
CIVILIZATION_RUSSIA,LOC_CITIZEN_RUSSIA_MODERN_MALE_1,0,1
CIVILIZATION_RUSSIA,LOC_CITIZEN_RUSSIA_MODERN_MALE_2,0,1
CIVILIZATION_RUSSIA,LOC_CITIZEN_RUSSIA_MODERN_MALE_3,0,1
CIVILIZATION_RUSSIA,LOC_CITIZEN_RUSSIA_MODERN_MALE_4,0,1
CIVILIZATION_RUSSIA,LOC_CITIZEN_RUSSIA_MODERN_MALE_5,0,1
CIVILIZATION_RUSSIA,LOC_CITIZEN_RUSSIA_MODERN_MALE_6,0,1
CIVILIZATION_RUSSIA,LOC_CITIZEN_RUSSIA_MODERN_MALE_7,0,1
CIVILIZATION_RUSSIA,LOC_CITIZEN_RUSSIA_MODERN_MALE_8,0,1
CIVILIZATION_RUSSIA,LOC_CITIZEN_RUSSIA_MODERN_MALE_9,0,1
CIVILIZATION_RUSSIA,LOC_CITIZEN_RUSSIA_MODERN_MALE_10,0,1
CIVILIZATION_RUSSIA,LOC_CITIZEN_RUSSIA_MODERN_FEMALE_1,1,1
CIVILIZATION_RUSSIA,LOC_CITIZEN_RUSSIA_MODERN_FEMALE_2,1,1
CIVILIZATION_RUSSIA,LOC_CITIZEN_RUSSIA_MODERN_FEMALE_3,1,1
CIVILIZATION_RUSSIA,LOC_CITIZEN_RUSSIA_MODERN_FEMALE_4,1,1
CIVILIZATION_RUSSIA,LOC_CITIZEN_RUSSIA_MODERN_FEMALE_5,1,1
CIVILIZATION_RUSSIA,LOC_CITIZEN_RUSSIA_MODERN_FEMALE_6,1,1
CIVILIZATION_RUSSIA,LOC_CITIZEN_RUSSIA_MODERN_FEMALE_7,1,1
CIVILIZATION_RUSSIA,LOC_CITIZEN_RUSSIA_MODERN_FEMALE_8,1,1
CIVILIZATION_RUSSIA,LOC_CITIZEN_RUSSIA_MODERN_FEMALE_9,1,1
CIVILIZATION_RUSSIA,LOC_CITIZEN_RUSSIA_MODERN_FEMALE_10,1,1
CIVILIZATION_SCYTHIA,LOC_CITIZEN_SCYTHIA_MALE_1,0,0
CIVILIZATION_SCYTHIA,LOC_CITIZEN_SCYTHIA_MALE_2,0,0
CIVILIZATION_SCYTHIA,LOC_CITIZEN_SCYTHIA_MALE_3,0,0
CIVILIZATION_SCYTHIA,LOC_CITIZEN_SCYTHIA_MALE_4,0,0
CIVILIZATION_SCYTHIA,LOC_CITIZEN_SCYTHIA_MALE_5,0,0
CIVILIZATION_SCYTHIA,LOC_CITIZEN_SCYTHIA_MALE_6,0,0
CIVILIZATION_SCYTHIA,LOC_CITIZEN_SCYTHIA_MALE_7,0,0
CIVILIZATION_SCYTHIA,LOC_CITIZEN_SCYTHIA_MALE_8,0,0
CIVILIZATION_SCYTHIA,LOC_CITIZEN_SCYTHIA_MALE_9,0,0
CIVILIZATION_SCYTHIA,LOC_CITIZEN_SCYTHIA_MALE_10,0,0
CIVILIZATION_SCYTHIA,LOC_CITIZEN_SCYTHIA_FEMALE_1,1,0
CIVILIZATION_SCYTHIA,LOC_CITIZEN_SCYTHIA_FEMALE_2,1,0
CIVILIZATION_SCYTHIA,LOC_CITIZEN_SCYTHIA_FEMALE_3,1,0
CIVILIZATION_SCYTHIA,LOC_CITIZEN_SCYTHIA_FEMALE_4,1,0
CIVILIZATION_SCYTHIA,LOC_CITIZEN_SCYTHIA_FEMALE_5,1,0
CIVILIZATION_SCYTHIA,LOC_CITIZEN_SCYTHIA_FEMALE_6,1,0
CIVILIZATION_SCYTHIA,LOC_CITIZEN_SCYTHIA_FEMALE_7,1,0
CIVILIZATION_SCYTHIA,LOC_CITIZEN_SCYTHIA_FEMALE_8,1,0
CIVILIZATION_SCYTHIA,LOC_CITIZEN_SCYTHIA_FEMALE_9,1,0
CIVILIZATION_SCYTHIA,LOC_CITIZEN_SCYTHIA_FEMALE_10,1,0
CIVILIZATION_SCYTHIA,LOC_CITIZEN_SCYTHIA_MODERN_MALE_1,0,1
CIVILIZATION_SCYTHIA,LOC_CITIZEN_SCYTHIA_MODERN_MALE_2,0,1
CIVILIZATION_SCYTHIA,LOC_CITIZEN_SCYTHIA_MODERN_MALE_3,0,1
CIVILIZATION_SCYTHIA,LOC_CITIZEN_SCYTHIA_MODERN_MALE_4,0,1
CIVILIZATION_SCYTHIA,LOC_CITIZEN_SCYTHIA_MODERN_MALE_5,0,1
CIVILIZATION_SCYTHIA,LOC_CITIZEN_SCYTHIA_MODERN_MALE_6,0,1
CIVILIZATION_SCYTHIA,LOC_CITIZEN_SCYTHIA_MODERN_MALE_7,0,1
CIVILIZATION_SCYTHIA,LOC_CITIZEN_SCYTHIA_MODERN_MALE_8,0,1
CIVILIZATION_SCYTHIA,LOC_CITIZEN_SCYTHIA_MODERN_MALE_9,0,1
CIVILIZATION_SCYTHIA,LOC_CITIZEN_SCYTHIA_MODERN_MALE_10,0,1
CIVILIZATION_SCYTHIA,LOC_CITIZEN_SCYTHIA_MODERN_FEMALE_1,1,1
CIVILIZATION_SCYTHIA,LOC_CITIZEN_SCYTHIA_MODERN_FEMALE_2,1,1
CIVILIZATION_SCYTHIA,LOC_CITIZEN_SCYTHIA_MODERN_FEMALE_3,1,1
CIVILIZATION_SCYTHIA,LOC_CITIZEN_SCYTHIA_MODERN_FEMALE_4,1,1
CIVILIZATION_SCYTHIA,LOC_CITIZEN_SCYTHIA_MODERN_FEMALE_5,1,1
CIVILIZATION_SCYTHIA,LOC_CITIZEN_SCYTHIA_MODERN_FEMALE_6,1,1
CIVILIZATION_SCYTHIA,LOC_CITIZEN_SCYTHIA_MODERN_FEMALE_7,1,1
CIVILIZATION_SCYTHIA,LOC_CITIZEN_SCYTHIA_MODERN_FEMALE_8,1,1
CIVILIZATION_SCYTHIA,LOC_CITIZEN_SCYTHIA_MODERN_FEMALE_9,1,1
CIVILIZATION_SCYTHIA,LOC_CITIZEN_SCYTHIA_MODERN_FEMALE_10,1,1
CIVILIZATION_SPAIN,LOC_CITIZEN_SPAIN_MALE_1,0,0
CIVILIZATION_SPAIN,LOC_CITIZEN_SPAIN_MALE_2,0,0
CIVILIZATION_SPAIN,LOC_CITIZEN_SPAIN_MALE_3,0,0
CIVILIZATION_SPAIN,LOC_CITIZEN_SPAIN_MALE_4,0,0
CIVILIZATION_SPAIN,LOC_CITIZEN_SPAIN_MALE_5,0,0
CIVILIZATION_SPAIN,LOC_CITIZEN_SPAIN_MALE_6,0,0
CIVILIZATION_SPAIN,LOC_CITIZEN_SPAIN_MALE_7,0,0
CIVILIZATION_SPAIN,LOC_CITIZEN_SPAIN_MALE_8,0,0
CIVILIZATION_SPAIN,LOC_CITIZEN_SPAIN_MALE_9,0,0
CIVILIZATION_SPAIN,LOC_CITIZEN_SPAIN_MALE_10,0,0
CIVILIZATION_SPAIN,LOC_CITIZEN_SPAIN_FEMALE_1,1,0
CIVILIZATION_SPAIN,LOC_CITIZEN_SPAIN_FEMALE_2,1,0
CIVILIZATION_SPAIN,LOC_CITIZEN_SPAIN_FEMALE_3,1,0
CIVILIZATION_SPAIN,LOC_CITIZEN_SPAIN_FEMALE_4,1,0
CIVILIZATION_SPAIN,LOC_CITIZEN_SPAIN_FEMALE_5,1,0
CIVILIZATION_SPAIN,LOC_CITIZEN_SPAIN_FEMALE_6,1,0
CIVILIZATION_SPAIN,LOC_CITIZEN_SPAIN_FEMALE_7,1,0
CIVILIZATION_SPAIN,LOC_CITIZEN_SPAIN_FEMALE_8,1,0
CIVILIZATION_SPAIN,LOC_CITIZEN_SPAIN_FEMALE_9,1,0
CIVILIZATION_SPAIN,LOC_CITIZEN_SPAIN_FEMALE_10,1,0
CIVILIZATION_SPAIN,LOC_CITIZEN_SPAIN_MODERN_MALE_1,0,1
CIVILIZATION_SPAIN,LOC_CITIZEN_SPAIN_MODERN_MALE_2,0,1
CIVILIZATION_SPAIN,LOC_CITIZEN_SPAIN_MODERN_MALE_3,0,1
CIVILIZATION_SPAIN,LOC_CITIZEN_SPAIN_MODERN_MALE_4,0,1
CIVILIZATION_SPAIN,LOC_CITIZEN_SPAIN_MODERN_MALE_5,0,1
CIVILIZATION_SPAIN,LOC_CITIZEN_SPAIN_MODERN_MALE_6,0,1
CIVILIZATION_SPAIN,LOC_CITIZEN_SPAIN_MODERN_MALE_7,0,1
CIVILIZATION_SPAIN,LOC_CITIZEN_SPAIN_MODERN_MALE_8,0,1
CIVILIZATION_SPAIN,LOC_CITIZEN_SPAIN_MODERN_MALE_9,0,1
CIVILIZATION_SPAIN,LOC_CITIZEN_SPAIN_MODERN_MALE_10,0,1
CIVILIZATION_SPAIN,LOC_CITIZEN_SPAIN_MODERN_FEMALE_1,1,1
CIVILIZATION_SPAIN,LOC_CITIZEN_SPAIN_MODERN_FEMALE_2,1,1
CIVILIZATION_SPAIN,LOC_CITIZEN_SPAIN_MODERN_FEMALE_3,1,1
CIVILIZATION_SPAIN,LOC_CITIZEN_SPAIN_MODERN_FEMALE_4,1,1
CIVILIZATION_SPAIN,LOC_CITIZEN_SPAIN_MODERN_FEMALE_5,1,1
CIVILIZATION_SPAIN,LOC_CITIZEN_SPAIN_MODERN_FEMALE_6,1,1
CIVILIZATION_SPAIN,LOC_CITIZEN_SPAIN_MODERN_FEMALE_7,1,1
CIVILIZATION_SPAIN,LOC_CITIZEN_SPAIN_MODERN_FEMALE_8,1,1
CIVILIZATION_SPAIN,LOC_CITIZEN_SPAIN_MODERN_FEMALE_9,1,1
CIVILIZATION_SPAIN,LOC_CITIZEN_SPAIN_MODERN_FEMALE_10,1,1
CIVILIZATION_SUMERIA,LOC_CITIZEN_SUMERIA_MALE_1,0,0
CIVILIZATION_SUMERIA,LOC_CITIZEN_SUMERIA_MALE_2,0,0
CIVILIZATION_SUMERIA,LOC_CITIZEN_SUMERIA_MALE_3,0,0
CIVILIZATION_SUMERIA,LOC_CITIZEN_SUMERIA_MALE_4,0,0
CIVILIZATION_SUMERIA,LOC_CITIZEN_SUMERIA_MALE_5,0,0
CIVILIZATION_SUMERIA,LOC_CITIZEN_SUMERIA_MALE_6,0,0
CIVILIZATION_SUMERIA,LOC_CITIZEN_SUMERIA_MALE_7,0,0
CIVILIZATION_SUMERIA,LOC_CITIZEN_SUMERIA_MALE_8,0,0
CIVILIZATION_SUMERIA,LOC_CITIZEN_SUMERIA_MALE_9,0,0
CIVILIZATION_SUMERIA,LOC_CITIZEN_SUMERIA_MALE_10,0,0
CIVILIZATION_SUMERIA,LOC_CITIZEN_SUMERIA_FEMALE_1,1,0
CIVILIZATION_SUMERIA,LOC_CITIZEN_SUMERIA_FEMALE_2,1,0
CIVILIZATION_SUMERIA,LOC_CITIZEN_SUMERIA_FEMALE_3,1,0
CIVILIZATION_SUMERIA,LOC_CITIZEN_SUMERIA_FEMALE_4,1,0
CIVILIZATION_SUMERIA,LOC_CITIZEN_SUMERIA_FEMALE_5,1,0
CIVILIZATION_SUMERIA,LOC_CITIZEN_SUMERIA_FEMALE_6,1,0
CIVILIZATION_SUMERIA,LOC_CITIZEN_SUMERIA_FEMALE_7,1,0
CIVILIZATION_SUMERIA,LOC_CITIZEN_SUMERIA_FEMALE_8,1,0
CIVILIZATION_SUMERIA,LOC_CITIZEN_SUMERIA_FEMALE_9,1,0
CIVILIZATION_SUMERIA,LOC_CITIZEN_SUMERIA_FEMALE_10,1,0
CIVILIZATION_SUMERIA,LOC_CITIZEN_SUMERIA_MODERN_MALE_1,0,1
CIVILIZATION_SUMERIA,LOC_CITIZEN_SUMERIA_MODERN_MALE_2,0,1
CIVILIZATION_SUMERIA,LOC_CITIZEN_SUMERIA_MODERN_MALE_3,0,1
CIVILIZATION_SUMERIA,LOC_CITIZEN_SUMERIA_MODERN_MALE_4,0,1
CIVILIZATION_SUMERIA,LOC_CITIZEN_SUMERIA_MODERN_MALE_5,0,1
CIVILIZATION_SUMERIA,LOC_CITIZEN_SUMERIA_MODERN_MALE_6,0,1
CIVILIZATION_SUMERIA,LOC_CITIZEN_SUMERIA_MODERN_MALE_7,0,1
CIVILIZATION_SUMERIA,LOC_CITIZEN_SUMERIA_MODERN_MALE_8,0,1
CIVILIZATION_SUMERIA,LOC_CITIZEN_SUMERIA_MODERN_MALE_9,0,1
CIVILIZATION_SUMERIA,LOC_CITIZEN_SUMERIA_MODERN_MALE_10,0,1
CIVILIZATION_SUMERIA,LOC_CITIZEN_SUMERIA_MODERN_FEMALE_1,1,1
CIVILIZATION_SUMERIA,LOC_CITIZEN_SUMERIA_MODERN_FEMALE_2,1,1
CIVILIZATION_SUMERIA,LOC_CITIZEN_SUMERIA_MODERN_FEMALE_3,1,1
CIVILIZATION_SUMERIA,LOC_CITIZEN_SUMERIA_MODERN_FEMALE_4,1,1
CIVILIZATION_SUMERIA,LOC_CITIZEN_SUMERIA_MODERN_FEMALE_5,1,1
CIVILIZATION_SUMERIA,LOC_CITIZEN_SUMERIA_MODERN_FEMALE_6,1,1
CIVILIZATION_SUMERIA,LOC_CITIZEN_SUMERIA_MODERN_FEMALE_7,1,1
CIVILIZATION_SUMERIA,LOC_CITIZEN_SUMERIA_MODERN_FEMALE_8,1,1
CIVILIZATION_SUMERIA,LOC_CITIZEN_SUMERIA_MODERN_FEMALE_9,1,1
CIVILIZATION_SUMERIA,LOC_CITIZEN_SUMERIA_MODERN_FEMALE_10,1,1
CIVILIZATION_AZTEC,LOC_CITIZEN_AZTEC_MALE_1,0,0
CIVILIZATION_AZTEC,LOC_CITIZEN_AZTEC_MALE_2,0,0
CIVILIZATION_AZTEC,LOC_CITIZEN_AZTEC_MALE_3,0,0
CIVILIZATION_AZTEC,LOC_CITIZEN_AZTEC_MALE_4,0,0
CIVILIZATION_AZTEC,LOC_CITIZEN_AZTEC_MALE_5,0,0
CIVILIZATION_AZTEC,LOC_CITIZEN_AZTEC_MALE_6,0,0
CIVILIZATION_AZTEC,LOC_CITIZEN_AZTEC_MALE_7,0,0
CIVILIZATION_AZTEC,LOC_CITIZEN_AZTEC_MALE_8,0,0
CIVILIZATION_AZTEC,LOC_CITIZEN_AZTEC_MALE_9,0,0
CIVILIZATION_AZTEC,LOC_CITIZEN_AZTEC_MALE_10,0,0
CIVILIZATION_AZTEC,LOC_CITIZEN_AZTEC_FEMALE_1,1,0
CIVILIZATION_AZTEC,LOC_CITIZEN_AZTEC_FEMALE_2,1,0
CIVILIZATION_AZTEC,LOC_CITIZEN_AZTEC_FEMALE_3,1,0
CIVILIZATION_AZTEC,LOC_CITIZEN_AZTEC_FEMALE_4,1,0
CIVILIZATION_AZTEC,LOC_CITIZEN_AZTEC_FEMALE_5,1,0
CIVILIZATION_AZTEC,LOC_CITIZEN_AZTEC_FEMALE_6,1,0
CIVILIZATION_AZTEC,LOC_CITIZEN_AZTEC_FEMALE_7,1,0
CIVILIZATION_AZTEC,LOC_CITIZEN_AZTEC_FEMALE_8,1,0
CIVILIZATION_AZTEC,LOC_CITIZEN_AZTEC_FEMALE_9,1,0
CIVILIZATION_AZTEC,LOC_CITIZEN_AZTEC_FEMALE_10,1,0
CIVILIZATION_AZTEC,LOC_CITIZEN_AZTEC_MODERN_MALE_1,0,1
CIVILIZATION_AZTEC,LOC_CITIZEN_AZTEC_MODERN_MALE_2,0,1
CIVILIZATION_AZTEC,LOC_CITIZEN_AZTEC_MODERN_MALE_3,0,1
CIVILIZATION_AZTEC,LOC_CITIZEN_AZTEC_MODERN_MALE_4,0,1
CIVILIZATION_AZTEC,LOC_CITIZEN_AZTEC_MODERN_MALE_5,0,1
CIVILIZATION_AZTEC,LOC_CITIZEN_AZTEC_MODERN_MALE_6,0,1
CIVILIZATION_AZTEC,LOC_CITIZEN_AZTEC_MODERN_MALE_7,0,1
CIVILIZATION_AZTEC,LOC_CITIZEN_AZTEC_MODERN_MALE_8,0,1
CIVILIZATION_AZTEC,LOC_CITIZEN_AZTEC_MODERN_MALE_9,0,1
CIVILIZATION_AZTEC,LOC_CITIZEN_AZTEC_MODERN_MALE_10,0,1
CIVILIZATION_AZTEC,LOC_CITIZEN_AZTEC_MODERN_FEMALE_1,1,1
CIVILIZATION_AZTEC,LOC_CITIZEN_AZTEC_MODERN_FEMALE_2,1,1
CIVILIZATION_AZTEC,LOC_CITIZEN_AZTEC_MODERN_FEMALE_3,1,1
CIVILIZATION_AZTEC,LOC_CITIZEN_AZTEC_MODERN_FEMALE_4,1,1
CIVILIZATION_AZTEC,LOC_CITIZEN_AZTEC_MODERN_FEMALE_5,1,1
CIVILIZATION_AZTEC,LOC_CITIZEN_AZTEC_MODERN_FEMALE_6,1,1
CIVILIZATION_AZTEC,LOC_CITIZEN_AZTEC_MODERN_FEMALE_7,1,1
CIVILIZATION_AZTEC,LOC_CITIZEN_AZTEC_MODERN_FEMALE_8,1,1
CIVILIZATION_AZTEC,LOC_CITIZEN_AZTEC_MODERN_FEMALE_9,1,1
CIVILIZATION_AZTEC,LOC_CITIZEN_AZTEC_MODERN_FEMALE_10,1,1
CIVILIZATION_INDONESIA,LOC_CITIZEN_INDONESIA_MALE_1,0,0
CIVILIZATION_INDONESIA,LOC_CITIZEN_INDONESIA_MALE_2,0,0
CIVILIZATION_INDONESIA,LOC_CITIZEN_INDONESIA_MALE_3,0,0
CIVILIZATION_INDONESIA,LOC_CITIZEN_INDONESIA_MALE_4,0,0
CIVILIZATION_INDONESIA,LOC_CITIZEN_INDONESIA_MALE_5,0,0
CIVILIZATION_INDONESIA,LOC_CITIZEN_INDONESIA_MALE_6,0,0
CIVILIZATION_INDONESIA,LOC_CITIZEN_INDONESIA_MALE_7,0,0
CIVILIZATION_INDONESIA,LOC_CITIZEN_INDONESIA_MALE_8,0,0
CIVILIZATION_INDONESIA,LOC_CITIZEN_INDONESIA_MALE_9,0,0
CIVILIZATION_INDONESIA,LOC_CITIZEN_INDONESIA_MALE_10,0,0
CIVILIZATION_INDONESIA,LOC_CITIZEN_INDONESIA_FEMALE_1,1,0
CIVILIZATION_INDONESIA,LOC_CITIZEN_INDONESIA_FEMALE_2,1,0
CIVILIZATION_INDONESIA,LOC_CITIZEN_INDONESIA_FEMALE_3,1,0
CIVILIZATION_INDONESIA,LOC_CITIZEN_INDONESIA_FEMALE_4,1,0
CIVILIZATION_INDONESIA,LOC_CITIZEN_INDONESIA_FEMALE_5,1,0
CIVILIZATION_INDONESIA,LOC_CITIZEN_INDONESIA_FEMALE_6,1,0
CIVILIZATION_INDONESIA,LOC_CITIZEN_INDONESIA_FEMALE_7,1,0
CIVILIZATION_INDONESIA,LOC_CITIZEN_INDONESIA_FEMALE_8,1,0
CIVILIZATION_INDONESIA,LOC_CITIZEN_INDONESIA_FEMALE_9,1,0
CIVILIZATION_INDONESIA,LOC_CITIZEN_INDONESIA_FEMALE_10,1,0
CIVILIZATION_INDONESIA,LOC_CITIZEN_INDONESIA_MODERN_MALE_1,0,1
CIVILIZATION_INDONESIA,LOC_CITIZEN_INDONESIA_MODERN_MALE_2,0,1
CIVILIZATION_INDONESIA,LOC_CITIZEN_INDONESIA_MODERN_MALE_3,0,1
CIVILIZATION_INDONESIA,LOC_CITIZEN_INDONESIA_MODERN_MALE_4,0,1
CIVILIZATION_INDONESIA,LOC_CITIZEN_INDONESIA_MODERN_MALE_5,0,1
CIVILIZATION_INDONESIA,LOC_CITIZEN_INDONESIA_MODERN_MALE_6,0,1
CIVILIZATION_INDONESIA,LOC_CITIZEN_INDONESIA_MODERN_MALE_7,0,1
CIVILIZATION_INDONESIA,LOC_CITIZEN_INDONESIA_MODERN_MALE_8,0,1
CIVILIZATION_INDONESIA,LOC_CITIZEN_INDONESIA_MODERN_MALE_9,0,1
CIVILIZATION_INDONESIA,LOC_CITIZEN_INDONESIA_MODERN_MALE_10,0,1
CIVILIZATION_INDONESIA,LOC_CITIZEN_INDONESIA_MODERN_FEMALE_1,1,1
CIVILIZATION_INDONESIA,LOC_CITIZEN_INDONESIA_MODERN_FEMALE_2,1,1
CIVILIZATION_INDONESIA,LOC_CITIZEN_INDONESIA_MODERN_FEMALE_3,1,1
CIVILIZATION_INDONESIA,LOC_CITIZEN_INDONESIA_MODERN_FEMALE_4,1,1
CIVILIZATION_INDONESIA,LOC_CITIZEN_INDONESIA_MODERN_FEMALE_5,1,1
CIVILIZATION_INDONESIA,LOC_CITIZEN_INDONESIA_MODERN_FEMALE_6,1,1
CIVILIZATION_INDONESIA,LOC_CITIZEN_INDONESIA_MODERN_FEMALE_7,1,1
CIVILIZATION_INDONESIA,LOC_CITIZEN_INDONESIA_MODERN_FEMALE_8,1,1
CIVILIZATION_INDONESIA,LOC_CITIZEN_INDONESIA_MODERN_FEMALE_9,1,1
CIVILIZATION_INDONESIA,LOC_CITIZEN_INDONESIA_MODERN_FEMALE_10,1,1
CIVILIZATION_KHMER,LOC_CITIZEN_KHMER_MALE_1,0,0
CIVILIZATION_KHMER,LOC_CITIZEN_KHMER_MALE_2,0,0
CIVILIZATION_KHMER,LOC_CITIZEN_KHMER_MALE_3,0,0
CIVILIZATION_KHMER,LOC_CITIZEN_KHMER_MALE_4,0,0
CIVILIZATION_KHMER,LOC_CITIZEN_KHMER_MALE_5,0,0
CIVILIZATION_KHMER,LOC_CITIZEN_KHMER_MALE_6,0,0
CIVILIZATION_KHMER,LOC_CITIZEN_KHMER_MALE_7,0,0
CIVILIZATION_KHMER,LOC_CITIZEN_KHMER_MALE_8,0,0
CIVILIZATION_KHMER,LOC_CITIZEN_KHMER_MALE_9,0,0
CIVILIZATION_KHMER,LOC_CITIZEN_KHMER_MALE_10,0,0
CIVILIZATION_KHMER,LOC_CITIZEN_KHMER_FEMALE_1,1,0
CIVILIZATION_KHMER,LOC_CITIZEN_KHMER_FEMALE_2,1,0
CIVILIZATION_KHMER,LOC_CITIZEN_KHMER_FEMALE_3,1,0
CIVILIZATION_KHMER,LOC_CITIZEN_KHMER_FEMALE_4,1,0
CIVILIZATION_KHMER,LOC_CITIZEN_KHMER_FEMALE_5,1,0
CIVILIZATION_KHMER,LOC_CITIZEN_KHMER_FEMALE_6,1,0
CIVILIZATION_KHMER,LOC_CITIZEN_KHMER_FEMALE_7,1,0
CIVILIZATION_KHMER,LOC_CITIZEN_KHMER_FEMALE_8,1,0
CIVILIZATION_KHMER,LOC_CITIZEN_KHMER_FEMALE_9,1,0
CIVILIZATION_KHMER,LOC_CITIZEN_KHMER_FEMALE_10,1,0
CIVILIZATION_KHMER,LOC_CITIZEN_KHMER_MODERN_MALE_1,0,1
CIVILIZATION_KHMER,LOC_CITIZEN_KHMER_MODERN_MALE_2,0,1
CIVILIZATION_KHMER,LOC_CITIZEN_KHMER_MODERN_MALE_3,0,1
CIVILIZATION_KHMER,LOC_CITIZEN_KHMER_MODERN_MALE_4,0,1
CIVILIZATION_KHMER,LOC_CITIZEN_KHMER_MODERN_MALE_5,0,1
CIVILIZATION_KHMER,LOC_CITIZEN_KHMER_MODERN_MALE_6,0,1
CIVILIZATION_KHMER,LOC_CITIZEN_KHMER_MODERN_MALE_7,0,1
CIVILIZATION_KHMER,LOC_CITIZEN_KHMER_MODERN_MALE_8,0,1
CIVILIZATION_KHMER,LOC_CITIZEN_KHMER_MODERN_MALE_9,0,1
CIVILIZATION_KHMER,LOC_CITIZEN_KHMER_MODERN_MALE_10,0,1
CIVILIZATION_KHMER,LOC_CITIZEN_KHMER_MODERN_FEMALE_1,1,1
CIVILIZATION_KHMER,LOC_CITIZEN_KHMER_MODERN_FEMALE_2,1,1
CIVILIZATION_KHMER,LOC_CITIZEN_KHMER_MODERN_FEMALE_3,1,1
CIVILIZATION_KHMER,LOC_CITIZEN_KHMER_MODERN_FEMALE_4,1,1
CIVILIZATION_KHMER,LOC_CITIZEN_KHMER_MODERN_FEMALE_5,1,1
CIVILIZATION_KHMER,LOC_CITIZEN_KHMER_MODERN_FEMALE_6,1,1
CIVILIZATION_KHMER,LOC_CITIZEN_KHMER_MODERN_FEMALE_7,1,1
CIVILIZATION_KHMER,LOC_CITIZEN_KHMER_MODERN_FEMALE_8,1,1
CIVILIZATION_KHMER,LOC_CITIZEN_KHMER_MODERN_FEMALE_9,1,1
CIVILIZATION_KHMER,LOC_CITIZEN_KHMER_MODERN_FEMALE_10,1,1
CIVILIZATION_POLAND,LOC_CITIZEN_POLAND_MALE_1,0,0
CIVILIZATION_POLAND,LOC_CITIZEN_POLAND_MALE_2,0,0
CIVILIZATION_POLAND,LOC_CITIZEN_POLAND_MALE_3,0,0
CIVILIZATION_POLAND,LOC_CITIZEN_POLAND_MALE_4,0,0
CIVILIZATION_POLAND,LOC_CITIZEN_POLAND_MALE_5,0,0
CIVILIZATION_POLAND,LOC_CITIZEN_POLAND_MALE_6,0,0
CIVILIZATION_POLAND,LOC_CITIZEN_POLAND_MALE_7,0,0
CIVILIZATION_POLAND,LOC_CITIZEN_POLAND_MALE_8,0,0
CIVILIZATION_POLAND,LOC_CITIZEN_POLAND_MALE_9,0,0
CIVILIZATION_POLAND,LOC_CITIZEN_POLAND_MALE_10,0,0
CIVILIZATION_POLAND,LOC_CITIZEN_POLAND_FEMALE_1,1,0
CIVILIZATION_POLAND,LOC_CITIZEN_POLAND_FEMALE_2,1,0
CIVILIZATION_POLAND,LOC_CITIZEN_POLAND_FEMALE_3,1,0
CIVILIZATION_POLAND,LOC_CITIZEN_POLAND_FEMALE_4,1,0
CIVILIZATION_POLAND,LOC_CITIZEN_POLAND_FEMALE_5,1,0
CIVILIZATION_POLAND,LOC_CITIZEN_POLAND_FEMALE_6,1,0
CIVILIZATION_POLAND,LOC_CITIZEN_POLAND_FEMALE_7,1,0
CIVILIZATION_POLAND,LOC_CITIZEN_POLAND_FEMALE_8,1,0
CIVILIZATION_POLAND,LOC_CITIZEN_POLAND_FEMALE_9,1,0
CIVILIZATION_POLAND,LOC_CITIZEN_POLAND_FEMALE_10,1,0
CIVILIZATION_POLAND,LOC_CITIZEN_POLAND_MODERN_MALE_1,0,1
CIVILIZATION_POLAND,LOC_CITIZEN_POLAND_MODERN_MALE_2,0,1
CIVILIZATION_POLAND,LOC_CITIZEN_POLAND_MODERN_MALE_3,0,1
CIVILIZATION_POLAND,LOC_CITIZEN_POLAND_MODERN_MALE_4,0,1
CIVILIZATION_POLAND,LOC_CITIZEN_POLAND_MODERN_MALE_5,0,1
CIVILIZATION_POLAND,LOC_CITIZEN_POLAND_MODERN_MALE_6,0,1
CIVILIZATION_POLAND,LOC_CITIZEN_POLAND_MODERN_MALE_7,0,1
CIVILIZATION_POLAND,LOC_CITIZEN_POLAND_MODERN_MALE_8,0,1
CIVILIZATION_POLAND,LOC_CITIZEN_POLAND_MODERN_MALE_9,0,1
CIVILIZATION_POLAND,LOC_CITIZEN_POLAND_MODERN_MALE_10,0,1
CIVILIZATION_POLAND,LOC_CITIZEN_POLAND_MODERN_FEMALE_1,1,1
CIVILIZATION_POLAND,LOC_CITIZEN_POLAND_MODERN_FEMALE_2,1,1
CIVILIZATION_POLAND,LOC_CITIZEN_POLAND_MODERN_FEMALE_3,1,1
CIVILIZATION_POLAND,LOC_CITIZEN_POLAND_MODERN_FEMALE_4,1,1
CIVILIZATION_POLAND,LOC_CITIZEN_POLAND_MODERN_FEMALE_5,1,1
CIVILIZATION_POLAND,LOC_CITIZEN_POLAND_MODERN_FEMALE_6,1,1
CIVILIZATION_POLAND,LOC_CITIZEN_POLAND_MODERN_FEMALE_7,1,1
CIVILIZATION_POLAND,LOC_CITIZEN_POLAND_MODERN_FEMALE_8,1,1
CIVILIZATION_POLAND,LOC_CITIZEN_POLAND_MODERN_FEMALE_9,1,1
CIVILIZATION_POLAND,LOC_CITIZEN_POLAND_MODERN_FEMALE_10,1,1
CIVILIZATION_NUBIA,LOC_CITIZEN_NUBIA_MALE_1,0,0
CIVILIZATION_NUBIA,LOC_CITIZEN_NUBIA_MALE_2,0,0
CIVILIZATION_NUBIA,LOC_CITIZEN_NUBIA_MALE_3,0,0
CIVILIZATION_NUBIA,LOC_CITIZEN_NUBIA_MALE_4,0,0
CIVILIZATION_NUBIA,LOC_CITIZEN_NUBIA_MALE_5,0,0
CIVILIZATION_NUBIA,LOC_CITIZEN_NUBIA_MALE_6,0,0
CIVILIZATION_NUBIA,LOC_CITIZEN_NUBIA_MALE_7,0,0
CIVILIZATION_NUBIA,LOC_CITIZEN_NUBIA_MALE_8,0,0
CIVILIZATION_NUBIA,LOC_CITIZEN_NUBIA_MALE_9,0,0
CIVILIZATION_NUBIA,LOC_CITIZEN_NUBIA_MALE_10,0,0
CIVILIZATION_NUBIA,LOC_CITIZEN_NUBIA_FEMALE_1,1,0
CIVILIZATION_NUBIA,LOC_CITIZEN_NUBIA_FEMALE_2,1,0
CIVILIZATION_NUBIA,LOC_CITIZEN_NUBIA_FEMALE_3,1,0
CIVILIZATION_NUBIA,LOC_CITIZEN_NUBIA_FEMALE_4,1,0
CIVILIZATION_NUBIA,LOC_CITIZEN_NUBIA_FEMALE_5,1,0
CIVILIZATION_NUBIA,LOC_CITIZEN_NUBIA_FEMALE_6,1,0
CIVILIZATION_NUBIA,LOC_CITIZEN_NUBIA_FEMALE_7,1,0
CIVILIZATION_NUBIA,LOC_CITIZEN_NUBIA_FEMALE_8,1,0
CIVILIZATION_NUBIA,LOC_CITIZEN_NUBIA_FEMALE_9,1,0
CIVILIZATION_NUBIA,LOC_CITIZEN_NUBIA_FEMALE_10,1,0
CIVILIZATION_NUBIA,LOC_CITIZEN_NUBIA_MODERN_MALE_1,0,1
CIVILIZATION_NUBIA,LOC_CITIZEN_NUBIA_MODERN_MALE_2,0,1
CIVILIZATION_NUBIA,LOC_CITIZEN_NUBIA_MODERN_MALE_3,0,1
CIVILIZATION_NUBIA,LOC_CITIZEN_NUBIA_MODERN_MALE_4,0,1
CIVILIZATION_NUBIA,LOC_CITIZEN_NUBIA_MODERN_MALE_5,0,1
CIVILIZATION_NUBIA,LOC_CITIZEN_NUBIA_MODERN_MALE_6,0,1
CIVILIZATION_NUBIA,LOC_CITIZEN_NUBIA_MODERN_MALE_7,0,1
CIVILIZATION_NUBIA,LOC_CITIZEN_NUBIA_MODERN_MALE_8,0,1
CIVILIZATION_NUBIA,LOC_CITIZEN_NUBIA_MODERN_MALE_9,0,1
CIVILIZATION_NUBIA,LOC_CITIZEN_NUBIA_MODERN_MALE_10,0,1
CIVILIZATION_NUBIA,LOC_CITIZEN_NUBIA_MODERN_FEMALE_1,1,1
CIVILIZATION_NUBIA,LOC_CITIZEN_NUBIA_MODERN_FEMALE_2,1,1
CIVILIZATION_NUBIA,LOC_CITIZEN_NUBIA_MODERN_FEMALE_3,1,1
CIVILIZATION_NUBIA,LOC_CITIZEN_NUBIA_MODERN_FEMALE_4,1,1
CIVILIZATION_NUBIA,LOC_CITIZEN_NUBIA_MODERN_FEMALE_5,1,1
CIVILIZATION_NUBIA,LOC_CITIZEN_NUBIA_MODERN_FEMALE_6,1,1
CIVILIZATION_NUBIA,LOC_CITIZEN_NUBIA_MODERN_FEMALE_7,1,1
CIVILIZATION_NUBIA,LOC_CITIZEN_NUBIA_MODERN_FEMALE_8,1,1
CIVILIZATION_NUBIA,LOC_CITIZEN_NUBIA_MODERN_FEMALE_9,1,1
CIVILIZATION_NUBIA,LOC_CITIZEN_NUBIA_MODERN_FEMALE_10,1,1
CIVILIZATION_MACEDON,LOC_CITIZEN_MACEDON_MALE_1,0,0
CIVILIZATION_MACEDON,LOC_CITIZEN_MACEDON_MALE_2,0,0
CIVILIZATION_MACEDON,LOC_CITIZEN_MACEDON_MALE_3,0,0
CIVILIZATION_MACEDON,LOC_CITIZEN_MACEDON_MALE_4,0,0
CIVILIZATION_MACEDON,LOC_CITIZEN_MACEDON_MALE_5,0,0
CIVILIZATION_MACEDON,LOC_CITIZEN_MACEDON_MALE_6,0,0
CIVILIZATION_MACEDON,LOC_CITIZEN_MACEDON_MALE_7,0,0
CIVILIZATION_MACEDON,LOC_CITIZEN_MACEDON_MALE_8,0,0
CIVILIZATION_MACEDON,LOC_CITIZEN_MACEDON_MALE_9,0,0
CIVILIZATION_MACEDON,LOC_CITIZEN_MACEDON_MALE_10,0,0
CIVILIZATION_MACEDON,LOC_CITIZEN_MACEDON_FEMALE_1,1,0
CIVILIZATION_MACEDON,LOC_CITIZEN_MACEDON_FEMALE_2,1,0
CIVILIZATION_MACEDON,LOC_CITIZEN_MACEDON_FEMALE_3,1,0
CIVILIZATION_MACEDON,LOC_CITIZEN_MACEDON_FEMALE_4,1,0
CIVILIZATION_MACEDON,LOC_CITIZEN_MACEDON_FEMALE_5,1,0
CIVILIZATION_MACEDON,LOC_CITIZEN_MACEDON_FEMALE_6,1,0
CIVILIZATION_MACEDON,LOC_CITIZEN_MACEDON_FEMALE_7,1,0
CIVILIZATION_MACEDON,LOC_CITIZEN_MACEDON_FEMALE_8,1,0
CIVILIZATION_MACEDON,LOC_CITIZEN_MACEDON_FEMALE_9,1,0
CIVILIZATION_MACEDON,LOC_CITIZEN_MACEDON_FEMALE_10,1,0
CIVILIZATION_MACEDON,LOC_CITIZEN_MACEDON_MODERN_MALE_1,0,1
CIVILIZATION_MACEDON,LOC_CITIZEN_MACEDON_MODERN_MALE_2,0,1
CIVILIZATION_MACEDON,LOC_CITIZEN_MACEDON_MODERN_MALE_3,0,1
CIVILIZATION_MACEDON,LOC_CITIZEN_MACEDON_MODERN_MALE_4,0,1
CIVILIZATION_MACEDON,LOC_CITIZEN_MACEDON_MODERN_MALE_5,0,1
CIVILIZATION_MACEDON,LOC_CITIZEN_MACEDON_MODERN_MALE_6,0,1
CIVILIZATION_MACEDON,LOC_CITIZEN_MACEDON_MODERN_MALE_7,0,1
CIVILIZATION_MACEDON,LOC_CITIZEN_MACEDON_MODERN_MALE_8,0,1
CIVILIZATION_MACEDON,LOC_CITIZEN_MACEDON_MODERN_MALE_9,0,1
CIVILIZATION_MACEDON,LOC_CITIZEN_MACEDON_MODERN_MALE_10,0,1
CIVILIZATION_MACEDON,LOC_CITIZEN_MACEDON_MODERN_FEMALE_1,1,1
CIVILIZATION_MACEDON,LOC_CITIZEN_MACEDON_MODERN_FEMALE_2,1,1
CIVILIZATION_MACEDON,LOC_CITIZEN_MACEDON_MODERN_FEMALE_3,1,1
CIVILIZATION_MACEDON,LOC_CITIZEN_MACEDON_MODERN_FEMALE_4,1,1
CIVILIZATION_MACEDON,LOC_CITIZEN_MACEDON_MODERN_FEMALE_5,1,1
CIVILIZATION_MACEDON,LOC_CITIZEN_MACEDON_MODERN_FEMALE_6,1,1
CIVILIZATION_MACEDON,LOC_CITIZEN_MACEDON_MODERN_FEMALE_7,1,1
CIVILIZATION_MACEDON,LOC_CITIZEN_MACEDON_MODERN_FEMALE_8,1,1
CIVILIZATION_MACEDON,LOC_CITIZEN_MACEDON_MODERN_FEMALE_9,1,1
CIVILIZATION_MACEDON,LOC_CITIZEN_MACEDON_MODERN_FEMALE_10,1,1
CIVILIZATION_PERSIA,LOC_CITIZEN_PERSIA_MALE_1,0,0
CIVILIZATION_PERSIA,LOC_CITIZEN_PERSIA_MALE_2,0,0
CIVILIZATION_PERSIA,LOC_CITIZEN_PERSIA_MALE_3,0,0
CIVILIZATION_PERSIA,LOC_CITIZEN_PERSIA_MALE_4,0,0
CIVILIZATION_PERSIA,LOC_CITIZEN_PERSIA_MALE_5,0,0
CIVILIZATION_PERSIA,LOC_CITIZEN_PERSIA_MALE_6,0,0
CIVILIZATION_PERSIA,LOC_CITIZEN_PERSIA_MALE_7,0,0
CIVILIZATION_PERSIA,LOC_CITIZEN_PERSIA_MALE_8,0,0
CIVILIZATION_PERSIA,LOC_CITIZEN_PERSIA_MALE_9,0,0
CIVILIZATION_PERSIA,LOC_CITIZEN_PERSIA_MALE_10,0,0
CIVILIZATION_PERSIA,LOC_CITIZEN_PERSIA_FEMALE_1,1,0
CIVILIZATION_PERSIA,LOC_CITIZEN_PERSIA_FEMALE_2,1,0
CIVILIZATION_PERSIA,LOC_CITIZEN_PERSIA_FEMALE_3,1,0
CIVILIZATION_PERSIA,LOC_CITIZEN_PERSIA_FEMALE_4,1,0
CIVILIZATION_PERSIA,LOC_CITIZEN_PERSIA_FEMALE_5,1,0
CIVILIZATION_PERSIA,LOC_CITIZEN_PERSIA_FEMALE_6,1,0
CIVILIZATION_PERSIA,LOC_CITIZEN_PERSIA_FEMALE_7,1,0
CIVILIZATION_PERSIA,LOC_CITIZEN_PERSIA_FEMALE_8,1,0
CIVILIZATION_PERSIA,LOC_CITIZEN_PERSIA_FEMALE_9,1,0
CIVILIZATION_PERSIA,LOC_CITIZEN_PERSIA_FEMALE_10,1,0
CIVILIZATION_PERSIA,LOC_CITIZEN_PERSIA_MODERN_MALE_1,0,1
CIVILIZATION_PERSIA,LOC_CITIZEN_PERSIA_MODERN_MALE_2,0,1
CIVILIZATION_PERSIA,LOC_CITIZEN_PERSIA_MODERN_MALE_3,0,1
CIVILIZATION_PERSIA,LOC_CITIZEN_PERSIA_MODERN_MALE_4,0,1
CIVILIZATION_PERSIA,LOC_CITIZEN_PERSIA_MODERN_MALE_5,0,1
CIVILIZATION_PERSIA,LOC_CITIZEN_PERSIA_MODERN_MALE_6,0,1
CIVILIZATION_PERSIA,LOC_CITIZEN_PERSIA_MODERN_MALE_7,0,1
CIVILIZATION_PERSIA,LOC_CITIZEN_PERSIA_MODERN_MALE_8,0,1
CIVILIZATION_PERSIA,LOC_CITIZEN_PERSIA_MODERN_MALE_9,0,1
CIVILIZATION_PERSIA,LOC_CITIZEN_PERSIA_MODERN_MALE_10,0,1
CIVILIZATION_PERSIA,LOC_CITIZEN_PERSIA_MODERN_FEMALE_1,1,1
CIVILIZATION_PERSIA,LOC_CITIZEN_PERSIA_MODERN_FEMALE_2,1,1
CIVILIZATION_PERSIA,LOC_CITIZEN_PERSIA_MODERN_FEMALE_3,1,1
CIVILIZATION_PERSIA,LOC_CITIZEN_PERSIA_MODERN_FEMALE_4,1,1
CIVILIZATION_PERSIA,LOC_CITIZEN_PERSIA_MODERN_FEMALE_5,1,1
CIVILIZATION_PERSIA,LOC_CITIZEN_PERSIA_MODERN_FEMALE_6,1,1
CIVILIZATION_PERSIA,LOC_CITIZEN_PERSIA_MODERN_FEMALE_7,1,1
CIVILIZATION_PERSIA,LOC_CITIZEN_PERSIA_MODERN_FEMALE_8,1,1
CIVILIZATION_PERSIA,LOC_CITIZEN_PERSIA_MODERN_FEMALE_9,1,1
CIVILIZATION_PERSIA,LOC_CITIZEN_PERSIA_MODERN_FEMALE_10,1,1
CIVILIZATION_AUSTRALIA,LOC_CITIZEN_AUSTRALIA_MALE_1,0,0
CIVILIZATION_AUSTRALIA,LOC_CITIZEN_AUSTRALIA_MALE_2,0,0
CIVILIZATION_AUSTRALIA,LOC_CITIZEN_AUSTRALIA_MALE_3,0,0
CIVILIZATION_AUSTRALIA,LOC_CITIZEN_AUSTRALIA_MALE_4,0,0
CIVILIZATION_AUSTRALIA,LOC_CITIZEN_AUSTRALIA_MALE_5,0,0
CIVILIZATION_AUSTRALIA,LOC_CITIZEN_AUSTRALIA_MALE_6,0,0
CIVILIZATION_AUSTRALIA,LOC_CITIZEN_AUSTRALIA_MALE_7,0,0
CIVILIZATION_AUSTRALIA,LOC_CITIZEN_AUSTRALIA_MALE_8,0,0
CIVILIZATION_AUSTRALIA,LOC_CITIZEN_AUSTRALIA_MALE_9,0,0
CIVILIZATION_AUSTRALIA,LOC_CITIZEN_AUSTRALIA_MALE_10,0,0
CIVILIZATION_AUSTRALIA,LOC_CITIZEN_AUSTRALIA_FEMALE_1,1,0
CIVILIZATION_AUSTRALIA,LOC_CITIZEN_AUSTRALIA_FEMALE_2,1,0
CIVILIZATION_AUSTRALIA,LOC_CITIZEN_AUSTRALIA_FEMALE_3,1,0
CIVILIZATION_AUSTRALIA,LOC_CITIZEN_AUSTRALIA_FEMALE_4,1,0
CIVILIZATION_AUSTRALIA,LOC_CITIZEN_AUSTRALIA_FEMALE_5,1,0
CIVILIZATION_AUSTRALIA,LOC_CITIZEN_AUSTRALIA_FEMALE_6,1,0
CIVILIZATION_AUSTRALIA,LOC_CITIZEN_AUSTRALIA_FEMALE_7,1,0
CIVILIZATION_AUSTRALIA,LOC_CITIZEN_AUSTRALIA_FEMALE_8,1,0
CIVILIZATION_AUSTRALIA,LOC_CITIZEN_AUSTRALIA_FEMALE_9,1,0
CIVILIZATION_AUSTRALIA,LOC_CITIZEN_AUSTRALIA_FEMALE_10,1,0
CIVILIZATION_AUSTRALIA,LOC_CITIZEN_AUSTRALIA_MODERN_MALE_1,0,1
CIVILIZATION_AUSTRALIA,LOC_CITIZEN_AUSTRALIA_MODERN_MALE_2,0,1
CIVILIZATION_AUSTRALIA,LOC_CITIZEN_AUSTRALIA_MODERN_MALE_3,0,1
CIVILIZATION_AUSTRALIA,LOC_CITIZEN_AUSTRALIA_MODERN_MALE_4,0,1
CIVILIZATION_AUSTRALIA,LOC_CITIZEN_AUSTRALIA_MODERN_MALE_5,0,1
CIVILIZATION_AUSTRALIA,LOC_CITIZEN_AUSTRALIA_MODERN_MALE_6,0,1
CIVILIZATION_AUSTRALIA,LOC_CITIZEN_AUSTRALIA_MODERN_MALE_7,0,1
CIVILIZATION_AUSTRALIA,LOC_CITIZEN_AUSTRALIA_MODERN_MALE_8,0,1
CIVILIZATION_AUSTRALIA,LOC_CITIZEN_AUSTRALIA_MODERN_MALE_9,0,1
CIVILIZATION_AUSTRALIA,LOC_CITIZEN_AUSTRALIA_MODERN_MALE_10,0,1
CIVILIZATION_AUSTRALIA,LOC_CITIZEN_AUSTRALIA_MODERN_FEMALE_1,1,1
CIVILIZATION_AUSTRALIA,LOC_CITIZEN_AUSTRALIA_MODERN_FEMALE_2,1,1
CIVILIZATION_AUSTRALIA,LOC_CITIZEN_AUSTRALIA_MODERN_FEMALE_3,1,1
CIVILIZATION_AUSTRALIA,LOC_CITIZEN_AUSTRALIA_MODERN_FEMALE_4,1,1
CIVILIZATION_AUSTRALIA,LOC_CITIZEN_AUSTRALIA_MODERN_FEMALE_5,1,1
CIVILIZATION_AUSTRALIA,LOC_CITIZEN_AUSTRALIA_MODERN_FEMALE_6,1,1
CIVILIZATION_AUSTRALIA,LOC_CITIZEN_AUSTRALIA_MODERN_FEMALE_7,1,1
CIVILIZATION_AUSTRALIA,LOC_CITIZEN_AUSTRALIA_MODERN_FEMALE_8,1,1
CIVILIZATION_AUSTRALIA,LOC_CITIZEN_AUSTRALIA_MODERN_FEMALE_9,1,1
CIVILIZATION_AUSTRALIA,LOC_CITIZEN_AUSTRALIA_MODERN_FEMALE_10,1,1
CIVILIZATION_CREE,LOC_CITIZEN_CREE_MALE_1,0,0
CIVILIZATION_CREE,LOC_CITIZEN_CREE_MALE_2,0,0
CIVILIZATION_CREE,LOC_CITIZEN_CREE_MALE_3,0,0
CIVILIZATION_CREE,LOC_CITIZEN_CREE_MALE_4,0,0
CIVILIZATION_CREE,LOC_CITIZEN_CREE_MALE_5,0,0
CIVILIZATION_CREE,LOC_CITIZEN_CREE_MALE_6,0,0
CIVILIZATION_CREE,LOC_CITIZEN_CREE_MALE_7,0,0
CIVILIZATION_CREE,LOC_CITIZEN_CREE_MALE_8,0,0
CIVILIZATION_CREE,LOC_CITIZEN_CREE_MALE_9,0,0
CIVILIZATION_CREE,LOC_CITIZEN_CREE_MALE_10,0,0
CIVILIZATION_CREE,LOC_CITIZEN_CREE_FEMALE_1,1,0
CIVILIZATION_CREE,LOC_CITIZEN_CREE_FEMALE_2,1,0
CIVILIZATION_CREE,LOC_CITIZEN_CREE_FEMALE_3,1,0
CIVILIZATION_CREE,LOC_CITIZEN_CREE_FEMALE_4,1,0
CIVILIZATION_CREE,LOC_CITIZEN_CREE_FEMALE_5,1,0
CIVILIZATION_CREE,LOC_CITIZEN_CREE_FEMALE_6,1,0
CIVILIZATION_CREE,LOC_CITIZEN_CREE_FEMALE_7,1,0
CIVILIZATION_CREE,LOC_CITIZEN_CREE_FEMALE_8,1,0
CIVILIZATION_CREE,LOC_CITIZEN_CREE_FEMALE_9,1,0
CIVILIZATION_CREE,LOC_CITIZEN_CREE_FEMALE_10,1,0
CIVILIZATION_CREE,LOC_CITIZEN_CREE_MODERN_MALE_1,0,1
CIVILIZATION_CREE,LOC_CITIZEN_CREE_MODERN_MALE_2,0,1
CIVILIZATION_CREE,LOC_CITIZEN_CREE_MODERN_MALE_3,0,1
CIVILIZATION_CREE,LOC_CITIZEN_CREE_MODERN_MALE_4,0,1
CIVILIZATION_CREE,LOC_CITIZEN_CREE_MODERN_MALE_5,0,1
CIVILIZATION_CREE,LOC_CITIZEN_CREE_MODERN_MALE_6,0,1
CIVILIZATION_CREE,LOC_CITIZEN_CREE_MODERN_MALE_7,0,1
CIVILIZATION_CREE,LOC_CITIZEN_CREE_MODERN_MALE_8,0,1
CIVILIZATION_CREE,LOC_CITIZEN_CREE_MODERN_MALE_9,0,1
CIVILIZATION_CREE,LOC_CITIZEN_CREE_MODERN_MALE_10,0,1
CIVILIZATION_CREE,LOC_CITIZEN_CREE_MODERN_FEMALE_1,1,1
CIVILIZATION_CREE,LOC_CITIZEN_CREE_MODERN_FEMALE_2,1,1
CIVILIZATION_CREE,LOC_CITIZEN_CREE_MODERN_FEMALE_3,1,1
CIVILIZATION_CREE,LOC_CITIZEN_CREE_MODERN_FEMALE_4,1,1
CIVILIZATION_CREE,LOC_CITIZEN_CREE_MODERN_FEMALE_5,1,1
CIVILIZATION_CREE,LOC_CITIZEN_CREE_MODERN_FEMALE_6,1,1
CIVILIZATION_CREE,LOC_CITIZEN_CREE_MODERN_FEMALE_7,1,1
CIVILIZATION_CREE,LOC_CITIZEN_CREE_MODERN_FEMALE_8,1,1
CIVILIZATION_CREE,LOC_CITIZEN_CREE_MODERN_FEMALE_9,1,1
CIVILIZATION_CREE,LOC_CITIZEN_CREE_MODERN_FEMALE_10,1,1
CIVILIZATION_GEORGIA,LOC_CITIZEN_GEORGIA_MALE_1,0,0
CIVILIZATION_GEORGIA,LOC_CITIZEN_GEORGIA_MALE_2,0,0
CIVILIZATION_GEORGIA,LOC_CITIZEN_GEORGIA_MALE_3,0,0
CIVILIZATION_GEORGIA,LOC_CITIZEN_GEORGIA_MALE_4,0,0
CIVILIZATION_GEORGIA,LOC_CITIZEN_GEORGIA_MALE_5,0,0
CIVILIZATION_GEORGIA,LOC_CITIZEN_GEORGIA_MALE_6,0,0
CIVILIZATION_GEORGIA,LOC_CITIZEN_GEORGIA_MALE_7,0,0
CIVILIZATION_GEORGIA,LOC_CITIZEN_GEORGIA_MALE_8,0,0
CIVILIZATION_GEORGIA,LOC_CITIZEN_GEORGIA_MALE_9,0,0
CIVILIZATION_GEORGIA,LOC_CITIZEN_GEORGIA_MALE_10,0,0
CIVILIZATION_GEORGIA,LOC_CITIZEN_GEORGIA_FEMALE_1,1,0
CIVILIZATION_GEORGIA,LOC_CITIZEN_GEORGIA_FEMALE_2,1,0
CIVILIZATION_GEORGIA,LOC_CITIZEN_GEORGIA_FEMALE_3,1,0
CIVILIZATION_GEORGIA,LOC_CITIZEN_GEORGIA_FEMALE_4,1,0
CIVILIZATION_GEORGIA,LOC_CITIZEN_GEORGIA_FEMALE_5,1,0
CIVILIZATION_GEORGIA,LOC_CITIZEN_GEORGIA_FEMALE_6,1,0
CIVILIZATION_GEORGIA,LOC_CITIZEN_GEORGIA_FEMALE_7,1,0
CIVILIZATION_GEORGIA,LOC_CITIZEN_GEORGIA_FEMALE_8,1,0
CIVILIZATION_GEORGIA,LOC_CITIZEN_GEORGIA_FEMALE_9,1,0
CIVILIZATION_GEORGIA,LOC_CITIZEN_GEORGIA_FEMALE_10,1,0
CIVILIZATION_GEORGIA,LOC_CITIZEN_GEORGIA_MODERN_MALE_1,0,1
CIVILIZATION_GEORGIA,LOC_CITIZEN_GEORGIA_MODERN_MALE_2,0,1
CIVILIZATION_GEORGIA,LOC_CITIZEN_GEORGIA_MODERN_MALE_3,0,1
CIVILIZATION_GEORGIA,LOC_CITIZEN_GEORGIA_MODERN_MALE_4,0,1
CIVILIZATION_GEORGIA,LOC_CITIZEN_GEORGIA_MODERN_MALE_5,0,1
CIVILIZATION_GEORGIA,LOC_CITIZEN_GEORGIA_MODERN_MALE_6,0,1
CIVILIZATION_GEORGIA,LOC_CITIZEN_GEORGIA_MODERN_MALE_7,0,1
CIVILIZATION_GEORGIA,LOC_CITIZEN_GEORGIA_MODERN_MALE_8,0,1
CIVILIZATION_GEORGIA,LOC_CITIZEN_GEORGIA_MODERN_MALE_9,0,1
CIVILIZATION_GEORGIA,LOC_CITIZEN_GEORGIA_MODERN_MALE_10,0,1
CIVILIZATION_GEORGIA,LOC_CITIZEN_GEORGIA_MODERN_FEMALE_1,1,1
CIVILIZATION_GEORGIA,LOC_CITIZEN_GEORGIA_MODERN_FEMALE_2,1,1
CIVILIZATION_GEORGIA,LOC_CITIZEN_GEORGIA_MODERN_FEMALE_3,1,1
CIVILIZATION_GEORGIA,LOC_CITIZEN_GEORGIA_MODERN_FEMALE_4,1,1
CIVILIZATION_GEORGIA,LOC_CITIZEN_GEORGIA_MODERN_FEMALE_5,1,1
CIVILIZATION_GEORGIA,LOC_CITIZEN_GEORGIA_MODERN_FEMALE_6,1,1
CIVILIZATION_GEORGIA,LOC_CITIZEN_GEORGIA_MODERN_FEMALE_7,1,1
CIVILIZATION_GEORGIA,LOC_CITIZEN_GEORGIA_MODERN_FEMALE_8,1,1
CIVILIZATION_GEORGIA,LOC_CITIZEN_GEORGIA_MODERN_FEMALE_9,1,1
CIVILIZATION_GEORGIA,LOC_CITIZEN_GEORGIA_MODERN_FEMALE_10,1,1
CIVILIZATION_KOREA,LOC_CITIZEN_KOREA_MALE_1,0,0
CIVILIZATION_KOREA,LOC_CITIZEN_KOREA_MALE_2,0,0
CIVILIZATION_KOREA,LOC_CITIZEN_KOREA_MALE_3,0,0
CIVILIZATION_KOREA,LOC_CITIZEN_KOREA_MALE_4,0,0
CIVILIZATION_KOREA,LOC_CITIZEN_KOREA_MALE_5,0,0
CIVILIZATION_KOREA,LOC_CITIZEN_KOREA_MALE_6,0,0
CIVILIZATION_KOREA,LOC_CITIZEN_KOREA_MALE_7,0,0
CIVILIZATION_KOREA,LOC_CITIZEN_KOREA_MALE_8,0,0
CIVILIZATION_KOREA,LOC_CITIZEN_KOREA_MALE_9,0,0
CIVILIZATION_KOREA,LOC_CITIZEN_KOREA_MALE_10,0,0
CIVILIZATION_KOREA,LOC_CITIZEN_KOREA_FEMALE_1,1,0
CIVILIZATION_KOREA,LOC_CITIZEN_KOREA_FEMALE_2,1,0
CIVILIZATION_KOREA,LOC_CITIZEN_KOREA_FEMALE_3,1,0
CIVILIZATION_KOREA,LOC_CITIZEN_KOREA_FEMALE_4,1,0
CIVILIZATION_KOREA,LOC_CITIZEN_KOREA_FEMALE_5,1,0
CIVILIZATION_KOREA,LOC_CITIZEN_KOREA_FEMALE_6,1,0
CIVILIZATION_KOREA,LOC_CITIZEN_KOREA_FEMALE_7,1,0
CIVILIZATION_KOREA,LOC_CITIZEN_KOREA_FEMALE_8,1,0
CIVILIZATION_KOREA,LOC_CITIZEN_KOREA_FEMALE_9,1,0
CIVILIZATION_KOREA,LOC_CITIZEN_KOREA_FEMALE_10,1,0
CIVILIZATION_KOREA,LOC_CITIZEN_KOREA_MODERN_MALE_1,0,1
CIVILIZATION_KOREA,LOC_CITIZEN_KOREA_MODERN_MALE_2,0,1
CIVILIZATION_KOREA,LOC_CITIZEN_KOREA_MODERN_MALE_3,0,1
CIVILIZATION_KOREA,LOC_CITIZEN_KOREA_MODERN_MALE_4,0,1
CIVILIZATION_KOREA,LOC_CITIZEN_KOREA_MODERN_MALE_5,0,1
CIVILIZATION_KOREA,LOC_CITIZEN_KOREA_MODERN_MALE_6,0,1
CIVILIZATION_KOREA,LOC_CITIZEN_KOREA_MODERN_MALE_7,0,1
CIVILIZATION_KOREA,LOC_CITIZEN_KOREA_MODERN_MALE_8,0,1
CIVILIZATION_KOREA,LOC_CITIZEN_KOREA_MODERN_MALE_9,0,1
CIVILIZATION_KOREA,LOC_CITIZEN_KOREA_MODERN_MALE_10,0,1
CIVILIZATION_KOREA,LOC_CITIZEN_KOREA_MODERN_FEMALE_1,1,1
CIVILIZATION_KOREA,LOC_CITIZEN_KOREA_MODERN_FEMALE_2,1,1
CIVILIZATION_KOREA,LOC_CITIZEN_KOREA_MODERN_FEMALE_3,1,1
CIVILIZATION_KOREA,LOC_CITIZEN_KOREA_MODERN_FEMALE_4,1,1
CIVILIZATION_KOREA,LOC_CITIZEN_KOREA_MODERN_FEMALE_5,1,1
CIVILIZATION_KOREA,LOC_CITIZEN_KOREA_MODERN_FEMALE_6,1,1
CIVILIZATION_KOREA,LOC_CITIZEN_KOREA_MODERN_FEMALE_7,1,1
CIVILIZATION_KOREA,LOC_CITIZEN_KOREA_MODERN_FEMALE_8,1,1
CIVILIZATION_KOREA,LOC_CITIZEN_KOREA_MODERN_FEMALE_9,1,1
CIVILIZATION_KOREA,LOC_CITIZEN_KOREA_MODERN_FEMALE_10,1,1
CIVILIZATION_MAPUCHE,LOC_CITIZEN_MAPUCHE_MALE_1,0,0
CIVILIZATION_MAPUCHE,LOC_CITIZEN_MAPUCHE_MALE_2,0,0
CIVILIZATION_MAPUCHE,LOC_CITIZEN_MAPUCHE_MALE_3,0,0
CIVILIZATION_MAPUCHE,LOC_CITIZEN_MAPUCHE_MALE_4,0,0
CIVILIZATION_MAPUCHE,LOC_CITIZEN_MAPUCHE_MALE_5,0,0
CIVILIZATION_MAPUCHE,LOC_CITIZEN_MAPUCHE_MALE_6,0,0
CIVILIZATION_MAPUCHE,LOC_CITIZEN_MAPUCHE_MALE_7,0,0
CIVILIZATION_MAPUCHE,LOC_CITIZEN_MAPUCHE_MALE_8,0,0
CIVILIZATION_MAPUCHE,LOC_CITIZEN_MAPUCHE_MALE_9,0,0
CIVILIZATION_MAPUCHE,LOC_CITIZEN_MAPUCHE_MALE_10,0,0
CIVILIZATION_MAPUCHE,LOC_CITIZEN_MAPUCHE_FEMALE_1,1,0
CIVILIZATION_MAPUCHE,LOC_CITIZEN_MAPUCHE_FEMALE_2,1,0
CIVILIZATION_MAPUCHE,LOC_CITIZEN_MAPUCHE_FEMALE_3,1,0
CIVILIZATION_MAPUCHE,LOC_CITIZEN_MAPUCHE_FEMALE_4,1,0
CIVILIZATION_MAPUCHE,LOC_CITIZEN_MAPUCHE_FEMALE_5,1,0
CIVILIZATION_MAPUCHE,LOC_CITIZEN_MAPUCHE_FEMALE_6,1,0
CIVILIZATION_MAPUCHE,LOC_CITIZEN_MAPUCHE_FEMALE_7,1,0
CIVILIZATION_MAPUCHE,LOC_CITIZEN_MAPUCHE_FEMALE_8,1,0
CIVILIZATION_MAPUCHE,LOC_CITIZEN_MAPUCHE_FEMALE_9,1,0
CIVILIZATION_MAPUCHE,LOC_CITIZEN_MAPUCHE_FEMALE_10,1,0
CIVILIZATION_MAPUCHE,LOC_CITIZEN_MAPUCHE_MODERN_MALE_1,0,1
CIVILIZATION_MAPUCHE,LOC_CITIZEN_MAPUCHE_MODERN_MALE_2,0,1
CIVILIZATION_MAPUCHE,LOC_CITIZEN_MAPUCHE_MODERN_MALE_3,0,1
CIVILIZATION_MAPUCHE,LOC_CITIZEN_MAPUCHE_MODERN_MALE_4,0,1
CIVILIZATION_MAPUCHE,LOC_CITIZEN_MAPUCHE_MODERN_MALE_5,0,1
CIVILIZATION_MAPUCHE,LOC_CITIZEN_MAPUCHE_MODERN_MALE_6,0,1
CIVILIZATION_MAPUCHE,LOC_CITIZEN_MAPUCHE_MODERN_MALE_7,0,1
CIVILIZATION_MAPUCHE,LOC_CITIZEN_MAPUCHE_MODERN_MALE_8,0,1
CIVILIZATION_MAPUCHE,LOC_CITIZEN_MAPUCHE_MODERN_MALE_9,0,1
CIVILIZATION_MAPUCHE,LOC_CITIZEN_MAPUCHE_MODERN_MALE_10,0,1
CIVILIZATION_MAPUCHE,LOC_CITIZEN_MAPUCHE_MODERN_FEMALE_1,1,1
CIVILIZATION_MAPUCHE,LOC_CITIZEN_MAPUCHE_MODERN_FEMALE_2,1,1
CIVILIZATION_MAPUCHE,LOC_CITIZEN_MAPUCHE_MODERN_FEMALE_3,1,1
CIVILIZATION_MAPUCHE,LOC_CITIZEN_MAPUCHE_MODERN_FEMALE_4,1,1
CIVILIZATION_MAPUCHE,LOC_CITIZEN_MAPUCHE_MODERN_FEMALE_5,1,1
CIVILIZATION_MAPUCHE,LOC_CITIZEN_MAPUCHE_MODERN_FEMALE_6,1,1
CIVILIZATION_MAPUCHE,LOC_CITIZEN_MAPUCHE_MODERN_FEMALE_7,1,1
CIVILIZATION_MAPUCHE,LOC_CITIZEN_MAPUCHE_MODERN_FEMALE_8,1,1
CIVILIZATION_MAPUCHE,LOC_CITIZEN_MAPUCHE_MODERN_FEMALE_9,1,1
CIVILIZATION_MAPUCHE,LOC_CITIZEN_MAPUCHE_MODERN_FEMALE_10,1,1
CIVILIZATION_MONGOLIA,LOC_CITIZEN_MONGOLIA_MALE_1,0,0
CIVILIZATION_MONGOLIA,LOC_CITIZEN_MONGOLIA_MALE_2,0,0
CIVILIZATION_MONGOLIA,LOC_CITIZEN_MONGOLIA_MALE_3,0,0
CIVILIZATION_MONGOLIA,LOC_CITIZEN_MONGOLIA_MALE_4,0,0
CIVILIZATION_MONGOLIA,LOC_CITIZEN_MONGOLIA_MALE_5,0,0
CIVILIZATION_MONGOLIA,LOC_CITIZEN_MONGOLIA_MALE_6,0,0
CIVILIZATION_MONGOLIA,LOC_CITIZEN_MONGOLIA_MALE_7,0,0
CIVILIZATION_MONGOLIA,LOC_CITIZEN_MONGOLIA_MALE_8,0,0
CIVILIZATION_MONGOLIA,LOC_CITIZEN_MONGOLIA_MALE_9,0,0
CIVILIZATION_MONGOLIA,LOC_CITIZEN_MONGOLIA_MALE_10,0,0
CIVILIZATION_MONGOLIA,LOC_CITIZEN_MONGOLIA_FEMALE_1,1,0
CIVILIZATION_MONGOLIA,LOC_CITIZEN_MONGOLIA_FEMALE_2,1,0
CIVILIZATION_MONGOLIA,LOC_CITIZEN_MONGOLIA_FEMALE_3,1,0
CIVILIZATION_MONGOLIA,LOC_CITIZEN_MONGOLIA_FEMALE_4,1,0
CIVILIZATION_MONGOLIA,LOC_CITIZEN_MONGOLIA_FEMALE_5,1,0
CIVILIZATION_MONGOLIA,LOC_CITIZEN_MONGOLIA_FEMALE_6,1,0
CIVILIZATION_MONGOLIA,LOC_CITIZEN_MONGOLIA_FEMALE_7,1,0
CIVILIZATION_MONGOLIA,LOC_CITIZEN_MONGOLIA_FEMALE_8,1,0
CIVILIZATION_MONGOLIA,LOC_CITIZEN_MONGOLIA_FEMALE_9,1,0
CIVILIZATION_MONGOLIA,LOC_CITIZEN_MONGOLIA_FEMALE_10,1,0
CIVILIZATION_MONGOLIA,LOC_CITIZEN_MONGOLIA_MODERN_MALE_1,0,1
CIVILIZATION_MONGOLIA,LOC_CITIZEN_MONGOLIA_MODERN_MALE_2,0,1
CIVILIZATION_MONGOLIA,LOC_CITIZEN_MONGOLIA_MODERN_MALE_3,0,1
CIVILIZATION_MONGOLIA,LOC_CITIZEN_MONGOLIA_MODERN_MALE_4,0,1
CIVILIZATION_MONGOLIA,LOC_CITIZEN_MONGOLIA_MODERN_MALE_5,0,1
CIVILIZATION_MONGOLIA,LOC_CITIZEN_MONGOLIA_MODERN_MALE_6,0,1
CIVILIZATION_MONGOLIA,LOC_CITIZEN_MONGOLIA_MODERN_MALE_7,0,1
CIVILIZATION_MONGOLIA,LOC_CITIZEN_MONGOLIA_MODERN_MALE_8,0,1
CIVILIZATION_MONGOLIA,LOC_CITIZEN_MONGOLIA_MODERN_MALE_9,0,1
CIVILIZATION_MONGOLIA,LOC_CITIZEN_MONGOLIA_MODERN_MALE_10,0,1
CIVILIZATION_MONGOLIA,LOC_CITIZEN_MONGOLIA_MODERN_FEMALE_1,1,1
CIVILIZATION_MONGOLIA,LOC_CITIZEN_MONGOLIA_MODERN_FEMALE_2,1,1
CIVILIZATION_MONGOLIA,LOC_CITIZEN_MONGOLIA_MODERN_FEMALE_3,1,1
CIVILIZATION_MONGOLIA,LOC_CITIZEN_MONGOLIA_MODERN_FEMALE_4,1,1
CIVILIZATION_MONGOLIA,LOC_CITIZEN_MONGOLIA_MODERN_FEMALE_5,1,1
CIVILIZATION_MONGOLIA,LOC_CITIZEN_MONGOLIA_MODERN_FEMALE_6,1,1
CIVILIZATION_MONGOLIA,LOC_CITIZEN_MONGOLIA_MODERN_FEMALE_7,1,1
CIVILIZATION_MONGOLIA,LOC_CITIZEN_MONGOLIA_MODERN_FEMALE_8,1,1
CIVILIZATION_MONGOLIA,LOC_CITIZEN_MONGOLIA_MODERN_FEMALE_9,1,1
CIVILIZATION_MONGOLIA,LOC_CITIZEN_MONGOLIA_MODERN_FEMALE_10,1,1
CIVILIZATION_NETHERLANDS,LOC_CITIZEN_NETHERLANDS_MALE_1,0,0
CIVILIZATION_NETHERLANDS,LOC_CITIZEN_NETHERLANDS_MALE_2,0,0
CIVILIZATION_NETHERLANDS,LOC_CITIZEN_NETHERLANDS_MALE_3,0,0
CIVILIZATION_NETHERLANDS,LOC_CITIZEN_NETHERLANDS_MALE_4,0,0
CIVILIZATION_NETHERLANDS,LOC_CITIZEN_NETHERLANDS_MALE_5,0,0
CIVILIZATION_NETHERLANDS,LOC_CITIZEN_NETHERLANDS_MALE_6,0,0
CIVILIZATION_NETHERLANDS,LOC_CITIZEN_NETHERLANDS_MALE_7,0,0
CIVILIZATION_NETHERLANDS,LOC_CITIZEN_NETHERLANDS_MALE_8,0,0
CIVILIZATION_NETHERLANDS,LOC_CITIZEN_NETHERLANDS_MALE_9,0,0
CIVILIZATION_NETHERLANDS,LOC_CITIZEN_NETHERLANDS_MALE_10,0,0
CIVILIZATION_NETHERLANDS,LOC_CITIZEN_NETHERLANDS_FEMALE_1,1,0
CIVILIZATION_NETHERLANDS,LOC_CITIZEN_NETHERLANDS_FEMALE_2,1,0
CIVILIZATION_NETHERLANDS,LOC_CITIZEN_NETHERLANDS_FEMALE_3,1,0
CIVILIZATION_NETHERLANDS,LOC_CITIZEN_NETHERLANDS_FEMALE_4,1,0
CIVILIZATION_NETHERLANDS,LOC_CITIZEN_NETHERLANDS_FEMALE_5,1,0
CIVILIZATION_NETHERLANDS,LOC_CITIZEN_NETHERLANDS_FEMALE_6,1,0
CIVILIZATION_NETHERLANDS,LOC_CITIZEN_NETHERLANDS_FEMALE_7,1,0
CIVILIZATION_NETHERLANDS,LOC_CITIZEN_NETHERLANDS_FEMALE_8,1,0
CIVILIZATION_NETHERLANDS,LOC_CITIZEN_NETHERLANDS_FEMALE_9,1,0
CIVILIZATION_NETHERLANDS,LOC_CITIZEN_NETHERLANDS_FEMALE_10,1,0
CIVILIZATION_NETHERLANDS,LOC_CITIZEN_NETHERLANDS_MODERN_MALE_1,0,1
CIVILIZATION_NETHERLANDS,LOC_CITIZEN_NETHERLANDS_MODERN_MALE_2,0,1
CIVILIZATION_NETHERLANDS,LOC_CITIZEN_NETHERLANDS_MODERN_MALE_3,0,1
CIVILIZATION_NETHERLANDS,LOC_CITIZEN_NETHERLANDS_MODERN_MALE_4,0,1
CIVILIZATION_NETHERLANDS,LOC_CITIZEN_NETHERLANDS_MODERN_MALE_5,0,1
CIVILIZATION_NETHERLANDS,LOC_CITIZEN_NETHERLANDS_MODERN_MALE_6,0,1
CIVILIZATION_NETHERLANDS,LOC_CITIZEN_NETHERLANDS_MODERN_MALE_7,0,1
CIVILIZATION_NETHERLANDS,LOC_CITIZEN_NETHERLANDS_MODERN_MALE_8,0,1
CIVILIZATION_NETHERLANDS,LOC_CITIZEN_NETHERLANDS_MODERN_MALE_9,0,1
CIVILIZATION_NETHERLANDS,LOC_CITIZEN_NETHERLANDS_MODERN_MALE_10,0,1
CIVILIZATION_NETHERLANDS,LOC_CITIZEN_NETHERLANDS_MODERN_FEMALE_1,1,1
CIVILIZATION_NETHERLANDS,LOC_CITIZEN_NETHERLANDS_MODERN_FEMALE_2,1,1
CIVILIZATION_NETHERLANDS,LOC_CITIZEN_NETHERLANDS_MODERN_FEMALE_3,1,1
CIVILIZATION_NETHERLANDS,LOC_CITIZEN_NETHERLANDS_MODERN_FEMALE_4,1,1
CIVILIZATION_NETHERLANDS,LOC_CITIZEN_NETHERLANDS_MODERN_FEMALE_5,1,1
CIVILIZATION_NETHERLANDS,LOC_CITIZEN_NETHERLANDS_MODERN_FEMALE_6,1,1
CIVILIZATION_NETHERLANDS,LOC_CITIZEN_NETHERLANDS_MODERN_FEMALE_7,1,1
CIVILIZATION_NETHERLANDS,LOC_CITIZEN_NETHERLANDS_MODERN_FEMALE_8,1,1
CIVILIZATION_NETHERLANDS,LOC_CITIZEN_NETHERLANDS_MODERN_FEMALE_9,1,1
CIVILIZATION_NETHERLANDS,LOC_CITIZEN_NETHERLANDS_MODERN_FEMALE_10,1,1
CIVILIZATION_SCOTLAND,LOC_CITIZEN_SCOTLAND_MALE_1,0,0
CIVILIZATION_SCOTLAND,LOC_CITIZEN_SCOTLAND_MALE_2,0,0
CIVILIZATION_SCOTLAND,LOC_CITIZEN_SCOTLAND_MALE_3,0,0
CIVILIZATION_SCOTLAND,LOC_CITIZEN_SCOTLAND_MALE_4,0,0
CIVILIZATION_SCOTLAND,LOC_CITIZEN_SCOTLAND_MALE_5,0,0
CIVILIZATION_SCOTLAND,LOC_CITIZEN_SCOTLAND_MALE_6,0,0
CIVILIZATION_SCOTLAND,LOC_CITIZEN_SCOTLAND_MALE_7,0,0
CIVILIZATION_SCOTLAND,LOC_CITIZEN_SCOTLAND_MALE_8,0,0
CIVILIZATION_SCOTLAND,LOC_CITIZEN_SCOTLAND_MALE_9,0,0
CIVILIZATION_SCOTLAND,LOC_CITIZEN_SCOTLAND_MALE_10,0,0
CIVILIZATION_SCOTLAND,LOC_CITIZEN_SCOTLAND_FEMALE_1,1,0
CIVILIZATION_SCOTLAND,LOC_CITIZEN_SCOTLAND_FEMALE_2,1,0
CIVILIZATION_SCOTLAND,LOC_CITIZEN_SCOTLAND_FEMALE_3,1,0
CIVILIZATION_SCOTLAND,LOC_CITIZEN_SCOTLAND_FEMALE_4,1,0
CIVILIZATION_SCOTLAND,LOC_CITIZEN_SCOTLAND_FEMALE_5,1,0
CIVILIZATION_SCOTLAND,LOC_CITIZEN_SCOTLAND_FEMALE_6,1,0
CIVILIZATION_SCOTLAND,LOC_CITIZEN_SCOTLAND_FEMALE_7,1,0
CIVILIZATION_SCOTLAND,LOC_CITIZEN_SCOTLAND_FEMALE_8,1,0
CIVILIZATION_SCOTLAND,LOC_CITIZEN_SCOTLAND_FEMALE_9,1,0
CIVILIZATION_SCOTLAND,LOC_CITIZEN_SCOTLAND_FEMALE_10,1,0
CIVILIZATION_SCOTLAND,LOC_CITIZEN_SCOTLAND_MODERN_MALE_1,0,1
CIVILIZATION_SCOTLAND,LOC_CITIZEN_SCOTLAND_MODERN_MALE_2,0,1
CIVILIZATION_SCOTLAND,LOC_CITIZEN_SCOTLAND_MODERN_MALE_3,0,1
CIVILIZATION_SCOTLAND,LOC_CITIZEN_SCOTLAND_MODERN_MALE_4,0,1
CIVILIZATION_SCOTLAND,LOC_CITIZEN_SCOTLAND_MODERN_MALE_5,0,1
CIVILIZATION_SCOTLAND,LOC_CITIZEN_SCOTLAND_MODERN_MALE_6,0,1
CIVILIZATION_SCOTLAND,LOC_CITIZEN_SCOTLAND_MODERN_MALE_7,0,1
CIVILIZATION_SCOTLAND,LOC_CITIZEN_SCOTLAND_MODERN_MALE_8,0,1
CIVILIZATION_SCOTLAND,LOC_CITIZEN_SCOTLAND_MODERN_MALE_9,0,1
CIVILIZATION_SCOTLAND,LOC_CITIZEN_SCOTLAND_MODERN_MALE_10,0,1
CIVILIZATION_SCOTLAND,LOC_CITIZEN_SCOTLAND_MODERN_FEMALE_1,1,1
CIVILIZATION_SCOTLAND,LOC_CITIZEN_SCOTLAND_MODERN_FEMALE_2,1,1
CIVILIZATION_SCOTLAND,LOC_CITIZEN_SCOTLAND_MODERN_FEMALE_3,1,1
CIVILIZATION_SCOTLAND,LOC_CITIZEN_SCOTLAND_MODERN_FEMALE_4,1,1
CIVILIZATION_SCOTLAND,LOC_CITIZEN_SCOTLAND_MODERN_FEMALE_5,1,1
CIVILIZATION_SCOTLAND,LOC_CITIZEN_SCOTLAND_MODERN_FEMALE_6,1,1
CIVILIZATION_SCOTLAND,LOC_CITIZEN_SCOTLAND_MODERN_FEMALE_7,1,1
CIVILIZATION_SCOTLAND,LOC_CITIZEN_SCOTLAND_MODERN_FEMALE_8,1,1
CIVILIZATION_SCOTLAND,LOC_CITIZEN_SCOTLAND_MODERN_FEMALE_9,1,1
CIVILIZATION_SCOTLAND,LOC_CITIZEN_SCOTLAND_MODERN_FEMALE_10,1,1
CIVILIZATION_ZULU,LOC_CITIZEN_ZULU_MALE_1,0,0
CIVILIZATION_ZULU,LOC_CITIZEN_ZULU_MALE_2,0,0
CIVILIZATION_ZULU,LOC_CITIZEN_ZULU_MALE_3,0,0
CIVILIZATION_ZULU,LOC_CITIZEN_ZULU_MALE_4,0,0
CIVILIZATION_ZULU,LOC_CITIZEN_ZULU_MALE_5,0,0
CIVILIZATION_ZULU,LOC_CITIZEN_ZULU_MALE_6,0,0
CIVILIZATION_ZULU,LOC_CITIZEN_ZULU_MALE_7,0,0
CIVILIZATION_ZULU,LOC_CITIZEN_ZULU_MALE_8,0,0
CIVILIZATION_ZULU,LOC_CITIZEN_ZULU_MALE_9,0,0
CIVILIZATION_ZULU,LOC_CITIZEN_ZULU_MALE_10,0,0
CIVILIZATION_ZULU,LOC_CITIZEN_ZULU_FEMALE_1,1,0
CIVILIZATION_ZULU,LOC_CITIZEN_ZULU_FEMALE_2,1,0
CIVILIZATION_ZULU,LOC_CITIZEN_ZULU_FEMALE_3,1,0
CIVILIZATION_ZULU,LOC_CITIZEN_ZULU_FEMALE_4,1,0
CIVILIZATION_ZULU,LOC_CITIZEN_ZULU_FEMALE_5,1,0
CIVILIZATION_ZULU,LOC_CITIZEN_ZULU_FEMALE_6,1,0
CIVILIZATION_ZULU,LOC_CITIZEN_ZULU_FEMALE_7,1,0
CIVILIZATION_ZULU,LOC_CITIZEN_ZULU_FEMALE_8,1,0
CIVILIZATION_ZULU,LOC_CITIZEN_ZULU_FEMALE_9,1,0
CIVILIZATION_ZULU,LOC_CITIZEN_ZULU_FEMALE_10,1,0
CIVILIZATION_ZULU,LOC_CITIZEN_ZULU_MODERN_MALE_1,0,1
CIVILIZATION_ZULU,LOC_CITIZEN_ZULU_MODERN_MALE_2,0,1
CIVILIZATION_ZULU,LOC_CITIZEN_ZULU_MODERN_MALE_3,0,1
CIVILIZATION_ZULU,LOC_CITIZEN_ZULU_MODERN_MALE_4,0,1
CIVILIZATION_ZULU,LOC_CITIZEN_ZULU_MODERN_MALE_5,0,1
CIVILIZATION_ZULU,LOC_CITIZEN_ZULU_MODERN_MALE_6,0,1
CIVILIZATION_ZULU,LOC_CITIZEN_ZULU_MODERN_MALE_7,0,1
CIVILIZATION_ZULU,LOC_CITIZEN_ZULU_MODERN_MALE_8,0,1
CIVILIZATION_ZULU,LOC_CITIZEN_ZULU_MODERN_MALE_9,0,1
CIVILIZATION_ZULU,LOC_CITIZEN_ZULU_MODERN_MALE_10,0,1
CIVILIZATION_ZULU,LOC_CITIZEN_ZULU_MODERN_FEMALE_1,1,1
CIVILIZATION_ZULU,LOC_CITIZEN_ZULU_MODERN_FEMALE_2,1,1
CIVILIZATION_ZULU,LOC_CITIZEN_ZULU_MODERN_FEMALE_3,1,1
CIVILIZATION_ZULU,LOC_CITIZEN_ZULU_MODERN_FEMALE_4,1,1
CIVILIZATION_ZULU,LOC_CITIZEN_ZULU_MODERN_FEMALE_5,1,1
CIVILIZATION_ZULU,LOC_CITIZEN_ZULU_MODERN_FEMALE_6,1,1
CIVILIZATION_ZULU,LOC_CITIZEN_ZULU_MODERN_FEMALE_7,1,1
CIVILIZATION_ZULU,LOC_CITIZEN_ZULU_MODERN_FEMALE_8,1,1
CIVILIZATION_ZULU,LOC_CITIZEN_ZULU_MODERN_FEMALE_9,1,1
CIVILIZATION_ZULU,LOC_CITIZEN_ZULU_MODERN_FEMALE_10,1,1
CIVILIZATION_CANADA,LOC_CITIZEN_CANADA_MALE_1,0,0
CIVILIZATION_CANADA,LOC_CITIZEN_CANADA_MALE_2,0,0
CIVILIZATION_CANADA,LOC_CITIZEN_CANADA_MALE_3,0,0
CIVILIZATION_CANADA,LOC_CITIZEN_CANADA_MALE_4,0,0
CIVILIZATION_CANADA,LOC_CITIZEN_CANADA_MALE_5,0,0
CIVILIZATION_CANADA,LOC_CITIZEN_CANADA_MALE_6,0,0
CIVILIZATION_CANADA,LOC_CITIZEN_CANADA_MALE_7,0,0
CIVILIZATION_CANADA,LOC_CITIZEN_CANADA_MALE_8,0,0
CIVILIZATION_CANADA,LOC_CITIZEN_CANADA_MALE_9,0,0
CIVILIZATION_CANADA,LOC_CITIZEN_CANADA_MALE_10,0,0
CIVILIZATION_CANADA,LOC_CITIZEN_CANADA_FEMALE_1,1,0
CIVILIZATION_CANADA,LOC_CITIZEN_CANADA_FEMALE_2,1,0
CIVILIZATION_CANADA,LOC_CITIZEN_CANADA_FEMALE_3,1,0
CIVILIZATION_CANADA,LOC_CITIZEN_CANADA_FEMALE_4,1,0
CIVILIZATION_CANADA,LOC_CITIZEN_CANADA_FEMALE_5,1,0
CIVILIZATION_CANADA,LOC_CITIZEN_CANADA_FEMALE_6,1,0
CIVILIZATION_CANADA,LOC_CITIZEN_CANADA_FEMALE_7,1,0
CIVILIZATION_CANADA,LOC_CITIZEN_CANADA_FEMALE_8,1,0
CIVILIZATION_CANADA,LOC_CITIZEN_CANADA_FEMALE_9,1,0
CIVILIZATION_CANADA,LOC_CITIZEN_CANADA_FEMALE_10,1,0
CIVILIZATION_CANADA,LOC_CITIZEN_CANADA_MODERN_MALE_1,0,1
CIVILIZATION_CANADA,LOC_CITIZEN_CANADA_MODERN_MALE_2,0,1
CIVILIZATION_CANADA,LOC_CITIZEN_CANADA_MODERN_MALE_3,0,1
CIVILIZATION_CANADA,LOC_CITIZEN_CANADA_MODERN_MALE_4,0,1
CIVILIZATION_CANADA,LOC_CITIZEN_CANADA_MODERN_MALE_5,0,1
CIVILIZATION_CANADA,LOC_CITIZEN_CANADA_MODERN_MALE_6,0,1
CIVILIZATION_CANADA,LOC_CITIZEN_CANADA_MODERN_MALE_7,0,1
CIVILIZATION_CANADA,LOC_CITIZEN_CANADA_MODERN_MALE_8,0,1
CIVILIZATION_CANADA,LOC_CITIZEN_CANADA_MODERN_MALE_9,0,1
CIVILIZATION_CANADA,LOC_CITIZEN_CANADA_MODERN_MALE_10,0,1
CIVILIZATION_CANADA,LOC_CITIZEN_CANADA_MODERN_FEMALE_1,1,1
CIVILIZATION_CANADA,LOC_CITIZEN_CANADA_MODERN_FEMALE_2,1,1
CIVILIZATION_CANADA,LOC_CITIZEN_CANADA_MODERN_FEMALE_3,1,1
CIVILIZATION_CANADA,LOC_CITIZEN_CANADA_MODERN_FEMALE_4,1,1
CIVILIZATION_CANADA,LOC_CITIZEN_CANADA_MODERN_FEMALE_5,1,1
CIVILIZATION_CANADA,LOC_CITIZEN_CANADA_MODERN_FEMALE_6,1,1
CIVILIZATION_CANADA,LOC_CITIZEN_CANADA_MODERN_FEMALE_7,1,1
CIVILIZATION_CANADA,LOC_CITIZEN_CANADA_MODERN_FEMALE_8,1,1
CIVILIZATION_CANADA,LOC_CITIZEN_CANADA_MODERN_FEMALE_9,1,1
CIVILIZATION_CANADA,LOC_CITIZEN_CANADA_MODERN_FEMALE_10,1,1
CIVILIZATION_HUNGARY,LOC_CITIZEN_HUNGARY_MALE_1,0,0
CIVILIZATION_HUNGARY,LOC_CITIZEN_HUNGARY_MALE_2,0,0
CIVILIZATION_HUNGARY,LOC_CITIZEN_HUNGARY_MALE_3,0,0
CIVILIZATION_HUNGARY,LOC_CITIZEN_HUNGARY_MALE_4,0,0
CIVILIZATION_HUNGARY,LOC_CITIZEN_HUNGARY_MALE_5,0,0
CIVILIZATION_HUNGARY,LOC_CITIZEN_HUNGARY_MALE_6,0,0
CIVILIZATION_HUNGARY,LOC_CITIZEN_HUNGARY_MALE_7,0,0
CIVILIZATION_HUNGARY,LOC_CITIZEN_HUNGARY_MALE_8,0,0
CIVILIZATION_HUNGARY,LOC_CITIZEN_HUNGARY_MALE_9,0,0
CIVILIZATION_HUNGARY,LOC_CITIZEN_HUNGARY_MALE_10,0,0
CIVILIZATION_HUNGARY,LOC_CITIZEN_HUNGARY_FEMALE_1,1,0
CIVILIZATION_HUNGARY,LOC_CITIZEN_HUNGARY_FEMALE_2,1,0
CIVILIZATION_HUNGARY,LOC_CITIZEN_HUNGARY_FEMALE_3,1,0
CIVILIZATION_HUNGARY,LOC_CITIZEN_HUNGARY_FEMALE_4,1,0
CIVILIZATION_HUNGARY,LOC_CITIZEN_HUNGARY_FEMALE_5,1,0
CIVILIZATION_HUNGARY,LOC_CITIZEN_HUNGARY_FEMALE_6,1,0
CIVILIZATION_HUNGARY,LOC_CITIZEN_HUNGARY_FEMALE_7,1,0
CIVILIZATION_HUNGARY,LOC_CITIZEN_HUNGARY_FEMALE_8,1,0
CIVILIZATION_HUNGARY,LOC_CITIZEN_HUNGARY_FEMALE_9,1,0
CIVILIZATION_HUNGARY,LOC_CITIZEN_HUNGARY_FEMALE_10,1,0
CIVILIZATION_HUNGARY,LOC_CITIZEN_HUNGARY_MODERN_MALE_1,0,1
CIVILIZATION_HUNGARY,LOC_CITIZEN_HUNGARY_MODERN_MALE_2,0,1
CIVILIZATION_HUNGARY,LOC_CITIZEN_HUNGARY_MODERN_MALE_3,0,1
CIVILIZATION_HUNGARY,LOC_CITIZEN_HUNGARY_MODERN_MALE_4,0,1
CIVILIZATION_HUNGARY,LOC_CITIZEN_HUNGARY_MODERN_MALE_5,0,1
CIVILIZATION_HUNGARY,LOC_CITIZEN_HUNGARY_MODERN_MALE_6,0,1
CIVILIZATION_HUNGARY,LOC_CITIZEN_HUNGARY_MODERN_MALE_7,0,1
CIVILIZATION_HUNGARY,LOC_CITIZEN_HUNGARY_MODERN_MALE_8,0,1
CIVILIZATION_HUNGARY,LOC_CITIZEN_HUNGARY_MODERN_MALE_9,0,1
CIVILIZATION_HUNGARY,LOC_CITIZEN_HUNGARY_MODERN_MALE_10,0,1
CIVILIZATION_HUNGARY,LOC_CITIZEN_HUNGARY_MODERN_FEMALE_1,1,1
CIVILIZATION_HUNGARY,LOC_CITIZEN_HUNGARY_MODERN_FEMALE_2,1,1
CIVILIZATION_HUNGARY,LOC_CITIZEN_HUNGARY_MODERN_FEMALE_3,1,1
CIVILIZATION_HUNGARY,LOC_CITIZEN_HUNGARY_MODERN_FEMALE_4,1,1
CIVILIZATION_HUNGARY,LOC_CITIZEN_HUNGARY_MODERN_FEMALE_5,1,1
CIVILIZATION_HUNGARY,LOC_CITIZEN_HUNGARY_MODERN_FEMALE_6,1,1
CIVILIZATION_HUNGARY,LOC_CITIZEN_HUNGARY_MODERN_FEMALE_7,1,1
CIVILIZATION_HUNGARY,LOC_CITIZEN_HUNGARY_MODERN_FEMALE_8,1,1
CIVILIZATION_HUNGARY,LOC_CITIZEN_HUNGARY_MODERN_FEMALE_9,1,1
CIVILIZATION_HUNGARY,LOC_CITIZEN_HUNGARY_MODERN_FEMALE_10,1,1
CIVILIZATION_INCA,LOC_CITIZEN_INCA_MALE_1,0,0
CIVILIZATION_INCA,LOC_CITIZEN_INCA_MALE_2,0,0
CIVILIZATION_INCA,LOC_CITIZEN_INCA_MALE_3,0,0
CIVILIZATION_INCA,LOC_CITIZEN_INCA_MALE_4,0,0
CIVILIZATION_INCA,LOC_CITIZEN_INCA_MALE_5,0,0
CIVILIZATION_INCA,LOC_CITIZEN_INCA_MALE_6,0,0
CIVILIZATION_INCA,LOC_CITIZEN_INCA_MALE_7,0,0
CIVILIZATION_INCA,LOC_CITIZEN_INCA_MALE_8,0,0
CIVILIZATION_INCA,LOC_CITIZEN_INCA_MALE_9,0,0
CIVILIZATION_INCA,LOC_CITIZEN_INCA_MALE_10,0,0
CIVILIZATION_INCA,LOC_CITIZEN_INCA_FEMALE_1,1,0
CIVILIZATION_INCA,LOC_CITIZEN_INCA_FEMALE_2,1,0
CIVILIZATION_INCA,LOC_CITIZEN_INCA_FEMALE_3,1,0
CIVILIZATION_INCA,LOC_CITIZEN_INCA_FEMALE_4,1,0
CIVILIZATION_INCA,LOC_CITIZEN_INCA_FEMALE_5,1,0
CIVILIZATION_INCA,LOC_CITIZEN_INCA_FEMALE_6,1,0
CIVILIZATION_INCA,LOC_CITIZEN_INCA_FEMALE_7,1,0
CIVILIZATION_INCA,LOC_CITIZEN_INCA_FEMALE_8,1,0
CIVILIZATION_INCA,LOC_CITIZEN_INCA_FEMALE_9,1,0
CIVILIZATION_INCA,LOC_CITIZEN_INCA_FEMALE_10,1,0
CIVILIZATION_INCA,LOC_CITIZEN_INCA_MODERN_MALE_1,0,1
CIVILIZATION_INCA,LOC_CITIZEN_INCA_MODERN_MALE_2,0,1
CIVILIZATION_INCA,LOC_CITIZEN_INCA_MODERN_MALE_3,0,1
CIVILIZATION_INCA,LOC_CITIZEN_INCA_MODERN_MALE_4,0,1
CIVILIZATION_INCA,LOC_CITIZEN_INCA_MODERN_MALE_5,0,1
CIVILIZATION_INCA,LOC_CITIZEN_INCA_MODERN_MALE_6,0,1
CIVILIZATION_INCA,LOC_CITIZEN_INCA_MODERN_MALE_7,0,1
CIVILIZATION_INCA,LOC_CITIZEN_INCA_MODERN_MALE_8,0,1
CIVILIZATION_INCA,LOC_CITIZEN_INCA_MODERN_MALE_9,0,1
CIVILIZATION_INCA,LOC_CITIZEN_INCA_MODERN_MALE_10,0,1
CIVILIZATION_INCA,LOC_CITIZEN_INCA_MODERN_FEMALE_1,1,1
CIVILIZATION_INCA,LOC_CITIZEN_INCA_MODERN_FEMALE_2,1,1
CIVILIZATION_INCA,LOC_CITIZEN_INCA_MODERN_FEMALE_3,1,1
CIVILIZATION_INCA,LOC_CITIZEN_INCA_MODERN_FEMALE_4,1,1
CIVILIZATION_INCA,LOC_CITIZEN_INCA_MODERN_FEMALE_5,1,1
CIVILIZATION_INCA,LOC_CITIZEN_INCA_MODERN_FEMALE_6,1,1
CIVILIZATION_INCA,LOC_CITIZEN_INCA_MODERN_FEMALE_7,1,1
CIVILIZATION_INCA,LOC_CITIZEN_INCA_MODERN_FEMALE_8,1,1
CIVILIZATION_INCA,LOC_CITIZEN_INCA_MODERN_FEMALE_9,1,1
CIVILIZATION_INCA,LOC_CITIZEN_INCA_MODERN_FEMALE_10,1,1
CIVILIZATION_MALI,LOC_CITIZEN_MALI_MALE_1,0,0
CIVILIZATION_MALI,LOC_CITIZEN_MALI_MALE_2,0,0
CIVILIZATION_MALI,LOC_CITIZEN_MALI_MALE_3,0,0
CIVILIZATION_MALI,LOC_CITIZEN_MALI_MALE_4,0,0
CIVILIZATION_MALI,LOC_CITIZEN_MALI_MALE_5,0,0
CIVILIZATION_MALI,LOC_CITIZEN_MALI_MALE_6,0,0
CIVILIZATION_MALI,LOC_CITIZEN_MALI_MALE_7,0,0
CIVILIZATION_MALI,LOC_CITIZEN_MALI_MALE_8,0,0
CIVILIZATION_MALI,LOC_CITIZEN_MALI_MALE_9,0,0
CIVILIZATION_MALI,LOC_CITIZEN_MALI_MALE_10,0,0
CIVILIZATION_MALI,LOC_CITIZEN_MALI_FEMALE_1,1,0
CIVILIZATION_MALI,LOC_CITIZEN_MALI_FEMALE_2,1,0
CIVILIZATION_MALI,LOC_CITIZEN_MALI_FEMALE_3,1,0
CIVILIZATION_MALI,LOC_CITIZEN_MALI_FEMALE_4,1,0
CIVILIZATION_MALI,LOC_CITIZEN_MALI_FEMALE_5,1,0
CIVILIZATION_MALI,LOC_CITIZEN_MALI_FEMALE_6,1,0
CIVILIZATION_MALI,LOC_CITIZEN_MALI_FEMALE_7,1,0
CIVILIZATION_MALI,LOC_CITIZEN_MALI_FEMALE_8,1,0
CIVILIZATION_MALI,LOC_CITIZEN_MALI_FEMALE_9,1,0
CIVILIZATION_MALI,LOC_CITIZEN_MALI_FEMALE_10,1,0
CIVILIZATION_MALI,LOC_CITIZEN_MALI_MODERN_MALE_1,0,1
CIVILIZATION_MALI,LOC_CITIZEN_MALI_MODERN_MALE_2,0,1
CIVILIZATION_MALI,LOC_CITIZEN_MALI_MODERN_MALE_3,0,1
CIVILIZATION_MALI,LOC_CITIZEN_MALI_MODERN_MALE_4,0,1
CIVILIZATION_MALI,LOC_CITIZEN_MALI_MODERN_MALE_5,0,1
CIVILIZATION_MALI,LOC_CITIZEN_MALI_MODERN_MALE_6,0,1
CIVILIZATION_MALI,LOC_CITIZEN_MALI_MODERN_MALE_7,0,1
CIVILIZATION_MALI,LOC_CITIZEN_MALI_MODERN_MALE_8,0,1
CIVILIZATION_MALI,LOC_CITIZEN_MALI_MODERN_MALE_9,0,1
CIVILIZATION_MALI,LOC_CITIZEN_MALI_MODERN_MALE_10,0,1
CIVILIZATION_MALI,LOC_CITIZEN_MALI_MODERN_FEMALE_1,1,1
CIVILIZATION_MALI,LOC_CITIZEN_MALI_MODERN_FEMALE_2,1,1
CIVILIZATION_MALI,LOC_CITIZEN_MALI_MODERN_FEMALE_3,1,1
CIVILIZATION_MALI,LOC_CITIZEN_MALI_MODERN_FEMALE_4,1,1
CIVILIZATION_MALI,LOC_CITIZEN_MALI_MODERN_FEMALE_5,1,1
CIVILIZATION_MALI,LOC_CITIZEN_MALI_MODERN_FEMALE_6,1,1
CIVILIZATION_MALI,LOC_CITIZEN_MALI_MODERN_FEMALE_7,1,1
CIVILIZATION_MALI,LOC_CITIZEN_MALI_MODERN_FEMALE_8,1,1
CIVILIZATION_MALI,LOC_CITIZEN_MALI_MODERN_FEMALE_9,1,1
CIVILIZATION_MALI,LOC_CITIZEN_MALI_MODERN_FEMALE_10,1,1
CIVILIZATION_MAORI,LOC_CITIZEN_MAORI_MALE_1,0,0
CIVILIZATION_MAORI,LOC_CITIZEN_MAORI_MALE_2,0,0
CIVILIZATION_MAORI,LOC_CITIZEN_MAORI_MALE_3,0,0
CIVILIZATION_MAORI,LOC_CITIZEN_MAORI_MALE_4,0,0
CIVILIZATION_MAORI,LOC_CITIZEN_MAORI_MALE_5,0,0
CIVILIZATION_MAORI,LOC_CITIZEN_MAORI_MALE_6,0,0
CIVILIZATION_MAORI,LOC_CITIZEN_MAORI_MALE_7,0,0
CIVILIZATION_MAORI,LOC_CITIZEN_MAORI_MALE_8,0,0
CIVILIZATION_MAORI,LOC_CITIZEN_MAORI_MALE_9,0,0
CIVILIZATION_MAORI,LOC_CITIZEN_MAORI_MALE_10,0,0
CIVILIZATION_MAORI,LOC_CITIZEN_MAORI_FEMALE_1,1,0
CIVILIZATION_MAORI,LOC_CITIZEN_MAORI_FEMALE_2,1,0
CIVILIZATION_MAORI,LOC_CITIZEN_MAORI_FEMALE_3,1,0
CIVILIZATION_MAORI,LOC_CITIZEN_MAORI_FEMALE_4,1,0
CIVILIZATION_MAORI,LOC_CITIZEN_MAORI_FEMALE_5,1,0
CIVILIZATION_MAORI,LOC_CITIZEN_MAORI_FEMALE_6,1,0
CIVILIZATION_MAORI,LOC_CITIZEN_MAORI_FEMALE_7,1,0
CIVILIZATION_MAORI,LOC_CITIZEN_MAORI_FEMALE_8,1,0
CIVILIZATION_MAORI,LOC_CITIZEN_MAORI_FEMALE_9,1,0
CIVILIZATION_MAORI,LOC_CITIZEN_MAORI_FEMALE_10,1,0
CIVILIZATION_MAORI,LOC_CITIZEN_MAORI_MODERN_MALE_1,0,1
CIVILIZATION_MAORI,LOC_CITIZEN_MAORI_MODERN_MALE_2,0,1
CIVILIZATION_MAORI,LOC_CITIZEN_MAORI_MODERN_MALE_3,0,1
CIVILIZATION_MAORI,LOC_CITIZEN_MAORI_MODERN_MALE_4,0,1
CIVILIZATION_MAORI,LOC_CITIZEN_MAORI_MODERN_MALE_5,0,1
CIVILIZATION_MAORI,LOC_CITIZEN_MAORI_MODERN_MALE_6,0,1
CIVILIZATION_MAORI,LOC_CITIZEN_MAORI_MODERN_MALE_7,0,1
CIVILIZATION_MAORI,LOC_CITIZEN_MAORI_MODERN_MALE_8,0,1
CIVILIZATION_MAORI,LOC_CITIZEN_MAORI_MODERN_MALE_9,0,1
CIVILIZATION_MAORI,LOC_CITIZEN_MAORI_MODERN_MALE_10,0,1
CIVILIZATION_MAORI,LOC_CITIZEN_MAORI_MODERN_FEMALE_1,1,1
CIVILIZATION_MAORI,LOC_CITIZEN_MAORI_MODERN_FEMALE_2,1,1
CIVILIZATION_MAORI,LOC_CITIZEN_MAORI_MODERN_FEMALE_3,1,1
CIVILIZATION_MAORI,LOC_CITIZEN_MAORI_MODERN_FEMALE_4,1,1
CIVILIZATION_MAORI,LOC_CITIZEN_MAORI_MODERN_FEMALE_5,1,1
CIVILIZATION_MAORI,LOC_CITIZEN_MAORI_MODERN_FEMALE_6,1,1
CIVILIZATION_MAORI,LOC_CITIZEN_MAORI_MODERN_FEMALE_7,1,1
CIVILIZATION_MAORI,LOC_CITIZEN_MAORI_MODERN_FEMALE_8,1,1
CIVILIZATION_MAORI,LOC_CITIZEN_MAORI_MODERN_FEMALE_9,1,1
CIVILIZATION_MAORI,LOC_CITIZEN_MAORI_MODERN_FEMALE_10,1,1
CIVILIZATION_OTTOMAN,LOC_CITIZEN_OTTOMAN_MALE_1,0,0
CIVILIZATION_OTTOMAN,LOC_CITIZEN_OTTOMAN_MALE_2,0,0
CIVILIZATION_OTTOMAN,LOC_CITIZEN_OTTOMAN_MALE_3,0,0
CIVILIZATION_OTTOMAN,LOC_CITIZEN_OTTOMAN_MALE_4,0,0
CIVILIZATION_OTTOMAN,LOC_CITIZEN_OTTOMAN_MALE_5,0,0
CIVILIZATION_OTTOMAN,LOC_CITIZEN_OTTOMAN_MALE_6,0,0
CIVILIZATION_OTTOMAN,LOC_CITIZEN_OTTOMAN_MALE_7,0,0
CIVILIZATION_OTTOMAN,LOC_CITIZEN_OTTOMAN_MALE_8,0,0
CIVILIZATION_OTTOMAN,LOC_CITIZEN_OTTOMAN_MALE_9,0,0
CIVILIZATION_OTTOMAN,LOC_CITIZEN_OTTOMAN_MALE_10,0,0
CIVILIZATION_OTTOMAN,LOC_CITIZEN_OTTOMAN_FEMALE_1,1,0
CIVILIZATION_OTTOMAN,LOC_CITIZEN_OTTOMAN_FEMALE_2,1,0
CIVILIZATION_OTTOMAN,LOC_CITIZEN_OTTOMAN_FEMALE_3,1,0
CIVILIZATION_OTTOMAN,LOC_CITIZEN_OTTOMAN_FEMALE_4,1,0
CIVILIZATION_OTTOMAN,LOC_CITIZEN_OTTOMAN_FEMALE_5,1,0
CIVILIZATION_OTTOMAN,LOC_CITIZEN_OTTOMAN_FEMALE_6,1,0
CIVILIZATION_OTTOMAN,LOC_CITIZEN_OTTOMAN_FEMALE_7,1,0
CIVILIZATION_OTTOMAN,LOC_CITIZEN_OTTOMAN_FEMALE_8,1,0
CIVILIZATION_OTTOMAN,LOC_CITIZEN_OTTOMAN_FEMALE_9,1,0
CIVILIZATION_OTTOMAN,LOC_CITIZEN_OTTOMAN_FEMALE_10,1,0
CIVILIZATION_OTTOMAN,LOC_CITIZEN_OTTOMAN_MODERN_MALE_1,0,1
CIVILIZATION_OTTOMAN,LOC_CITIZEN_OTTOMAN_MODERN_MALE_2,0,1
CIVILIZATION_OTTOMAN,LOC_CITIZEN_OTTOMAN_MODERN_MALE_3,0,1
CIVILIZATION_OTTOMAN,LOC_CITIZEN_OTTOMAN_MODERN_MALE_4,0,1
CIVILIZATION_OTTOMAN,LOC_CITIZEN_OTTOMAN_MODERN_MALE_5,0,1
CIVILIZATION_OTTOMAN,LOC_CITIZEN_OTTOMAN_MODERN_MALE_6,0,1
CIVILIZATION_OTTOMAN,LOC_CITIZEN_OTTOMAN_MODERN_MALE_7,0,1
CIVILIZATION_OTTOMAN,LOC_CITIZEN_OTTOMAN_MODERN_MALE_8,0,1
CIVILIZATION_OTTOMAN,LOC_CITIZEN_OTTOMAN_MODERN_MALE_9,0,1
CIVILIZATION_OTTOMAN,LOC_CITIZEN_OTTOMAN_MODERN_MALE_10,0,1
CIVILIZATION_OTTOMAN,LOC_CITIZEN_OTTOMAN_MODERN_FEMALE_1,1,1
CIVILIZATION_OTTOMAN,LOC_CITIZEN_OTTOMAN_MODERN_FEMALE_2,1,1
CIVILIZATION_OTTOMAN,LOC_CITIZEN_OTTOMAN_MODERN_FEMALE_3,1,1
CIVILIZATION_OTTOMAN,LOC_CITIZEN_OTTOMAN_MODERN_FEMALE_4,1,1
CIVILIZATION_OTTOMAN,LOC_CITIZEN_OTTOMAN_MODERN_FEMALE_5,1,1
CIVILIZATION_OTTOMAN,LOC_CITIZEN_OTTOMAN_MODERN_FEMALE_6,1,1
CIVILIZATION_OTTOMAN,LOC_CITIZEN_OTTOMAN_MODERN_FEMALE_7,1,1
CIVILIZATION_OTTOMAN,LOC_CITIZEN_OTTOMAN_MODERN_FEMALE_8,1,1
CIVILIZATION_OTTOMAN,LOC_CITIZEN_OTTOMAN_MODERN_FEMALE_9,1,1
CIVILIZATION_OTTOMAN,LOC_CITIZEN_OTTOMAN_MODERN_FEMALE_10,1,1
CIVILIZATION_PHOENICIA,LOC_CITIZEN_PHOENICIA_MALE_1,0,0
CIVILIZATION_PHOENICIA,LOC_CITIZEN_PHOENICIA_MALE_2,0,0
CIVILIZATION_PHOENICIA,LOC_CITIZEN_PHOENICIA_MALE_3,0,0
CIVILIZATION_PHOENICIA,LOC_CITIZEN_PHOENICIA_MALE_4,0,0
CIVILIZATION_PHOENICIA,LOC_CITIZEN_PHOENICIA_MALE_5,0,0
CIVILIZATION_PHOENICIA,LOC_CITIZEN_PHOENICIA_MALE_6,0,0
CIVILIZATION_PHOENICIA,LOC_CITIZEN_PHOENICIA_MALE_7,0,0
CIVILIZATION_PHOENICIA,LOC_CITIZEN_PHOENICIA_MALE_8,0,0
CIVILIZATION_PHOENICIA,LOC_CITIZEN_PHOENICIA_MALE_9,0,0
CIVILIZATION_PHOENICIA,LOC_CITIZEN_PHOENICIA_MALE_10,0,0
CIVILIZATION_PHOENICIA,LOC_CITIZEN_PHOENICIA_FEMALE_1,1,0
CIVILIZATION_PHOENICIA,LOC_CITIZEN_PHOENICIA_FEMALE_2,1,0
CIVILIZATION_PHOENICIA,LOC_CITIZEN_PHOENICIA_FEMALE_3,1,0
CIVILIZATION_PHOENICIA,LOC_CITIZEN_PHOENICIA_FEMALE_4,1,0
CIVILIZATION_PHOENICIA,LOC_CITIZEN_PHOENICIA_FEMALE_5,1,0
CIVILIZATION_PHOENICIA,LOC_CITIZEN_PHOENICIA_FEMALE_6,1,0
CIVILIZATION_PHOENICIA,LOC_CITIZEN_PHOENICIA_FEMALE_7,1,0
CIVILIZATION_PHOENICIA,LOC_CITIZEN_PHOENICIA_FEMALE_8,1,0
CIVILIZATION_PHOENICIA,LOC_CITIZEN_PHOENICIA_FEMALE_9,1,0
CIVILIZATION_PHOENICIA,LOC_CITIZEN_PHOENICIA_FEMALE_10,1,0
CIVILIZATION_PHOENICIA,LOC_CITIZEN_PHOENICIA_MODERN_MALE_1,0,1
CIVILIZATION_PHOENICIA,LOC_CITIZEN_PHOENICIA_MODERN_MALE_2,0,1
CIVILIZATION_PHOENICIA,LOC_CITIZEN_PHOENICIA_MODERN_MALE_3,0,1
CIVILIZATION_PHOENICIA,LOC_CITIZEN_PHOENICIA_MODERN_MALE_4,0,1
CIVILIZATION_PHOENICIA,LOC_CITIZEN_PHOENICIA_MODERN_MALE_5,0,1
CIVILIZATION_PHOENICIA,LOC_CITIZEN_PHOENICIA_MODERN_MALE_6,0,1
CIVILIZATION_PHOENICIA,LOC_CITIZEN_PHOENICIA_MODERN_MALE_7,0,1
CIVILIZATION_PHOENICIA,LOC_CITIZEN_PHOENICIA_MODERN_MALE_8,0,1
CIVILIZATION_PHOENICIA,LOC_CITIZEN_PHOENICIA_MODERN_MALE_9,0,1
CIVILIZATION_PHOENICIA,LOC_CITIZEN_PHOENICIA_MODERN_MALE_10,0,1
CIVILIZATION_PHOENICIA,LOC_CITIZEN_PHOENICIA_MODERN_FEMALE_1,1,1
CIVILIZATION_PHOENICIA,LOC_CITIZEN_PHOENICIA_MODERN_FEMALE_2,1,1
CIVILIZATION_PHOENICIA,LOC_CITIZEN_PHOENICIA_MODERN_FEMALE_3,1,1
CIVILIZATION_PHOENICIA,LOC_CITIZEN_PHOENICIA_MODERN_FEMALE_4,1,1
CIVILIZATION_PHOENICIA,LOC_CITIZEN_PHOENICIA_MODERN_FEMALE_5,1,1
CIVILIZATION_PHOENICIA,LOC_CITIZEN_PHOENICIA_MODERN_FEMALE_6,1,1
CIVILIZATION_PHOENICIA,LOC_CITIZEN_PHOENICIA_MODERN_FEMALE_7,1,1
CIVILIZATION_PHOENICIA,LOC_CITIZEN_PHOENICIA_MODERN_FEMALE_8,1,1
CIVILIZATION_PHOENICIA,LOC_CITIZEN_PHOENICIA_MODERN_FEMALE_9,1,1
CIVILIZATION_PHOENICIA,LOC_CITIZEN_PHOENICIA_MODERN_FEMALE_10,1,1
CIVILIZATION_SWEDEN,LOC_CITIZEN_SWEDEN_MALE_1,0,0
CIVILIZATION_SWEDEN,LOC_CITIZEN_SWEDEN_MALE_2,0,0
CIVILIZATION_SWEDEN,LOC_CITIZEN_SWEDEN_MALE_3,0,0
CIVILIZATION_SWEDEN,LOC_CITIZEN_SWEDEN_MALE_4,0,0
CIVILIZATION_SWEDEN,LOC_CITIZEN_SWEDEN_MALE_5,0,0
CIVILIZATION_SWEDEN,LOC_CITIZEN_SWEDEN_MALE_6,0,0
CIVILIZATION_SWEDEN,LOC_CITIZEN_SWEDEN_MALE_7,0,0
CIVILIZATION_SWEDEN,LOC_CITIZEN_SWEDEN_MALE_8,0,0
CIVILIZATION_SWEDEN,LOC_CITIZEN_SWEDEN_MALE_9,0,0
CIVILIZATION_SWEDEN,LOC_CITIZEN_SWEDEN_MALE_10,0,0
CIVILIZATION_SWEDEN,LOC_CITIZEN_SWEDEN_FEMALE_1,1,0
CIVILIZATION_SWEDEN,LOC_CITIZEN_SWEDEN_FEMALE_2,1,0
CIVILIZATION_SWEDEN,LOC_CITIZEN_SWEDEN_FEMALE_3,1,0
CIVILIZATION_SWEDEN,LOC_CITIZEN_SWEDEN_FEMALE_4,1,0
CIVILIZATION_SWEDEN,LOC_CITIZEN_SWEDEN_FEMALE_5,1,0
CIVILIZATION_SWEDEN,LOC_CITIZEN_SWEDEN_FEMALE_6,1,0
CIVILIZATION_SWEDEN,LOC_CITIZEN_SWEDEN_FEMALE_7,1,0
CIVILIZATION_SWEDEN,LOC_CITIZEN_SWEDEN_FEMALE_8,1,0
CIVILIZATION_SWEDEN,LOC_CITIZEN_SWEDEN_FEMALE_9,1,0
CIVILIZATION_SWEDEN,LOC_CITIZEN_SWEDEN_FEMALE_10,1,0
CIVILIZATION_SWEDEN,LOC_CITIZEN_SWEDEN_MODERN_MALE_1,0,1
CIVILIZATION_SWEDEN,LOC_CITIZEN_SWEDEN_MODERN_MALE_2,0,1
CIVILIZATION_SWEDEN,LOC_CITIZEN_SWEDEN_MODERN_MALE_3,0,1
CIVILIZATION_SWEDEN,LOC_CITIZEN_SWEDEN_MODERN_MALE_4,0,1
CIVILIZATION_SWEDEN,LOC_CITIZEN_SWEDEN_MODERN_MALE_5,0,1
CIVILIZATION_SWEDEN,LOC_CITIZEN_SWEDEN_MODERN_MALE_6,0,1
CIVILIZATION_SWEDEN,LOC_CITIZEN_SWEDEN_MODERN_MALE_7,0,1
CIVILIZATION_SWEDEN,LOC_CITIZEN_SWEDEN_MODERN_MALE_8,0,1
CIVILIZATION_SWEDEN,LOC_CITIZEN_SWEDEN_MODERN_MALE_9,0,1
CIVILIZATION_SWEDEN,LOC_CITIZEN_SWEDEN_MODERN_MALE_10,0,1
CIVILIZATION_SWEDEN,LOC_CITIZEN_SWEDEN_MODERN_FEMALE_1,1,1
CIVILIZATION_SWEDEN,LOC_CITIZEN_SWEDEN_MODERN_FEMALE_2,1,1
CIVILIZATION_SWEDEN,LOC_CITIZEN_SWEDEN_MODERN_FEMALE_3,1,1
CIVILIZATION_SWEDEN,LOC_CITIZEN_SWEDEN_MODERN_FEMALE_4,1,1
CIVILIZATION_SWEDEN,LOC_CITIZEN_SWEDEN_MODERN_FEMALE_5,1,1
CIVILIZATION_SWEDEN,LOC_CITIZEN_SWEDEN_MODERN_FEMALE_6,1,1
CIVILIZATION_SWEDEN,LOC_CITIZEN_SWEDEN_MODERN_FEMALE_7,1,1
CIVILIZATION_SWEDEN,LOC_CITIZEN_SWEDEN_MODERN_FEMALE_8,1,1
CIVILIZATION_SWEDEN,LOC_CITIZEN_SWEDEN_MODERN_FEMALE_9,1,1
CIVILIZATION_SWEDEN,LOC_CITIZEN_SWEDEN_MODERN_FEMALE_10,1,1
CIVILIZATION_GRAN_COLOMBIA,LOC_CITIZEN_GRAN_COLOMBIA_MALE_1,0,0
CIVILIZATION_GRAN_COLOMBIA,LOC_CITIZEN_GRAN_COLOMBIA_MALE_2,0,0
CIVILIZATION_GRAN_COLOMBIA,LOC_CITIZEN_GRAN_COLOMBIA_MALE_3,0,0
CIVILIZATION_GRAN_COLOMBIA,LOC_CITIZEN_GRAN_COLOMBIA_MALE_4,0,0
CIVILIZATION_GRAN_COLOMBIA,LOC_CITIZEN_GRAN_COLOMBIA_MALE_5,0,0
CIVILIZATION_GRAN_COLOMBIA,LOC_CITIZEN_GRAN_COLOMBIA_MALE_6,0,0
CIVILIZATION_GRAN_COLOMBIA,LOC_CITIZEN_GRAN_COLOMBIA_MALE_7,0,0
CIVILIZATION_GRAN_COLOMBIA,LOC_CITIZEN_GRAN_COLOMBIA_MALE_8,0,0
CIVILIZATION_GRAN_COLOMBIA,LOC_CITIZEN_GRAN_COLOMBIA_MALE_9,0,0
CIVILIZATION_GRAN_COLOMBIA,LOC_CITIZEN_GRAN_COLOMBIA_MALE_10,0,0
CIVILIZATION_GRAN_COLOMBIA,LOC_CITIZEN_GRAN_COLOMBIA_FEMALE_1,1,0
CIVILIZATION_GRAN_COLOMBIA,LOC_CITIZEN_GRAN_COLOMBIA_FEMALE_2,1,0
CIVILIZATION_GRAN_COLOMBIA,LOC_CITIZEN_GRAN_COLOMBIA_FEMALE_3,1,0
CIVILIZATION_GRAN_COLOMBIA,LOC_CITIZEN_GRAN_COLOMBIA_FEMALE_4,1,0
CIVILIZATION_GRAN_COLOMBIA,LOC_CITIZEN_GRAN_COLOMBIA_FEMALE_5,1,0
CIVILIZATION_GRAN_COLOMBIA,LOC_CITIZEN_GRAN_COLOMBIA_FEMALE_6,1,0
CIVILIZATION_GRAN_COLOMBIA,LOC_CITIZEN_GRAN_COLOMBIA_FEMALE_7,1,0
CIVILIZATION_GRAN_COLOMBIA,LOC_CITIZEN_GRAN_COLOMBIA_FEMALE_8,1,0
CIVILIZATION_GRAN_COLOMBIA,LOC_CITIZEN_GRAN_COLOMBIA_FEMALE_9,1,0
CIVILIZATION_GRAN_COLOMBIA,LOC_CITIZEN_GRAN_COLOMBIA_FEMALE_10,1,0
CIVILIZATION_GRAN_COLOMBIA,LOC_CITIZEN_GRAN_COLOMBIA_MODERN_MALE_1,0,1
CIVILIZATION_GRAN_COLOMBIA,LOC_CITIZEN_GRAN_COLOMBIA_MODERN_MALE_2,0,1
CIVILIZATION_GRAN_COLOMBIA,LOC_CITIZEN_GRAN_COLOMBIA_MODERN_MALE_3,0,1
CIVILIZATION_GRAN_COLOMBIA,LOC_CITIZEN_GRAN_COLOMBIA_MODERN_MALE_4,0,1
CIVILIZATION_GRAN_COLOMBIA,LOC_CITIZEN_GRAN_COLOMBIA_MODERN_MALE_5,0,1
CIVILIZATION_GRAN_COLOMBIA,LOC_CITIZEN_GRAN_COLOMBIA_MODERN_MALE_6,0,1
CIVILIZATION_GRAN_COLOMBIA,LOC_CITIZEN_GRAN_COLOMBIA_MODERN_MALE_7,0,1
CIVILIZATION_GRAN_COLOMBIA,LOC_CITIZEN_GRAN_COLOMBIA_MODERN_MALE_8,0,1
CIVILIZATION_GRAN_COLOMBIA,LOC_CITIZEN_GRAN_COLOMBIA_MODERN_MALE_9,0,1
CIVILIZATION_GRAN_COLOMBIA,LOC_CITIZEN_GRAN_COLOMBIA_MODERN_MALE_10,0,1
CIVILIZATION_GRAN_COLOMBIA,LOC_CITIZEN_GRAN_COLOMBIA_MODERN_FEMALE_1,1,1
CIVILIZATION_GRAN_COLOMBIA,LOC_CITIZEN_GRAN_COLOMBIA_MODERN_FEMALE_2,1,1
CIVILIZATION_GRAN_COLOMBIA,LOC_CITIZEN_GRAN_COLOMBIA_MODERN_FEMALE_3,1,1
CIVILIZATION_GRAN_COLOMBIA,LOC_CITIZEN_GRAN_COLOMBIA_MODERN_FEMALE_4,1,1
CIVILIZATION_GRAN_COLOMBIA,LOC_CITIZEN_GRAN_COLOMBIA_MODERN_FEMALE_5,1,1
CIVILIZATION_GRAN_COLOMBIA,LOC_CITIZEN_GRAN_COLOMBIA_MODERN_FEMALE_6,1,1
CIVILIZATION_GRAN_COLOMBIA,LOC_CITIZEN_GRAN_COLOMBIA_MODERN_FEMALE_7,1,1
CIVILIZATION_GRAN_COLOMBIA,LOC_CITIZEN_GRAN_COLOMBIA_MODERN_FEMALE_8,1,1
CIVILIZATION_GRAN_COLOMBIA,LOC_CITIZEN_GRAN_COLOMBIA_MODERN_FEMALE_9,1,1
CIVILIZATION_GRAN_COLOMBIA,LOC_CITIZEN_GRAN_COLOMBIA_MODERN_FEMALE_10,1,1
CIVILIZATION_MAYA,LOC_CITIZEN_MAYA_MALE_1,0,0
CIVILIZATION_MAYA,LOC_CITIZEN_MAYA_MALE_2,0,0
CIVILIZATION_MAYA,LOC_CITIZEN_MAYA_MALE_3,0,0
CIVILIZATION_MAYA,LOC_CITIZEN_MAYA_MALE_4,0,0
CIVILIZATION_MAYA,LOC_CITIZEN_MAYA_MALE_5,0,0
CIVILIZATION_MAYA,LOC_CITIZEN_MAYA_MALE_6,0,0
CIVILIZATION_MAYA,LOC_CITIZEN_MAYA_MALE_7,0,0
CIVILIZATION_MAYA,LOC_CITIZEN_MAYA_MALE_8,0,0
CIVILIZATION_MAYA,LOC_CITIZEN_MAYA_MALE_9,0,0
CIVILIZATION_MAYA,LOC_CITIZEN_MAYA_MALE_10,0,0
CIVILIZATION_MAYA,LOC_CITIZEN_MAYA_FEMALE_1,1,0
CIVILIZATION_MAYA,LOC_CITIZEN_MAYA_FEMALE_2,1,0
CIVILIZATION_MAYA,LOC_CITIZEN_MAYA_FEMALE_3,1,0
CIVILIZATION_MAYA,LOC_CITIZEN_MAYA_FEMALE_4,1,0
CIVILIZATION_MAYA,LOC_CITIZEN_MAYA_FEMALE_5,1,0
CIVILIZATION_MAYA,LOC_CITIZEN_MAYA_FEMALE_6,1,0
CIVILIZATION_MAYA,LOC_CITIZEN_MAYA_FEMALE_7,1,0
CIVILIZATION_MAYA,LOC_CITIZEN_MAYA_FEMALE_8,1,0
CIVILIZATION_MAYA,LOC_CITIZEN_MAYA_FEMALE_9,1,0
CIVILIZATION_MAYA,LOC_CITIZEN_MAYA_FEMALE_10,1,0
CIVILIZATION_MAYA,LOC_CITIZEN_MAYA_MODERN_MALE_1,0,1
CIVILIZATION_MAYA,LOC_CITIZEN_MAYA_MODERN_MALE_2,0,1
CIVILIZATION_MAYA,LOC_CITIZEN_MAYA_MODERN_MALE_3,0,1
CIVILIZATION_MAYA,LOC_CITIZEN_MAYA_MODERN_MALE_4,0,1
CIVILIZATION_MAYA,LOC_CITIZEN_MAYA_MODERN_MALE_5,0,1
CIVILIZATION_MAYA,LOC_CITIZEN_MAYA_MODERN_MALE_6,0,1
CIVILIZATION_MAYA,LOC_CITIZEN_MAYA_MODERN_MALE_7,0,1
CIVILIZATION_MAYA,LOC_CITIZEN_MAYA_MODERN_MALE_8,0,1
CIVILIZATION_MAYA,LOC_CITIZEN_MAYA_MODERN_MALE_9,0,1
CIVILIZATION_MAYA,LOC_CITIZEN_MAYA_MODERN_MALE_10,0,1
CIVILIZATION_MAYA,LOC_CITIZEN_MAYA_MODERN_FEMALE_1,1,1
CIVILIZATION_MAYA,LOC_CITIZEN_MAYA_MODERN_FEMALE_2,1,1
CIVILIZATION_MAYA,LOC_CITIZEN_MAYA_MODERN_FEMALE_3,1,1
CIVILIZATION_MAYA,LOC_CITIZEN_MAYA_MODERN_FEMALE_4,1,1
CIVILIZATION_MAYA,LOC_CITIZEN_MAYA_MODERN_FEMALE_5,1,1
CIVILIZATION_MAYA,LOC_CITIZEN_MAYA_MODERN_FEMALE_6,1,1
CIVILIZATION_MAYA,LOC_CITIZEN_MAYA_MODERN_FEMALE_7,1,1
CIVILIZATION_MAYA,LOC_CITIZEN_MAYA_MODERN_FEMALE_8,1,1
CIVILIZATION_MAYA,LOC_CITIZEN_MAYA_MODERN_FEMALE_9,1,1
CIVILIZATION_MAYA,LOC_CITIZEN_MAYA_MODERN_FEMALE_10,1,1
CIVILIZATION_BYZANTIUM,LOC_CITIZEN_BYZ_MALE_1,0,0
CIVILIZATION_BYZANTIUM,LOC_CITIZEN_BYZ_MALE_2,0,0
CIVILIZATION_BYZANTIUM,LOC_CITIZEN_BYZ_MALE_3,0,0
CIVILIZATION_BYZANTIUM,LOC_CITIZEN_BYZ_MALE_4,0,0
CIVILIZATION_BYZANTIUM,LOC_CITIZEN_BYZ_MALE_5,0,0
CIVILIZATION_BYZANTIUM,LOC_CITIZEN_BYZ_MALE_6,0,0
CIVILIZATION_BYZANTIUM,LOC_CITIZEN_BYZ_MALE_7,0,0
CIVILIZATION_BYZANTIUM,LOC_CITIZEN_BYZ_MALE_8,0,0
CIVILIZATION_BYZANTIUM,LOC_CITIZEN_BYZ_MALE_9,0,0
CIVILIZATION_BYZANTIUM,LOC_CITIZEN_BYZ_MALE_10,0,0
CIVILIZATION_BYZANTIUM,LOC_CITIZEN_BYZ_FEMALE_1,1,0
CIVILIZATION_BYZANTIUM,LOC_CITIZEN_BYZ_FEMALE_2,1,0
CIVILIZATION_BYZANTIUM,LOC_CITIZEN_BYZ_FEMALE_3,1,0
CIVILIZATION_BYZANTIUM,LOC_CITIZEN_BYZ_FEMALE_4,1,0
CIVILIZATION_BYZANTIUM,LOC_CITIZEN_BYZ_FEMALE_5,1,0
CIVILIZATION_BYZANTIUM,LOC_CITIZEN_BYZ_FEMALE_6,1,0
CIVILIZATION_BYZANTIUM,LOC_CITIZEN_BYZ_FEMALE_7,1,0
CIVILIZATION_BYZANTIUM,LOC_CITIZEN_BYZ_FEMALE_8,1,0
CIVILIZATION_BYZANTIUM,LOC_CITIZEN_BYZ_FEMALE_9,1,0
CIVILIZATION_BYZANTIUM,LOC_CITIZEN_BYZ_FEMALE_10,1,0
CIVILIZATION_BYZANTIUM,LOC_CITIZEN_BYZ_MODERN_MALE_1,0,1
CIVILIZATION_BYZANTIUM,LOC_CITIZEN_BYZ_MODERN_MALE_2,0,1
CIVILIZATION_BYZANTIUM,LOC_CITIZEN_BYZ_MODERN_MALE_3,0,1
CIVILIZATION_BYZANTIUM,LOC_CITIZEN_BYZ_MODERN_MALE_4,0,1
CIVILIZATION_BYZANTIUM,LOC_CITIZEN_BYZ_MODERN_MALE_5,0,1
CIVILIZATION_BYZANTIUM,LOC_CITIZEN_BYZ_MODERN_MALE_6,0,1
CIVILIZATION_BYZANTIUM,LOC_CITIZEN_BYZ_MODERN_MALE_7,0,1
CIVILIZATION_BYZANTIUM,LOC_CITIZEN_BYZ_MODERN_MALE_8,0,1
CIVILIZATION_BYZANTIUM,LOC_CITIZEN_BYZ_MODERN_MALE_9,0,1
CIVILIZATION_BYZANTIUM,LOC_CITIZEN_BYZ_MODERN_MALE_10,0,1
CIVILIZATION_BYZANTIUM,LOC_CITIZEN_BYZ_MODERN_FEMALE_1,1,1
CIVILIZATION_BYZANTIUM,LOC_CITIZEN_BYZ_MODERN_FEMALE_2,1,1
CIVILIZATION_BYZANTIUM,LOC_CITIZEN_BYZ_MODERN_FEMALE_3,1,1
CIVILIZATION_BYZANTIUM,LOC_CITIZEN_BYZ_MODERN_FEMALE_4,1,1
CIVILIZATION_BYZANTIUM,LOC_CITIZEN_BYZ_MODERN_FEMALE_5,1,1
CIVILIZATION_BYZANTIUM,LOC_CITIZEN_BYZ_MODERN_FEMALE_6,1,1
CIVILIZATION_BYZANTIUM,LOC_CITIZEN_BYZ_MODERN_FEMALE_7,1,1
CIVILIZATION_BYZANTIUM,LOC_CITIZEN_BYZ_MODERN_FEMALE_8,1,1
CIVILIZATION_BYZANTIUM,LOC_CITIZEN_BYZ_MODERN_FEMALE_9,1,1
CIVILIZATION_BYZANTIUM,LOC_CITIZEN_BYZ_MODERN_FEMALE_10,1,1
CIVILIZATION_GAUL,LOC_CITIZEN_GAUL_MALE_1,0,0
CIVILIZATION_GAUL,LOC_CITIZEN_GAUL_MALE_2,0,0
CIVILIZATION_GAUL,LOC_CITIZEN_GAUL_MALE_3,0,0
CIVILIZATION_GAUL,LOC_CITIZEN_GAUL_MALE_4,0,0
CIVILIZATION_GAUL,LOC_CITIZEN_GAUL_MALE_5,0,0
CIVILIZATION_GAUL,LOC_CITIZEN_GAUL_MALE_6,0,0
CIVILIZATION_GAUL,LOC_CITIZEN_GAUL_MALE_7,0,0
CIVILIZATION_GAUL,LOC_CITIZEN_GAUL_MALE_8,0,0
CIVILIZATION_GAUL,LOC_CITIZEN_GAUL_MALE_9,0,0
CIVILIZATION_GAUL,LOC_CITIZEN_GAUL_MALE_10,0,0
CIVILIZATION_GAUL,LOC_CITIZEN_GAUL_FEMALE_1,1,0
CIVILIZATION_GAUL,LOC_CITIZEN_GAUL_FEMALE_2,1,0
CIVILIZATION_GAUL,LOC_CITIZEN_GAUL_FEMALE_3,1,0
CIVILIZATION_GAUL,LOC_CITIZEN_GAUL_FEMALE_4,1,0
CIVILIZATION_GAUL,LOC_CITIZEN_GAUL_FEMALE_5,1,0
CIVILIZATION_GAUL,LOC_CITIZEN_GAUL_FEMALE_6,1,0
CIVILIZATION_GAUL,LOC_CITIZEN_GAUL_FEMALE_7,1,0
CIVILIZATION_GAUL,LOC_CITIZEN_GAUL_FEMALE_8,1,0
CIVILIZATION_GAUL,LOC_CITIZEN_GAUL_FEMALE_9,1,0
CIVILIZATION_GAUL,LOC_CITIZEN_GAUL_FEMALE_10,1,0
CIVILIZATION_GAUL,LOC_CITIZEN_GAUL_MODERN_MALE_1,0,1
CIVILIZATION_GAUL,LOC_CITIZEN_GAUL_MODERN_MALE_2,0,1
CIVILIZATION_GAUL,LOC_CITIZEN_GAUL_MODERN_MALE_3,0,1
CIVILIZATION_GAUL,LOC_CITIZEN_GAUL_MODERN_MALE_4,0,1
CIVILIZATION_GAUL,LOC_CITIZEN_GAUL_MODERN_MALE_5,0,1
CIVILIZATION_GAUL,LOC_CITIZEN_GAUL_MODERN_MALE_6,0,1
CIVILIZATION_GAUL,LOC_CITIZEN_GAUL_MODERN_MALE_7,0,1
CIVILIZATION_GAUL,LOC_CITIZEN_GAUL_MODERN_MALE_8,0,1
CIVILIZATION_GAUL,LOC_CITIZEN_GAUL_MODERN_MALE_9,0,1
CIVILIZATION_GAUL,LOC_CITIZEN_GAUL_MODERN_MALE_10,0,1
CIVILIZATION_GAUL,LOC_CITIZEN_GAUL_MODERN_FEMALE_1,1,1
CIVILIZATION_GAUL,LOC_CITIZEN_GAUL_MODERN_FEMALE_2,1,1
CIVILIZATION_GAUL,LOC_CITIZEN_GAUL_MODERN_FEMALE_3,1,1
CIVILIZATION_GAUL,LOC_CITIZEN_GAUL_MODERN_FEMALE_4,1,1
CIVILIZATION_GAUL,LOC_CITIZEN_GAUL_MODERN_FEMALE_5,1,1
CIVILIZATION_GAUL,LOC_CITIZEN_GAUL_MODERN_FEMALE_6,1,1
CIVILIZATION_GAUL,LOC_CITIZEN_GAUL_MODERN_FEMALE_7,1,1
CIVILIZATION_GAUL,LOC_CITIZEN_GAUL_MODERN_FEMALE_8,1,1
CIVILIZATION_GAUL,LOC_CITIZEN_GAUL_MODERN_FEMALE_9,1,1
CIVILIZATION_GAUL,LOC_CITIZEN_GAUL_MODERN_FEMALE_10,1,1
CIVILIZATION_VIETNAM,LOC_CITIZEN_VIETNAM_MALE_1,0,0
CIVILIZATION_VIETNAM,LOC_CITIZEN_VIETNAM_MALE_2,0,0
CIVILIZATION_VIETNAM,LOC_CITIZEN_VIETNAM_MALE_3,0,0
CIVILIZATION_VIETNAM,LOC_CITIZEN_VIETNAM_MALE_4,0,0
CIVILIZATION_VIETNAM,LOC_CITIZEN_VIETNAM_MALE_5,0,0
CIVILIZATION_VIETNAM,LOC_CITIZEN_VIETNAM_MALE_6,0,0
CIVILIZATION_VIETNAM,LOC_CITIZEN_VIETNAM_MALE_7,0,0
CIVILIZATION_VIETNAM,LOC_CITIZEN_VIETNAM_MALE_8,0,0
CIVILIZATION_VIETNAM,LOC_CITIZEN_VIETNAM_MALE_9,0,0
CIVILIZATION_VIETNAM,LOC_CITIZEN_VIETNAM_MALE_10,0,0
CIVILIZATION_VIETNAM,LOC_CITIZEN_VIETNAM_FEMALE_1,1,0
CIVILIZATION_VIETNAM,LOC_CITIZEN_VIETNAM_FEMALE_2,1,0
CIVILIZATION_VIETNAM,LOC_CITIZEN_VIETNAM_FEMALE_3,1,0
CIVILIZATION_VIETNAM,LOC_CITIZEN_VIETNAM_FEMALE_4,1,0
CIVILIZATION_VIETNAM,LOC_CITIZEN_VIETNAM_FEMALE_5,1,0
CIVILIZATION_VIETNAM,LOC_CITIZEN_VIETNAM_FEMALE_6,1,0
CIVILIZATION_VIETNAM,LOC_CITIZEN_VIETNAM_FEMALE_7,1,0
CIVILIZATION_VIETNAM,LOC_CITIZEN_VIETNAM_FEMALE_8,1,0
CIVILIZATION_VIETNAM,LOC_CITIZEN_VIETNAM_FEMALE_9,1,0
CIVILIZATION_VIETNAM,LOC_CITIZEN_VIETNAM_FEMALE_10,1,0
CIVILIZATION_VIETNAM,LOC_CITIZEN_VIETNAM_MODERN_MALE_1,0,1
CIVILIZATION_VIETNAM,LOC_CITIZEN_VIETNAM_MODERN_MALE_2,0,1
CIVILIZATION_VIETNAM,LOC_CITIZEN_VIETNAM_MODERN_MALE_3,0,1
CIVILIZATION_VIETNAM,LOC_CITIZEN_VIETNAM_MODERN_MALE_4,0,1
CIVILIZATION_VIETNAM,LOC_CITIZEN_VIETNAM_MODERN_MALE_5,0,1
CIVILIZATION_VIETNAM,LOC_CITIZEN_VIETNAM_MODERN_MALE_6,0,1
CIVILIZATION_VIETNAM,LOC_CITIZEN_VIETNAM_MODERN_MALE_7,0,1
CIVILIZATION_VIETNAM,LOC_CITIZEN_VIETNAM_MODERN_MALE_8,0,1
CIVILIZATION_VIETNAM,LOC_CITIZEN_VIETNAM_MODERN_MALE_9,0,1
CIVILIZATION_VIETNAM,LOC_CITIZEN_VIETNAM_MODERN_MALE_10,0,1
CIVILIZATION_VIETNAM,LOC_CITIZEN_VIETNAM_MODERN_FEMALE_1,1,1
CIVILIZATION_VIETNAM,LOC_CITIZEN_VIETNAM_MODERN_FEMALE_2,1,1
CIVILIZATION_VIETNAM,LOC_CITIZEN_VIETNAM_MODERN_FEMALE_3,1,1
CIVILIZATION_VIETNAM,LOC_CITIZEN_VIETNAM_MODERN_FEMALE_4,1,1
CIVILIZATION_VIETNAM,LOC_CITIZEN_VIETNAM_MODERN_FEMALE_5,1,1
CIVILIZATION_VIETNAM,LOC_CITIZEN_VIETNAM_MODERN_FEMALE_6,1,1
CIVILIZATION_VIETNAM,LOC_CITIZEN_VIETNAM_MODERN_FEMALE_7,1,1
CIVILIZATION_VIETNAM,LOC_CITIZEN_VIETNAM_MODERN_FEMALE_8,1,1
CIVILIZATION_VIETNAM,LOC_CITIZEN_VIETNAM_MODERN_FEMALE_9,1,1
CIVILIZATION_VIETNAM,LOC_CITIZEN_VIETNAM_MODERN_FEMALE_10,1,1
CIVILIZATION_ETHIOPIA,LOC_CITIZEN_ETHIOPIA_MALE_1,0,0
CIVILIZATION_ETHIOPIA,LOC_CITIZEN_ETHIOPIA_MALE_2,0,0
CIVILIZATION_ETHIOPIA,LOC_CITIZEN_ETHIOPIA_MALE_3,0,0
CIVILIZATION_ETHIOPIA,LOC_CITIZEN_ETHIOPIA_MALE_4,0,0
CIVILIZATION_ETHIOPIA,LOC_CITIZEN_ETHIOPIA_MALE_5,0,0
CIVILIZATION_ETHIOPIA,LOC_CITIZEN_ETHIOPIA_MALE_6,0,0
CIVILIZATION_ETHIOPIA,LOC_CITIZEN_ETHIOPIA_MALE_7,0,0
CIVILIZATION_ETHIOPIA,LOC_CITIZEN_ETHIOPIA_MALE_8,0,0
CIVILIZATION_ETHIOPIA,LOC_CITIZEN_ETHIOPIA_MALE_9,0,0
CIVILIZATION_ETHIOPIA,LOC_CITIZEN_ETHIOPIA_MALE_10,0,0
CIVILIZATION_ETHIOPIA,LOC_CITIZEN_ETHIOPIA_FEMALE_1,1,0
CIVILIZATION_ETHIOPIA,LOC_CITIZEN_ETHIOPIA_FEMALE_2,1,0
CIVILIZATION_ETHIOPIA,LOC_CITIZEN_ETHIOPIA_FEMALE_3,1,0
CIVILIZATION_ETHIOPIA,LOC_CITIZEN_ETHIOPIA_FEMALE_4,1,0
CIVILIZATION_ETHIOPIA,LOC_CITIZEN_ETHIOPIA_FEMALE_5,1,0
CIVILIZATION_ETHIOPIA,LOC_CITIZEN_ETHIOPIA_FEMALE_6,1,0
CIVILIZATION_ETHIOPIA,LOC_CITIZEN_ETHIOPIA_FEMALE_7,1,0
CIVILIZATION_ETHIOPIA,LOC_CITIZEN_ETHIOPIA_FEMALE_8,1,0
CIVILIZATION_ETHIOPIA,LOC_CITIZEN_ETHIOPIA_FEMALE_9,1,0
CIVILIZATION_ETHIOPIA,LOC_CITIZEN_ETHIOPIA_FEMALE_10,1,0
CIVILIZATION_ETHIOPIA,LOC_CITIZEN_ETHIOPIA_MODERN_MALE_1,0,1
CIVILIZATION_ETHIOPIA,LOC_CITIZEN_ETHIOPIA_MODERN_MALE_2,0,1
CIVILIZATION_ETHIOPIA,LOC_CITIZEN_ETHIOPIA_MODERN_MALE_3,0,1
CIVILIZATION_ETHIOPIA,LOC_CITIZEN_ETHIOPIA_MODERN_MALE_4,0,1
CIVILIZATION_ETHIOPIA,LOC_CITIZEN_ETHIOPIA_MODERN_MALE_5,0,1
CIVILIZATION_ETHIOPIA,LOC_CITIZEN_ETHIOPIA_MODERN_MALE_6,0,1
CIVILIZATION_ETHIOPIA,LOC_CITIZEN_ETHIOPIA_MODERN_MALE_7,0,1
CIVILIZATION_ETHIOPIA,LOC_CITIZEN_ETHIOPIA_MODERN_MALE_8,0,1
CIVILIZATION_ETHIOPIA,LOC_CITIZEN_ETHIOPIA_MODERN_MALE_9,0,1
CIVILIZATION_ETHIOPIA,LOC_CITIZEN_ETHIOPIA_MODERN_MALE_10,0,1
CIVILIZATION_ETHIOPIA,LOC_CITIZEN_ETHIOPIA_MODERN_FEMALE_1,1,1
CIVILIZATION_ETHIOPIA,LOC_CITIZEN_ETHIOPIA_MODERN_FEMALE_2,1,1
CIVILIZATION_ETHIOPIA,LOC_CITIZEN_ETHIOPIA_MODERN_FEMALE_3,1,1
CIVILIZATION_ETHIOPIA,LOC_CITIZEN_ETHIOPIA_MODERN_FEMALE_4,1,1
CIVILIZATION_ETHIOPIA,LOC_CITIZEN_ETHIOPIA_MODERN_FEMALE_5,1,1
CIVILIZATION_ETHIOPIA,LOC_CITIZEN_ETHIOPIA_MODERN_FEMALE_6,1,1
CIVILIZATION_ETHIOPIA,LOC_CITIZEN_ETHIOPIA_MODERN_FEMALE_7,1,1
CIVILIZATION_ETHIOPIA,LOC_CITIZEN_ETHIOPIA_MODERN_FEMALE_8,1,1
CIVILIZATION_ETHIOPIA,LOC_CITIZEN_ETHIOPIA_MODERN_FEMALE_9,1,1
CIVILIZATION_ETHIOPIA,LOC_CITIZEN_ETHIOPIA_MODERN_FEMALE_10,1,1
CIVILIZATION_BABYLON_STK,LOC_CITIZEN_BABYLON_MALE_1,0,0
CIVILIZATION_BABYLON_STK,LOC_CITIZEN_BABYLON_MALE_2,0,0
CIVILIZATION_BABYLON_STK,LOC_CITIZEN_BABYLON_MALE_3,0,0
CIVILIZATION_BABYLON_STK,LOC_CITIZEN_BABYLON_MALE_4,0,0
CIVILIZATION_BABYLON_STK,LOC_CITIZEN_BABYLON_MALE_5,0,0
CIVILIZATION_BABYLON_STK,LOC_CITIZEN_BABYLON_MALE_6,0,0
CIVILIZATION_BABYLON_STK,LOC_CITIZEN_BABYLON_MALE_7,0,0
CIVILIZATION_BABYLON_STK,LOC_CITIZEN_BABYLON_MALE_8,0,0
CIVILIZATION_BABYLON_STK,LOC_CITIZEN_BABYLON_MALE_9,0,0
CIVILIZATION_BABYLON_STK,LOC_CITIZEN_BABYLON_MALE_10,0,0
CIVILIZATION_BABYLON_STK,LOC_CITIZEN_BABYLON_FEMALE_1,1,0
CIVILIZATION_BABYLON_STK,LOC_CITIZEN_BABYLON_FEMALE_2,1,0
CIVILIZATION_BABYLON_STK,LOC_CITIZEN_BABYLON_FEMALE_3,1,0
CIVILIZATION_BABYLON_STK,LOC_CITIZEN_BABYLON_FEMALE_4,1,0
CIVILIZATION_BABYLON_STK,LOC_CITIZEN_BABYLON_FEMALE_5,1,0
CIVILIZATION_BABYLON_STK,LOC_CITIZEN_BABYLON_FEMALE_6,1,0
CIVILIZATION_BABYLON_STK,LOC_CITIZEN_BABYLON_FEMALE_7,1,0
CIVILIZATION_BABYLON_STK,LOC_CITIZEN_BABYLON_FEMALE_8,1,0
CIVILIZATION_BABYLON_STK,LOC_CITIZEN_BABYLON_FEMALE_9,1,0
CIVILIZATION_BABYLON_STK,LOC_CITIZEN_BABYLON_FEMALE_10,1,0
CIVILIZATION_BABYLON_STK,LOC_CITIZEN_BABYLON_MODERN_MALE_1,0,1
CIVILIZATION_BABYLON_STK,LOC_CITIZEN_BABYLON_MODERN_MALE_2,0,1
CIVILIZATION_BABYLON_STK,LOC_CITIZEN_BABYLON_MODERN_MALE_3,0,1
CIVILIZATION_BABYLON_STK,LOC_CITIZEN_BABYLON_MODERN_MALE_4,0,1
CIVILIZATION_BABYLON_STK,LOC_CITIZEN_BABYLON_MODERN_MALE_5,0,1
CIVILIZATION_BABYLON_STK,LOC_CITIZEN_BABYLON_MODERN_MALE_6,0,1
CIVILIZATION_BABYLON_STK,LOC_CITIZEN_BABYLON_MODERN_MALE_7,0,1
CIVILIZATION_BABYLON_STK,LOC_CITIZEN_BABYLON_MODERN_MALE_8,0,1
CIVILIZATION_BABYLON_STK,LOC_CITIZEN_BABYLON_MODERN_MALE_9,0,1
CIVILIZATION_BABYLON_STK,LOC_CITIZEN_BABYLON_MODERN_MALE_10,0,1
CIVILIZATION_BABYLON_STK,LOC_CITIZEN_BABYLON_MODERN_FEMALE_1,1,1
CIVILIZATION_BABYLON_STK,LOC_CITIZEN_BABYLON_MODERN_FEMALE_2,1,1
CIVILIZATION_BABYLON_STK,LOC_CITIZEN_BABYLON_MODERN_FEMALE_3,1,1
CIVILIZATION_BABYLON_STK,LOC_CITIZEN_BABYLON_MODERN_FEMALE_4,1,1
CIVILIZATION_BABYLON_STK,LOC_CITIZEN_BABYLON_MODERN_FEMALE_5,1,1
CIVILIZATION_BABYLON_STK,LOC_CITIZEN_BABYLON_MODERN_FEMALE_6,1,1
CIVILIZATION_BABYLON_STK,LOC_CITIZEN_BABYLON_MODERN_FEMALE_7,1,1
CIVILIZATION_BABYLON_STK,LOC_CITIZEN_BABYLON_MODERN_FEMALE_8,1,1
CIVILIZATION_BABYLON_STK,LOC_CITIZEN_BABYLON_MODERN_FEMALE_9,1,1
CIVILIZATION_BABYLON_STK,LOC_CITIZEN_BABYLON_MODERN_FEMALE_10,1,1
CIVILIZATION_PORTUGAL,LOC_CITIZEN_PORTUAL_MALE_1,0,0
CIVILIZATION_PORTUGAL,LOC_CITIZEN_PORTUAL_MALE_2,0,0
CIVILIZATION_PORTUGAL,LOC_CITIZEN_PORTUAL_MALE_3,0,0
CIVILIZATION_PORTUGAL,LOC_CITIZEN_PORTUAL_MALE_4,0,0
CIVILIZATION_PORTUGAL,LOC_CITIZEN_PORTUAL_MALE_5,0,0
CIVILIZATION_PORTUGAL,LOC_CITIZEN_PORTUAL_MALE_6,0,0
CIVILIZATION_PORTUGAL,LOC_CITIZEN_PORTUAL_MALE_7,0,0
CIVILIZATION_PORTUGAL,LOC_CITIZEN_PORTUAL_MALE_8,0,0
CIVILIZATION_PORTUGAL,LOC_CITIZEN_PORTUAL_MALE_9,0,0
CIVILIZATION_PORTUGAL,LOC_CITIZEN_PORTUAL_MALE_10,0,0
CIVILIZATION_PORTUGAL,LOC_CITIZEN_PORTUAL_FEMALE_1,1,0
CIVILIZATION_PORTUGAL,LOC_CITIZEN_PORTUAL_FEMALE_2,1,0
CIVILIZATION_PORTUGAL,LOC_CITIZEN_PORTUAL_FEMALE_3,1,0
CIVILIZATION_PORTUGAL,LOC_CITIZEN_PORTUAL_FEMALE_4,1,0
CIVILIZATION_PORTUGAL,LOC_CITIZEN_PORTUAL_FEMALE_5,1,0
CIVILIZATION_PORTUGAL,LOC_CITIZEN_PORTUAL_FEMALE_6,1,0
CIVILIZATION_PORTUGAL,LOC_CITIZEN_PORTUAL_FEMALE_7,1,0
CIVILIZATION_PORTUGAL,LOC_CITIZEN_PORTUAL_FEMALE_8,1,0
CIVILIZATION_PORTUGAL,LOC_CITIZEN_PORTUAL_FEMALE_9,1,0
CIVILIZATION_PORTUGAL,LOC_CITIZEN_PORTUAL_FEMALE_10,1,0
CIVILIZATION_PORTUGAL,LOC_CITIZEN_PORTUAL_MODERN_MALE_1,0,1
CIVILIZATION_PORTUGAL,LOC_CITIZEN_PORTUAL_MODERN_MALE_2,0,1
CIVILIZATION_PORTUGAL,LOC_CITIZEN_PORTUAL_MODERN_MALE_3,0,1
CIVILIZATION_PORTUGAL,LOC_CITIZEN_PORTUAL_MODERN_MALE_4,0,1
CIVILIZATION_PORTUGAL,LOC_CITIZEN_PORTUAL_MODERN_MALE_5,0,1
CIVILIZATION_PORTUGAL,LOC_CITIZEN_PORTUAL_MODERN_MALE_6,0,1
CIVILIZATION_PORTUGAL,LOC_CITIZEN_PORTUAL_MODERN_MALE_7,0,1
CIVILIZATION_PORTUGAL,LOC_CITIZEN_PORTUAL_MODERN_MALE_8,0,1
CIVILIZATION_PORTUGAL,LOC_CITIZEN_PORTUAL_MODERN_MALE_9,0,1
CIVILIZATION_PORTUGAL,LOC_CITIZEN_PORTUAL_MODERN_MALE_10,0,1
CIVILIZATION_PORTUGAL,LOC_CITIZEN_PORTUAL_MODERN_FEMALE_1,1,1
CIVILIZATION_PORTUGAL,LOC_CITIZEN_PORTUAL_MODERN_FEMALE_2,1,1
CIVILIZATION_PORTUGAL,LOC_CITIZEN_PORTUAL_MODERN_FEMALE_3,1,1
CIVILIZATION_PORTUGAL,LOC_CITIZEN_PORTUAL_MODERN_FEMALE_4,1,1
CIVILIZATION_PORTUGAL,LOC_CITIZEN_PORTUAL_MODERN_FEMALE_5,1,1
CIVILIZATION_PORTUGAL,LOC_CITIZEN_PORTUAL_MODERN_FEMALE_6,1,1
CIVILIZATION_PORTUGAL,LOC_CITIZEN_PORTUAL_MODERN_FEMALE_7,1,1
CIVILIZATION_PORTUGAL,LOC_CITIZEN_PORTUAL_MODERN_FEMALE_8,1,1
CIVILIZATION_PORTUGAL,LOC_CITIZEN_PORTUAL_MODERN_FEMALE_9,1,1
CIVILIZATION_PORTUGAL,LOC_CITIZEN_PORTUAL_MODERN_FEMALE_10,1,1
