ModifierId,Name,Type,Value,Extra,SecondExtra
AGENDA_BLACK_QUEEN,StatementKey,ARGTYPE_IDENTITY,AGENDA_BLACK_QUEEN_WARNING,,
AGENDA_BUSHIDO,StatementKey,ARGTYPE_IDENTITY,AGENDA_BUSHIDO_WARNING,,
AGENDA_LAST_VIKING_KING,StatementKey,ARGTYPE_IDENTITY,AGENDA_LAST_VIKING_KING_WARNING,,
AGENDA_OPTIMUS_PRINCEPS,StatementKey,ARGTYPE_IDENTITY,AGENDA_OPTIMUS_PRINCEPS_WARNING,,
AGENDA_PARANOID,StatementKey,ARGTYPE_IDENTITY,AGENDA_PARANOID_WARNING,,
AGENDA_QUEEN_OF_NILE,StatementKey,ARGTYPE_IDENTITY,AGENDA_QUEEN_OF_NILE_WARNING,,
AGENDA_ADJUST_GOVERNMENT_INTOLERANCE,IntoleranceMultiplier,ARGTYPE_IDENTITY,2,,
AGENDA_ADJUST_GOVERNMENT_INTOLERANCE,SameEraIntoleranceFlatBonus,ARGTYPE_IDENTITY,-6,,
AGENDA_EXPLOITATION,InitialValue,ARGTYPE_IDENTITY,0,,
AGENDA_EXPLOITATION,IncrementValue,ARGTYPE_IDENTITY,0,,
AGENDA_EXPLOITATION,StatementKey,ARGTYPE_IDENTITY,LOC_DIPLO_KUDO_LEADER_ANY_REASON_AGENDA_EXPLOITATION,,
AGENDA_EXPLOITATION,SimpleModifierDescription,ARGTYPE_IDENTITY,LOC_DIPLO_MODIFIER_DESCRIPTION_EXPLOITATION,,
AGENDA_EXPLOITATION,HiddenAgenda,ARGTYPE_IDENTITY,1,,
AGENDA_EXPLOITATION,TileImprovementHighThreshold,ARGTYPE_IDENTITY,75,,
AGENDA_EXPLOITATION,TileImprovementLowThreshold,ARGTYPE_IDENTITY,35,,
AGENDA_EXPLOITATION,PlotFeatureRemovalValue,ARGTYPE_IDENTITY,1,,
AGENDA_EXPLOITATION,NationalParkConstructionValue,ARGTYPE_IDENTITY,10,,
AGENDA_EXPLOITATION,TileImprovementPreferenceValue,ARGTYPE_IDENTITY,9,,
AGENDA_EXPLOITATION,MaxDiploModifierMagnitude,ARGTYPE_IDENTITY,10,,
AGENDA_EXPLOITATION,HighScoreThreshold,ARGTYPE_IDENTITY,15,,
AGENDA_EXPLOITATION,LowScoreThreshold,ARGTYPE_IDENTITY,-15,,
AGENDA_ALLY_OF_ENKIDU_FRIEND,InitialValue,ARGTYPE_IDENTITY,12,,
AGENDA_ALLY_OF_ENKIDU_FRIEND,ReductionTurns,ARGTYPE_IDENTITY,10,,
AGENDA_ALLY_OF_ENKIDU_FRIEND,ReductionValue,ARGTYPE_IDENTITY,1,,
AGENDA_ALLY_OF_ENKIDU_FRIEND,MessageThrottle,ARGTYPE_IDENTITY,20,,
AGENDA_ALLY_OF_ENKIDU_FRIEND,StatementKey,ARGTYPE_IDENTITY,LOC_DIPLO_KUDO_LEADER_GILGAMESH_REASON_ANY,,
AGENDA_ALLY_OF_ENKIDU_FRIEND,SimpleModifierDescription,ARGTYPE_IDENTITY,LOC_DIPLO_MODIFIER_ALLY_OF_ENKIDU_DECLARED_FRIEND,,
AGENDA_ALLY_OF_ENKIDU_DENOUNCED_FRIEND,InitialValue,ARGTYPE_IDENTITY,-12,,
AGENDA_ALLY_OF_ENKIDU_DENOUNCED_FRIEND,ReductionTurns,ARGTYPE_IDENTITY,10,,
AGENDA_ALLY_OF_ENKIDU_DENOUNCED_FRIEND,ReductionValue,ARGTYPE_IDENTITY,-1,,
AGENDA_ALLY_OF_ENKIDU_DENOUNCED_FRIEND,MessageThrottle,ARGTYPE_IDENTITY,20,,
AGENDA_ALLY_OF_ENKIDU_DENOUNCED_FRIEND,StatementKey,ARGTYPE_IDENTITY,LOC_DIPLO_WARNING_LEADER_GILGAMESH_REASON_ANY,,
AGENDA_ALLY_OF_ENKIDU_DENOUNCED_FRIEND,SimpleModifierDescription,ARGTYPE_IDENTITY,LOC_DIPLO_MODIFIER_ALLY_OF_ENKIDU_DENOUNCED_FRIEND,,
AGENDA_BACKSTAB_AVERSE_FRIEND,InitialValue,ARGTYPE_IDENTITY,1,,
AGENDA_BACKSTAB_AVERSE_FRIEND,MaxValue,ARGTYPE_IDENTITY,12,,
AGENDA_BACKSTAB_AVERSE_FRIEND,IncrementValue,ARGTYPE_IDENTITY,1,,
AGENDA_BACKSTAB_AVERSE_FRIEND,IncrementTurns,ARGTYPE_IDENTITY,10,,
AGENDA_BACKSTAB_AVERSE_FRIEND,StatementKey,ARGTYPE_IDENTITY,LOC_DIPLO_KUDO_LEADER_TOMYRIS_REASON_ANY,,
AGENDA_BACKSTAB_AVERSE_FRIEND,SimpleModifierDescription,ARGTYPE_IDENTITY,LOC_DIPLO_MODIFIER_BACKSTAB_AVERSE_FRIEND,,
AGENDA_BACKSTAB_AVERSE_SURPRISE_WAR,InitialValue,ARGTYPE_IDENTITY,-10,,
AGENDA_BACKSTAB_AVERSE_SURPRISE_WAR,ReductionTurns,ARGTYPE_IDENTITY,10,,
AGENDA_BACKSTAB_AVERSE_SURPRISE_WAR,ReductionValue,ARGTYPE_IDENTITY,-1,,
AGENDA_BACKSTAB_AVERSE_SURPRISE_WAR,StatementKey,ARGTYPE_IDENTITY,LOC_DIPLO_WARNING_LEADER_TOMYRIS_REASON_ANY,,
AGENDA_BACKSTAB_AVERSE_SURPRISE_WAR,SimpleModifierDescription,ARGTYPE_IDENTITY,LOC_DIPLO_MODIFIER_BACKSTAB_AVERSE_SURPRISE_WAR,,
AGENDA_CONTINENT_ATTACKED,InitialValue,ARGTYPE_IDENTITY,-12,,
AGENDA_CONTINENT_ATTACKED,StatementKey,ARGTYPE_IDENTITY,LOC_DIPLO_WARNING_LEADER_T_ROOSEVELT_REASON_ANY,,
AGENDA_CONTINENT_ATTACKED,SimpleModifierDescription,ARGTYPE_IDENTITY,LOC_DIPLO_MODIFIER_BIG_STICK_CONTINENT_ATTACKED,,
AGENDA_CONTINENT_PEACEFUL,InitialValue,ARGTYPE_IDENTITY,8,,
AGENDA_CONTINENT_PEACEFUL,StatementKey,ARGTYPE_IDENTITY,LOC_DIPLO_KUDO_LEADER_T_ROOSEVELT_REASON_ANY,,
AGENDA_CONTINENT_PEACEFUL,SimpleModifierDescription,ARGTYPE_IDENTITY,LOC_DIPLO_MODIFIER_BIG_STICK_CONTINENT_PEACEFUL,,
AGENDA_HAS_DESIRED_LUXURY,InitialValue,ARGTYPE_IDENTITY,-6,,
AGENDA_HAS_DESIRED_LUXURY,StatementKey,ARGTYPE_IDENTITY,LOC_DIPLO_WARNING_LEADER_MONTEZUMA_REASON_ANY,,
AGENDA_HAS_DESIRED_LUXURY,SimpleModifierDescription,ARGTYPE_IDENTITY,LOC_DIPLO_MODIFIER_TLATOANI_HAS_DESIRED_LUXURY,,
AGENDA_HAS_NO_DESIRED_LUXURY,InitialValue,ARGTYPE_IDENTITY,12,,
AGENDA_HAS_NO_DESIRED_LUXURY,StatementKey,ARGTYPE_IDENTITY,LOC_DIPLO_KUDO_LEADER_MONTEZUMA_REASON_ANY,,
AGENDA_HAS_NO_DESIRED_LUXURY,SimpleModifierDescription,ARGTYPE_IDENTITY,LOC_DIPLO_MODIFIER_TLATOANI_HAS_NO_DESIRED_LUXURY,,
AGENDA_MODIFIER_LAGS_GREAT_PEOPLE,InitialValue,ARGTYPE_IDENTITY,8,,
AGENDA_MODIFIER_LAGS_GREAT_PEOPLE,StatementKey,ARGTYPE_IDENTITY,LOC_DIPLO_KUDO_LEADER_PEDRO_REASON_ANY,,
AGENDA_MODIFIER_LAGS_GREAT_PEOPLE,SimpleModifierDescription,ARGTYPE_IDENTITY,LOC_DIPLO_MODIFIER_GREAT_PEOPLE_OBSESSED_LAGGING,,
AGENDA_MODIFIER_LEADS_GREAT_PEOPLE,InitialValue,ARGTYPE_IDENTITY,-12,,
AGENDA_MODIFIER_LEADS_GREAT_PEOPLE,StatementKey,ARGTYPE_IDENTITY,LOC_DIPLO_WARNING_LEADER_PEDRO_REASON_ANY,,
AGENDA_MODIFIER_LEADS_GREAT_PEOPLE,SimpleModifierDescription,ARGTYPE_IDENTITY,LOC_DIPLO_MODIFIER_GREAT_PEOPLE_OBSESSED_LEADING,,
AGENDA_MODIFIER_LAGS_PROGRESS,InitialValue,ARGTYPE_IDENTITY,-7,,
AGENDA_MODIFIER_LAGS_PROGRESS,StatementKey,ARGTYPE_IDENTITY,LOC_DIPLO_WARNING_LEADER_PETER_GREAT_REASON_ANY,,
AGENDA_MODIFIER_LAGS_PROGRESS,SimpleModifierDescription,ARGTYPE_IDENTITY,LOC_DIPLO_MODIFIER_WESTERNIZER_LAGGING,,
AGENDA_MODIFIER_LEADS_PROGRESS,InitialValue,ARGTYPE_IDENTITY,7,,
AGENDA_MODIFIER_LEADS_PROGRESS,StatementKey,ARGTYPE_IDENTITY,LOC_DIPLO_KUDO_LEADER_PETER_GREAT_REASON_ANY,,
AGENDA_MODIFIER_LEADS_PROGRESS,SimpleModifierDescription,ARGTYPE_IDENTITY,LOC_DIPLO_MODIFIER_WESTERNIZER_LEADING,,
AGENDA_MODIFIER_LAGS_WONDERS,InitialValue,ARGTYPE_IDENTITY,8,,
AGENDA_MODIFIER_LAGS_WONDERS,StatementKey,ARGTYPE_IDENTITY,LOC_DIPLO_KUDO_LEADER_QIN_REASON_ANY,,
AGENDA_MODIFIER_LAGS_WONDERS,SimpleModifierDescription,ARGTYPE_IDENTITY,LOC_DIPLO_MODIFIER_WONDER_OBSESSED_LAGGING,,
AGENDA_MODIFIER_LEADS_WONDERS,InitialValue,ARGTYPE_IDENTITY,-12,,
AGENDA_MODIFIER_LEADS_WONDERS,StatementKey,ARGTYPE_IDENTITY,LOC_DIPLO_WARNING_LEADER_QIN_REASON_ANY,,
AGENDA_MODIFIER_LEADS_WONDERS,SimpleModifierDescription,ARGTYPE_IDENTITY,LOC_DIPLO_MODIFIER_WONDER_OBSESSED_LEADING,,
AGENDA_MODIFIER_WITH_SHIELD_OR_ON_IT,InitialValue,ARGTYPE_IDENTITY,0,,
AGENDA_MODIFIER_WITH_SHIELD_OR_ON_IT,IncrementValue,ARGTYPE_IDENTITY,0,,
AGENDA_MODIFIER_WITH_SHIELD_OR_ON_IT,StatementKey,ARGTYPE_IDENTITY,LOC_DIPLO_WARNING_LEADER_GORGO_REASON_ANY,,
AGENDA_MODIFIER_WITH_SHIELD_OR_ON_IT,SimpleModifierDescription,ARGTYPE_IDENTITY,LOC_DIPLO_MODIFIER_WITH_SHIELD_OR_ON_IT,,
AGENDA_MODIFIER_WITH_SHIELD_OR_ON_IT,MaxDiploModifierMagnitude,ARGTYPE_IDENTITY,12,,
AGENDA_MODIFIER_WITH_SHIELD_OR_ON_IT,HighThreshold,ARGTYPE_IDENTITY,4,,
AGENDA_MODIFIER_WITH_SHIELD_OR_ON_IT,LowThreshold,ARGTYPE_IDENTITY,-1,,
AGENDA_MODIFIER_WITH_SHIELD_OR_ON_IT,AvoidedWarPenalty,ARGTYPE_IDENTITY,-4,,
AGENDA_MODIFIER_WITH_SHIELD_OR_ON_IT,AvoidedWarPenaltyTurnsToRampUp,ARGTYPE_IDENTITY,15,,
AGENDA_MODIFIER_WITH_SHIELD_OR_ON_IT,PaidForPeacePenalty,ARGTYPE_IDENTITY,-8,,
AGENDA_MODIFIER_WITH_SHIELD_OR_ON_IT,PaidForPeacePenaltyTurnsToFadeOut,ARGTYPE_IDENTITY,30,,
AGENDA_MODIFIER_WITH_SHIELD_OR_ON_IT,ReductionValue,ARGTYPE_IDENTITY,0,,
AGENDA_MODIFIER_WITH_SHIELD_OR_ON_IT,ReductionTurns,ARGTYPE_IDENTITY,2,,
AGENDA_MODIFIER_NEVER_AT_WAR,InitialValue,ARGTYPE_IDENTITY,-4,,
AGENDA_MODIFIER_NEVER_AT_WAR,StatementKey,ARGTYPE_IDENTITY,LOC_DIPLO_WARNING_LEADER_GORGO_REASON_ANY,,
AGENDA_MODIFIER_NEVER_AT_WAR,SimpleModifierDescription,ARGTYPE_IDENTITY,LOC_DIPLO_MODIFIER_WITH_SHIELD_NEVER_WARRED,,
AGENDA_MODIFIER_NOT_WARMONGER,InitialValue,ARGTYPE_IDENTITY,5,,
AGENDA_MODIFIER_NOT_WARMONGER,StatementKey,ARGTYPE_IDENTITY,LOC_DIPLO_KUDO_LEADER_GANDHI_REASON_ANY,,
AGENDA_MODIFIER_NOT_WARMONGER,SimpleModifierDescription,ARGTYPE_IDENTITY,LOC_DIPLO_MODIFIER_PEACEKEEPER_NOT_WARMONGER,,
AGENDA_MODIFIER_WARMONGER,InitialValue,ARGTYPE_IDENTITY,-8,,
AGENDA_MODIFIER_WARMONGER,StatementKey,ARGTYPE_IDENTITY,LOC_DIPLO_WARNING_LEADER_GANDHI_REASON_ANY,,
AGENDA_MODIFIER_WARMONGER,SimpleModifierDescription,ARGTYPE_IDENTITY,LOC_DIPLO_MODIFIER_PEACEKEEPER_WARMONGER,,
AGENDA_MODIFIER_SAME_RELIGION,InitialValue,ARGTYPE_IDENTITY,8,,
AGENDA_MODIFIER_SAME_RELIGION,StatementKey,ARGTYPE_IDENTITY,LOC_DIPLO_KUDO_LEADER_PHILIP_II_REASON_ANY,,
AGENDA_MODIFIER_SAME_RELIGION,SimpleModifierDescription,ARGTYPE_IDENTITY,LOC_DIPLO_MODIFIER_COUNTER_REFORMER_SAME,,
AGENDA_MODIFIER_ENCROACHING_RELIGION,InitialValue,ARGTYPE_IDENTITY,-12,,
AGENDA_MODIFIER_ENCROACHING_RELIGION,StatementKey,ARGTYPE_IDENTITY,LOC_DIPLO_WARNING_LEADER_PHILIP_II_REASON_ANY,,
AGENDA_MODIFIER_ENCROACHING_RELIGION,SimpleModifierDescription,ARGTYPE_IDENTITY,LOC_DIPLO_MODIFIER_COUNTER_REFORMER_ENCROACHING,,
AGENDA_MODIFIER_DELIAN_NOT_COMPETING_MINORS,InitialValue,ARGTYPE_IDENTITY,12,,
AGENDA_MODIFIER_DELIAN_NOT_COMPETING_MINORS,StatementKey,ARGTYPE_IDENTITY,LOC_DIPLO_KUDO_LEADER_PERICLES_REASON_ANY,,
AGENDA_MODIFIER_DELIAN_NOT_COMPETING_MINORS,SimpleModifierDescription,ARGTYPE_IDENTITY,LOC_DIPLO_MODIFIER_DELIAN_NOT_COMPETING,,
AGENDA_MODIFIER_DELIAN_COMPETING_MINORS,InitialValue,ARGTYPE_IDENTITY,-6,,
AGENDA_MODIFIER_DELIAN_COMPETING_MINORS,StatementKey,ARGTYPE_IDENTITY,LOC_DIPLO_WARNING_LEADER_PERICLES_REASON_ANY,,
AGENDA_MODIFIER_DELIAN_COMPETING_MINORS,SimpleModifierDescription,ARGTYPE_IDENTITY,LOC_DIPLO_MODIFIER_DELIAN_COMPETING,,
AGENDA_MODIFIER_NOT_COMPETING_MINORS,InitialValue,ARGTYPE_IDENTITY,12,,
AGENDA_MODIFIER_NOT_COMPETING_MINORS,StatementKey,ARGTYPE_IDENTITY,LOC_DIPLO_KUDO_LEADER_ANY_REASON_AGENDA_MODIFIER_NOT_COMPETING_MINORS,,
AGENDA_MODIFIER_NOT_COMPETING_MINORS,SimpleModifierDescription,ARGTYPE_IDENTITY,LOC_DIPLO_MODIFIER_CITY_STATE_NOT_COMPETING,,
AGENDA_MODIFIER_NOT_COMPETING_MINORS,HiddenAgenda,ARGTYPE_IDENTITY,1,,
AGENDA_MODIFIER_COMPETING_MINORS,InitialValue,ARGTYPE_IDENTITY,-6,,
AGENDA_MODIFIER_COMPETING_MINORS,StatementKey,ARGTYPE_IDENTITY,LOC_DIPLO_WARNING_LEADER_ANY_REASON_AGENDA_MODIFIER_COMPETING_MINORS,,
AGENDA_MODIFIER_COMPETING_MINORS,SimpleModifierDescription,ARGTYPE_IDENTITY,LOC_DIPLO_MODIFIER_CITY_STATE_COMPETING,,
AGENDA_MODIFIER_COMPETING_MINORS,HiddenAgenda,ARGTYPE_IDENTITY,1,,
AGENDA_MODIFIER_RELIGION_RECEIVED,InitialValue,ARGTYPE_IDENTITY,12,,
AGENDA_MODIFIER_RELIGION_RECEIVED,StatementKey,ARGTYPE_IDENTITY,LOC_DIPLO_KUDO_LEADER_MVEMBA_REASON_ANY,,
AGENDA_MODIFIER_RELIGION_RECEIVED,SimpleModifierDescription,ARGTYPE_IDENTITY,LOC_DIPLO_MODIFIER_DISCIPLE_RECEIVED,,
AGENDA_MODIFIER_RELIGION_NOT_RECEIVED,InitialValue,ARGTYPE_IDENTITY,-7,,
AGENDA_MODIFIER_RELIGION_NOT_RECEIVED,StatementKey,ARGTYPE_IDENTITY,LOC_DIPLO_WARNING_LEADER_MVEMBA_REASON_ANY,,
AGENDA_MODIFIER_RELIGION_NOT_RECEIVED,SimpleModifierDescription,ARGTYPE_IDENTITY,LOC_DIPLO_MODIFIER_DISCIPLE_NOT_RECEIVED,,
AGENDA_MODIFIER_NOT_INVOLVED_MINORS,InitialValue,ARGTYPE_IDENTITY,12,,
AGENDA_MODIFIER_NOT_INVOLVED_MINORS,StatementKey,ARGTYPE_IDENTITY,LOC_DIPLO_KUDO_LEADER_BARBAROSSA_REASON_ANY,,
AGENDA_MODIFIER_NOT_INVOLVED_MINORS,SimpleModifierDescription,ARGTYPE_IDENTITY,LOC_DIPLO_MODIFIER_IRON_CROWN_NOT_INVOLVED,,
AGENDA_MODIFIER_CONQUERING_ALLYING_MINORS,InitialValue,ARGTYPE_IDENTITY,-5,,
AGENDA_MODIFIER_CONQUERING_ALLYING_MINORS,StatementKey,ARGTYPE_IDENTITY,LOC_DIPLO_WARNING_LEADER_BARBAROSSA_REASON_ANY,,
AGENDA_MODIFIER_CONQUERING_ALLYING_MINORS,SimpleModifierDescription,ARGTYPE_IDENTITY,LOC_DIPLO_MODIFIER_IRON_CROWN_INVOLVED,,
AGENDA_SUN_SETS_HOME_CONTINENT,InitialValue,ARGTYPE_IDENTITY,12,,
AGENDA_SUN_SETS_HOME_CONTINENT,StatementKey,ARGTYPE_IDENTITY,LOC_DIPLO_KUDO_LEADER_VICTORIA_REASON_ANY,,
AGENDA_SUN_SETS_HOME_CONTINENT,SimpleModifierDescription,ARGTYPE_IDENTITY,LOC_DIPLO_MODIFIER_SUN_SETS_HOME_CONTINENT,,
AGENDA_SUN_SETS_NEW_CONTINENT,InitialValue,ARGTYPE_IDENTITY,-5,,
AGENDA_SUN_SETS_NEW_CONTINENT,StatementKey,ARGTYPE_IDENTITY,LOC_DIPLO_WARNING_LEADER_VICTORIA_REASON_ANY,,
AGENDA_SUN_SETS_NEW_CONTINENT,SimpleModifierDescription,ARGTYPE_IDENTITY,LOC_DIPLO_MODIFIER_SUN_SETS_NEW_CONTINENT,,
AGENDA_ENJOYS_WAR,InitialValue,ARGTYPE_IDENTITY,8,,
AGENDA_ENJOYS_WAR,ReductionTurns,ARGTYPE_IDENTITY,10,,
AGENDA_ENJOYS_WAR,ReductionValue,ARGTYPE_IDENTITY,-1,,
AGENDA_ENJOYS_WAR,StatementKey,ARGTYPE_IDENTITY,LOC_DIPLO_KUDO_LEADER_ANY_REASON_AGENDA_ENJOYS_WAR,,
AGENDA_ENJOYS_WAR,SimpleModifierDescription,ARGTYPE_IDENTITY,LOC_DIPLO_MODIFIER_DESCRIPTION_ENJOYS_WAR,,
AGENDA_ENJOYS_WAR,HiddenAgenda,ARGTYPE_IDENTITY,1,,
AGENDA_HIGH_CULTURE,InitialValue,ARGTYPE_IDENTITY,6,,
AGENDA_HIGH_CULTURE,StatementKey,ARGTYPE_IDENTITY,LOC_DIPLO_KUDO_LEADER_ANY_REASON_AGENDA_HIGH_CULTURE,,
AGENDA_HIGH_CULTURE,SimpleModifierDescription,ARGTYPE_IDENTITY,LOC_DIPLO_MODIFIER_DESCRIPTION_HIGH_CULTURE,,
AGENDA_HIGH_CULTURE,HiddenAgenda,ARGTYPE_IDENTITY,1,,
AGENDA_LOW_CULTURE,InitialValue,ARGTYPE_IDENTITY,-6,,
AGENDA_LOW_CULTURE,StatementKey,ARGTYPE_IDENTITY,LOC_DIPLO_WARNING_LEADER_ANY_REASON_AGENDA_LOW_CULTURE,,
AGENDA_LOW_CULTURE,SimpleModifierDescription,ARGTYPE_IDENTITY,LOC_DIPLO_MODIFIER_DESCRIPTION_LOW_CULTURE,,
AGENDA_LOW_CULTURE,HiddenAgenda,ARGTYPE_IDENTITY,1,,
AGENDA_HIGH_PROTECT_CITY_STATES,InitialValue,ARGTYPE_IDENTITY,6,,
AGENDA_HIGH_PROTECT_CITY_STATES,StatementKey,ARGTYPE_IDENTITY,LOC_DIPLO_KUDO_LEADER_ANY_REASON_AGENDA_PROTECTS_CITY_STATES,,
AGENDA_HIGH_PROTECT_CITY_STATES,SimpleModifierDescription,ARGTYPE_IDENTITY,LOC_DIPLO_MODIFIER_DESCRIPTION_HIGH_CITY_STATE_PROTECTION,,
AGENDA_HIGH_PROTECT_CITY_STATES,HiddenAgenda,ARGTYPE_IDENTITY,1,,
AGENDA_MED_PROTECT_CITY_STATES,InitialValue,ARGTYPE_IDENTITY,3,,
AGENDA_MED_PROTECT_CITY_STATES,SimpleModifierDescription,ARGTYPE_IDENTITY,LOC_DIPLO_MODIFIER_DESCRIPTION_MED_CITY_STATE_PROTECTION,,
AGENDA_MED_PROTECT_CITY_STATES,HiddenAgenda,ARGTYPE_IDENTITY,1,,
AGENDA_MED_ATTACK_CITY_STATES,InitialValue,ARGTYPE_IDENTITY,-3,,
AGENDA_MED_ATTACK_CITY_STATES,SimpleModifierDescription,ARGTYPE_IDENTITY,LOC_DIPLO_MODIFIER_DESCRIPTION_MED_CITY_STATE_AGGRESSION,,
AGENDA_MED_ATTACK_CITY_STATES,HiddenAgenda,ARGTYPE_IDENTITY,1,,
AGENDA_HIGH_ATTACK_CITY_STATES,InitialValue,ARGTYPE_IDENTITY,-6,,
AGENDA_HIGH_ATTACK_CITY_STATES,StatementKey,ARGTYPE_IDENTITY,LOC_DIPLO_WARNING_LEADER_ANY_REASON_AGENDA_ATTACKS_CITY_STATES,,
AGENDA_HIGH_ATTACK_CITY_STATES,SimpleModifierDescription,ARGTYPE_IDENTITY,LOC_DIPLO_MODIFIER_DESCRIPTION_HIGH_CITY_STATE_AGGRESSION,,
AGENDA_HIGH_ATTACK_CITY_STATES,HiddenAgenda,ARGTYPE_IDENTITY,1,,
AGENDA_HIGH_FAITH,InitialValue,ARGTYPE_IDENTITY,6,,
AGENDA_HIGH_FAITH,StatementKey,ARGTYPE_IDENTITY,LOC_DIPLO_KUDO_LEADER_ANY_REASON_AGENDA_HIGH_FAITH,,
AGENDA_HIGH_FAITH,SimpleModifierDescription,ARGTYPE_IDENTITY,LOC_DIPLO_MODIFIER_DESCRIPTION_HIGH_FAITH,,
AGENDA_HIGH_FAITH,HiddenAgenda,ARGTYPE_IDENTITY,1,,
AGENDA_LOW_FAITH,InitialValue,ARGTYPE_IDENTITY,-6,,
AGENDA_LOW_FAITH,StatementKey,ARGTYPE_IDENTITY,LOC_DIPLO_WARNING_LEADER_ANY_REASON_AGENDA_LOW_FAITH,,
AGENDA_LOW_FAITH,SimpleModifierDescription,ARGTYPE_IDENTITY,LOC_DIPLO_MODIFIER_DESCRIPTION_LOW_FAITH,,
AGENDA_LOW_FAITH,HiddenAgenda,ARGTYPE_IDENTITY,1,,
AGENDA_CLEARS_BARBARIAN_CAMPS,InitialValue,ARGTYPE_IDENTITY,6,,
AGENDA_CLEARS_BARBARIAN_CAMPS,StatementKey,ARGTYPE_IDENTITY,LOC_DIPLO_KUDO_LEADER_ANY_REASON_AGENDA_ATTACKS_BARBARIANS,,
AGENDA_CLEARS_BARBARIAN_CAMPS,SimpleModifierDescription,ARGTYPE_IDENTITY,LOC_DIPLO_MODIFIER_DESCRIPTION_ATTACKS_BARBARIANS,,
AGENDA_CLEARS_BARBARIAN_CAMPS,HiddenAgenda,ARGTYPE_IDENTITY,1,,
AGENDA_IGNORES_BARBARIAN_CAMPS,InitialValue,ARGTYPE_IDENTITY,-6,,
AGENDA_IGNORES_BARBARIAN_CAMPS,StatementKey,ARGTYPE_IDENTITY,LOC_DIPLO_WARNING_LEADER_ANY_REASON_AGENDA_IGNORES_BARBARIANS,,
AGENDA_IGNORES_BARBARIAN_CAMPS,SimpleModifierDescription,ARGTYPE_IDENTITY,LOC_DIPLO_MODIFIER_DESCRIPTION_IGNORES_BARBARIANS,,
AGENDA_IGNORES_BARBARIAN_CAMPS,HiddenAgenda,ARGTYPE_IDENTITY,1,,
AGENDA_HIGH_EXPLORATION,InitialValue,ARGTYPE_IDENTITY,-6,,
AGENDA_HIGH_EXPLORATION,StatementKey,ARGTYPE_IDENTITY,LOC_DIPLO_WARNING_LEADER_ANY_REASON_AGENDA_HIGH_EXPLORATION,,
AGENDA_HIGH_EXPLORATION,SimpleModifierDescription,ARGTYPE_IDENTITY,LOC_DIPLO_MODIFIER_DESCRIPTION_HIGH_EXPLORATION,,
AGENDA_HIGH_EXPLORATION,HiddenAgenda,ARGTYPE_IDENTITY,1,,
AGENDA_LOW_EXPLORATION,InitialValue,ARGTYPE_IDENTITY,6,,
AGENDA_LOW_EXPLORATION,StatementKey,ARGTYPE_IDENTITY,LOC_DIPLO_KUDO_LEADER_ANY_REASON_AGENDA_LOW_EXPLORATION,,
AGENDA_LOW_EXPLORATION,SimpleModifierDescription,ARGTYPE_IDENTITY,LOC_DIPLO_MODIFIER_DESCRIPTION_LOW_EXPLORATION,,
AGENDA_LOW_EXPLORATION,HiddenAgenda,ARGTYPE_IDENTITY,1,,
AGENDA_HIGH_HAPPINESS,InitialValue,ARGTYPE_IDENTITY,6,,
AGENDA_HIGH_HAPPINESS,StatementKey,ARGTYPE_IDENTITY,LOC_DIPLO_KUDO_LEADER_ANY_REASON_AGENDA_HIGH_HAPPINESS,,
AGENDA_HIGH_HAPPINESS,SimpleModifierDescription,ARGTYPE_IDENTITY,LOC_DIPLO_MODIFIER_DESCRIPTION_HIGH_HAPPINESS,,
AGENDA_HIGH_HAPPINESS,HiddenAgenda,ARGTYPE_IDENTITY,1,,
AGENDA_LOW_HAPPINESS,InitialValue,ARGTYPE_IDENTITY,-6,,
AGENDA_LOW_HAPPINESS,StatementKey,ARGTYPE_IDENTITY,LOC_DIPLO_WARNING_LEADER_ANY_REASON_AGENDA_LOW_HAPPINESS,,
AGENDA_LOW_HAPPINESS,SimpleModifierDescription,ARGTYPE_IDENTITY,LOC_DIPLO_MODIFIER_DESCRIPTION_LOW_HAPPINESS,,
AGENDA_LOW_HAPPINESS,HiddenAgenda,ARGTYPE_IDENTITY,1,,
AGENDA_HIGH_INDUSTRY,InitialValue,ARGTYPE_IDENTITY,6,,
AGENDA_HIGH_INDUSTRY,StatementKey,ARGTYPE_IDENTITY,LOC_DIPLO_KUDO_LEADER_ANY_REASON_AGENDA_HIGH_INDUSTRY,,
AGENDA_HIGH_INDUSTRY,SimpleModifierDescription,ARGTYPE_IDENTITY,LOC_DIPLO_MODIFIER_DESCRIPTION_HIGH_INDUSTRY,,
AGENDA_HIGH_INDUSTRY,HiddenAgenda,ARGTYPE_IDENTITY,1,,
AGENDA_LOW_INDUSTRY,InitialValue,ARGTYPE_IDENTITY,-6,,
AGENDA_LOW_INDUSTRY,StatementKey,ARGTYPE_IDENTITY,LOC_DIPLO_WARNING_LEADER_ANY_REASON_AGENDA_LOW_INDUSTRY,,
AGENDA_LOW_INDUSTRY,SimpleModifierDescription,ARGTYPE_IDENTITY,LOC_DIPLO_MODIFIER_DESCRIPTION_LOW_INDUSTRY,,
AGENDA_LOW_INDUSTRY,HiddenAgenda,ARGTYPE_IDENTITY,1,,
AGENDA_HIGH_NUKE_LOVE,InitialValue,ARGTYPE_IDENTITY,6,,
AGENDA_HIGH_NUKE_LOVE,StatementKey,ARGTYPE_IDENTITY,LOC_DIPLO_KUDO_LEADER_ANY_REASON_AGENDA_HIGH_NUKE_LOVE,,
AGENDA_HIGH_NUKE_LOVE,SimpleModifierDescription,ARGTYPE_IDENTITY,LOC_DIPLO_MODIFIER_DESCRIPTION_HIGH_NUKE_LOVE,,
AGENDA_HIGH_NUKE_LOVE,HiddenAgenda,ARGTYPE_IDENTITY,1,,
AGENDA_LOW_NUKE_LOVE,InitialValue,ARGTYPE_IDENTITY,-6,,
AGENDA_LOW_NUKE_LOVE,StatementKey,ARGTYPE_IDENTITY,LOC_DIPLO_WARNING_LEADER_ANY_REASON_AGENDA_LOW_NUKE_LOVE,,
AGENDA_LOW_NUKE_LOVE,SimpleModifierDescription,ARGTYPE_IDENTITY,LOC_DIPLO_MODIFIER_DESCRIPTION_LOW_NUKE_LOVE,,
AGENDA_LOW_NUKE_LOVE,HiddenAgenda,ARGTYPE_IDENTITY,1,,
AGENDA_HIGH_POPULATION,InitialValue,ARGTYPE_IDENTITY,6,,
AGENDA_HIGH_POPULATION,StatementKey,ARGTYPE_IDENTITY,LOC_DIPLO_KUDO_LEADER_ANY_REASON_AGENDA_HIGH_POPULATION,,
AGENDA_HIGH_POPULATION,SimpleModifierDescription,ARGTYPE_IDENTITY,LOC_DIPLO_MODIFIER_DESCRIPTION_HIGH_POPULATION,,
AGENDA_HIGH_POPULATION,HiddenAgenda,ARGTYPE_IDENTITY,1,,
AGENDA_LOW_POPULATION,InitialValue,ARGTYPE_IDENTITY,-6,,
AGENDA_LOW_POPULATION,StatementKey,ARGTYPE_IDENTITY,LOC_DIPLO_WARNING_LEADER_ANY_REASON_AGENDA_LOW_POPULATION,,
AGENDA_LOW_POPULATION,SimpleModifierDescription,ARGTYPE_IDENTITY,LOC_DIPLO_MODIFIER_DESCRIPTION_LOW_POPULATION,,
AGENDA_LOW_POPULATION,HiddenAgenda,ARGTYPE_IDENTITY,1,,
AGENDA_HIGH_SCIENCE,InitialValue,ARGTYPE_IDENTITY,6,,
AGENDA_HIGH_SCIENCE,StatementKey,ARGTYPE_IDENTITY,LOC_DIPLO_KUDO_LEADER_ANY_REASON_AGENDA_HIGH_SCIENCE,,
AGENDA_HIGH_SCIENCE,SimpleModifierDescription,ARGTYPE_IDENTITY,LOC_DIPLO_MODIFIER_DESCRIPTION_HIGH_SCIENCE,,
AGENDA_HIGH_SCIENCE,HiddenAgenda,ARGTYPE_IDENTITY,1,,
AGENDA_LOW_SCIENCE,InitialValue,ARGTYPE_IDENTITY,-6,,
AGENDA_LOW_SCIENCE,StatementKey,ARGTYPE_IDENTITY,LOC_DIPLO_WARNING_LEADER_ANY_REASON_AGENDA_LOW_SCIENCE,,
AGENDA_LOW_SCIENCE,SimpleModifierDescription,ARGTYPE_IDENTITY,LOC_DIPLO_MODIFIER_DESCRIPTION_LOW_SCIENCE,,
AGENDA_LOW_SCIENCE,HiddenAgenda,ARGTYPE_IDENTITY,1,,
AGENDA_HIGH_STANDING_ARMY,InitialValue,ARGTYPE_IDENTITY,6,,
AGENDA_HIGH_STANDING_ARMY,StatementKey,ARGTYPE_IDENTITY,LOC_DIPLO_KUDO_LEADER_ANY_REASON_AGENDA_HIGH_STANDING_ARMY,,
AGENDA_HIGH_STANDING_ARMY,SimpleModifierDescription,ARGTYPE_IDENTITY,LOC_DIPLO_MODIFIER_DESCRIPTION_HIGH_STANDING_ARMY,,
AGENDA_HIGH_STANDING_ARMY,HiddenAgenda,ARGTYPE_IDENTITY,1,,
AGENDA_LOW_STANDING_ARMY,InitialValue,ARGTYPE_IDENTITY,-6,,
AGENDA_LOW_STANDING_ARMY,StatementKey,ARGTYPE_IDENTITY,LOC_DIPLO_WARNING_LEADER_ANY_REASON_AGENDA_LOW_STANDING_ARMY,,
AGENDA_LOW_STANDING_ARMY,SimpleModifierDescription,ARGTYPE_IDENTITY,LOC_DIPLO_MODIFIER_DESCRIPTION_LOW_STANDING_ARMY,,
AGENDA_LOW_STANDING_ARMY,HiddenAgenda,ARGTYPE_IDENTITY,1,,
AGENDA_HIGH_AIRPOWER,InitialValue,ARGTYPE_IDENTITY,6,,
AGENDA_HIGH_AIRPOWER,StatementKey,ARGTYPE_IDENTITY,LOC_DIPLO_KUDO_LEADER_ANY_REASON_AGENDA_HIGH_AIRPOWER,,
AGENDA_HIGH_AIRPOWER,SimpleModifierDescription,ARGTYPE_IDENTITY,LOC_DIPLO_MODIFIER_DESCRIPTION_HIGH_AIRPOWER,,
AGENDA_HIGH_AIRPOWER,HiddenAgenda,ARGTYPE_IDENTITY,1,,
AGENDA_LOW_AIRPOWER,InitialValue,ARGTYPE_IDENTITY,-6,,
AGENDA_LOW_AIRPOWER,StatementKey,ARGTYPE_IDENTITY,LOC_DIPLO_WARNING_LEADER_ANY_REASON_AGENDA_LOW_AIRPOWER,,
AGENDA_LOW_AIRPOWER,SimpleModifierDescription,ARGTYPE_IDENTITY,LOC_DIPLO_MODIFIER_DESCRIPTION_LOW_AIRPOWER,,
AGENDA_LOW_AIRPOWER,HiddenAgenda,ARGTYPE_IDENTITY,1,,
AGENDA_MODIFIER_GREAT_PERSON_ADVOCATE_LAG,InitialValue,ARGTYPE_IDENTITY,6,,
AGENDA_MODIFIER_GREAT_PERSON_ADVOCATE_LAG,StatementKey,ARGTYPE_IDENTITY,LOC_DIPLO_KUDO_LEADER_ANY_REASON_ AGENDA_GREAT_PERSON_ADVOCATE,,
AGENDA_MODIFIER_GREAT_PERSON_ADVOCATE_LAG,SimpleModifierDescription,ARGTYPE_IDENTITY,LOC_DIPLO_MODIFIER_GREAT_PEOPLE_ADVOCATE_LAGGING,,
AGENDA_MODIFIER_GREAT_PERSON_ADVOCATE_LAG,HiddenAgenda,ARGTYPE_IDENTITY,1,,
AGENDA_MODIFIER_GREAT_PERSON_ADVOCATE_LEAD,InitialValue,ARGTYPE_IDENTITY,-6,,
AGENDA_MODIFIER_GREAT_PERSON_ADVOCATE_LEAD,StatementKey,ARGTYPE_IDENTITY,LOC_DIPLO_WARNING_LEADER_ANY_REASON_AGENDA_GREAT_PERSON_ADVOCATE,,
AGENDA_MODIFIER_GREAT_PERSON_ADVOCATE_LEAD,SimpleModifierDescription,ARGTYPE_IDENTITY,LOC_DIPLO_MODIFIER_GREAT_PEOPLE_ADVOCATE_LEADING,,
AGENDA_MODIFIER_GREAT_PERSON_ADVOCATE_LEAD,HiddenAgenda,ARGTYPE_IDENTITY,1,,
AGENDA_MODIFIER_WONDER_ADVOCATE_LAG,InitialValue,ARGTYPE_IDENTITY,6,,
AGENDA_MODIFIER_WONDER_ADVOCATE_LAG,StatementKey,ARGTYPE_IDENTITY,LOC_DIPLO_KUDO_LEADER_ANY_REASON_AGENDA_WONDER_ADVOCATE,,
AGENDA_MODIFIER_WONDER_ADVOCATE_LAG,SimpleModifierDescription,ARGTYPE_IDENTITY,LOC_DIPLO_MODIFIER_WONDER_ADVOCATE_LAGGING,,
AGENDA_MODIFIER_WONDER_ADVOCATE_LAG,HiddenAgenda,ARGTYPE_IDENTITY,1,,
AGENDA_MODIFIER_WONDER_ADVOCATE_LEAD,InitialValue,ARGTYPE_IDENTITY,-6,,
AGENDA_MODIFIER_WONDER_ADVOCATE_LEAD,StatementKey,ARGTYPE_IDENTITY,LOC_DIPLO_WARNING_LEADER_ANY_REASON_AGENDA_WONDER_ADVOCATE,,
AGENDA_MODIFIER_WONDER_ADVOCATE_LEAD,SimpleModifierDescription,ARGTYPE_IDENTITY,LOC_DIPLO_MODIFIER_WONDER_ADVOCATE_LEADING,,
AGENDA_MODIFIER_WONDER_ADVOCATE_LEAD,HiddenAgenda,ARGTYPE_IDENTITY,1,,
AGENDA_SAME_GOVERNMENT,InitialValue,ARGTYPE_IDENTITY,6,,
AGENDA_SAME_GOVERNMENT,StatementKey,ARGTYPE_IDENTITY,LOC_DIPLO_KUDO_LEADER_ANY_REASON_AGENDA_SAME_GOVERNMENT,,
AGENDA_SAME_GOVERNMENT,SimpleModifierDescription,ARGTYPE_IDENTITY,LOC_DIPLO_MODIFIER_DESCRIPTION_SAME_GOVERNMENT,,
AGENDA_SAME_GOVERNMENT,HiddenAgenda,ARGTYPE_IDENTITY,1,,
AGENDA_DIFFERENT_GOVERNMENT,InitialValue,ARGTYPE_IDENTITY,-6,,
AGENDA_DIFFERENT_GOVERNMENT,StatementKey,ARGTYPE_IDENTITY,LOC_DIPLO_WARNING_LEADER_ANY_REASON_AGENDA_DIFFERENT_GOVERNMENT,,
AGENDA_DIFFERENT_GOVERNMENT,SimpleModifierDescription,ARGTYPE_IDENTITY,LOC_DIPLO_MODIFIER_DESCRIPTION_DIFFERENT_GOVERNMENT,,
AGENDA_DIFFERENT_GOVERNMENT,HiddenAgenda,ARGTYPE_IDENTITY,1,,
AGENDA_PARANOID,HiddenAgenda,ARGTYPE_IDENTITY,1,,
NONAGENDA_IGNORE_WARMONGERING,Amount,ARGTYPE_IDENTITY,0,,
DANCE_OF_THE_AURORA_FAITHTUNDRAADJACENCY,DistrictType,ARGTYPE_IDENTITY,DISTRICT_HOLY_SITE,,
DANCE_OF_THE_AURORA_FAITHTUNDRAADJACENCY,TerrainType,ARGTYPE_IDENTITY,TERRAIN_TUNDRA,,
DANCE_OF_THE_AURORA_FAITHTUNDRAADJACENCY,YieldType,ARGTYPE_IDENTITY,YIELD_FAITH,,
DANCE_OF_THE_AURORA_FAITHTUNDRAADJACENCY,Amount,ARGTYPE_IDENTITY,1,,
DANCE_OF_THE_AURORA_FAITHTUNDRAADJACENCY,Description,ARGTYPE_IDENTITY,LOC_DISTRICT_TUNDRA_FAITH,,
DANCE_OF_THE_AURORA_FAITHTUNDRAHILLSADJACENCY,DistrictType,ARGTYPE_IDENTITY,DISTRICT_HOLY_SITE,,
DANCE_OF_THE_AURORA_FAITHTUNDRAHILLSADJACENCY,TerrainType,ARGTYPE_IDENTITY,TERRAIN_TUNDRA_HILLS,,
DANCE_OF_THE_AURORA_FAITHTUNDRAHILLSADJACENCY,YieldType,ARGTYPE_IDENTITY,YIELD_FAITH,,
DANCE_OF_THE_AURORA_FAITHTUNDRAHILLSADJACENCY,Amount,ARGTYPE_IDENTITY,1,,
DANCE_OF_THE_AURORA_FAITHTUNDRAHILLSADJACENCY,Description,ARGTYPE_IDENTITY,LOC_DISTRICT_TUNDRA_FAITH,,
DESERT_FOLKLORE_FAITHDESERTADJACENCY,DistrictType,ARGTYPE_IDENTITY,DISTRICT_HOLY_SITE,,
DESERT_FOLKLORE_FAITHDESERTADJACENCY,TerrainType,ARGTYPE_IDENTITY,TERRAIN_DESERT,,
DESERT_FOLKLORE_FAITHDESERTADJACENCY,YieldType,ARGTYPE_IDENTITY,YIELD_FAITH,,
DESERT_FOLKLORE_FAITHDESERTADJACENCY,Amount,ARGTYPE_IDENTITY,1,,
DESERT_FOLKLORE_FAITHDESERTADJACENCY,Description,ARGTYPE_IDENTITY,LOC_DISTRICT_DESERT_FAITH,,
DESERT_FOLKLORE_FAITHDESERTHILLSADJACENCY,DistrictType,ARGTYPE_IDENTITY,DISTRICT_HOLY_SITE,,
DESERT_FOLKLORE_FAITHDESERTHILLSADJACENCY,TerrainType,ARGTYPE_IDENTITY,TERRAIN_DESERT_HILLS,,
DESERT_FOLKLORE_FAITHDESERTHILLSADJACENCY,YieldType,ARGTYPE_IDENTITY,YIELD_FAITH,,
DESERT_FOLKLORE_FAITHDESERTHILLSADJACENCY,Amount,ARGTYPE_IDENTITY,1,,
DESERT_FOLKLORE_FAITHDESERTHILLSADJACENCY,Description,ARGTYPE_IDENTITY,LOC_DISTRICT_DESERT_FAITH,,
SACRED_PATH_FAITHFEATUREADJACENCY,DistrictType,ARGTYPE_IDENTITY,DISTRICT_HOLY_SITE,,
SACRED_PATH_FAITHFEATUREADJACENCY,FeatureType,ARGTYPE_IDENTITY,FEATURE_JUNGLE,,
SACRED_PATH_FAITHFEATUREADJACENCY,YieldType,ARGTYPE_IDENTITY,YIELD_FAITH,,
SACRED_PATH_FAITHFEATUREADJACENCY,Amount,ARGTYPE_IDENTITY,1,,
SACRED_PATH_FAITHFEATUREADJACENCY,Description,ARGTYPE_IDENTITY,LOC_DISTRICT_JUNGLE_FAITH,,
MONUMENT_TO_THE_GODS_ANCIENTCLASSICALWONDER,ModifierId,ARGTYPE_IDENTITY,MONUMENT_TO_THE_GODS_ANCIENTCLASSICALWONDER_MODIFIER,,
MONUMENT_TO_THE_GODS_ANCIENTCLASSICALWONDER_MODIFIER,Amount,ARGTYPE_IDENTITY,15,,
MONUMENT_TO_THE_GODS_ANCIENTCLASSICALWONDER_MODIFIER,IsWonder,ARGTYPE_IDENTITY,1,,
MONUMENT_TO_THE_GODS_ANCIENTCLASSICALWONDER_MODIFIER,StartEra,ARGTYPE_IDENTITY,ERA_ANCIENT,,
MONUMENT_TO_THE_GODS_ANCIENTCLASSICALWONDER_MODIFIER,EndEra,ARGTYPE_IDENTITY,ERA_CLASSICAL,,
DIVINE_SPARK_HOLY_SITE,ModifierId,ARGTYPE_IDENTITY,DIVINE_SPARK_HOLY_SITE_MODIFIER,,
DIVINE_SPARK_HOLY_SITE_MODIFIER,GreatPersonClassType,ARGTYPE_IDENTITY,GREAT_PERSON_CLASS_PROPHET,,
DIVINE_SPARK_HOLY_SITE_MODIFIER,Amount,ARGTYPE_IDENTITY,1,,
LADY_OF_THE_REEDS_PRODUCTION,ModifierId,ARGTYPE_IDENTITY,LADY_OF_THE_REEDS_PRODUCTION_MODIFIER,,
LADY_OF_THE_REEDS_PRODUCTION_MODIFIER,YieldType,ARGTYPE_IDENTITY,YIELD_PRODUCTION,,
LADY_OF_THE_REEDS_PRODUCTION_MODIFIER,Amount,ARGTYPE_IDENTITY,1,,
GOD_OF_THE_SEA_FISHINGBOATS_PRODUCTION,ModifierId,ARGTYPE_IDENTITY,GOD_OF_THE_SEA_FISHINGBOATS_PRODUCTION_MODIFIER,,
GOD_OF_THE_SEA_FISHINGBOATS_PRODUCTION_MODIFIER,YieldType,ARGTYPE_IDENTITY,YIELD_PRODUCTION,,
GOD_OF_THE_SEA_FISHINGBOATS_PRODUCTION_MODIFIER,Amount,ARGTYPE_IDENTITY,1,,
GOD_OF_THE_OPEN_SKY_PASTURE_CULTURE,ModifierId,ARGTYPE_IDENTITY,GOD_OF_THE_OPEN_SKY_PASTURE_CULTURE_MODIFIER,,
GOD_OF_THE_OPEN_SKY_PASTURE_CULTURE_MODIFIER,YieldType,ARGTYPE_IDENTITY,YIELD_CULTURE,,
GOD_OF_THE_OPEN_SKY_PASTURE_CULTURE_MODIFIER,Amount,ARGTYPE_IDENTITY,1,,
GODDESS_OF_THE_HUNT_CAMP_FOOD,ModifierId,ARGTYPE_IDENTITY,GODDESS_OF_THE_HUNT_CAMP_FOOD_MODIFIER,,
GODDESS_OF_THE_HUNT_CAMP_FOOD_MODIFIER,YieldType,ARGTYPE_IDENTITY,YIELD_FOOD,,
GODDESS_OF_THE_HUNT_CAMP_FOOD_MODIFIER,Amount,ARGTYPE_IDENTITY,1,,
STONE_CIRCLES_QUARRY_FAITH,ModifierId,ARGTYPE_IDENTITY,STONE_CIRCLES_QUARRY_FAITH_MODIFIER,,
STONE_CIRCLES_QUARRY_FAITH_MODIFIER,YieldType,ARGTYPE_IDENTITY,YIELD_FAITH,,
STONE_CIRCLES_QUARRY_FAITH_MODIFIER,Amount,ARGTYPE_IDENTITY,2,,
RELIGIOUS_IDOLS_BONUS_MINE_FAITH,ModifierId,ARGTYPE_IDENTITY,RELIGIOUS_IDOLS_BONUS_MINE_FAITH_MODIFIER,,
RELIGIOUS_IDOLS_BONUS_MINE_FAITH_MODIFIER,YieldType,ARGTYPE_IDENTITY,YIELD_FAITH,,
RELIGIOUS_IDOLS_BONUS_MINE_FAITH_MODIFIER,Amount,ARGTYPE_IDENTITY,2,,
RELIGIOUS_IDOLS_LUXURY_MINE_FAITH,ModifierId,ARGTYPE_IDENTITY,RELIGIOUS_IDOLS_LUXURY_MINE_FAITH_MODIFIER,,
RELIGIOUS_IDOLS_LUXURY_MINE_FAITH_MODIFIER,YieldType,ARGTYPE_IDENTITY,YIELD_FAITH,,
RELIGIOUS_IDOLS_LUXURY_MINE_FAITH_MODIFIER,Amount,ARGTYPE_IDENTITY,2,,
ORAL_TRADITION_PLANTATION_TAG_CULTURE,ModifierId,ARGTYPE_IDENTITY,ORAL_TRADITION_PLANTATION_TAG_CULTURE_MODIFIER,,
ORAL_TRADITION_PLANTATION_TAG_CULTURE_MODIFIER,YieldType,ARGTYPE_IDENTITY,YIELD_CULTURE,,
ORAL_TRADITION_PLANTATION_TAG_CULTURE_MODIFIER,Amount,ARGTYPE_IDENTITY,1,,
GOD_OF_THE_FORGE_UNIT_ANCIENT_CLASSICAL_PRODUCTION,ModifierId,ARGTYPE_IDENTITY,GOD_OF_THE_FORGE_UNIT_ANCIENT_CLASSICAL_PRODUCTION_MODIFIER,,
GOD_OF_THE_FORGE_UNIT_ANCIENT_CLASSICAL_PRODUCTION_MODIFIER,Amount,ARGTYPE_IDENTITY,25,,
GOD_OF_THE_FORGE_UNIT_ANCIENT_CLASSICAL_PRODUCTION_MODIFIER,StartEra,ARGTYPE_IDENTITY,ERA_ANCIENT,,
GOD_OF_THE_FORGE_UNIT_ANCIENT_CLASSICAL_PRODUCTION_MODIFIER,EndEra,ARGTYPE_IDENTITY,ERA_CLASSICAL,,
INITIATION_RITES_FAITH_DISPERSAL,ModifierId,ARGTYPE_IDENTITY,INITIATION_RITES_FAITH_DISPERSAL_MODIFIER,,
INITIATION_RITES_FAITH_DISPERSAL_MODIFIER,Amount,ARGTYPE_IDENTITY,50,,
GOD_OF_WAR_FAITH_KILLS,ModifierId,ARGTYPE_IDENTITY,GOD_OF_WAR_FAITH_KILLS_MODIFIER,,
GOD_OF_WAR_FAITH_KILLS_MODIFIER,YieldType,ARGTYPE_IDENTITY,YIELD_FAITH,,
GOD_OF_WAR_FAITH_KILLS_MODIFIER,PercentDefeatedStrength,ARGTYPE_IDENTITY,50,,
GOD_OF_HEALING_UNIT_HEALING,ModifierId,ARGTYPE_IDENTITY,GOD_OF_HEALING_UNIT_HEALING_MODIFIER,,
GOD_OF_HEALING_UNIT_HEALING_MODIFIER,Amount,ARGTYPE_IDENTITY,30,,
GOD_OF_HEALING_UNIT_HEALING_MODIFIER,Type,ARGTYPE_IDENTITY,ALL,,
FERTILITY_RITES_GROWTH,Amount,ARGTYPE_IDENTITY,10,,
RELIGIOUS_SETTLEMENTS_CULTUREBORDER,Amount,ARGTYPE_IDENTITY,15,,
GODDESS_OF_THE_HARVEST_HARVEST,ModifierId,ARGTYPE_IDENTITY,GODDESS_OF_THE_HARVEST_HARVEST_MODIFIER,,
GODDESS_OF_THE_HARVEST_HARVEST_MODIFIER,Amount,ARGTYPE_IDENTITY,100,,
GODDESS_OF_THE_HARVEST_REMOVE_FEATURE,ModifierId,ARGTYPE_IDENTITY,GODDESS_OF_THE_HARVEST_REMOVE_FEATURE_MODIFIER,,
GODDESS_OF_THE_HARVEST_REMOVE_FEATURE_MODIFIER,Amount,ARGTYPE_IDENTITY,100,,
DIVINE_INSPIRATION_WONDER_FAITH,ModifierId,ARGTYPE_IDENTITY,DIVINE_INSPIRATION_WONDER_FAITH_MODIFIER,,
DIVINE_INSPIRATION_WONDER_FAITH_MODIFIER,YieldType,ARGTYPE_IDENTITY,YIELD_FAITH,,
DIVINE_INSPIRATION_WONDER_FAITH_MODIFIER,Amount,ARGTYPE_IDENTITY,4,,
FEED_THE_WORLD_SHRINE_FOOD,ModifierId,ARGTYPE_IDENTITY,FEED_THE_WORLD_SHRINE_FOOD_MODIFIER,,
FEED_THE_WORLD_SHRINE_FOOD_MODIFIER,BuildingType,ARGTYPE_IDENTITY,BUILDING_SHRINE,,
FEED_THE_WORLD_SHRINE_FOOD_MODIFIER,YieldType,ARGTYPE_IDENTITY,YIELD_FOOD,,
FEED_THE_WORLD_SHRINE_FOOD_MODIFIER,Amount,ARGTYPE_IDENTITY,2,,
FEED_THE_WORLD_TEMPLE_FOOD,ModifierId,ARGTYPE_IDENTITY,FEED_THE_WORLD_TEMPLE_FOOD_MODIFIER,,
FEED_THE_WORLD_TEMPLE_FOOD_MODIFIER,BuildingType,ARGTYPE_IDENTITY,BUILDING_TEMPLE,,
FEED_THE_WORLD_TEMPLE_FOOD_MODIFIER,YieldType,ARGTYPE_IDENTITY,YIELD_FOOD,,
FEED_THE_WORLD_TEMPLE_FOOD_MODIFIER,Amount,ARGTYPE_IDENTITY,4,,
JESUIT_EDUCATION_SCIENCE_BUILDINGS,ModifierId,ARGTYPE_IDENTITY,JESUIT_EDUCATION_SCIENCE_BUILDINGS_MODIFIER,,
JESUIT_EDUCATION_SCIENCE_BUILDINGS_MODIFIER,DistrictType,ARGTYPE_IDENTITY,DISTRICT_CAMPUS,,
JESUIT_EDUCATION_CULTURE_BUILDINGS,ModifierId,ARGTYPE_IDENTITY,JESUIT_EDUCATION_CULTURE_BUILDINGS_MODIFIER,,
JESUIT_EDUCATION_CULTURE_BUILDINGS_MODIFIER,DistrictType,ARGTYPE_IDENTITY,DISTRICT_THEATER,,
RELIQUARIES_RELIC_FAITH,ModifierId,ARGTYPE_IDENTITY,RELIQUARIES_RELIC_FAITH_MODIFIER,,
RELIQUARIES_RELIC_FAITH_MODIFIER,GreatWorkObjectType,ARGTYPE_IDENTITY,GREATWORKOBJECT_RELIC,,
RELIQUARIES_RELIC_FAITH_MODIFIER,YieldType,ARGTYPE_IDENTITY,YIELD_FAITH,,
RELIQUARIES_RELIC_FAITH_MODIFIER,ScalingFactor,ARGTYPE_IDENTITY,300,,
RELIQUARIES_RELIC_TOURISM,ModifierId,ARGTYPE_IDENTITY,RELIQUARIES_RELIC_TOURISM_MODIFIER,,
RELIQUARIES_RELIC_TOURISM_MODIFIER,GreatWorkObjectType,ARGTYPE_IDENTITY,GREATWORKOBJECT_RELIC,,
RELIQUARIES_RELIC_TOURISM_MODIFIER,ScalingFactor,ARGTYPE_IDENTITY,300,,
RELIGIOUS_COMMUNITY_SHRINE_HOUSING,ModifierId,ARGTYPE_IDENTITY,RELIGIOUS_COMMUNITY_SHRINE_HOUSING_MODIFIER,,
RELIGIOUS_COMMUNITY_SHRINE_HOUSING_MODIFIER,Amount,ARGTYPE_IDENTITY,1,,
RELIGIOUS_COMMUNITY_TEMPLE_HOUSING,ModifierId,ARGTYPE_IDENTITY,RELIGIOUS_COMMUNITY_TEMPLE_HOUSING_MODIFIER,,
RELIGIOUS_COMMUNITY_TEMPLE_HOUSING_MODIFIER,Amount,ARGTYPE_IDENTITY,1,,
RELIGIOUS_COMMUNITY_STAVE_HOUSING,ModifierId,ARGTYPE_IDENTITY,RELIGIOUS_COMMUNITY_STAVE_HOUSING_MODIFIER,,
RELIGIOUS_COMMUNITY_STAVE_HOUSING_MODIFIER,Amount,ARGTYPE_IDENTITY,1,,
WORK_ETHIC_FOLLOWER_PRODUCTION,ModifierId,ARGTYPE_IDENTITY,WORK_ETHIC_FOLLOWER_PRODUCTION_MODIFIER,,
WORK_ETHIC_FOLLOWER_PRODUCTION_MODIFIER,YieldType,ARGTYPE_IDENTITY,YIELD_PRODUCTION,,
WORK_ETHIC_FOLLOWER_PRODUCTION_MODIFIER,Amount,ARGTYPE_IDENTITY,1,,
ZEN_MEDITATION_AMENITY,ModifierId,ARGTYPE_IDENTITY,ZEN_MEDITATION_AMENITY_MODIFIER,,
ZEN_MEDITATION_AMENITY_MODIFIER,Amount,ARGTYPE_IDENTITY,1,,
CHURCH_PROPERTY_GOLD_CITY,ModifierId,ARGTYPE_IDENTITY,CHURCH_PROPERTY_GOLD_CITY_MODIFIER,,
CHURCH_PROPERTY_GOLD_CITY_MODIFIER,BeliefYieldType,ARGTYPE_IDENTITY,BELIEF_YIELD_PER_CITY,,
CHURCH_PROPERTY_GOLD_CITY_MODIFIER,YieldType,ARGTYPE_IDENTITY,YIELD_GOLD,,
CHURCH_PROPERTY_GOLD_CITY_MODIFIER,Amount,ARGTYPE_IDENTITY,2,,
CHURCH_PROPERTY_GOLD_CITY_MODIFIER,PerXItems,ARGTYPE_IDENTITY,1,,
LAY_MINISTRY_CULTURE_DISTRICTS,ModifierId,ARGTYPE_IDENTITY,LAY_MINISTRY_CULTURE_DISTRICTS_MODIFIER,,
LAY_MINISTRY_CULTURE_DISTRICTS_MODIFIER,BeliefYieldType,ARGTYPE_IDENTITY,BELIEF_YIELD_PER_DISTRICT,,
LAY_MINISTRY_CULTURE_DISTRICTS_MODIFIER,YieldType,ARGTYPE_IDENTITY,YIELD_CULTURE,,
LAY_MINISTRY_CULTURE_DISTRICTS_MODIFIER,Amount,ARGTYPE_IDENTITY,1,,
LAY_MINISTRY_CULTURE_DISTRICTS_MODIFIER,PerXItems,ARGTYPE_IDENTITY,1,,
LAY_MINISTRY_CULTURE_DISTRICTS_MODIFIER,DistrictType,ARGTYPE_IDENTITY,DISTRICT_THEATER,,
LAY_MINISTRY_FAITH_DISTRICTS,ModifierId,ARGTYPE_IDENTITY,LAY_MINISTRY_FAITH_DISTRICTS_MODIFIER,,
LAY_MINISTRY_FAITH_DISTRICTS_MODIFIER,BeliefYieldType,ARGTYPE_IDENTITY,BELIEF_YIELD_PER_DISTRICT,,
LAY_MINISTRY_FAITH_DISTRICTS_MODIFIER,YieldType,ARGTYPE_IDENTITY,YIELD_FAITH,,
LAY_MINISTRY_FAITH_DISTRICTS_MODIFIER,Amount,ARGTYPE_IDENTITY,1,,
LAY_MINISTRY_FAITH_DISTRICTS_MODIFIER,PerXItems,ARGTYPE_IDENTITY,1,,
LAY_MINISTRY_FAITH_DISTRICTS_MODIFIER,DistrictType,ARGTYPE_IDENTITY,DISTRICT_HOLY_SITE,,
PILGRIMAGE_FAITH_FOREIGN_CITY,ModifierId,ARGTYPE_IDENTITY,PILGRIMAGE_FAITH_FOREIGN_CITY_MODIFIER,,
PILGRIMAGE_FAITH_FOREIGN_CITY_MODIFIER,BeliefYieldType,ARGTYPE_IDENTITY,BELIEF_YIELD_PER_FOREIGN_CITY,,
PILGRIMAGE_FAITH_FOREIGN_CITY_MODIFIER,YieldType,ARGTYPE_IDENTITY,YIELD_FAITH,,
PILGRIMAGE_FAITH_FOREIGN_CITY_MODIFIER,Amount,ARGTYPE_IDENTITY,2,,
PILGRIMAGE_FAITH_FOREIGN_CITY_MODIFIER,PerXItems,ARGTYPE_IDENTITY,1,,
STEWARDSHIP_SCIENCE_DISTRICTS,ModifierId,ARGTYPE_IDENTITY,STEWARDSHIP_SCIENCE_DISTRICTS_MODIFIER,,
STEWARDSHIP_SCIENCE_DISTRICTS_MODIFIER,BeliefYieldType,ARGTYPE_IDENTITY,BELIEF_YIELD_PER_DISTRICT,,
STEWARDSHIP_SCIENCE_DISTRICTS_MODIFIER,YieldType,ARGTYPE_IDENTITY,YIELD_SCIENCE,,
STEWARDSHIP_SCIENCE_DISTRICTS_MODIFIER,Amount,ARGTYPE_IDENTITY,1,,
STEWARDSHIP_SCIENCE_DISTRICTS_MODIFIER,PerXItems,ARGTYPE_IDENTITY,1,,
STEWARDSHIP_SCIENCE_DISTRICTS_MODIFIER,DistrictType,ARGTYPE_IDENTITY,DISTRICT_CAMPUS,,
STEWARDSHIP_GOLD_DISTRICTS,ModifierId,ARGTYPE_IDENTITY,STEWARDSHIP_GOLD_DISTRICTS_MODIFIER,,
STEWARDSHIP_GOLD_DISTRICTS_MODIFIER,BeliefYieldType,ARGTYPE_IDENTITY,BELIEF_YIELD_PER_DISTRICT,,
STEWARDSHIP_GOLD_DISTRICTS_MODIFIER,YieldType,ARGTYPE_IDENTITY,YIELD_GOLD,,
STEWARDSHIP_GOLD_DISTRICTS_MODIFIER,Amount,ARGTYPE_IDENTITY,1,,
STEWARDSHIP_GOLD_DISTRICTS_MODIFIER,PerXItems,ARGTYPE_IDENTITY,1,,
STEWARDSHIP_GOLD_DISTRICTS_MODIFIER,DistrictType,ARGTYPE_IDENTITY,DISTRICT_COMMERCIAL_HUB,,
TITHE_GOLD_FOLLOWER,ModifierId,ARGTYPE_IDENTITY,TITHE_GOLD_FOLLOWER_MODIFIER,,
TITHE_GOLD_FOLLOWER_MODIFIER,BeliefYieldType,ARGTYPE_IDENTITY,BELIEF_YIELD_PER_FOLLOWER,,
TITHE_GOLD_FOLLOWER_MODIFIER,YieldType,ARGTYPE_IDENTITY,YIELD_GOLD,,
TITHE_GOLD_FOLLOWER_MODIFIER,Amount,ARGTYPE_IDENTITY,1,,
TITHE_GOLD_FOLLOWER_MODIFIER,PerXItems,ARGTYPE_IDENTITY,4,,
WORLD_CHURCH_CULTURE_FOREIGN_FOLLOWER,ModifierId,ARGTYPE_IDENTITY,WORLD_CHURCH_CULTURE_FOREIGN_FOLLOWER_MODIFIER,,
WORLD_CHURCH_CULTURE_FOREIGN_FOLLOWER_MODIFIER,BeliefYieldType,ARGTYPE_IDENTITY,BELIEF_YIELD_PER_FOREIGN_FOLLOWER,,
WORLD_CHURCH_CULTURE_FOREIGN_FOLLOWER_MODIFIER,YieldType,ARGTYPE_IDENTITY,YIELD_CULTURE,,
WORLD_CHURCH_CULTURE_FOREIGN_FOLLOWER_MODIFIER,Amount,ARGTYPE_IDENTITY,1,,
WORLD_CHURCH_CULTURE_FOREIGN_FOLLOWER_MODIFIER,PerXItems,ARGTYPE_IDENTITY,5,,
ALLOW_CATHEDRAL,BuildingType,ARGTYPE_IDENTITY,BUILDING_CATHEDRAL,,
ALLOW_GURDWARA,BuildingType,ARGTYPE_IDENTITY,BUILDING_GURDWARA,,
ALLOW_MEETING_HOUSE,BuildingType,ARGTYPE_IDENTITY,BUILDING_MEETING_HOUSE,,
ALLOW_MOSQUE,BuildingType,ARGTYPE_IDENTITY,BUILDING_MOSQUE,,
ALLOW_PAGODA,BuildingType,ARGTYPE_IDENTITY,BUILDING_PAGODA,,
ALLOW_SYNAGOGUE,BuildingType,ARGTYPE_IDENTITY,BUILDING_SYNAGOGUE,,
ALLOW_WAT,BuildingType,ARGTYPE_IDENTITY,BUILDING_WAT,,
HOLY_ORDER_MISSIONARY_DISCOUNT,ModifierId,ARGTYPE_IDENTITY,HOLY_ORDER_MISSIONARY_DISCOUNT_MODIFIER,,
HOLY_ORDER_MISSIONARY_DISCOUNT_MODIFIER,UnitType,ARGTYPE_IDENTITY,UNIT_MISSIONARY,,
HOLY_ORDER_MISSIONARY_DISCOUNT_MODIFIER,Amount,ARGTYPE_IDENTITY,30,,
HOLY_ORDER_APOSTLE_DISCOUNT,ModifierId,ARGTYPE_IDENTITY,HOLY_ORDER_APOSTLE_DISCOUNT_MODIFIER,,
HOLY_ORDER_APOSTLE_DISCOUNT_MODIFIER,UnitType,ARGTYPE_IDENTITY,UNIT_APOSTLE,,
HOLY_ORDER_APOSTLE_DISCOUNT_MODIFIER,Amount,ARGTYPE_IDENTITY,30,,
DEFENDER_OF_FAITH_COMBAT_BONUS,ModifierId,ARGTYPE_IDENTITY,DEFENDER_OF_FAITH_COMBAT_BONUS_MODIFIER,,
DEFENDER_OF_FAITH_COMBAT_BONUS_MODIFIER,Amount,ARGTYPE_IDENTITY,5,,
ITINERANT_PREACHERS_SPREAD_DISTANCE,DistanceChange,ARGTYPE_IDENTITY,3,,
JUST_WAR_COMBAT_BONUS,ModifierId,ARGTYPE_IDENTITY,JUST_WAR_COMBAT_BONUS_MODIFIER,,
JUST_WAR_COMBAT_BONUS_MODIFIER,Amount,ARGTYPE_IDENTITY,10,,
MISSIONARY_ZEAL_IGNORE_TERRAIN,ModifierId,ARGTYPE_IDENTITY,MISSIONARY_ZEAL_IGNORE_TERRAIN_MODIFIER,,
MISSIONARY_ZEAL_IGNORE_TERRAIN_MODIFIER,AbilityType,ARGTYPE_IDENTITY,ABILITY_RELIGIOUS_IGNORE_TERRAIN_COST,,
MONASTIC_ISOLATION_REDUCE_COMBAT_LOSS,ReductionPercent,ARGTYPE_IDENTITY,100,,
SCRIPTURE_SPEAD_STRENGTH,SpreadMultiplier,ARGTYPE_IDENTITY,25,,
SCRIPTURE_SPEAD_STRENGTH,EnhancingTechType,ARGTYPE_IDENTITY,TECH_PRINTING,,
SCRIPTURE_SPEAD_STRENGTH,TechEnabledSpreadMultiplier,ARGTYPE_IDENTITY,25,,
CITY_PATRON_GODDESS_DISTRICT_PRODUCTION,ModifierId,ARGTYPE_IDENTITY,CITY_PATRON_GODDESS_DISTRICT_PRODUCTION_MODIFIER,,
CITY_PATRON_GODDESS_DISTRICT_PRODUCTION_MODIFIER,Amount,ARGTYPE_IDENTITY,25,,
CROSS_CULTURAL_DIALOGUE_SCIENCE_FOREIGN_FOLLOWER,ModifierId,ARGTYPE_IDENTITY,CROSS_CULTURAL_DIALOGUE_SCIENCE_FOREIGN_FOLLOWER_MODIFIER,,
CROSS_CULTURAL_DIALOGUE_SCIENCE_FOREIGN_FOLLOWER_MODIFIER,BeliefYieldType,ARGTYPE_IDENTITY,BELIEF_YIELD_PER_FOREIGN_FOLLOWER,,
CROSS_CULTURAL_DIALOGUE_SCIENCE_FOREIGN_FOLLOWER_MODIFIER,YieldType,ARGTYPE_IDENTITY,YIELD_SCIENCE,,
CROSS_CULTURAL_DIALOGUE_SCIENCE_FOREIGN_FOLLOWER_MODIFIER,Amount,ARGTYPE_IDENTITY,1,,
CROSS_CULTURAL_DIALOGUE_SCIENCE_FOREIGN_FOLLOWER_MODIFIER,PerXItems,ARGTYPE_IDENTITY,5,,
RELIGIOUS_UNITY_ENVOY_ON_ADOPTION,Enable,ARGTYPE_IDENTITY,1,,
CHORAL_MUSIC_SHRINE_CULTURE,ModifierId,ARGTYPE_IDENTITY,CHORAL_MUSIC_SHRINE_CULTURE_MODIFIER,,
CHORAL_MUSIC_SHRINE_CULTURE_MODIFIER,BuildingType,ARGTYPE_IDENTITY,BUILDING_SHRINE,,
CHORAL_MUSIC_SHRINE_CULTURE_MODIFIER,YieldType,ARGTYPE_IDENTITY,YIELD_CULTURE,,
CHORAL_MUSIC_SHRINE_CULTURE_MODIFIER,Amount,ARGTYPE_IDENTITY,2,,
CHORAL_MUSIC_TEMPLE_CULTURE,ModifierId,ARGTYPE_IDENTITY,CHORAL_MUSIC_TEMPLE_CULTURE_MODIFIER,,
CHORAL_MUSIC_TEMPLE_CULTURE_MODIFIER,BuildingType,ARGTYPE_IDENTITY,BUILDING_TEMPLE,,
CHORAL_MUSIC_TEMPLE_CULTURE_MODIFIER,YieldType,ARGTYPE_IDENTITY,YIELD_CULTURE,,
CHORAL_MUSIC_TEMPLE_CULTURE_MODIFIER,Amount,ARGTYPE_IDENTITY,4,,
ALLOW_WARRIOR_MONKS,UnitType,ARGTYPE_IDENTITY,UNIT_WARRIOR_MONK,,
BURIAL_GROUNDS_CULTURE_BOMB_TRIGGER_HOLY_SITE,ModifierId,ARGTYPE_IDENTITY,BURIAL_GROUNDS_CULTURE_BOMB_TRIGGER_HOLY_SITE_MODIFIER,,
BURIAL_GROUNDS_CULTURE_BOMB_TRIGGER_HOLY_SITE_MODIFIER,DistrictType,ARGTYPE_IDENTITY,DISTRICT_HOLY_SITE,,
RELIGIOUS_COLONIZATION_AUTO_SPREAD,Enable,ARGTYPE_IDENTITY,1,,
ALLOW_STUPA,BuildingType,ARGTYPE_IDENTITY,BUILDING_STUPA,,
ALLOW_DAR_E_MEHR,BuildingType,ARGTYPE_IDENTITY,BUILDING_DAR_E_MEHR,,
PALACE_ADJUST_GARRISON_STRENGTH,Amount,ARGTYPE_IDENTITY,3,,
MOSQUE_ADJUST_SPREAD_CHARGES,Amount,ARGTYPE_IDENTITY,1,,
PYRAMID_ADJUST_BUILDER_CHARGES,Amount,ARGTYPE_IDENTITY,1,,
EIFFEL_TOWER_ADDAPPEAL,Amount,ARGTYPE_IDENTITY,2,,
HANGING_GARDEN_ADDGROWTH,Amount,ARGTYPE_IDENTITY,15,,
COLOSSUS_ADDTRADEROUTE,Amount,ARGTYPE_IDENTITY,1,,
GREAT_ZIMBABWE_ADDTRADEROUTE,Amount,ARGTYPE_IDENTITY,1,,
BARRACKS_TRAINED_UNIT_XP_MODIFIER,AbilityType,ARGTYPE_IDENTITY,ABILITY_BARRACKS_TRAINED_UNIT_XP,,
STABLE_TRAINED_UNIT_XP_MODIFIER,AbilityType,ARGTYPE_IDENTITY,ABILITY_STABLE_TRAINED_UNIT_XP,,
ARMORY_TRAINED_UNIT_XP_MODIFIER,AbilityType,ARGTYPE_IDENTITY,ABILITY_ARMORY_TRAINED_UNIT_XP,,
MILITARY_ACADEMY_TRAINED_UNIT_XP_MODIFIER,AbilityType,ARGTYPE_IDENTITY,ABILITY_MILITARY_ACADEMY_TRAINED_UNIT_XP,,
MILITARY_ACADEMY_TRAINED_CORPS_ARMY_DISCOUNT,UnitDomain,ARGTYPE_IDENTITY,DOMAIN_LAND,,
MILITARY_ACADEMY_TRAINED_CORPS_ARMY_DISCOUNT,Amount,ARGTYPE_IDENTITY,25,,
LIGHTHOUSE_TRAINED_UNIT_XP_MODIFIER,AbilityType,ARGTYPE_IDENTITY,ABILITY_LIGHTHOUSE_TRAINED_UNIT_XP,,
SHIPYARD_TRAINED_UNIT_XP_MODIFIER,AbilityType,ARGTYPE_IDENTITY,ABILITY_SHIPYARD_TRAINED_UNIT_XP,,
SEAPORT_TRAINED_UNIT_XP_MODIFIER,AbilityType,ARGTYPE_IDENTITY,ABILITY_SEAPORT_TRAINED_UNIT_XP,,
HANGAR_TRAINED_AIRCRAFT_XP_MODIFIER,AbilityType,ARGTYPE_IDENTITY,ABILITY_HANGAR_TRAINED_AIRCRAFT_XP,,
AIRPORT_TRAINED_AIRCRAFT_XP_MODIFIER,AbilityType,ARGTYPE_IDENTITY,ABILITY_AIRPORT_TRAINED_AIRCRAFT_XP,,
HANGAR_BONUS_AIR_SLOTS,Amount,ARGTYPE_IDENTITY,1,,
AIRPORT_BONUS_AIR_SLOTS,Amount,ARGTYPE_IDENTITY,1,,
SEAPORT_TRAINED_CORPS_ARMY_DISCOUNT,UnitDomain,ARGTYPE_IDENTITY,DOMAIN_SEA,,
SEAPORT_TRAINED_CORPS_ARMY_DISCOUNT,Amount,ARGTYPE_IDENTITY,25,,
BROADWAY_ADDCULTUREYIELD,Amount,ARGTYPE_IDENTITY,20,,
BROADWAY_ADDCULTUREYIELD,YieldType,ARGTYPE_IDENTITY,YIELD_CULTURE,,
OXFORD_ADDSCIENCEYIELD,Amount,ARGTYPE_IDENTITY,20,,
OXFORD_ADDSCIENCEYIELD,YieldType,ARGTYPE_IDENTITY,YIELD_SCIENCE,,
RUHRVALLEY_ADDPRODUCTIONYIELD,YieldType,ARGTYPE_IDENTITY,YIELD_PRODUCTION,,
RUHRVALLEY_ADDPRODUCTIONYIELD,Amount,ARGTYPE_IDENTITY,20,,
ELECTRONICSFACTORY_CULTURE,BuildingType,ARGTYPE_IDENTITY,BUILDING_ELECTRONICS_FACTORY,,
ELECTRONICSFACTORY_CULTURE,Amount,ARGTYPE_IDENTITY,4,,
ELECTRONICSFACTORY_CULTURE,YieldType,ARGTYPE_IDENTITY,YIELD_CULTURE,,
STAVE_CHURCH_FAITHWOODSADJACENCY,DistrictType,ARGTYPE_IDENTITY,DISTRICT_HOLY_SITE,,
STAVE_CHURCH_FAITHWOODSADJACENCY,FeatureType,ARGTYPE_IDENTITY,FEATURE_FOREST,,
STAVE_CHURCH_FAITHWOODSADJACENCY,YieldType,ARGTYPE_IDENTITY,YIELD_FAITH,,
STAVE_CHURCH_FAITHWOODSADJACENCY,Amount,ARGTYPE_IDENTITY,1,,
STAVE_CHURCH_FAITHWOODSADJACENCY,Description,ARGTYPE_IDENTITY,LOC_STAVE_CHURCH_FOREST_FAITH,,
ALHAMBRA_MILITARY_GOVERNMENT_SLOT,GovernmentSlotType,ARGTYPE_IDENTITY,SLOT_MILITARY,,
POTALA_PALACE_DIPLOMATIC_GOVERNMENT_SLOT,GovernmentSlotType,ARGTYPE_IDENTITY,SLOT_DIPLOMATIC,,
FORBIDDEN_CITY_WILDCARD_GOVERNMENT_SLOT,GovernmentSlotType,ARGTYPE_IDENTITY,SLOT_WILDCARD,,
BIG_BEN_ECONOMIC_GOVERNMENT_SLOT,GovernmentSlotType,ARGTYPE_IDENTITY,SLOT_ECONOMIC,,
WATERMILL_ADDRICEFOOD,Amount,ARGTYPE_IDENTITY,1,,
WATERMILL_ADDRICEFOOD,YieldType,ARGTYPE_IDENTITY,YIELD_FOOD,,
WATERMILL_ADDWHEATYIELD,Amount,ARGTYPE_IDENTITY,1,,
WATERMILL_ADDWHEATYIELD,YieldType,ARGTYPE_IDENTITY,YIELD_FOOD,,
GREAT_ZIMBABWE_DOMESTICBONUSRESOURCEGOLD,YieldType,ARGTYPE_IDENTITY,YIELD_GOLD,,
GREAT_ZIMBABWE_DOMESTICBONUSRESOURCEGOLD,Amount,ARGTYPE_IDENTITY,2,,
GREAT_ZIMBABWE_INTERNATIONALBONUSRESOURCEGOLD,YieldType,ARGTYPE_IDENTITY,YIELD_GOLD,,
GREAT_ZIMBABWE_INTERNATIONALBONUSRESOURCEGOLD,Amount,ARGTYPE_IDENTITY,2,,
ORACLE_GREATGENERALPOINTS,GreatPersonClassType,ARGTYPE_IDENTITY,GREAT_PERSON_CLASS_GENERAL,,
ORACLE_GREATGENERALPOINTS,Amount,ARGTYPE_IDENTITY,2,,
ORACLE_GREATADMIRALPOINTS,GreatPersonClassType,ARGTYPE_IDENTITY,GREAT_PERSON_CLASS_ADMIRAL,,
ORACLE_GREATADMIRALPOINTS,Amount,ARGTYPE_IDENTITY,2,,
ORACLE_GREATENGINEERPOINTS,GreatPersonClassType,ARGTYPE_IDENTITY,GREAT_PERSON_CLASS_ENGINEER,,
ORACLE_GREATENGINEERPOINTS,Amount,ARGTYPE_IDENTITY,2,,
ORACLE_GREATMERCHANTPOINTS,GreatPersonClassType,ARGTYPE_IDENTITY,GREAT_PERSON_CLASS_MERCHANT,,
ORACLE_GREATMERCHANTPOINTS,Amount,ARGTYPE_IDENTITY,2,,
ORACLE_GREATPROPHETPOINTS,GreatPersonClassType,ARGTYPE_IDENTITY,GREAT_PERSON_CLASS_PROPHET,,
ORACLE_GREATPROPHETPOINTS,Amount,ARGTYPE_IDENTITY,2,,
ORACLE_GREATSCIENTISTPOINTS,GreatPersonClassType,ARGTYPE_IDENTITY,GREAT_PERSON_CLASS_SCIENTIST,,
ORACLE_GREATSCIENTISTPOINTS,Amount,ARGTYPE_IDENTITY,2,,
ORACLE_GREATWRITERPOINTS,GreatPersonClassType,ARGTYPE_IDENTITY,GREAT_PERSON_CLASS_WRITER,,
ORACLE_GREATWRITERPOINTS,Amount,ARGTYPE_IDENTITY,2,,
ORACLE_PATRONAGE_FAITH_DISCOUNT,YieldType,ARGTYPE_IDENTITY,YIELD_FAITH,,
ORACLE_PATRONAGE_FAITH_DISCOUNT,Amount,ARGTYPE_IDENTITY,25,,
CRISTOREDENTOR_BEACHTOURISM,ImprovementType,ARGTYPE_IDENTITY,IMPROVEMENT_BEACH_RESORT,,
CRISTOREDENTOR_BEACHTOURISM,ScalingFactor,ARGTYPE_IDENTITY,200,,
CRISTOREDENTOR_FULLRELIGIOUSTOURISM,Enable,ARGTYPE_IDENTITY,1,,
FILMSTUDIO_ENHANCEDLATETOURISM,Modifier,ARGTYPE_IDENTITY,100,,
FILMSTUDIO_ENHANCEDLATETOURISM,MinimumEra,ARGTYPE_IDENTITY,ERA_MODERN,,
VENETIAN_ARSENAL_EXTRANAVALMELEE,Tag,ARGTYPE_IDENTITY,CLASS_NAVAL_MELEE,,
VENETIAN_ARSENAL_EXTRANAVALMELEE,Amount,ARGTYPE_IDENTITY,1,,
VENETIAN_ARSENAL_EXTRANAVALRANGED,Tag,ARGTYPE_IDENTITY,CLASS_NAVAL_RANGED,,
VENETIAN_ARSENAL_EXTRANAVALRANGED,Amount,ARGTYPE_IDENTITY,1,,
VENETIAN_ARSENAL_EXTRANAVALCARRIER,Tag,ARGTYPE_IDENTITY,CLASS_NAVAL_CARRIER,,
VENETIAN_ARSENAL_EXTRANAVALCARRIER,Amount,ARGTYPE_IDENTITY,1,,
GREAT_LIBRARY_ANCIENT_CLASSICAL_TECH_BOOSTS,StartEraType,ARGTYPE_IDENTITY,ERA_ANCIENT,,
GREAT_LIBRARY_ANCIENT_CLASSICAL_TECH_BOOSTS,EndEraType,ARGTYPE_IDENTITY,ERA_CLASSICAL,,
BOLSHOI_THEATRE_FREE_CIVICS,Amount,ARGTYPE_IDENTITY,2,,
OXFORD_UNIVERSITY_FREE_TECHS,Amount,ARGTYPE_IDENTITY,2,,
COLOSSUS_GRANT_TRADER,UnitType,ARGTYPE_IDENTITY,UNIT_TRADER,,
COLOSSUS_GRANT_TRADER,Amount,ARGTYPE_IDENTITY,1,,
PYRAMID_GRANT_BUILDERS,UnitType,ARGTYPE_IDENTITY,UNIT_BUILDER,,
PYRAMID_GRANT_BUILDERS,Amount,ARGTYPE_IDENTITY,1,,
STONEHENGE_GRANT_PROPHET,GreatPersonClassType,ARGTYPE_IDENTITY,GREAT_PERSON_CLASS_PROPHET,,
STONEHENGE_GRANT_PROPHET,Amount,ARGTYPE_IDENTITY,1,,
STONEHENGE_ALTERNATE_GRANT_APOSTLE,UnitType,ARGTYPE_IDENTITY,UNIT_APOSTLE,,
STONEHENGE_ALTERNATE_GRANT_APOSTLE,Amount,ARGTYPE_IDENTITY,1,,
MAHABODHITEMPLE_APOSTLE,UnitType,ARGTYPE_IDENTITY,UNIT_APOSTLE,,
MAHABODHITEMPLE_APOSTLE,Amount,ARGTYPE_IDENTITY,2,,
TERRACOTTA_ARMY_ARCHAEOLOGIST_OPEN_BORDERS,AbilityType,ARGTYPE_IDENTITY,ABILITY_ARCHAEOLOGIST_ENTER_FOREIGN_LANDS,,
MONT_ST_MICHEL_GRANT_MARTYR,PromotionType,ARGTYPE_IDENTITY,PROMOTION_MARTYR,,
TERRACOTTA_ARMY_LEVEL_UP_UNITS,Amount,ARGTYPE_IDENTITY,-1,,
BIG_BEN_DOUBLE_GOLD,Amount,ARGTYPE_IDENTITY,100,,
GREATLIGHTHOUSE_ADJUST_SEA_MOVEMENT,AbilityType,ARGTYPE_IDENTITY,ABILITY_GREAT_LIGHTHOUSE_MOVEMENT,,
GREATLIGHTHOUSE_ADJUST_EMBARKED_MOVEMENT,Amount,ARGTYPE_IDENTITY,1,,
GREATLIGHTHOUSE_ADD_EMBARKED_ABILITY_TEXT_ONLY,AbilityType,ARGTYPE_IDENTITY,ABILITY_GREAT_LIGHTHOUSE_EMBARKED_MOVEMENT,,
HAGIA_SOPHIA_ADJUST_RELIGIOUS_CHARGES,Amount,ARGTYPE_IDENTITY,1,,
BUILDING_BROADWAY_RANDOMCIVICBOOST,StartEraType,ARGTYPE_IDENTITY,ERA_ATOMIC,,
BUILDING_BROADWAY_RANDOMCIVICBOOST,EndEraType,ARGTYPE_IDENTITY,ERA_ATOMIC,,
BUILDING_BROADWAY_RANDOMCIVICBOOST,Amount,ARGTYPE_IDENTITY,1,,
CHICHEN_ITZA_JUNGLE_CULTURE,ModifierId,ARGTYPE_IDENTITY,CHICHEN_ITZA_JUNGLE_CULTURE_MODIFIER,,
CHICHEN_ITZA_JUNGLE_CULTURE_MODIFIER,YieldType,ARGTYPE_IDENTITY,YIELD_CULTURE,,
CHICHEN_ITZA_JUNGLE_CULTURE_MODIFIER,Amount,ARGTYPE_IDENTITY,2,,
CHICHEN_ITZA_JUNGLE_PRODUCTION,ModifierId,ARGTYPE_IDENTITY,CHICHEN_ITZA_JUNGLE_PRODUCTION_MODIFIER,,
CHICHEN_ITZA_JUNGLE_PRODUCTION_MODIFIER,YieldType,ARGTYPE_IDENTITY,YIELD_PRODUCTION,,
CHICHEN_ITZA_JUNGLE_PRODUCTION_MODIFIER,Amount,ARGTYPE_IDENTITY,1,,
LIGHTHOUSE_COAST_FOOD,YieldType,ARGTYPE_IDENTITY,YIELD_FOOD,,
LIGHTHOUSE_COAST_FOOD,Amount,ARGTYPE_IDENTITY,1,,
PETRA_YIELD_MODIFIER,YieldType,ARGTYPE_IDENTITY,"YIELD_FOOD,YIELD_GOLD,YIELD_PRODUCTION",,
PETRA_YIELD_MODIFIER,Amount,ARGTYPE_IDENTITY,"2,2,1",,
RUHR_VALLEY_PRODUCTION_MODIFIER,YieldType,ARGTYPE_IDENTITY,YIELD_PRODUCTION,,
RUHR_VALLEY_PRODUCTION_MODIFIER,Amount,ARGTYPE_IDENTITY,1,,
SEAPORT_COAST_GOLD,YieldType,ARGTYPE_IDENTITY,YIELD_GOLD,,
SEAPORT_COAST_GOLD,Amount,ARGTYPE_IDENTITY,2,,
STAVECHURCH_SEARESOURCE_PRODUCTION,YieldType,ARGTYPE_IDENTITY,YIELD_PRODUCTION,,
STAVECHURCH_SEARESOURCE_PRODUCTION,Amount,ARGTYPE_IDENTITY,1,,
CIVIC_GRANT_ONE_TRADE_ROUTE,Amount,ARGTYPE_IDENTITY,1,,
CIVIC_AWARD_ONE_INFLUENCE_TOKEN,Amount,ARGTYPE_IDENTITY,1,,
CIVIC_AWARD_TWO_INFLUENCE_TOKENS,Amount,ARGTYPE_IDENTITY,2,,
CIVIC_AWARD_THREE_INFLUENCE_TOKENS,Amount,ARGTYPE_IDENTITY,3,,
CIVIC_GRANT_COMBAT_ADJACENCY_BONUS,Enable,ARGTYPE_IDENTITY,1,,
CIVIC_ENFORCE_BORDERS,Enable,ARGTYPE_IDENTITY,1,,
CIVIC_REDUCE_RELIGIOUS_TOURISM,Modifier,ARGTYPE_IDENTITY,50,,
CIVIC_GENERATE_LAND_ANTIQUITIES,MechanicName,ARGTYPE_IDENTITY,GenerateLandAntiquities,,
CIVIC_GENERATE_SEA_ANTIQUITIES,MechanicName,ARGTYPE_IDENTITY,GenerateSeaAntiquities,,
CIVIC_EXTRACT_SEA_ARTIFACTS,Extract,ARGTYPE_IDENTITY,1,,
CIVIC_GRANT_SPY,Amount,ARGTYPE_IDENTITY,1,,
CONSERVATION_ANCIENT_WALL_TOURISM,Amount,ARGTYPE_IDENTITY,1,,
CONSERVATION_MEDIEVAL_WALL_TOURISM,Amount,ARGTYPE_IDENTITY,2,,
CONSERVATION_RENAISSANCE_WALL_TOURISM,Amount,ARGTYPE_IDENTITY,3,,
TRAIT_AMAZON_RAINFOREST_COMMERCIALHUB_ADJACENCY,DistrictType,ARGTYPE_IDENTITY,DISTRICT_COMMERCIAL_HUB,,
TRAIT_AMAZON_RAINFOREST_COMMERCIALHUB_ADJACENCY,FeatureType,ARGTYPE_IDENTITY,FEATURE_JUNGLE,,
TRAIT_AMAZON_RAINFOREST_COMMERCIALHUB_ADJACENCY,YieldType,ARGTYPE_IDENTITY,YIELD_GOLD,,
TRAIT_AMAZON_RAINFOREST_COMMERCIALHUB_ADJACENCY,Amount,ARGTYPE_IDENTITY,1,,
TRAIT_AMAZON_RAINFOREST_COMMERCIALHUB_ADJACENCY,Description,ARGTYPE_IDENTITY,LOC_DISTRICT_JUNGLE_2_GOLD,,
TRAIT_AMAZON_RAINFOREST_HOLYSITE_ADJACENCY,DistrictType,ARGTYPE_IDENTITY,DISTRICT_HOLY_SITE,,
TRAIT_AMAZON_RAINFOREST_HOLYSITE_ADJACENCY,FeatureType,ARGTYPE_IDENTITY,FEATURE_JUNGLE,,
TRAIT_AMAZON_RAINFOREST_HOLYSITE_ADJACENCY,YieldType,ARGTYPE_IDENTITY,YIELD_FAITH,,
TRAIT_AMAZON_RAINFOREST_HOLYSITE_ADJACENCY,Amount,ARGTYPE_IDENTITY,1,,
TRAIT_AMAZON_RAINFOREST_HOLYSITE_ADJACENCY,Description,ARGTYPE_IDENTITY,LOC_DISTRICT_JUNGLE_2_FAITH,,
TRAIT_AMAZON_RAINFOREST_THEATER_ADJACENCY,DistrictType,ARGTYPE_IDENTITY,DISTRICT_THEATER,,
TRAIT_AMAZON_RAINFOREST_THEATER_ADJACENCY,FeatureType,ARGTYPE_IDENTITY,FEATURE_JUNGLE,,
TRAIT_AMAZON_RAINFOREST_THEATER_ADJACENCY,YieldType,ARGTYPE_IDENTITY,YIELD_CULTURE,,
TRAIT_AMAZON_RAINFOREST_THEATER_ADJACENCY,Amount,ARGTYPE_IDENTITY,1,,
TRAIT_AMAZON_RAINFOREST_THEATER_ADJACENCY,Description,ARGTYPE_IDENTITY,LOC_DISTRICT_JUNGLE_2_CULTURE,,
TRAIT_AMAZON_RAINFOREST_CAMPUS_ADJACENCY,DistrictType,ARGTYPE_IDENTITY,DISTRICT_CAMPUS,,
TRAIT_AMAZON_RAINFOREST_CAMPUS_ADJACENCY,FeatureType,ARGTYPE_IDENTITY,FEATURE_JUNGLE,,
TRAIT_AMAZON_RAINFOREST_CAMPUS_ADJACENCY,YieldType,ARGTYPE_IDENTITY,YIELD_SCIENCE,,
TRAIT_AMAZON_RAINFOREST_CAMPUS_ADJACENCY,Amount,ARGTYPE_IDENTITY,1,,
TRAIT_AMAZON_RAINFOREST_CAMPUS_ADJACENCY,Description,ARGTYPE_IDENTITY,LOC_DISTRICT_JUNGLE_2_SCIENCE,,
TRAIT_AMAZON_RAINFOREST_EXTRA_APPEAL,FeatureType,ARGTYPE_IDENTITY,FEATURE_JUNGLE,,
TRAIT_AMAZON_RAINFOREST_EXTRA_APPEAL,Amount,ARGTYPE_IDENTITY,2,,
TRAIT_BARBARIAN_CAMP_GOODY,ImprovementType,ARGTYPE_IDENTITY,IMPROVEMENT_BARBARIAN_CAMP,,
TRAIT_BARBARIAN_CAMP_GOODY,GoodyHutImprovementType,ARGTYPE_IDENTITY,IMPROVEMENT_GOODY_HUT,,
TRAIT_LEVY_DISCOUNT,Percent,ARGTYPE_IDENTITY,50,,
TRAIT_BUILDERPRODUCTION,UnitType,ARGTYPE_IDENTITY,UNIT_BUILDER,,
TRAIT_BUILDERPRODUCTION,Amount,ARGTYPE_IDENTITY,100,,
TRAIT_CIVIC_BOOST,Amount,ARGTYPE_IDENTITY,10,-1,
TRAIT_TECHNOLOGY_BOOST,Amount,ARGTYPE_IDENTITY,10,-1,
TRAIT_CIVIC_BOOST_WONDER_ERA,Amount,ARGTYPE_IDENTITY,1,,
TRAIT_TECHNOLOGY_BOOST_WONDER_ERA,Amount,ARGTYPE_IDENTITY,1,,
TRAIT_DOUBLE_ARCHAEOLOGY_SLOTS,BuildingType,ARGTYPE_IDENTITY,BUILDING_MUSEUM_ARTIFACT,,
TRAIT_DOUBLE_ARCHAEOLOGY_SLOTS,GreatWorkSlotType,ARGTYPE_IDENTITY,GREATWORKSLOT_ARTIFACT,,
TRAIT_DOUBLE_ARCHAEOLOGY_SLOTS,Amount,ARGTYPE_IDENTITY,3,,
TRAIT_SUPPORT_TWO_ARCHAEOLOGISTS,BuildingType,ARGTYPE_IDENTITY,BUILDING_MUSEUM_ARTIFACT,,
TRAIT_SUPPORT_TWO_ARCHAEOLOGISTS,Amount,ARGTYPE_IDENTITY,1,,
TRAIT_AUTO_THEME_ARCHAEOLOGY_MUSEUM,BuildingType,ARGTYPE_IDENTITY,BUILDING_MUSEUM_ARTIFACT,,
TRAIT_DOUBLEMONUMENTCULTURE,BuildingType,ARGTYPE_IDENTITY,BUILDING_MONUMENT,,
TRAIT_DOUBLEMONUMENTCULTURE,YieldType,ARGTYPE_IDENTITY,YIELD_CULTURE,,
TRAIT_DOUBLEMONUMENTCULTURE,Amount,ARGTYPE_IDENTITY,100,,
TRAIT_DOUBLESHRINECULTURE,BuildingType,ARGTYPE_IDENTITY,BUILDING_SHRINE,,
TRAIT_DOUBLESHRINECULTURE,YieldType,ARGTYPE_IDENTITY,YIELD_CULTURE,,
TRAIT_DOUBLESHRINECULTURE,Amount,ARGTYPE_IDENTITY,100,,
TRAIT_DOUBLETEMPLECULTURE,BuildingType,ARGTYPE_IDENTITY,BUILDING_TEMPLE,,
TRAIT_DOUBLETEMPLECULTURE,YieldType,ARGTYPE_IDENTITY,YIELD_CULTURE,,
TRAIT_DOUBLETEMPLECULTURE,Amount,ARGTYPE_IDENTITY,100,,
TRAIT_DOUBLE_WRITER_POINTS,GreatPersonClassType,ARGTYPE_IDENTITY,GREAT_PERSON_CLASS_WRITER,,
TRAIT_DOUBLE_WRITER_POINTS,Amount,ARGTYPE_IDENTITY,50,,
TRAIT_DOUBLE_ARTIST_POINTS,GreatPersonClassType,ARGTYPE_IDENTITY,GREAT_PERSON_CLASS_ARTIST,,
TRAIT_DOUBLE_ARTIST_POINTS,Amount,ARGTYPE_IDENTITY,50,,
TRAIT_DOUBLE_MUSICIAN_POINTS,GreatPersonClassType,ARGTYPE_IDENTITY,GREAT_PERSON_CLASS_MUSICIAN,,
TRAIT_DOUBLE_MUSICIAN_POINTS,Amount,ARGTYPE_IDENTITY,50,,
TRAIT_DOUBLE_MERCHANT_POINTS,GreatPersonClassType,ARGTYPE_IDENTITY,GREAT_PERSON_CLASS_MERCHANT,,
TRAIT_DOUBLE_MERCHANT_POINTS,Amount,ARGTYPE_IDENTITY,50,,
TRAIT_EXTRA_DISTRICT_EACH_CITY,Amount,ARGTYPE_IDENTITY,1,,
TRAIT_EXTRALIGHTCAVALRY,Tag,ARGTYPE_IDENTITY,CLASS_LIGHT_CAVALRY,,
TRAIT_EXTRALIGHTCAVALRY,Amount,ARGTYPE_IDENTITY,1,,
TRAIT_EXTRA_PALACE_SLOTS,BuildingType,ARGTYPE_IDENTITY,BUILDING_PALACE,,
TRAIT_EXTRA_PALACE_SLOTS,GreatWorkSlotType,ARGTYPE_IDENTITY,GREATWORKSLOT_PALACE,,
TRAIT_EXTRA_PALACE_SLOTS,Amount,ARGTYPE_IDENTITY,4,,
TRAIT_EXTRASAKAHORSEARCHER,UnitType,ARGTYPE_IDENTITY,UNIT_SCYTHIAN_HORSE_ARCHER,,
TRAIT_EXTRASAKAHORSEARCHER,Amount,ARGTYPE_IDENTITY,1,,
TRAIT_BONUS_AGAINST_BARBS,Amount,ARGTYPE_IDENTITY,10,,
TRAIT_RIVER_FASTER_BUILDTIME_DISTRICT,Amount,ARGTYPE_IDENTITY,15,,
TRAIT_RIVER_FASTER_BUILDTIME_WONDER,Amount,ARGTYPE_IDENTITY,15,,
TRAIT_GUARANTEE_ONE_PROPHET,GreatPersonClassType,ARGTYPE_IDENTITY,GREAT_PERSON_CLASS_PROPHET,,
TRAIT_GREAT_WORK_FAITH_SCULPTURE,GreatWorkObjectType,ARGTYPE_IDENTITY,GREATWORKOBJECT_SCULPTURE,,
TRAIT_GREAT_WORK_FAITH_SCULPTURE,YieldType,ARGTYPE_IDENTITY,YIELD_FAITH,,
TRAIT_GREAT_WORK_FAITH_SCULPTURE,YieldChange,ARGTYPE_IDENTITY,1,,
TRAIT_GREAT_WORK_FOOD_SCULPTURE,GreatWorkObjectType,ARGTYPE_IDENTITY,GREATWORKOBJECT_SCULPTURE,,
TRAIT_GREAT_WORK_FOOD_SCULPTURE,YieldType,ARGTYPE_IDENTITY,YIELD_FOOD,,
TRAIT_GREAT_WORK_FOOD_SCULPTURE,YieldChange,ARGTYPE_IDENTITY,2,,
TRAIT_GREAT_WORK_PRODUCTION_SCULPTURE,GreatWorkObjectType,ARGTYPE_IDENTITY,GREATWORKOBJECT_SCULPTURE,,
TRAIT_GREAT_WORK_PRODUCTION_SCULPTURE,YieldType,ARGTYPE_IDENTITY,YIELD_PRODUCTION,,
TRAIT_GREAT_WORK_PRODUCTION_SCULPTURE,YieldChange,ARGTYPE_IDENTITY,2,,
TRAIT_GREAT_WORK_GOLD_SCULPTURE,GreatWorkObjectType,ARGTYPE_IDENTITY,GREATWORKOBJECT_SCULPTURE,,
TRAIT_GREAT_WORK_GOLD_SCULPTURE,YieldType,ARGTYPE_IDENTITY,YIELD_GOLD,,
TRAIT_GREAT_WORK_GOLD_SCULPTURE,YieldChange,ARGTYPE_IDENTITY,4,,
TRAIT_GREAT_WORK_FAITH_ARTIFACT,GreatWorkObjectType,ARGTYPE_IDENTITY,GREATWORKOBJECT_ARTIFACT,,
TRAIT_GREAT_WORK_FAITH_ARTIFACT,YieldType,ARGTYPE_IDENTITY,YIELD_FAITH,,
TRAIT_GREAT_WORK_FAITH_ARTIFACT,YieldChange,ARGTYPE_IDENTITY,1,,
TRAIT_GREAT_WORK_FOOD_ARTIFACT,GreatWorkObjectType,ARGTYPE_IDENTITY,GREATWORKOBJECT_ARTIFACT,,
TRAIT_GREAT_WORK_FOOD_ARTIFACT,YieldType,ARGTYPE_IDENTITY,YIELD_FOOD,,
TRAIT_GREAT_WORK_FOOD_ARTIFACT,YieldChange,ARGTYPE_IDENTITY,2,,
TRAIT_GREAT_WORK_PRODUCTION_ARTIFACT,GreatWorkObjectType,ARGTYPE_IDENTITY,GREATWORKOBJECT_ARTIFACT,,
TRAIT_GREAT_WORK_PRODUCTION_ARTIFACT,YieldType,ARGTYPE_IDENTITY,YIELD_PRODUCTION,,
TRAIT_GREAT_WORK_PRODUCTION_ARTIFACT,YieldChange,ARGTYPE_IDENTITY,2,,
TRAIT_GREAT_WORK_GOLD_ARTIFACT,GreatWorkObjectType,ARGTYPE_IDENTITY,GREATWORKOBJECT_ARTIFACT,,
TRAIT_GREAT_WORK_GOLD_ARTIFACT,YieldType,ARGTYPE_IDENTITY,YIELD_GOLD,,
TRAIT_GREAT_WORK_GOLD_ARTIFACT,YieldChange,ARGTYPE_IDENTITY,4,,
TRAIT_GREAT_WORK_FAITH_RELIC,GreatWorkObjectType,ARGTYPE_IDENTITY,GREATWORKOBJECT_RELIC,,
TRAIT_GREAT_WORK_FAITH_RELIC,YieldType,ARGTYPE_IDENTITY,YIELD_FAITH,,
TRAIT_GREAT_WORK_FAITH_RELIC,YieldChange,ARGTYPE_IDENTITY,1,,
TRAIT_GREAT_WORK_FOOD_RELIC,GreatWorkObjectType,ARGTYPE_IDENTITY,GREATWORKOBJECT_RELIC,,
TRAIT_GREAT_WORK_FOOD_RELIC,YieldType,ARGTYPE_IDENTITY,YIELD_FOOD,,
TRAIT_GREAT_WORK_FOOD_RELIC,YieldChange,ARGTYPE_IDENTITY,2,,
TRAIT_GREAT_WORK_PRODUCTION_RELIC,GreatWorkObjectType,ARGTYPE_IDENTITY,GREATWORKOBJECT_RELIC,,
TRAIT_GREAT_WORK_PRODUCTION_RELIC,YieldType,ARGTYPE_IDENTITY,YIELD_PRODUCTION,,
TRAIT_GREAT_WORK_PRODUCTION_RELIC,YieldChange,ARGTYPE_IDENTITY,2,,
TRAIT_GREAT_WORK_GOLD_RELIC,GreatWorkObjectType,ARGTYPE_IDENTITY,GREATWORKOBJECT_RELIC,,
TRAIT_GREAT_WORK_GOLD_RELIC,YieldType,ARGTYPE_IDENTITY,YIELD_GOLD,,
TRAIT_GREAT_WORK_GOLD_RELIC,YieldChange,ARGTYPE_IDENTITY,4,,
TRAIT_ADJACENT_DISTRICTS_HOLYSITE_ADJACENCYFAITH,DistrictType,ARGTYPE_IDENTITY,DISTRICT_HOLY_SITE,,
TRAIT_ADJACENT_DISTRICTS_HOLYSITE_ADJACENCYFAITH,YieldType,ARGTYPE_IDENTITY,YIELD_FAITH,,
TRAIT_ADJACENT_DISTRICTS_HOLYSITE_ADJACENCYFAITH,Amount,ARGTYPE_IDENTITY,1,,
TRAIT_ADJACENT_DISTRICTS_HOLYSITE_ADJACENCYFAITH,Description,ARGTYPE_IDENTITY,LOC_DISTRICT_DISTRICT_1_FAITH,,
TRAIT_ADJACENT_DISTRICTS_CAMPUS_ADJACENCYSCIENCE,DistrictType,ARGTYPE_IDENTITY,DISTRICT_CAMPUS,,
TRAIT_ADJACENT_DISTRICTS_CAMPUS_ADJACENCYSCIENCE,YieldType,ARGTYPE_IDENTITY,YIELD_SCIENCE,,
TRAIT_ADJACENT_DISTRICTS_CAMPUS_ADJACENCYSCIENCE,Amount,ARGTYPE_IDENTITY,1,,
TRAIT_ADJACENT_DISTRICTS_CAMPUS_ADJACENCYSCIENCE,Description,ARGTYPE_IDENTITY,LOC_DISTRICT_DISTRICT_1_SCIENCE,,
TRAIT_ADJACENT_DISTRICTS_HARBOR_ADJACENCYGOLD,DistrictType,ARGTYPE_IDENTITY,DISTRICT_HARBOR,,
TRAIT_ADJACENT_DISTRICTS_HARBOR_ADJACENCYGOLD,YieldType,ARGTYPE_IDENTITY,YIELD_GOLD,,
TRAIT_ADJACENT_DISTRICTS_HARBOR_ADJACENCYGOLD,Amount,ARGTYPE_IDENTITY,1,,
TRAIT_ADJACENT_DISTRICTS_HARBOR_ADJACENCYGOLD,Description,ARGTYPE_IDENTITY,LOC_DISTRICT_DISTRICT_1_GOLD,,
TRAIT_ADJACENT_DISTRICTS_COMMERCIALHUB_ADJACENCYGOLD,DistrictType,ARGTYPE_IDENTITY,DISTRICT_COMMERCIAL_HUB,,
TRAIT_ADJACENT_DISTRICTS_COMMERCIALHUB_ADJACENCYGOLD,YieldType,ARGTYPE_IDENTITY,YIELD_GOLD,,
TRAIT_ADJACENT_DISTRICTS_COMMERCIALHUB_ADJACENCYGOLD,Amount,ARGTYPE_IDENTITY,1,,
TRAIT_ADJACENT_DISTRICTS_COMMERCIALHUB_ADJACENCYGOLD,Description,ARGTYPE_IDENTITY,LOC_DISTRICT_DISTRICT_1_GOLD,,
TRAIT_ADJACENT_DISTRICTS_THEATER_ADJACENCYCULTURE,DistrictType,ARGTYPE_IDENTITY,DISTRICT_THEATER,,
TRAIT_ADJACENT_DISTRICTS_THEATER_ADJACENCYCULTURE,YieldType,ARGTYPE_IDENTITY,YIELD_CULTURE,,
TRAIT_ADJACENT_DISTRICTS_THEATER_ADJACENCYCULTURE,Amount,ARGTYPE_IDENTITY,1,,
TRAIT_ADJACENT_DISTRICTS_THEATER_ADJACENCYCULTURE,Description,ARGTYPE_IDENTITY,LOC_DISTRICT_DISTRICT_1_CULTURE,,
TRAIT_ADJACENT_DISTRICTS_INDUSTRIALZONE_ADJACENCYPRODUCTION,DistrictType,ARGTYPE_IDENTITY,DISTRICT_INDUSTRIAL_ZONE,,
TRAIT_ADJACENT_DISTRICTS_INDUSTRIALZONE_ADJACENCYPRODUCTION,YieldType,ARGTYPE_IDENTITY,YIELD_PRODUCTION,,
TRAIT_ADJACENT_DISTRICTS_INDUSTRIALZONE_ADJACENCYPRODUCTION,Amount,ARGTYPE_IDENTITY,1,,
TRAIT_ADJACENT_DISTRICTS_INDUSTRIALZONE_ADJACENCYPRODUCTION,Description,ARGTYPE_IDENTITY,LOC_DISTRICT_DISTRICT_1_PRODUCTION,,
TRAIT_INCREASED_TUNDRA_FAITH,YieldType,ARGTYPE_IDENTITY,YIELD_FAITH,,
TRAIT_INCREASED_TUNDRA_FAITH,Amount,ARGTYPE_IDENTITY,1,,
TRAIT_INCREASED_TUNDRA_PRODUCTION,YieldType,ARGTYPE_IDENTITY,YIELD_PRODUCTION,,
TRAIT_INCREASED_TUNDRA_PRODUCTION,Amount,ARGTYPE_IDENTITY,1,,
TRAIT_INCREASED_TUNDRA_HILLS_FAITH,YieldType,ARGTYPE_IDENTITY,YIELD_FAITH,,
TRAIT_INCREASED_TUNDRA_HILLS_FAITH,Amount,ARGTYPE_IDENTITY,1,,
TRAIT_INCREASED_TUNDRA_HILLS_PRODUCTION,YieldType,ARGTYPE_IDENTITY,YIELD_PRODUCTION,,
TRAIT_INCREASED_TUNDRA_HILLS_PRODUCTION,Amount,ARGTYPE_IDENTITY,1,,
TRAIT_INCREASED_TILES,Amount,ARGTYPE_IDENTITY,5,,
TRAIT_EXPENDED_GREAT_PERSON_TILES,Amount,ARGTYPE_IDENTITY,1,,
TRAIT_SHRINE_WRITING_POINTS,GreatPersonClassType,ARGTYPE_IDENTITY,GREAT_PERSON_CLASS_WRITER,,
TRAIT_SHRINE_WRITING_POINTS,Amount,ARGTYPE_IDENTITY,1,,
TRAIT_TEMPLE_ARTIST_POINTS,GreatPersonClassType,ARGTYPE_IDENTITY,GREAT_PERSON_CLASS_ARTIST,,
TRAIT_TEMPLE_ARTIST_POINTS,Amount,ARGTYPE_IDENTITY,1,,
TRAIT_TIER3_MUSICIAN_POINTS,GreatPersonClassType,ARGTYPE_IDENTITY,GREAT_PERSON_CLASS_MUSICIAN,,
TRAIT_TIER3_MUSICIAN_POINTS,Amount,ARGTYPE_IDENTITY,1,,
TRAIT_WILDCARD_GOVERNMENT_SLOT,GovernmentSlotType,ARGTYPE_IDENTITY,SLOT_WILDCARD,,
TRAIT_NAVAL_CORPS_EARLY,Corps,ARGTYPE_IDENTITY,1,,
TRAIT_NAVAL_CORPS_EARLY,Domain,ARGTYPE_IDENTITY,DOMAIN_SEA,,
TRAIT_NAVAL_CORPS_EARLY,CivicType,ARGTYPE_IDENTITY,CIVIC_MERCANTILISM,,
TRAIT_NAVAL_ARMIES_EARLY,Corps,ARGTYPE_IDENTITY,0,,
TRAIT_NAVAL_ARMIES_EARLY,Domain,ARGTYPE_IDENTITY,DOMAIN_SEA,,
TRAIT_NAVAL_ARMIES_EARLY,CivicType,ARGTYPE_IDENTITY,CIVIC_MERCANTILISM,,
TRAIT_INTERNATIONAL_FAITH,YieldType,ARGTYPE_IDENTITY,YIELD_FAITH,,
TRAIT_INTERNATIONAL_FAITH,Amount,ARGTYPE_IDENTITY,2,,
TRAIT_DOMESTIC_FAITH,YieldType,ARGTYPE_IDENTITY,YIELD_FAITH,,
TRAIT_DOMESTIC_FAITH,Amount,ARGTYPE_IDENTITY,2,,
TRAIT_INTERNATIONAL_GOLD,YieldType,ARGTYPE_IDENTITY,YIELD_GOLD,,
TRAIT_INTERNATIONAL_GOLD,Amount,ARGTYPE_IDENTITY,3,,
TRAIT_DOMESTIC_GOLD,YieldType,ARGTYPE_IDENTITY,YIELD_GOLD,,
TRAIT_DOMESTIC_GOLD,Amount,ARGTYPE_IDENTITY,3,,
TRAIT_INTERNATIONAL_PRODUCTION,YieldType,ARGTYPE_IDENTITY,YIELD_PRODUCTION,,
TRAIT_INTERNATIONAL_PRODUCTION,Amount,ARGTYPE_IDENTITY,1,,
TRAIT_DOMESTIC_PRODUCTION,YieldType,ARGTYPE_IDENTITY,YIELD_PRODUCTION,,
TRAIT_DOMESTIC_PRODUCTION,Amount,ARGTYPE_IDENTITY,1,,
TRAIT_INTERCONTINENTAL_INTERNATIONAL_FAITH,Intercontinental,ARGTYPE_IDENTITY,1,,
TRAIT_INTERCONTINENTAL_INTERNATIONAL_FAITH,YieldType,ARGTYPE_IDENTITY,YIELD_FAITH,,
TRAIT_INTERCONTINENTAL_INTERNATIONAL_FAITH,Amount,ARGTYPE_IDENTITY,4,,
TRAIT_INTERCONTINENTAL_DOMESTIC_FAITH,Intercontinental,ARGTYPE_IDENTITY,1,,
TRAIT_INTERCONTINENTAL_DOMESTIC_FAITH,YieldType,ARGTYPE_IDENTITY,YIELD_FAITH,,
TRAIT_INTERCONTINENTAL_DOMESTIC_FAITH,Amount,ARGTYPE_IDENTITY,4,,
TRAIT_INTERCONTINENTAL_INTERNATIONAL_GOLD,Intercontinental,ARGTYPE_IDENTITY,1,,
TRAIT_INTERCONTINENTAL_INTERNATIONAL_GOLD,YieldType,ARGTYPE_IDENTITY,YIELD_GOLD,,
TRAIT_INTERCONTINENTAL_INTERNATIONAL_GOLD,Amount,ARGTYPE_IDENTITY,6,,
TRAIT_INTERCONTINENTAL_DOMESTIC_GOLD,Intercontinental,ARGTYPE_IDENTITY,1,,
TRAIT_INTERCONTINENTAL_DOMESTIC_GOLD,YieldType,ARGTYPE_IDENTITY,YIELD_GOLD,,
TRAIT_INTERCONTINENTAL_DOMESTIC_GOLD,Amount,ARGTYPE_IDENTITY,6,,
TRAIT_INTERCONTINENTAL_INTERNATIONAL_PRODUCTION,Intercontinental,ARGTYPE_IDENTITY,1,,
TRAIT_INTERCONTINENTAL_INTERNATIONAL_PRODUCTION,YieldType,ARGTYPE_IDENTITY,YIELD_PRODUCTION,,
TRAIT_INTERCONTINENTAL_INTERNATIONAL_PRODUCTION,Amount,ARGTYPE_IDENTITY,2,,
TRAIT_INTERCONTINENTAL_DOMESTIC_PRODUCTION,Intercontinental,ARGTYPE_IDENTITY,1,,
TRAIT_INTERCONTINENTAL_DOMESTIC_PRODUCTION,YieldType,ARGTYPE_IDENTITY,YIELD_PRODUCTION,,
TRAIT_INTERCONTINENTAL_DOMESTIC_PRODUCTION,Amount,ARGTYPE_IDENTITY,2,,
TRAIT_INTERCONTINENTAL_DISTRICT_PRODUCTION,Amount,ARGTYPE_IDENTITY,25,,
TRAIT_INTERCONTINENTAL_BUILDER,UnitType,ARGTYPE_IDENTITY,UNIT_BUILDER,,
TRAIT_INTERCONTINENTAL_BUILDER,Amount,ARGTYPE_IDENTITY,1,,
TRAIT_GAINS_ALL_FOLLOWER_BELIEFS,Enable,ARGTYPE_IDENTITY,1,,
TRAIT_SCIENCE_PER_FOREIGN_CITY_FOLLOWING_RELIGION,BeliefYieldType,ARGTYPE_IDENTITY,BELIEF_YIELD_PER_FOREIGN_CITY,,
TRAIT_SCIENCE_PER_FOREIGN_CITY_FOLLOWING_RELIGION,YieldType,ARGTYPE_IDENTITY,YIELD_SCIENCE,,
TRAIT_SCIENCE_PER_FOREIGN_CITY_FOLLOWING_RELIGION,Amount,ARGTYPE_IDENTITY,1,,
TRAIT_SCIENCE_PER_FOREIGN_CITY_FOLLOWING_RELIGION,PerXItems,ARGTYPE_IDENTITY,1,,
TRAIT_WONDER_DOUBLETOURISM,BoostsWonders,ARGTYPE_IDENTITY,1,,
TRAIT_WONDER_DOUBLETOURISM,ScalingFactor,ARGTYPE_IDENTITY,200,,
TRAIT_WONDER_MEDIAVALINDUSTRIAL_PRODUCTION,Amount,ARGTYPE_IDENTITY,20,,
TRAIT_WONDER_MEDIAVALINDUSTRIAL_PRODUCTION,IsWonder,ARGTYPE_IDENTITY,1,,
TRAIT_WONDER_MEDIAVALINDUSTRIAL_PRODUCTION,StartEra,ARGTYPE_IDENTITY,ERA_MEDIEVAL,,
TRAIT_WONDER_MEDIAVALINDUSTRIAL_PRODUCTION,EndEra,ARGTYPE_IDENTITY,ERA_INDUSTRIAL,,
TRAIT_IGNORE_EMBARK_DISEMBARK_COST,AbilityType,ARGTYPE_IDENTITY,ABILITY_KNARR_IGNORE_EMBARK_DISEMBARK_COST,,
TRAIT_EARLY_OCEAN_NAVIGATION,TerrainType,ARGTYPE_IDENTITY,TERRAIN_OCEAN,,
TRAIT_EARLY_OCEAN_NAVIGATION,Valid,ARGTYPE_IDENTITY,1,,
TRAIT_MELEE_NAVAL_HEAL_NEUTRAL,AbilityType,ARGTYPE_IDENTITY,ABILITY_HEAL_NEUTRAL_TERRITORY,,
TRAIT_GOLD_FROM_DOMESTIC_TRADING_POSTS,YieldType,ARGTYPE_IDENTITY,YIELD_GOLD,,
TRAIT_GOLD_FROM_DOMESTIC_TRADING_POSTS,Amount,ARGTYPE_IDENTITY,1,,
ROYAL_NAVY_DOCKYARD_GRANT_MOVEMENT_BONUS,AbilityType,ARGTYPE_IDENTITY,ABILITY_ROYAL_NAVY_DOCKYARD_MOVEMENT_BONUS,,
ROYAL_NAVY_DOCKYARD_GOLD_FROM_FOREIGN_CONTINENT,Amount,ARGTYPE_IDENTITY,2,,
ROYAL_NAVY_DOCKYARD_GOLD_FROM_FOREIGN_CONTINENT,YieldType,ARGTYPE_IDENTITY,YIELD_GOLD,,
MBANZA_FOOD,Amount,ARGTYPE_IDENTITY,2,,
MBANZA_FOOD,YieldType,ARGTYPE_IDENTITY,YIELD_FOOD,,
MBANZA_GOLD,Amount,ARGTYPE_IDENTITY,4,,
MBANZA_GOLD,YieldType,ARGTYPE_IDENTITY,YIELD_GOLD,,
DEAD_SEA_ADJACENT_UNITS_ADJUST_HEAL_PER_TURN,Amount,ARGTYPE_IDENTITY,100,,
DEAD_SEA_ADJACENT_UNITS_ADJUST_HEAL_PER_TURN,Type,ARGTYPE_IDENTITY,ALL,,
EVEREST_ADJACENT_UNITS_GRANT_ABILITY,AbilityType,ARGTYPE_IDENTITY,ABILITY_ALTITUDE_TRAINING,,
GOODY_CULTURE_GRANT_ONE_RELIC,Amount,ARGTYPE_IDENTITY,1,,
GOODY_CULTURE_GRANT_ONE_RELIC,RelicSource,ARGTYPE_IDENTITY,RELIC_SOURCE_TRIBAL_VILLAGE,,
GOODY_CULTURE_GRANT_TWO_CIVIC_BOOSTS,Amount,ARGTYPE_IDENTITY,2,,
GOODY_CULTURE_GRANT_ONE_CIVIC_BOOST,Amount,ARGTYPE_IDENTITY,1,,
GOODY_GOLD_LARGE_MODIFIER,Amount,ARGTYPE_IDENTITY,120,,
GOODY_GOLD_LARGE_MODIFIER,YieldType,ARGTYPE_IDENTITY,YIELD_GOLD,,
GOODY_GOLD_LARGE_MODIFIER,Scale,ARGTYPE_IDENTITY,1,,
GOODY_GOLD_MEDIUM_MODIFIER,Amount,ARGTYPE_IDENTITY,75,,
GOODY_GOLD_MEDIUM_MODIFIER,YieldType,ARGTYPE_IDENTITY,YIELD_GOLD,,
GOODY_GOLD_MEDIUM_MODIFIER,Scale,ARGTYPE_IDENTITY,1,,
GOODY_GOLD_SMALL_MODIFIER,Amount,ARGTYPE_IDENTITY,40,,
GOODY_GOLD_SMALL_MODIFIER,YieldType,ARGTYPE_IDENTITY,YIELD_GOLD,,
GOODY_GOLD_SMALL_MODIFIER,Scale,ARGTYPE_IDENTITY,1,,
GOODY_FAITH_LARGE_MODIFIER,Amount,ARGTYPE_IDENTITY,100,,
GOODY_FAITH_LARGE_MODIFIER,Scale,ARGTYPE_IDENTITY,1,,
GOODY_FAITH_LARGE_MODIFIER,YieldType,ARGTYPE_IDENTITY,YIELD_FAITH,,
GOODY_FAITH_MEDIUM_MODIFIER,Amount,ARGTYPE_IDENTITY,60,,
GOODY_FAITH_MEDIUM_MODIFIER,Scale,ARGTYPE_IDENTITY,1,,
GOODY_FAITH_MEDIUM_MODIFIER,YieldType,ARGTYPE_IDENTITY,YIELD_FAITH,,
GOODY_FAITH_SMALL_MODIFIER,Amount,ARGTYPE_IDENTITY,20,,
GOODY_FAITH_SMALL_MODIFIER,YieldType,ARGTYPE_IDENTITY,YIELD_FAITH,,
GOODY_FAITH_SMALL_MODIFIER,Scale,ARGTYPE_IDENTITY,1,,
GOODY_MILITARY_GRANT_SCOUT,UnitPromotionClassType,ARGTYPE_IDENTITY,PROMOTION_CLASS_RECON,,
GOODY_MILITARY_GRANT_UPGRADE,Amount,ARGTYPE_IDENTITY,1,,
GOODY_MILITARY_GRANT_EXPERIENCE,Amount,ARGTYPE_IDENTITY,20,,
GOODY_MILITARY_HEAL,Amount,ARGTYPE_IDENTITY,100,,
GOODY_SCIENCE_GRANT_ONE_TECH,Amount,ARGTYPE_IDENTITY,1,-1,
GOODY_SCIENCE_GRANT_TWO_TECH_BOOSTS,Amount,ARGTYPE_IDENTITY,2,,
GOODY_SCIENCE_GRANT_ONE_TECH_BOOST,Amount,ARGTYPE_IDENTITY,1,,
GOODY_SURVIVORS_ADD_POPULATION,Amount,ARGTYPE_IDENTITY,1,,
GOODY_SURVIVORS_GRANT_BUILDER,UnitType,ARGTYPE_IDENTITY,UNIT_BUILDER,,
GOODY_SURVIVORS_GRANT_BUILDER,Amount,ARGTYPE_IDENTITY,1,,
GOODY_SURVIVORS_GRANT_TRADER,UnitType,ARGTYPE_IDENTITY,UNIT_TRADER,,
GOODY_SURVIVORS_GRANT_TRADER,Amount,ARGTYPE_IDENTITY,1,,
GOODY_SURVIVORS_GRANT_SETTLER,UnitType,ARGTYPE_IDENTITY,UNIT_SETTLER,,
GOODY_SURVIVORS_GRANT_SETTLER,Amount,ARGTYPE_IDENTITY,1,,
MONARCHY_WALLS_HOUSING,Amount,ARGTYPE_IDENTITY,1,,
MONARCHY_CASTLE_HOUSING,Amount,ARGTYPE_IDENTITY,1,,
MONARCHY_STARFORT_HOUSING,Amount,ARGTYPE_IDENTITY,1,,
GREATPERSON_GOLD,YieldType,ARGTYPE_IDENTITY,YIELD_GOLD,,
GREATPERSON_GOLD,Amount,ARGTYPE_IDENTITY,200,,
GREATPERSON_COMPUTERSTECHBOOST,TechType,ARGTYPE_IDENTITY,TECH_COMPUTERS,,
GREATPERSON_1MODERNTECHBOOST,StartEraType,ARGTYPE_IDENTITY,ERA_MODERN,,
GREATPERSON_1MODERNTECHBOOST,EndEraType,ARGTYPE_IDENTITY,ERA_MODERN,,
GREATPERSON_1MODERNTECHBOOST,Amount,ARGTYPE_IDENTITY,1,,
GREATPERSON_SPACE_RACE_PRODUCTION_RATE_LARGE,Amount,ARGTYPE_IDENTITY,100,,
GREATPERSON_COMBAT_STRENGTH_AOE_CLASSICAL_SEA,AbilityType,ARGTYPE_IDENTITY,ABILITY_GREAT_ADMIRAL_STRENGTH,,
GREATPERSON_COMBAT_STRENGTH_AOE_MEDIEVAL_SEA,AbilityType,ARGTYPE_IDENTITY,ABILITY_GREAT_ADMIRAL_STRENGTH,,
GREATPERSON_COMBAT_STRENGTH_AOE_RENAISSANCE_SEA,AbilityType,ARGTYPE_IDENTITY,ABILITY_GREAT_ADMIRAL_STRENGTH,,
GREATPERSON_COMBAT_STRENGTH_AOE_INDUSTRIAL_SEA,AbilityType,ARGTYPE_IDENTITY,ABILITY_GREAT_ADMIRAL_STRENGTH,,
GREATPERSON_COMBAT_STRENGTH_AOE_MODERN_SEA,AbilityType,ARGTYPE_IDENTITY,ABILITY_GREAT_ADMIRAL_STRENGTH,,
GREATPERSON_COMBAT_STRENGTH_AOE_ATOMIC_SEA,AbilityType,ARGTYPE_IDENTITY,ABILITY_GREAT_ADMIRAL_STRENGTH,,
GREATPERSON_COMBAT_STRENGTH_AOE_INFORMATION_SEA,AbilityType,ARGTYPE_IDENTITY,ABILITY_GREAT_ADMIRAL_STRENGTH,,
GREATPERSON_MOVEMENT_AOE_CLASSICAL_SEA,AbilityType,ARGTYPE_IDENTITY,ABILITY_GREAT_ADMIRAL_MOVEMENT,,
GREATPERSON_MOVEMENT_AOE_MEDIEVAL_SEA,AbilityType,ARGTYPE_IDENTITY,ABILITY_GREAT_ADMIRAL_MOVEMENT,,
GREATPERSON_MOVEMENT_AOE_RENAISSANCE_SEA,AbilityType,ARGTYPE_IDENTITY,ABILITY_GREAT_ADMIRAL_MOVEMENT,,
GREATPERSON_MOVEMENT_AOE_INDUSTRIAL_SEA,AbilityType,ARGTYPE_IDENTITY,ABILITY_GREAT_ADMIRAL_MOVEMENT,,
GREATPERSON_MOVEMENT_AOE_MODERN_SEA,AbilityType,ARGTYPE_IDENTITY,ABILITY_GREAT_ADMIRAL_MOVEMENT,,
GREATPERSON_MOVEMENT_AOE_ATOMIC_SEA,AbilityType,ARGTYPE_IDENTITY,ABILITY_GREAT_ADMIRAL_MOVEMENT,,
GREATPERSON_MOVEMENT_AOE_INFORMATION_SEA,ModifierId,ARGTYPE_IDENTITY,ABILITY_GREAT_ADMIRAL_MOVEMENT,,
GREATPERSON_ARTEMISIA_ACTIVE,Amount,ARGTYPE_IDENTITY,-1,,
GREATPERSON_GAIUS_DUILIUS_ACTIVE,MilitaryFormationType,ARGTYPE_IDENTITY,CORPS_MILITARY_FORMATION,,
GREATPERSON_THEMISTOCLES_ACTIVE,UnitType,ARGTYPE_IDENTITY,UNIT_QUADRIREME,,
GREATPERSON_THEMISTOCLES_ACTIVE,Experience,ARGTYPE_IDENTITY,0,,
GREATPERSON_THEMISTOCLES_ACTIVE,UniqueOverride,ARGTYPE_IDENTITY,1,,
GREATPERSON_LEIF_ERIKSON_ACTIVE,TerrainType,ARGTYPE_IDENTITY,TERRAIN_OCEAN,,
GREATPERSON_LEIF_ERIKSON_ACTIVE,Valid,ARGTYPE_IDENTITY,1,,
GREATPERSON_FRANCIS_DRAKE_ACTIVE_PLUNDER_BONUS,AbilityType,ARGTYPE_IDENTITY,ABILITY_FRANCIS_DRAKE_PLUNDER_BONUS,,
GREATPERSON_SANTA_CRUZ_ACTIVE,MilitaryFormationType,ARGTYPE_IDENTITY,ARMY_MILITARY_FORMATION,,
GREATPERSON_YI_SUN_SIN_ACTIVE,UnitType,ARGTYPE_IDENTITY,UNIT_IRONCLAD,,
GREATPERSON_YI_SUN_SIN_ACTIVE,Experience,ARGTYPE_IDENTITY,-1,,
GREATPERSON_YI_SUN_SIN_ACTIVE,UniqueOverride,ARGTYPE_IDENTITY,1,,
GREATPERSON_CHING_SHIH_ACTIVE_PLUNDER_BONUS,AbilityType,ARGTYPE_IDENTITY,ABILITY_CHING_SHIH_PLUNDER_BONUS,,
GREATPERSON_LASKARINA_BOUBOULINA_ACTIVE,Amount,ARGTYPE_IDENTITY,-1,,
GREATPERSON_LASKARINA_BOUBOULINA_ACTIVE_UNIT_BONUS,AbilityType,ARGTYPE_IDENTITY,ABILITY_LASKARINA_BOUBOULINA_BONUS_EXPERIENCE,,
GREATPERSON_FRANZ_VON_HIPPER_ACTIVE,UnitType,ARGTYPE_IDENTITY,UNIT_BATTLESHIP,,
GREATPERSON_FRANZ_VON_HIPPER_ACTIVE,Experience,ARGTYPE_IDENTITY,-1,,
GREATPERSON_FRANZ_VON_HIPPER_ACTIVE,UniqueOverride,ARGTYPE_IDENTITY,1,,
GREATPERSON_JOAQUIM_MARQUES_LISBOA_ACTIVE,Amount,ARGTYPE_IDENTITY,-25,,
GREATPERSON_JOAQUIM_MARQUES_LISBOA_ACTIVE,Overall,ARGTYPE_IDENTITY,1,,
GREATPERSON_SERGEY_GORSHKOV_ACTIVE,Amount,ARGTYPE_IDENTITY,-1,,
GREATPERSON_SERGEY_GORSHKOV_ACTIVE_UNIT_BONUS,AbilityType,ARGTYPE_IDENTITY,ABILITY_SERGEY_GORSHKOV_BONUS_EXPERIENCE,,
GREATPERSON_CLANCY_FERNANDO_ACTIVE,Amount,ARGTYPE_IDENTITY,-1,,
GREATPERSON_CLANCY_FERNANDO_ACTIVE_UNIT_BONUS,AbilityType,ARGTYPE_IDENTITY,ABILITY_CLANCY_FERNANDO_BONUS_EXPERIENCE,,
GREATPERSON_EXTRA_DISTRICT_CAPACITY,Amount,ARGTYPE_IDENTITY,1,,
GREATPERSON_PRINTINGTECHBOOST,TechType,ARGTYPE_IDENTITY,TECH_PRINTING,,
GREATPERSON_GRANT_PRODUCTION_IN_CITY_MEDIEVAL,Amount,ScaleByGameSpeed,215,,
GREATPERSON_GRANT_PRODUCTION_IN_CITY_MEDIEVAL,KeepOverflow,ARGTYPE_IDENTITY,0,,
GREATPERSON_WALLS,BuildingType,ARGTYPE_IDENTITY,BUILDING_WALLS,,
GREATPERSON_CASTLE,BuildingType,ARGTYPE_IDENTITY,BUILDING_CASTLE,,
GREATPERSON_GRANT_PRODUCTION_IN_CITY_RENAISSANCE,Amount,ScaleByGameSpeed,315,,
GREATPERSON_GRANT_PRODUCTION_IN_CITY_RENAISSANCE,KeepOverflow,ARGTYPE_IDENTITY,0,,
GREATPERSON_WORKSHOP_CULTURE,BuildingType,ARGTYPE_IDENTITY,BUILDING_WORKSHOP,,
GREATPERSON_WORKSHOP_CULTURE,Amount,ARGTYPE_IDENTITY,3,,
GREATPERSON_WORKSHOP_CULTURE,YieldType,ARGTYPE_IDENTITY,YIELD_CULTURE,,
GREATPERSON_CITY_HOUSING_SMALL,Amount,ARGTYPE_IDENTITY,1,,
GREATPERSON_CITY_AMENITIES_SMALL,Amount,ARGTYPE_IDENTITY,1,,
GREATPERSON_GRANT_PRODUCTION_IN_CITY_INDUSTRIAL,Amount,ScaleByGameSpeed,480,,
GREATPERSON_GRANT_PRODUCTION_IN_CITY_INDUSTRIAL,KeepOverflow,ARGTYPE_IDENTITY,0,,
GREATPERSON_WORKSHOP,BuildingType,ARGTYPE_IDENTITY,BUILDING_WORKSHOP,,
GREATPERSON_FACTORY,BuildingType,ARGTYPE_IDENTITY,BUILDING_FACTORY,,
GREATPERSON_FACTORIES_PRODUCTION,YieldType,ARGTYPE_IDENTITY,YIELD_PRODUCTION,,
GREATPERSON_FACTORIES_PRODUCTION,BuildingType,ARGTYPE_IDENTITY,BUILDING_FACTORY,,
GREATPERSON_FACTORIES_PRODUCTION,Amount,ARGTYPE_IDENTITY,2,,
GREATPERSON_CITY_APPEAL_SMALL,Amount,ARGTYPE_IDENTITY,1,,
GREATPERSON_EXTRA_REGIONAL_BUILDING_RANGE,Amount,ARGTYPE_IDENTITY,3,,
GREATPERSON_EXTRA_REGIONAL_BUILDING_PRODUCTION,Amount,ARGTYPE_IDENTITY,2,,
GREATPERSON_EXTRA_REGIONAL_BUILDING_PRODUCTION,YieldType,ARGTYPE_IDENTITY,YIELD_PRODUCTION,,
GREATPERSON_SPACE_RACE_PRODUCTION_RATE_SMALL,Amount,ARGTYPE_IDENTITY,20,,
GREATPERSON_ROCKETRYTECHBOOST,TechType,ARGTYPE_IDENTITY,TECH_ROCKETRY,,
GREATPERSON_CITY_HOUSING_MEDIUM,Amount,ARGTYPE_IDENTITY,2,,
GREATPERSON_CITY_HOUSING_LARGE,Amount,ARGTYPE_IDENTITY,4,,
GREATPERSON_CITY_AMENITIES_LARGE,Amount,ARGTYPE_IDENTITY,3,,
GREATPERSON_GRANT_PRODUCTION_IN_CITY_EARLY_SPACE_RACE,Amount,ScaleByGameSpeed,1500,,
GREATPERSON_GRANT_PRODUCTION_IN_CITY_EARLY_SPACE_RACE,KeepOverflow,ARGTYPE_IDENTITY,0,,
GREATPERSON_CITY_APPEAL_LARGE,Amount,ARGTYPE_IDENTITY,2,,
GREATPERSON_EXTRA_REGIONAL_BUILDING_ENTERTAINMENT,Amount,ARGTYPE_IDENTITY,1,,
GREATPERSON_GRANT_PRODUCTION_IN_CITY_INFORMATION,Amount,ScaleByGameSpeed,990,,
GREATPERSON_GRANT_PRODUCTION_IN_CITY_INFORMATION,KeepOverflow,ARGTYPE_IDENTITY,0,,
GREATPERSON_COMBAT_STRENGTH_AOE_CLASSICAL_LAND,AbilityType,ARGTYPE_IDENTITY,ABILITY_GREAT_GENERAL_STRENGTH,,
GREATPERSON_COMBAT_STRENGTH_AOE_MEDIEVAL_LAND,AbilityType,ARGTYPE_IDENTITY,ABILITY_GREAT_GENERAL_STRENGTH,,
GREATPERSON_COMBAT_STRENGTH_AOE_RENAISSANCE_LAND,AbilityType,ARGTYPE_IDENTITY,ABILITY_GREAT_GENERAL_STRENGTH,,
GREATPERSON_COMBAT_STRENGTH_AOE_INDUSTRIAL_LAND,AbilityType,ARGTYPE_IDENTITY,ABILITY_GREAT_GENERAL_STRENGTH,,
GREATPERSON_COMBAT_STRENGTH_AOE_MODERN_LAND,AbilityType,ARGTYPE_IDENTITY,ABILITY_GREAT_GENERAL_STRENGTH,,
GREATPERSON_COMBAT_STRENGTH_AOE_ATOMIC_LAND,AbilityType,ARGTYPE_IDENTITY,ABILITY_GREAT_GENERAL_STRENGTH,,
GREATPERSON_COMBAT_STRENGTH_AOE_INFORMATION_LAND,AbilityType,ARGTYPE_IDENTITY,ABILITY_GREAT_GENERAL_STRENGTH,,
GREATPERSON_MOVEMENT_AOE_CLASSICAL_LAND,AbilityType,ARGTYPE_IDENTITY,ABILITY_GREAT_GENERAL_MOVEMENT,,
GREATPERSON_MOVEMENT_AOE_MEDIEVAL_LAND,AbilityType,ARGTYPE_IDENTITY,ABILITY_GREAT_GENERAL_MOVEMENT,,
GREATPERSON_MOVEMENT_AOE_RENAISSANCE_LAND,AbilityType,ARGTYPE_IDENTITY,ABILITY_GREAT_GENERAL_MOVEMENT,,
GREATPERSON_MOVEMENT_AOE_INDUSTRIAL_LAND,AbilityType,ARGTYPE_IDENTITY,ABILITY_GREAT_GENERAL_MOVEMENT,,
GREATPERSON_MOVEMENT_AOE_MODERN_LAND,AbilityType,ARGTYPE_IDENTITY,ABILITY_GREAT_GENERAL_MOVEMENT,,
GREATPERSON_MOVEMENT_AOE_ATOMIC_LAND,AbilityType,ARGTYPE_IDENTITY,ABILITY_GREAT_GENERAL_MOVEMENT,,
GREATPERSON_MOVEMENT_AOE_INFORMATION_LAND,AbilityType,ARGTYPE_IDENTITY,ABILITY_GREAT_GENERAL_MOVEMENT,,
GREATPERSON_BOUDICA_ACTIVE,NewOwner,ARGTYPE_IDENTITY,Player,,
GREATPERSON_HANNIBAL_BARCA_ACTIVE,Amount,ARGTYPE_IDENTITY,-1,,
GREATPERSON_EL_CID_ACTIVE,MilitaryFormationType,ARGTYPE_IDENTITY,CORPS_MILITARY_FORMATION,,
GREATPERSON_GENGHIS_KHAN_ACTIVE,Amount,ARGTYPE_IDENTITY,-1,,
GREATPERSON_GENGHIS_KHAN_ACTIVE_UNIT_BONUS,Amount,ARGTYPE_IDENTITY,25,,
GREATPERSON_GUSTAVUS_ADOLPHUS_ACTIVE,UnitType,ARGTYPE_IDENTITY,UNIT_BOMBARD,,
GREATPERSON_GUSTAVUS_ADOLPHUS_ACTIVE,Experience,ARGTYPE_IDENTITY,-1,,
GREATPERSON_GUSTAVUS_ADOLPHUS_ACTIVE,UniqueOverride,ARGTYPE_IDENTITY,1,,
GREATPERSON_JOAN_OF_ARC_ACTIVE,Amount,ARGTYPE_IDENTITY,1,,
GREATPERSON_NAPOLEON_BONAPARTE_ACTIVE,MilitaryFormationType,ARGTYPE_IDENTITY,ARMY_MILITARY_FORMATION,,
GREATPERSON_RANI_LAKSHMIBAI_ACTIVE,UnitType,ARGTYPE_IDENTITY,UNIT_CAVALRY,,
GREATPERSON_RANI_LAKSHMIBAI_ACTIVE,Experience,ARGTYPE_IDENTITY,-1,,
GREATPERSON_RANI_LAKSHMIBAI_ACTIVE,UniqueOverride,ARGTYPE_IDENTITY,1,,
GREATPERSON_ANA_NZINGA_ACTIVE,Amount,ARGTYPE_IDENTITY,1,,
GREATPERSON_JOHN_MONASH_ACTIVE,Amount,ARGTYPE_IDENTITY,-1,,
GREATPERSON_JOHN_MONASH_ACTIVE_UNIT_BONUS,AbilityType,ARGTYPE_IDENTITY,ABILITY_JOHN_MONASH_BONUS_EXPERIENCE,,
GREATPERSON_MARINA_RASKOVA_ACTIVE,Amount,ARGTYPE_IDENTITY,1,,
GREATPERSON_DWIGHT_EISENHOWER_ACTIVE,Amount,ARGTYPE_IDENTITY,5,,
GREATPERSON_GEORGY_ZHUKOV_ACTIVE,AbilityType,ARGTYPE_IDENTITY,ABILITY_GEORGY_ZHUKOV_FLANKING_BONUS,,
GREATPERSON_DOUGLAS_MACARTHUR_ACTIVE,UnitType,ARGTYPE_IDENTITY,UNIT_TANK,,
GREATPERSON_DOUGLAS_MACARTHUR_ACTIVE,Experience,ARGTYPE_IDENTITY,-1,,
GREATPERSON_DOUGLAS_MACARTHUR_ACTIVE,UniqueOverride,ARGTYPE_IDENTITY,1,,
GREATPERSON_AHMAD_SHAH_MASSOUD_ACTIVE,UnitType,ARGTYPE_IDENTITY,UNIT_MODERN_AT,,
GREATPERSON_AHMAD_SHAH_MASSOUD_ACTIVE,Experience,ARGTYPE_IDENTITY,-1,,
GREATPERSON_AHMAD_SHAH_MASSOUD_ACTIVE,UniqueOverride,ARGTYPE_IDENTITY,1,,
GREATPERSON_VIJAYA_WIMALARATNE_ACTIVE,Amount,ARGTYPE_IDENTITY,-1,,
GREATPERSON_VIJAYA_WIMALARATNE_ACTIVE_UNIT_BONUS,AbilityType,ARGTYPE_IDENTITY,ABILITY_VIJAYA_WIMALARATNE_BONUS_EXPERIENCE,,
GREATPERSON_GRANT_PLOT_RESOURCE,Amount,ARGTYPE_IDENTITY,1,,
GREATPERSON_FAITH_SMALL,YieldType,ARGTYPE_IDENTITY,YIELD_FAITH,,
GREATPERSON_FAITH_SMALL,Amount,ScaleByGameSpeed,100,,
GREATPERSON_GOLD_TINY,YieldType,ARGTYPE_IDENTITY,YIELD_GOLD,,
GREATPERSON_GOLD_TINY,Amount,ScaleByGameSpeed,60,,
GREATPERSON_GOLD_TO_INCOMING_FOREIGN_ROUTES,YieldType,ARGTYPE_IDENTITY,YIELD_GOLD,,
GREATPERSON_GOLD_TO_INCOMING_FOREIGN_ROUTES,Amount,ARGTYPE_IDENTITY,2,,
GREATPERSON_GOLD_FROM_INCOMING_FOREIGN_ROUTES,YieldType,ARGTYPE_IDENTITY,YIELD_GOLD,,
GREATPERSON_GOLD_FROM_INCOMING_FOREIGN_ROUTES,Amount,ARGTYPE_IDENTITY,2,,
GREATPERSON_FREE_TRADER_UNIT,UnitType,ARGTYPE_IDENTITY,UNIT_TRADER,,
GREATPERSON_FREE_TRADER_UNIT,Amount,ARGTYPE_IDENTITY,1,,
GREATPERSON_EXTRA_TRADE_ROUTE_CAPACITY,Amount,ARGTYPE_IDENTITY,1,,
GREATPERSON_GOLD_SMALL,YieldType,ARGTYPE_IDENTITY,YIELD_GOLD,,
GREATPERSON_GOLD_SMALL,Amount,ScaleByGameSpeed,200,,
GREATPERSON_INFLUENCE_TOKENS_SMALL,Amount,ARGTYPE_IDENTITY,1,,
GREATPERSON_MARKET,BuildingType,ARGTYPE_IDENTITY,BUILDING_MARKET,,
GREATPERSON_BANK,BuildingType,ARGTYPE_IDENTITY,BUILDING_BANK,,
GREATPERSON_BANK_GREAT_WORK_SLOTS,BuildingType,ARGTYPE_IDENTITY,BUILDING_BANK,,
GREATPERSON_BANK_GREAT_WORK_SLOTS,GreatWorkSlotType,ARGTYPE_IDENTITY,GREATWORKSLOT_PALACE,,
GREATPERSON_BANK_GREAT_WORK_SLOTS,Amount,ARGTYPE_IDENTITY,2,,
GREATPERSON_GOLD_MEDIUM,YieldType,ARGTYPE_IDENTITY,YIELD_GOLD,,
GREATPERSON_GOLD_MEDIUM,Amount,ScaleByGameSpeed,350,,
GREATPERSON_INFLUENCE_TOKENS_MEDIUM,Amount,ARGTYPE_IDENTITY,2,,
GREATPERSON_DOMESTIC_ROUTE_GOLD_PER_SPECIALTY_DISTRICT,YieldType,ARGTYPE_IDENTITY,YIELD_GOLD,,
GREATPERSON_DOMESTIC_ROUTE_GOLD_PER_SPECIALTY_DISTRICT,Amount,ARGTYPE_IDENTITY,0.5,,
GREATPERSON_ECONOMIC_POLICY_SLOT,GovernmentSlotType,ARGTYPE_IDENTITY,SLOT_ECONOMIC,,
GREATPERSON_GRANT_JEANS,ResourceType,ARGTYPE_IDENTITY,RESOURCE_JEANS,,
GREATPERSON_GRANT_JEANS,Amount,ARGTYPE_IDENTITY,2,,
GREATPERSON_GOLD_LARGE,YieldType,ARGTYPE_IDENTITY,YIELD_GOLD,,
GREATPERSON_GOLD_LARGE,Amount,ScaleByGameSpeed,500,,
GREATPERSON_GRANT_PERFUME,ResourceType,ARGTYPE_IDENTITY,RESOURCE_PERFUME,,
GREATPERSON_GRANT_PERFUME,Amount,ARGTYPE_IDENTITY,2,,
GREATPERSON_GRANT_OIL,ResourceType,ARGTYPE_IDENTITY,RESOURCE_OIL,,
GREATPERSON_GRANT_OIL,Amount,ARGTYPE_IDENTITY,1,,
GREATPERSON_DOMESTIC_ROUTE_GOLD_PER_STRATEGIC,YieldType,ARGTYPE_IDENTITY,YIELD_GOLD,,
GREATPERSON_DOMESTIC_ROUTE_GOLD_PER_STRATEGIC,Amount,ARGTYPE_IDENTITY,2,,
GREATPERSON_INTERNATIONAL_ROUTE_GOLD_PER_STRATEGIC,YieldType,ARGTYPE_IDENTITY,YIELD_GOLD,,
GREATPERSON_INTERNATIONAL_ROUTE_GOLD_PER_STRATEGIC,Amount,ARGTYPE_IDENTITY,2,,
GREATPERSON_TRADE_ROUTE_TOURISM_MODIFIER,Amount,ARGTYPE_IDENTITY,25,,
GREATPERSON_GRANT_COSMETICS,ResourceType,ARGTYPE_IDENTITY,RESOURCE_COSMETICS,,
GREATPERSON_GRANT_COSMETICS,Amount,ARGTYPE_IDENTITY,2,,
GREATPERSON_DIPLO_VISIBILITY,Amount,ARGTYPE_IDENTITY,1,,
GREATPERSON_DIPLO_VISIBILITY,Source,ARGTYPE_IDENTITY,SOURCE_GREAT_PERSON_JOURNALISM,,
GREATPERSON_DIPLO_VISIBILITY,SourceType,ARGTYPE_IDENTITY,DIPLO_SOURCE_ALL_NAMES,,
GREATPERSON_GRANT_TOYS,ResourceType,ARGTYPE_IDENTITY,RESOURCE_TOYS,,
GREATPERSON_GRANT_TOYS,Amount,ARGTYPE_IDENTITY,1,,
GREATPERSON_INDUSTRIAL_ZONE_TOURISM,Amount,ARGTYPE_IDENTITY,10,,
GREATPERSON_CAMPUS_TOURISM,Amount,ARGTYPE_IDENTITY,10,,
GREATPERSON_ADJACENT_RAINFOREST_SCIENCE,YieldType,ARGTYPE_IDENTITY,YIELD_SCIENCE,,
GREATPERSON_ADJACENT_RAINFOREST_SCIENCE,FeatureType,ARGTYPE_IDENTITY,FEATURE_JUNGLE,,
GREATPERSON_ADJACENT_RAINFOREST_SCIENCE,Amount,ScaleByGameSpeed,400,,
GREATPERSON_ADJACENT_NATURALWONDER_SCIENCE,YieldType,ARGTYPE_IDENTITY,YIELD_SCIENCE,,
GREATPERSON_ADJACENT_NATURALWONDER_SCIENCE,Amount,ScaleByGameSpeed,500,,
GREATPERSON_ADJACENT_GRASSMOUNTAIN_SCIENCE,YieldType,ARGTYPE_IDENTITY,YIELD_SCIENCE,,
GREATPERSON_ADJACENT_GRASSMOUNTAIN_SCIENCE,TerrainType,ARGTYPE_IDENTITY,TERRAIN_GRASS_MOUNTAIN,,
GREATPERSON_ADJACENT_GRASSMOUNTAIN_SCIENCE,Amount,ScaleByGameSpeed,250,,
GREATPERSON_ADJACENT_PLAINSMOUNTAIN_SCIENCE,YieldType,ARGTYPE_IDENTITY,YIELD_SCIENCE,,
GREATPERSON_ADJACENT_PLAINSMOUNTAIN_SCIENCE,TerrainType,ARGTYPE_IDENTITY,TERRAIN_PLAINS_MOUNTAIN,,
GREATPERSON_ADJACENT_PLAINSMOUNTAIN_SCIENCE,Amount,ScaleByGameSpeed,250,,
GREATPERSON_ADJACENT_DESERTMOUNTAIN_SCIENCE,YieldType,ARGTYPE_IDENTITY,YIELD_SCIENCE,,
GREATPERSON_ADJACENT_DESERTMOUNTAIN_SCIENCE,TerrainType,ARGTYPE_IDENTITY,TERRAIN_DESERT_MOUNTAIN,,
GREATPERSON_ADJACENT_DESERTMOUNTAIN_SCIENCE,Amount,ScaleByGameSpeed,250,,
GREATPERSON_ADJACENT_TUNDRAMOUNTAIN_SCIENCE,YieldType,ARGTYPE_IDENTITY,YIELD_SCIENCE,,
GREATPERSON_ADJACENT_TUNDRAMOUNTAIN_SCIENCE,TerrainType,ARGTYPE_IDENTITY,TERRAIN_TUNDRA_MOUNTAIN,,
GREATPERSON_ADJACENT_TUNDRAMOUNTAIN_SCIENCE,Amount,ScaleByGameSpeed,250,,
GREATPERSON_ADJACENT_SNOWMOUNTAIN_SCIENCE,YieldType,ARGTYPE_IDENTITY,YIELD_SCIENCE,,
GREATPERSON_ADJACENT_SNOWMOUNTAIN_SCIENCE,TerrainType,ARGTYPE_IDENTITY,TERRAIN_SNOW_MOUNTAIN,,
GREATPERSON_ADJACENT_SNOWMOUNTAIN_SCIENCE,Amount,ScaleByGameSpeed,250,,
GREATPERSON_1MEDIEVALRENAISSANCETECHBOOST,StartEraType,ARGTYPE_IDENTITY,ERA_MEDIEVAL,,
GREATPERSON_1MEDIEVALRENAISSANCETECHBOOST,EndEraType,ARGTYPE_IDENTITY,ERA_RENAISSANCE,,
GREATPERSON_1MEDIEVALRENAISSANCETECHBOOST,Amount,ARGTYPE_IDENTITY,1,,
GREATPERSON_HOLY_SITE_ADJACENCY_AS_SCIENCE,YieldTypeToMirror,ARGTYPE_IDENTITY,YIELD_FAITH,,
GREATPERSON_HOLY_SITE_ADJACENCY_AS_SCIENCE,YieldTypeToGrant,ARGTYPE_IDENTITY,YIELD_SCIENCE,,
GREATPERSON_FAITH,YieldType,ARGTYPE_IDENTITY,YIELD_FAITH,,
GREATPERSON_FAITH,Amount,ScaleByGameSpeed,100,,
GREATPERSON_1MEDIEVALRENAISSANCECIVICBOOST,StartEraType,ARGTYPE_IDENTITY,ERA_MEDIEVAL,,
GREATPERSON_1MEDIEVALRENAISSANCECIVICBOOST,EndEraType,ARGTYPE_IDENTITY,ERA_RENAISSANCE,,
GREATPERSON_1MEDIEVALRENAISSANCECIVICBOOST,Amount,ARGTYPE_IDENTITY,1,,
GREATPERSON_2MEDIEVALRENAISSANCETECHBOOSTS,StartEraType,ARGTYPE_IDENTITY,ERA_MEDIEVAL,,
GREATPERSON_2MEDIEVALRENAISSANCETECHBOOSTS,EndEraType,ARGTYPE_IDENTITY,ERA_RENAISSANCE,,
GREATPERSON_2MEDIEVALRENAISSANCETECHBOOSTS,Amount,ARGTYPE_IDENTITY,2,,
GREATPERSON_3CLASSICALMEDIEVALTECHBOOSTS,StartEraType,ARGTYPE_IDENTITY,ERA_CLASSICAL,,
GREATPERSON_3CLASSICALMEDIEVALTECHBOOSTS,EndEraType,ARGTYPE_IDENTITY,ERA_MEDIEVAL,,
GREATPERSON_3CLASSICALMEDIEVALTECHBOOSTS,Amount,ARGTYPE_IDENTITY,3,,
GREATPERSON_1MEDIEVALTECHBOOST,StartEraType,ARGTYPE_IDENTITY,ERA_MEDIEVAL,,
GREATPERSON_1MEDIEVALTECHBOOST,EndEraType,ARGTYPE_IDENTITY,ERA_MEDIEVAL,,
GREATPERSON_1MEDIEVALTECHBOOST,Amount,ARGTYPE_IDENTITY,1,,
GREATPERSON_MATHTECHBOOST,TechType,ARGTYPE_IDENTITY,TECH_MATHEMATICS,,
GREATPERSON_1INDUSTRIALTECHBOOST,StartEraType,ARGTYPE_IDENTITY,ERA_INDUSTRIAL,,
GREATPERSON_1INDUSTRIALTECHBOOST,EndEraType,ARGTYPE_IDENTITY,ERA_INDUSTRIAL,,
GREATPERSON_1INDUSTRIALTECHBOOST,Amount,ARGTYPE_IDENTITY,1,,
GREATPERSON_CHEMISTRYTECHBOOST,TechType,ARGTYPE_IDENTITY,TECH_CHEMISTRY,,
GREATPERSON_LIBRARY,BuildingType,ARGTYPE_IDENTITY,BUILDING_LIBRARY,,
GREATPERSON_LIBRARIES_SCIENCE,YieldType,ARGTYPE_IDENTITY,YIELD_SCIENCE,,
GREATPERSON_LIBRARIES_SCIENCE,BuildingType,ARGTYPE_IDENTITY,BUILDING_LIBRARY,,
GREATPERSON_LIBRARIES_SCIENCE,Amount,ARGTYPE_IDENTITY,1,,
GREATPERSON_UNIVERSITY,BuildingType,ARGTYPE_IDENTITY,BUILDING_UNIVERSITY,,
GREATPERSON_UNIVERSITIES_SMALL_SCIENCE,YieldType,ARGTYPE_IDENTITY,YIELD_SCIENCE,,
GREATPERSON_UNIVERSITIES_SMALL_SCIENCE,BuildingType,ARGTYPE_IDENTITY,BUILDING_UNIVERSITY,,
GREATPERSON_UNIVERSITIES_SMALL_SCIENCE,Amount,ARGTYPE_IDENTITY,2,,
GREATPERSON_UNIVERSITIES_BIG_SCIENCE,YieldType,ARGTYPE_IDENTITY,YIELD_SCIENCE,,
GREATPERSON_UNIVERSITIES_BIG_SCIENCE,BuildingType,ARGTYPE_IDENTITY,BUILDING_UNIVERSITY,,
GREATPERSON_UNIVERSITIES_BIG_SCIENCE,Amount,ARGTYPE_IDENTITY,4,,
GREATPERSON_RESEARCHLABS_BIG_SCIENCE,YieldType,ARGTYPE_IDENTITY,YIELD_SCIENCE,,
GREATPERSON_RESEARCHLABS_BIG_SCIENCE,BuildingType,ARGTYPE_IDENTITY,BUILDING_RESEARCH_LAB,,
GREATPERSON_RESEARCHLABS_BIG_SCIENCE,Amount,ARGTYPE_IDENTITY,4,,
GREATPERSON_1MODERNATOMICTECHBOOST,StartEraType,ARGTYPE_IDENTITY,ERA_MODERN,,
GREATPERSON_1MODERNATOMICTECHBOOST,EndEraType,ARGTYPE_IDENTITY,ERA_ATOMIC,,
GREATPERSON_1MODERNATOMICTECHBOOST,Amount,ARGTYPE_IDENTITY,1,,
GREATPERSON_REVEAL_OIL,ResourceType,ARGTYPE_IDENTITY,RESOURCE_OIL,,
GREATPERSON_2INDUSTRIALMODERNTECHBOOSTS,StartEraType,ARGTYPE_IDENTITY,ERA_INDUSTRIAL,,
GREATPERSON_2INDUSTRIALMODERNTECHBOOSTS,EndEraType,ARGTYPE_IDENTITY,ERA_MODERN,,
GREATPERSON_2INDUSTRIALMODERNTECHBOOSTS,Amount,ARGTYPE_IDENTITY,2,,
GREATPERSON_3RENAISSANCEINDUSTRIALTECHBOOSTS,StartEraType,ARGTYPE_IDENTITY,ERA_RENAISSANCE,,
GREATPERSON_3RENAISSANCEINDUSTRIALTECHBOOSTS,EndEraType,ARGTYPE_IDENTITY,ERA_INDUSTRIAL,,
GREATPERSON_3RENAISSANCEINDUSTRIALTECHBOOSTS,Amount,ARGTYPE_IDENTITY,3,,
GREATPERSON_ARTIFACT_TOURISM_MODIFIER,GreatWorkObjectType,ARGTYPE_IDENTITY,GREATWORKOBJECT_ARTIFACT,,
GREATPERSON_ARTIFACT_TOURISM_MODIFIER,ScalingFactor,ARGTYPE_IDENTITY,300,,
GREATPERSON_ARTIFACT_SCIENCE,GreatWorkObjectType,ARGTYPE_IDENTITY,GREATWORKOBJECT_ARTIFACT,,
GREATPERSON_ARTIFACT_SCIENCE,YieldType,ARGTYPE_IDENTITY,YIELD_SCIENCE,,
GREATPERSON_ARTIFACT_SCIENCE,Amount,ScaleByGameSpeed,350,,
GREATPERSON_3ATOMICINFORMATIONTECHBOOSTS,StartEraType,ARGTYPE_IDENTITY,ERA_ATOMIC,,
GREATPERSON_3ATOMICINFORMATIONTECHBOOSTS,EndEraType,ARGTYPE_IDENTITY,ERA_INFORMATION,,
GREATPERSON_3ATOMICINFORMATIONTECHBOOSTS,Amount,ARGTYPE_IDENTITY,3,,
GREATPERSON_ALLINFORMATIONTECHBOOSTS,StartEraType,ARGTYPE_IDENTITY,ERA_INFORMATION,,
GREATPERSON_ALLINFORMATIONTECHBOOSTS,EndEraType,ARGTYPE_IDENTITY,ERA_INFORMATION,,
GREATPERSON_GREAT_PERSON_FREE_POINTS,Amount,ScaleByGameSpeed,100,,
GREATPERSON_GRANT_PRODUCTION_IN_CITY_LATE_SPACE_RACE,Amount,ScaleByGameSpeed,3000,,
GREATPERSON_GRANT_PRODUCTION_IN_CITY_LATE_SPACE_RACE,KeepOverflow,ARGTYPE_IDENTITY,0,,
GREATPERSON_ABU_AL_QASIM_AL_ZAHRAWI_ACTIVE,ModifierId,ARGTYPE_IDENTITY,GREATPERSON_ABU_AL_QASIM_AL_ZAHRAWI_ACTIVE_HEAL_BONUS,,
GREATPERSON_ABU_AL_QASIM_AL_ZAHRAWI_ACTIVE_HEAL_BONUS,Amount,ARGTYPE_IDENTITY,5,,
GREATPERSON_ABU_AL_QASIM_AL_ZAHRAWI_ACTIVE_HEAL_BONUS,Type,ARGTYPE_IDENTITY,ALL,,
CHATEAU_LUXURYADJACENCY_GOLD,YieldType,ARGTYPE_IDENTITY,YIELD_GOLD,,
CHATEAU_LUXURYADJACENCY_GOLD,Amount,ARGTYPE_IDENTITY,1,,
CHATEAU_WONDERADJACENCY_CULTURE,YieldType,ARGTYPE_IDENTITY,YIELD_CULTURE,,
CHATEAU_WONDERADJACENCY_CULTURE,Amount,ARGTYPE_IDENTITY,2,,
MISSION_CAMPUSADJACENCY_SCIENCE,YieldType,ARGTYPE_IDENTITY,YIELD_SCIENCE,,
MISSION_CAMPUSADJACENCY_SCIENCE,Amount,ARGTYPE_IDENTITY,2,,
MISSION_NEWCONTINENT_FAITH,YieldType,ARGTYPE_IDENTITY,YIELD_FAITH,,
MISSION_NEWCONTINENT_FAITH,Amount,ARGTYPE_IDENTITY,2,,
MISSION_NEWCONTINENT_PRODUCTION,YieldType,ARGTYPE_IDENTITY,YIELD_PRODUCTION,,
MISSION_NEWCONTINENT_PRODUCTION,Amount,ARGTYPE_IDENTITY,1,,
MISSION_NEWCONTINENT_FOOD,YieldType,ARGTYPE_IDENTITY,YIELD_FOOD,,
MISSION_NEWCONTINENT_FOOD,Amount,ARGTYPE_IDENTITY,1,,
SPHINX_WONDERADJACENCY_FAITH,YieldType,ARGTYPE_IDENTITY,YIELD_FAITH,,
SPHINX_WONDERADJACENCY_FAITH,Amount,ARGTYPE_IDENTITY,2,,
STEPWELL_FARMADJACENCY_FOOD,YieldType,ARGTYPE_IDENTITY,YIELD_FOOD,,
STEPWELL_FARMADJACENCY_FOOD,Amount,ARGTYPE_IDENTITY,1,,
STEPWELL_HOLYSITEADJACENCY_FAITH,YieldType,ARGTYPE_IDENTITY,YIELD_FAITH,,
STEPWELL_HOLYSITEADJACENCY_FAITH,Amount,ARGTYPE_IDENTITY,1,,
STEPWELL_HOUSING_WITHTECH,Amount,ARGTYPE_IDENTITY,1,,
ZIGGURAT_RIVERADJACENCY_CULTURE,YieldType,ARGTYPE_IDENTITY,YIELD_CULTURE,,
ZIGGURAT_RIVERADJACENCY_CULTURE,Amount,ARGTYPE_IDENTITY,1,,
LUMBER_MILL_RIVERADJACENCY_PRODUCTION,YieldType,ARGTYPE_IDENTITY,YIELD_PRODUCTION,,
LUMBER_MILL_RIVERADJACENCY_PRODUCTION,Amount,ARGTYPE_IDENTITY,1,,
STANDARD_DIPLOMATIC_ALLY,InitialValue,ARGTYPE_IDENTITY,18,,
STANDARD_DIPLOMATIC_ALLY,ReductionTurns,ARGTYPE_IDENTITY,10,,
STANDARD_DIPLOMATIC_ALLY,ReductionValue,ARGTYPE_IDENTITY,1,,
STANDARD_DIPLOMATIC_ALLY,SimpleModifierDescription,ARGTYPE_IDENTITY,LOC_DIPLO_MODIFIER_ALLY,,
STANDARD_DIPLOMATIC_ARCHAEOLOGY,InitialValue,ARGTYPE_IDENTITY,0,,
STANDARD_DIPLOMATIC_ARCHAEOLOGY,IncrementValue,ARGTYPE_IDENTITY,0,,
STANDARD_DIPLOMATIC_ARCHAEOLOGY,ModifierPerTransgression,ARGTYPE_IDENTITY,-5,,
STANDARD_DIPLOMATIC_ARCHAEOLOGY,DiplomacyKey,ARGTYPE_IDENTITY,WARNING_STOP_DIGGING_UP_ARTIFACTS,,
STANDARD_DIPLOMATIC_ARCHAEOLOGY,MessageThrottle,ARGTYPE_IDENTITY,20,,
STANDARD_DIPLOMATIC_ARCHAEOLOGY,SimpleModifierDescription,ARGTYPE_IDENTITY,LOC_DIPLO_MODIFIER_STOP_DIGGING_UP_ARTIFACTS_WARNING,,
STANDARD_DIPLOMATIC_BROKEN_PROMISE,ModifierPerTransgression,ARGTYPE_IDENTITY,-6,,
STANDARD_DIPLOMATIC_BROKEN_PROMISE,IncrementValue,ARGTYPE_IDENTITY,0,,
STANDARD_DIPLOMATIC_BROKEN_PROMISE,ReductionValue,ARGTYPE_IDENTITY,1,,
STANDARD_DIPLOMATIC_BROKEN_PROMISE,ReductionTurns,ARGTYPE_IDENTITY,15,,
STANDARD_DIPLOMATIC_BROKEN_PROMISE,SimpleModifierDescription,ARGTYPE_IDENTITY,LOC_DIPLO_MODIFIER_BROKEN_PROMISE,,
STANDARD_DIPLOMATIC_CLOSE_TO_VICTORY,MaxValue,ARGTYPE_IDENTITY,-500,,
STANDARD_DIPLOMATIC_CLOSE_TO_VICTORY,InitialValue,ARGTYPE_IDENTITY,-1,,
STANDARD_DIPLOMATIC_CLOSE_TO_VICTORY,IncrementTurns,ARGTYPE_IDENTITY,2,,
STANDARD_DIPLOMATIC_CLOSE_TO_VICTORY,IncrementValue,ScaleByGameSpeed,-1,,
STANDARD_DIPLOMATIC_CLOSE_TO_VICTORY,SimpleModifierDescription,ARGTYPE_IDENTITY,LOC_DIPLO_MODIFIER_CLOSE_TO_VICTORY,,
STANDARD_DIPLOMATIC_CONVERTED_CITY,InitialValue,ARGTYPE_IDENTITY,-9,,
STANDARD_DIPLOMATIC_CONVERTED_CITY,ReductionTurns,ARGTYPE_IDENTITY,10,,
STANDARD_DIPLOMATIC_CONVERTED_CITY,ReductionValue,ARGTYPE_IDENTITY,-1,,
STANDARD_DIPLOMATIC_CONVERTED_CITY,DiplomacyKey,ARGTYPE_IDENTITY,WARNING_STOP_CONVERTING_MY_CITIES,,
STANDARD_DIPLOMATIC_CONVERTED_CITY,MessageThrottle,ARGTYPE_IDENTITY,20,,
STANDARD_DIPLOMATIC_CONVERTED_CITY,SimpleModifierDescription,ARGTYPE_IDENTITY,LOC_DIPLO_MODIFIER_CITY_CONVERTED,,
STANDARD_DIPLOMATIC_CULTURE_BOMBED,InitialValue,ARGTYPE_IDENTITY,-10,,
STANDARD_DIPLOMATIC_CULTURE_BOMBED,ReductionTurns,ARGTYPE_IDENTITY,10,,
STANDARD_DIPLOMATIC_CULTURE_BOMBED,ReductionValue,ARGTYPE_IDENTITY,-1,,
STANDARD_DIPLOMATIC_CULTURE_BOMBED,Accumulates,ARGTYPE_IDENTITY,1,,
STANDARD_DIPLOMATIC_CULTURE_BOMBED,SimpleModifierDescription,ARGTYPE_IDENTITY,LOC_DIPLO_MODIFIER_CULTURE_BOMBED,,
STANDARD_DIPLOMATIC_DECLARED_FRIEND,InitialValue,ARGTYPE_IDENTITY,9,,
STANDARD_DIPLOMATIC_DECLARED_FRIEND,ReductionTurns,ARGTYPE_IDENTITY,10,,
STANDARD_DIPLOMATIC_DECLARED_FRIEND,ReductionValue,ARGTYPE_IDENTITY,1,,
STANDARD_DIPLOMATIC_DECLARED_FRIEND,SimpleModifierDescription,ARGTYPE_IDENTITY,LOC_DIPLO_MODIFIER_DECLARED_FRIEND,,
STANDARD_DIPLOMATIC_DEFENSIVE_PACT,InitialValue,ARGTYPE_IDENTITY,9,,
STANDARD_DIPLOMATIC_DEFENSIVE_PACT,ReductionTurns,ARGTYPE_IDENTITY,-1,,
STANDARD_DIPLOMATIC_DEFENSIVE_PACT,SimpleModifierDescription,ARGTYPE_IDENTITY,LOC_DIPLO_MODIFIER_DEFENSIVE_PACT,,
STANDARD_DIPLOMATIC_DELEGATION,InitialValue,ARGTYPE_IDENTITY,3,,
STANDARD_DIPLOMATIC_DELEGATION,SimpleModifierDescription,ARGTYPE_IDENTITY,LOC_DIPLO_MODIFIER_DELEGATION,,
STANDARD_DIPLOMATIC_DEMAND,InitialValue,ARGTYPE_IDENTITY,-5,,
STANDARD_DIPLOMATIC_DEMAND,Accumulates,ARGTYPE_IDENTITY,1,,
STANDARD_DIPLOMATIC_DEMAND,ReductionTurns,ARGTYPE_IDENTITY,5,,
STANDARD_DIPLOMATIC_DEMAND,ReductionValue,ARGTYPE_IDENTITY,1,,
STANDARD_DIPLOMATIC_DEMAND,SimpleModifierDescription,ARGTYPE_IDENTITY,LOC_DIPLO_MODIFIER_DEMAND,,
STANDARD_DIPLOMATIC_DENOUNCED,InitialValue,ARGTYPE_IDENTITY,-9,,
STANDARD_DIPLOMATIC_DENOUNCED,ReductionTurns,ARGTYPE_IDENTITY,10,,
STANDARD_DIPLOMATIC_DENOUNCED,ReductionValue,ARGTYPE_IDENTITY,-1,,
STANDARD_DIPLOMATIC_DENOUNCED,SimpleModifierDescription,ARGTYPE_IDENTITY,LOC_DIPLO_MODIFIER_DENOUNCED,,
STANDARD_DIPLOMATIC_ESPIONAGE,InitialValue,ARGTYPE_IDENTITY,0,,
STANDARD_DIPLOMATIC_ESPIONAGE,IncrementValue,ARGTYPE_IDENTITY,0,,
STANDARD_DIPLOMATIC_ESPIONAGE,ModifierPerTransgression,ARGTYPE_IDENTITY,-5,,
STANDARD_DIPLOMATIC_ESPIONAGE,ReductionTurns,ARGTYPE_IDENTITY,15,,
STANDARD_DIPLOMATIC_ESPIONAGE,ReductionValue,ARGTYPE_IDENTITY,1,,
STANDARD_DIPLOMATIC_ESPIONAGE,DiplomacyKey,ARGTYPE_IDENTITY,WARNING_STOP_SPYING_ON_ME,,
STANDARD_DIPLOMATIC_ESPIONAGE,MessageThrottle,ARGTYPE_IDENTITY,20,,
STANDARD_DIPLOMATIC_ESPIONAGE,SimpleModifierDescription,ARGTYPE_IDENTITY,LOC_DIPLO_MODIFIER_STOP_SPYING_ON_ME_WARNING,,
STANDARD_DIPLOMATIC_GOVERNMENT_SAME,SimpleModifierDescription,ARGTYPE_IDENTITY,LOC_TOOLTIP_SAMPLE_DIPLOMACY_GOVERNMENT_SAME,,
STANDARD_DIPLOMATIC_GOVERNMENT_DIFFERENT,SimpleModifierDescription,ARGTYPE_IDENTITY,LOC_TOOLTIP_SAMPLE_DIPLOMACY_GOVERNMENT_DIFFERENT,,
STANDARD_DIPLOMATIC_GOVERNMENT_DIFFERENT,IncrementTurns,ARGTYPE_IDENTITY,1,,
STANDARD_DIPLOMATIC_GOVERNMENT_DIFFERENT,IncrementValue,ARGTYPE_IDENTITY,-1,,
STANDARD_DIPLOMATIC_HAD_FRIENDLY_MEETING,InitialValue,ARGTYPE_IDENTITY,2,,
STANDARD_DIPLOMATIC_HAD_FRIENDLY_MEETING,ReductionTurns,ARGTYPE_IDENTITY,10,,
STANDARD_DIPLOMATIC_HAD_FRIENDLY_MEETING,ReductionValue,ARGTYPE_IDENTITY,1,,
STANDARD_DIPLOMATIC_HAD_FRIENDLY_MEETING,SimpleModifierDescription,ARGTYPE_IDENTITY,LOC_DIPLO_MODIFIER_HAD_FRIENDLY_MEETING,,
STANDARD_DIPLOMATIC_INCURSION,InitialValue,ARGTYPE_IDENTITY,0,,
STANDARD_DIPLOMATIC_INCURSION,IncrementValue,ARGTYPE_IDENTITY,0,,
STANDARD_DIPLOMATIC_INCURSION,ReductionValue,ARGTYPE_IDENTITY,1,,
STANDARD_DIPLOMATIC_KEPT_PROMISE,InitialValue,ARGTYPE_IDENTITY,0,,
STANDARD_DIPLOMATIC_KEPT_PROMISE,IncrementValue,ARGTYPE_IDENTITY,0,,
STANDARD_DIPLOMATIC_KEPT_PROMISE,ModifierPerKeptPromise,ARGTYPE_IDENTITY,4,,
STANDARD_DIPLOMATIC_KEPT_PROMISE,SimpleModifierDescription,ARGTYPE_IDENTITY,LOC_DIPLO_MODIFIER_KEPT_PROMISE,,
STANDARD_DIPLOMATIC_KEPT_PROMISE,ReductionValue,ARGTYPE_IDENTITY,1,,
STANDARD_DIPLOMATIC_KEPT_PROMISE,ReductionTurns,ARGTYPE_IDENTITY,15,,
STANDARD_DIPLOMATIC_LIBERATED_CITY,InitialValue,ARGTYPE_IDENTITY,5,,
STANDARD_DIPLOMATIC_LIBERATED_CITY,ReductionTurns,ARGTYPE_IDENTITY,20,,
STANDARD_DIPLOMATIC_LIBERATED_CITY,ReductionValue,ARGTYPE_IDENTITY,1,,
STANDARD_DIPLOMATIC_LIBERATED_CITY,SimpleModifierDescription,ARGTYPE_IDENTITY,LOC_DIPLO_MODIFIER_LIBERATED_CITY,,
STANDARD_DIPLOMATIC_LIBERATED_MY_CITY,InitialValue,ARGTYPE_IDENTITY,20,,
STANDARD_DIPLOMATIC_LIBERATED_MY_CITY,ReductionTurns,ARGTYPE_IDENTITY,20,,
STANDARD_DIPLOMATIC_LIBERATED_MY_CITY,ReductionValue,ARGTYPE_IDENTITY,1,,
STANDARD_DIPLOMATIC_LIBERATED_MY_CITY,SimpleModifierDescription,ARGTYPE_IDENTITY,LOC_DIPLO_MODIFIER_LIBERATED_MY_CITY,,
STANDARD_DIPLOMATIC_NEAR_BORDER_WARNING,InitialValue,ARGTYPE_IDENTITY,-2,,
STANDARD_DIPLOMATIC_NEAR_BORDER_WARNING,ReductionTurns,ARGTYPE_IDENTITY,10,,
STANDARD_DIPLOMATIC_NEAR_BORDER_WARNING,ReductionValue,ARGTYPE_IDENTITY,-1,,
STANDARD_DIPLOMATIC_NEAR_BORDER_WARNING,DiplomacyKey,ARGTYPE_IDENTITY,WARNING_TOO_MANY_TROOPS_NEAR_ME,,
STANDARD_DIPLOMATIC_NEAR_BORDER_WARNING,MessageThrottle,ARGTYPE_IDENTITY,20,,
STANDARD_DIPLOMATIC_NEAR_BORDER_WARNING,SimpleModifierDescription,ARGTYPE_IDENTITY,LOC_DIPLO_MODIFIER_NEAR_BORDER_WARNING,,
STANDARD_DIPLOMATIC_NO_PROMISE,ModifierPerTransgression,ARGTYPE_IDENTITY,-3,,
STANDARD_DIPLOMATIC_NO_PROMISE,IncrementValue,ARGTYPE_IDENTITY,0,,
STANDARD_DIPLOMATIC_NO_PROMISE,ReductionValue,ARGTYPE_IDENTITY,1,,
STANDARD_DIPLOMATIC_NO_PROMISE,ReductionTurns,ARGTYPE_IDENTITY,10,,
STANDARD_DIPLOMATIC_NO_PROMISE,SimpleModifierDescription,ARGTYPE_IDENTITY,LOC_DIPLO_MODIFIER_NO_PROMISE,,
STANDARD_DIPLOMATIC_OCCUPIED_CITY,InitialValue,ARGTYPE_IDENTITY,-18,,
STANDARD_DIPLOMATIC_OCCUPIED_CITY,SimpleModifierDescription,ARGTYPE_IDENTITY,LOC_DIPLO_MODIFIER_CITY_OCCUPIED,,
STANDARD_DIPLOMATIC_OCCUPIED_CITY,OnlyOwnersCity,ARGTYPE_IDENTITY,1,,
STANDARD_DIPLOMATIC_OCCUPIED_FRIENDLY_CITY,InitialValue,ARGTYPE_IDENTITY,-9,,
STANDARD_DIPLOMATIC_OCCUPIED_FRIENDLY_CITY,SimpleModifierDescription,ARGTYPE_IDENTITY,LOC_DIPLO_MODIFIER_CITY_OCCUPIED_FRIEND,,
STANDARD_DIPLOMATIC_ONE_SIDED_TRADES,IncrementValue,ARGTYPE_IDENTITY,0,,
STANDARD_DIPLOMATIC_ONE_SIDED_TRADES,MaxValue,ARGTYPE_IDENTITY,20,,
STANDARD_DIPLOMATIC_ONE_SIDED_TRADES,ReductionValue,ARGTYPE_IDENTITY,1,,
STANDARD_DIPLOMATIC_ONE_SIDED_TRADES,ReductionTurns,ARGTYPE_IDENTITY,2,,
STANDARD_DIPLOMATIC_ONE_SIDED_TRADES,TradeValuePerModifierPoint,ARGTYPE_IDENTITY,10,,
STANDARD_DIPLOMATIC_OPEN_BORDERS,InitialValue,ARGTYPE_IDENTITY,3,,
STANDARD_DIPLOMATIC_OPEN_BORDERS,SimpleModifierDescription,ARGTYPE_IDENTITY,LOC_DIPLO_MODIFIER_OPEN_BORDERS,,
STANDARD_DIPLOMACY_PEACE,InitialValue,ARGTYPE_IDENTITY,0,,
STANDARD_DIPLOMACY_PEACE,MaxValue,ARGTYPE_IDENTITY,5,,
STANDARD_DIPLOMACY_PEACE,IncrementValue,ARGTYPE_IDENTITY,1,,
STANDARD_DIPLOMACY_PEACE,IncrementTurns,ARGTYPE_IDENTITY,25,,
STANDARD_DIPLOMACY_PEACE,SimpleModifierDescription,ARGTYPE_IDENTITY,LOC_TOOLTIP_SAMPLE_DIPLOMACY_PEACE,,
STANDARD_DIPLOMACY_RANDOM,DifficultyOffset,LinearScaleFromDefaultHandicap,0,-1,
STANDARD_DIPLOMACY_RANDOM,ReductionTurns,ARGTYPE_IDENTITY,10,,
STANDARD_DIPLOMACY_RANDOM,ReductionValue,ARGTYPE_IDENTITY,1,,
STANDARD_DIPLOMATIC_RAZED_MY_CITY,InitialValue,ARGTYPE_IDENTITY,-20,,
STANDARD_DIPLOMATIC_RAZED_MY_CITY,ReductionTurns,ARGTYPE_IDENTITY,20,,
STANDARD_DIPLOMATIC_RAZED_MY_CITY,Accumulates,ARGTYPE_IDENTITY,1,,
STANDARD_DIPLOMATIC_RAZED_MY_CITY,ReductionValue,ARGTYPE_IDENTITY,-1,,
STANDARD_DIPLOMATIC_RAZED_MY_CITY,SimpleModifierDescription,ARGTYPE_IDENTITY,LOC_DIPLO_MODIFIER_RAZED_MY_CITY,,
STANDARD_DIPLOMACY_JOINT_WAR,InitialValue,ARGTYPE_IDENTITY,5,,
STANDARD_DIPLOMACY_JOINT_WAR,ReductionTurns,ARGTYPE_IDENTITY,20,,
STANDARD_DIPLOMACY_JOINT_WAR,ReductionValue,ARGTYPE_IDENTITY,1,,
STANDARD_DIPLOMACY_JOINT_WAR,SimpleModifierDescription,ARGTYPE_IDENTITY,LOC_DIPLO_MODIFIER_JOINT_WAR,,
STANDARD_DIPLOMATIC_RELIGION_ACCEPT_CONVERSION,InitialValue,ARGTYPE_IDENTITY,5,,
STANDARD_DIPLOMATIC_RELIGION_ACCEPT_CONVERSION,SimpleModifierDescription,ARGTYPE_IDENTITY,LOC_DIPLO_MODIFIER_SHARED_RELIGION,,
STANDARD_DIPLOMACY_RESIDENT_EMBASSY,InitialValue,ARGTYPE_IDENTITY,5,,
STANDARD_DIPLOMACY_RESIDENT_EMBASSY,SimpleModifierDescription,ARGTYPE_IDENTITY,LOC_DIPLO_MODIFIER_RESIDENT_EMBASSY,,
STANDARD_DIPLOMACY_SETTLED_CITIES,InitialValue,ARGTYPE_IDENTITY,0,,
STANDARD_DIPLOMACY_SETTLED_CITIES,IncrementValue,ARGTYPE_IDENTITY,0,,
STANDARD_DIPLOMACY_SETTLED_CITIES,ReductionTurns,ARGTYPE_IDENTITY,10,,
STANDARD_DIPLOMACY_SETTLED_CITIES,ReductionValue,ARGTYPE_IDENTITY,-1,,
STANDARD_DIPLOMACY_SETTLED_CITIES,DiplomacyKey,ARGTYPE_IDENTITY,WARNING_DONT_SETTLE_NEAR_ME,,
STANDARD_DIPLOMACY_SETTLED_CITIES,MessageThrottle,ARGTYPE_IDENTITY,20,,
STANDARD_DIPLOMACY_SETTLED_CITIES,SimpleModifierDescription,ARGTYPE_IDENTITY,LOC_DIPLO_MODIFIER_SETTLED_NEAR_BORDER_WARNING,,
STANDARD_DIPLOMATIC_WARMONGER,ReductionTurns,ARGTYPE_IDENTITY,2,,
STANDARD_DIPLOMATIC_WARMONGER,ReductionValue,ARGTYPE_IDENTITY,-1,,
STANDARD_DIPLOMATIC_3RD_PARTY_DECLARED_SURPRISE_WAR_ON_FRIEND,InitialValue,ARGTYPE_IDENTITY,0,,
STANDARD_DIPLOMATIC_3RD_PARTY_DECLARED_SURPRISE_WAR_ON_FRIEND,IncrementValue,ARGTYPE_IDENTITY,0,,
STANDARD_DIPLOMATIC_3RD_PARTY_DECLARED_SURPRISE_WAR_ON_FRIEND,SimpleModifierDescription,ARGTYPE_IDENTITY,LOC_DIPLO_MODIFIER_DECLARED_SURPRISE_WAR_ON_FRIEND,,
STANDARD_DIPLOMATIC_3RD_PARTY_DECLARED_SURPRISE_WAR_ON_FRIEND,EffectType,ARGTYPE_IDENTITY,DeclaredSurpriseWarOnFriend,,
STANDARD_DIPLOMATIC_3RD_PARTY_DECLARED_SURPRISE_WAR_ON_FRIEND,MaxEffectMagnitude,ARGTYPE_IDENTITY,8,,
STANDARD_DIPLOMATIC_3RD_PARTY_DECLARED_SURPRISE_WAR_ON_FRIEND,AmountPerIncident,ARGTYPE_IDENTITY,-8,,
STANDARD_DIPLOMATIC_3RD_PARTY_DENOUNCED_FRIEND,InitialValue,ARGTYPE_IDENTITY,0,,
STANDARD_DIPLOMATIC_3RD_PARTY_DENOUNCED_FRIEND,IncrementValue,ARGTYPE_IDENTITY,0,,
STANDARD_DIPLOMATIC_3RD_PARTY_DENOUNCED_FRIEND,SimpleModifierDescription,ARGTYPE_IDENTITY,LOC_DIPLO_MODIFIER_DENOUNCED_FRIEND,,
STANDARD_DIPLOMATIC_3RD_PARTY_DENOUNCED_FRIEND,EffectType,ARGTYPE_IDENTITY,DenoucedFriend,,
STANDARD_DIPLOMATIC_3RD_PARTY_DENOUNCED_FRIEND,MaxEffectMagnitude,ARGTYPE_IDENTITY,8,,
STANDARD_DIPLOMATIC_3RD_PARTY_DENOUNCED_FRIEND,AmountPerIncident,ARGTYPE_IDENTITY,-6,,
STANDARD_DIPLOMATIC_3RD_PARTY_DECLARED_FRIENDSHIP_WITH_FRIEND,InitialValue,ARGTYPE_IDENTITY,0,,
STANDARD_DIPLOMATIC_3RD_PARTY_DECLARED_FRIENDSHIP_WITH_FRIEND,IncrementValue,ARGTYPE_IDENTITY,0,,
STANDARD_DIPLOMATIC_3RD_PARTY_DECLARED_FRIENDSHIP_WITH_FRIEND,SimpleModifierDescription,ARGTYPE_IDENTITY,LOC_DIPLO_MODIFIER_DECLARED_FRIENDSHIP_WITH_FRIEND,,
STANDARD_DIPLOMATIC_3RD_PARTY_DECLARED_FRIENDSHIP_WITH_FRIEND,EffectType,ARGTYPE_IDENTITY,DeclaredFriendshipWithFriend,,
STANDARD_DIPLOMATIC_3RD_PARTY_DECLARED_FRIENDSHIP_WITH_FRIEND,MaxEffectMagnitude,ARGTYPE_IDENTITY,8,,
STANDARD_DIPLOMATIC_3RD_PARTY_DECLARED_FRIENDSHIP_WITH_FRIEND,AmountPerIncident,ARGTYPE_IDENTITY,6,,
STANDARD_DIPLOMATIC_3RD_PARTY_ALLIED_WITH_FRIEND,InitialValue,ARGTYPE_IDENTITY,0,,
STANDARD_DIPLOMATIC_3RD_PARTY_ALLIED_WITH_FRIEND,IncrementValue,ARGTYPE_IDENTITY,0,,
STANDARD_DIPLOMATIC_3RD_PARTY_ALLIED_WITH_FRIEND,SimpleModifierDescription,ARGTYPE_IDENTITY,LOC_DIPLO_MODIFIER_ALLIED_WITH_FRIEND,,
STANDARD_DIPLOMATIC_3RD_PARTY_ALLIED_WITH_FRIEND,EffectType,ARGTYPE_IDENTITY,AlliedWithFriend,,
STANDARD_DIPLOMATIC_3RD_PARTY_ALLIED_WITH_FRIEND,MaxEffectMagnitude,ARGTYPE_IDENTITY,8,,
STANDARD_DIPLOMATIC_3RD_PARTY_ALLIED_WITH_FRIEND,AmountPerIncident,ARGTYPE_IDENTITY,8,,
STANDARD_DIPLOMATIC_3RD_PARTY_DECLARED_SURPRISE_WAR_ON_ENEMY,InitialValue,ARGTYPE_IDENTITY,0,,
STANDARD_DIPLOMATIC_3RD_PARTY_DECLARED_SURPRISE_WAR_ON_ENEMY,IncrementValue,ARGTYPE_IDENTITY,0,,
STANDARD_DIPLOMATIC_3RD_PARTY_DECLARED_SURPRISE_WAR_ON_ENEMY,SimpleModifierDescription,ARGTYPE_IDENTITY,LOC_DIPLO_MODIFIER_DECLARED_SURPRISE_WAR_ON_ENEMY,,
STANDARD_DIPLOMATIC_3RD_PARTY_DECLARED_SURPRISE_WAR_ON_ENEMY,EffectType,ARGTYPE_IDENTITY,DeclaredSurpriseWarOnEnemy,,
STANDARD_DIPLOMATIC_3RD_PARTY_DECLARED_SURPRISE_WAR_ON_ENEMY,MaxEffectMagnitude,ARGTYPE_IDENTITY,8,,
STANDARD_DIPLOMATIC_3RD_PARTY_DECLARED_SURPRISE_WAR_ON_ENEMY,AmountPerIncident,ARGTYPE_IDENTITY,8,,
STANDARD_DIPLOMATIC_3RD_PARTY_DENOUNCED_ENEMY,InitialValue,ARGTYPE_IDENTITY,0,,
STANDARD_DIPLOMATIC_3RD_PARTY_DENOUNCED_ENEMY,IncrementValue,ARGTYPE_IDENTITY,0,,
STANDARD_DIPLOMATIC_3RD_PARTY_DENOUNCED_ENEMY,SimpleModifierDescription,ARGTYPE_IDENTITY,LOC_DIPLO_MODIFIER_DENOUNCED_ENEMY,,
STANDARD_DIPLOMATIC_3RD_PARTY_DENOUNCED_ENEMY,EffectType,ARGTYPE_IDENTITY,DenouncedEnemy,,
STANDARD_DIPLOMATIC_3RD_PARTY_DENOUNCED_ENEMY,MaxEffectMagnitude,ARGTYPE_IDENTITY,8,,
STANDARD_DIPLOMATIC_3RD_PARTY_DENOUNCED_ENEMY,AmountPerIncident,ARGTYPE_IDENTITY,6,,
STANDARD_DIPLOMATIC_3RD_PARTY_DECLARED_FRIENDSHIP_WITH_ENEMY,InitialValue,ARGTYPE_IDENTITY,0,,
STANDARD_DIPLOMATIC_3RD_PARTY_DECLARED_FRIENDSHIP_WITH_ENEMY,IncrementValue,ARGTYPE_IDENTITY,0,,
STANDARD_DIPLOMATIC_3RD_PARTY_DECLARED_FRIENDSHIP_WITH_ENEMY,SimpleModifierDescription,ARGTYPE_IDENTITY,LOC_DIPLO_MODIFIER_DECLARED_FRIENDSHIP_WITH_ENEMY,,
STANDARD_DIPLOMATIC_3RD_PARTY_DECLARED_FRIENDSHIP_WITH_ENEMY,EffectType,ARGTYPE_IDENTITY,DeclaredFriendshipWithEnemy,,
STANDARD_DIPLOMATIC_3RD_PARTY_DECLARED_FRIENDSHIP_WITH_ENEMY,MaxEffectMagnitude,ARGTYPE_IDENTITY,8,,
STANDARD_DIPLOMATIC_3RD_PARTY_DECLARED_FRIENDSHIP_WITH_ENEMY,AmountPerIncident,ARGTYPE_IDENTITY,-6,,
STANDARD_DIPLOMATIC_3RD_PARTY_ALLIED_WITH_ENEMY,InitialValue,ARGTYPE_IDENTITY,0,,
STANDARD_DIPLOMATIC_3RD_PARTY_ALLIED_WITH_ENEMY,IncrementValue,ARGTYPE_IDENTITY,0,,
STANDARD_DIPLOMATIC_3RD_PARTY_ALLIED_WITH_ENEMY,SimpleModifierDescription,ARGTYPE_IDENTITY,LOC_DIPLO_MODIFIER_ALLIED_WITH_ENEMY,,
STANDARD_DIPLOMATIC_3RD_PARTY_ALLIED_WITH_ENEMY,EffectType,ARGTYPE_IDENTITY,AlliedWithEnemy,,
STANDARD_DIPLOMATIC_3RD_PARTY_ALLIED_WITH_ENEMY,MaxEffectMagnitude,ARGTYPE_IDENTITY,8,,
STANDARD_DIPLOMATIC_3RD_PARTY_ALLIED_WITH_ENEMY,AmountPerIncident,ARGTYPE_IDENTITY,-8,,
HIGH_DIFFICULTY_SCIENCE_SCALING,Amount,LinearScaleFromDefaultHandicap,0,8,
HIGH_DIFFICULTY_SCIENCE_SCALING,YieldType,ARGTYPE_IDENTITY,YIELD_SCIENCE,,
HIGH_DIFFICULTY_CULTURE_SCALING,Amount,LinearScaleFromDefaultHandicap,0,8,
HIGH_DIFFICULTY_CULTURE_SCALING,YieldType,ARGTYPE_IDENTITY,YIELD_CULTURE,,
HIGH_DIFFICULTY_PRODUCTION_SCALING,Amount,LinearScaleFromDefaultHandicap,0,20,
HIGH_DIFFICULTY_PRODUCTION_SCALING,YieldType,ARGTYPE_IDENTITY,YIELD_PRODUCTION,,
HIGH_DIFFICULTY_GOLD_SCALING,Amount,LinearScaleFromDefaultHandicap,0,20,
HIGH_DIFFICULTY_GOLD_SCALING,YieldType,ARGTYPE_IDENTITY,YIELD_GOLD,,
HIGH_DIFFICULTY_FAITH_SCALING,Amount,LinearScaleFromDefaultHandicap,0,8,
HIGH_DIFFICULTY_FAITH_SCALING,YieldType,ARGTYPE_IDENTITY,YIELD_FAITH,,
BARBARIAN_CAMP_GOLD_SCALING,Amount,LinearScaleFromDefaultHandicap,0,-5,DIFFICULTY_PRINCE
BARBARIAN_CAMP_GOLD_SCALING,Improvement,ARGTYPE_IDENTITY,IMPROVEMENT_BARBARIAN_CAMP,,
HIGH_DIFFICULTY_COMBAT_SCALING,Amount,LinearScaleFromDefaultHandicap,-1,1,
LOW_DIFFICULTY_COMBAT_SCALING,Amount,LinearScaleFromDefaultHandicap,0,-1,DIFFICULTY_PRINCE
HIGH_DIFFICULTY_UNIT_XP_SCALING,Amount,LinearScaleFromDefaultHandicap,0,10,
LOW_DIFFICULTY_UNIT_XP_SCALING,Amount,LinearScaleFromDefaultHandicap,0,-15,DIFFICULTY_PRINCE
HIGH_DIFFICULTY_FREE_TECH_BOOSTS,Amount,LinearScaleFromDefaultHandicap,0,1,
HIGH_DIFFICULTY_FREE_TECH_BOOSTS,ApplyImmediately,ARGTYPE_IDENTITY,1,,
HIGH_DIFFICULTY_FREE_CIVIC_BOOSTS,Amount,LinearScaleFromDefaultHandicap,0,1,
HIGH_DIFFICULTY_FREE_CIVIC_BOOSTS,ApplyImmediately,ARGTYPE_IDENTITY,1,,
HEAL_AFTER_DEFEATING_UNIT,AbilityType,ARGTYPE_IDENTITY,ABILITY_TOMYRIS_HEAL_AFTER_DEFEATING_UNIT,,
TRAIT_ADJUST_BUILDER_CHARGES,Amount,ARGTYPE_IDENTITY,1,,
TRAIT_ADJUST_INQUISITOR_CHARGES,Amount,ARGTYPE_IDENTITY,1,,
TRAIT_ADJUST_ALLIED_WAR_DISCOUNT,Discount,ARGTYPE_IDENTITY,150,,
TRAIT_ADJUST_JOINTWAR_EXPERIENCE,Range,ARGTYPE_IDENTITY,5,,
TRAIT_ADJUST_JOINTWAR_PLUNDER,Multiplier,ARGTYPE_IDENTITY,100,,
TRAIT_ADJUST_NON_CAPITAL_FREE_CHEAPEST_BUILDING,Amount,ARGTYPE_IDENTITY,1,,
TRAIT_ADJUST_PROGRESS_DIFF_TRADE_BONUS,TechCivicsPerYield,ARGTYPE_IDENTITY,3,,
TRAIT_BUILDER_WONDER_PERCENT,Amount,ARGTYPE_IDENTITY,15,,
TRAIT_BOOST_ENCAMPMENT_PRODUCTION,DistrictType,ARGTYPE_IDENTITY,DISTRICT_ENCAMPMENT,,
TRAIT_BOOST_ENCAMPMENT_PRODUCTION,Amount,ARGTYPE_IDENTITY,100,,
TRAIT_BOOST_HOLY_SITE_PRODUCTION,DistrictType,ARGTYPE_IDENTITY,DISTRICT_HOLY_SITE,,
TRAIT_BOOST_HOLY_SITE_PRODUCTION,Amount,ARGTYPE_IDENTITY,100,,
TRAIT_BOOST_THEATER_DISTRICT_PRODUCTION,DistrictType,ARGTYPE_IDENTITY,DISTRICT_THEATER,,
TRAIT_BOOST_THEATER_DISTRICT_PRODUCTION,Amount,ARGTYPE_IDENTITY,100,,
TRAIT_COMBAT_BONUS_CITY_STATES,AbilityType,ARGTYPE_IDENTITY,ABILITY_BARBAROSSA_COMBAT_BONUS_VS_CITY_STATES,,
TRAIT_COMBAT_BONUS_HOME_CONTINENT,AbilityType,ARGTYPE_IDENTITY,ABILITY_ROOSEVELT_COMBAT_BONUS_HOME_CONTINENT,,
TRAIT_COMBAT_BONUS_LAND_ON_COAST,AbilityType,ARGTYPE_IDENTITY,ABILITY_HOJO_TOKIMUNE_COASTAL_COMBAT_BONUS,,
TRAIT_COMBAT_BONUS_NAVAL_SHALLOW_WATER,AbilityType,ARGTYPE_IDENTITY,ABILITY_HOJO_TOKIMUNE_SHALLOW_WATER_COMBAT_BONUS,,
TRAIT_COMBAT_BONUS_OTHER_RELIGION,AbilityType,ARGTYPE_IDENTITY,ABILITY_PHILIP_II_COMBAT_BONUS_OTHER_RELIGION,,
TRAIT_COMBAT_BONUS_PER_LUXURY,AbilityType,ARGTYPE_IDENTITY,ABILITY_MONTEZUMA_COMBAT_BONUS_PER_LUXURY,,
BONUS_VS_WOUNDED_UNITS,AbilityType,ARGTYPE_IDENTITY,ABILITY_TOMYRIS_BONUS_VS_WOUNDED_UNITS,,
TRAIT_FAITH_PEACEFUL_FOUNDERS,Amount,ARGTYPE_IDENTITY,5,,
TRAIT_FREE_APOSTLE_FINISH_MBANZA,DistrictType,ARGTYPE_IDENTITY,DISTRICT_MBANZA,,
TRAIT_FREE_APOSTLE_FINISH_MBANZA,UnitType,ARGTYPE_IDENTITY,UNIT_APOSTLE,,
TRAIT_FREE_APOSTLE_FINISH_THEATER_DISTRICT,DistrictType,ARGTYPE_IDENTITY,DISTRICT_THEATER,,
TRAIT_FREE_APOSTLE_FINISH_THEATER_DISTRICT,UnitType,ARGTYPE_IDENTITY,UNIT_APOSTLE,,
TRAIT_GAINS_FOUNDER_BELIEF_MAJORITY_RELIGION,Enable,ARGTYPE_IDENTITY,1,,
TRAIT_GRANT_COASTAL_RAID_ABILITY,AbilityType,ARGTYPE_IDENTITY,ABILITY_MELEE_COASTAL_RAID,,
TRAIT_ANCIENT_NAVAL_MELEE_PRODUCTION,UnitPromotionClass,ARGTYPE_IDENTITY,PROMOTION_CLASS_NAVAL_MELEE,,
TRAIT_ANCIENT_NAVAL_MELEE_PRODUCTION,EraType,ARGTYPE_IDENTITY,ERA_ANCIENT,,
TRAIT_ANCIENT_NAVAL_MELEE_PRODUCTION,Amount,ARGTYPE_IDENTITY,50,,
TRAIT_CLASSICAL_NAVAL_MELEE_PRODUCTION,UnitPromotionClass,ARGTYPE_IDENTITY,PROMOTION_CLASS_NAVAL_MELEE,,
TRAIT_CLASSICAL_NAVAL_MELEE_PRODUCTION,EraType,ARGTYPE_IDENTITY,ERA_CLASSICAL,,
TRAIT_CLASSICAL_NAVAL_MELEE_PRODUCTION,Amount,ARGTYPE_IDENTITY,50,,
TRAIT_MEDIEVAL_NAVAL_MELEE_PRODUCTION,UnitPromotionClass,ARGTYPE_IDENTITY,PROMOTION_CLASS_NAVAL_MELEE,,
TRAIT_MEDIEVAL_NAVAL_MELEE_PRODUCTION,EraType,ARGTYPE_IDENTITY,ERA_MEDIEVAL,,
TRAIT_MEDIEVAL_NAVAL_MELEE_PRODUCTION,Amount,ARGTYPE_IDENTITY,50,,
TRAIT_RENAISSANCE_NAVAL_MELEE_PRODUCTION,UnitPromotionClass,ARGTYPE_IDENTITY,PROMOTION_CLASS_NAVAL_MELEE,,
TRAIT_RENAISSANCE_NAVAL_MELEE_PRODUCTION,EraType,ARGTYPE_IDENTITY,ERA_RENAISSANCE,,
TRAIT_RENAISSANCE_NAVAL_MELEE_PRODUCTION,Amount,ARGTYPE_IDENTITY,50,,
TRAIT_INDUSTRIAL_NAVAL_MELEE_PRODUCTION,UnitPromotionClass,ARGTYPE_IDENTITY,PROMOTION_CLASS_NAVAL_MELEE,,
TRAIT_INDUSTRIAL_NAVAL_MELEE_PRODUCTION,EraType,ARGTYPE_IDENTITY,ERA_INDUSTRIAL,,
TRAIT_INDUSTRIAL_NAVAL_MELEE_PRODUCTION,Amount,ARGTYPE_IDENTITY,50,,
TRAIT_MODERN_NAVAL_MELEE_PRODUCTION,UnitPromotionClass,ARGTYPE_IDENTITY,PROMOTION_CLASS_NAVAL_MELEE,,
TRAIT_MODERN_NAVAL_MELEE_PRODUCTION,EraType,ARGTYPE_IDENTITY,ERA_MODERN,,
TRAIT_MODERN_NAVAL_MELEE_PRODUCTION,Amount,ARGTYPE_IDENTITY,50,,
TRAIT_ATOMIC_NAVAL_MELEE_PRODUCTION,UnitPromotionClass,ARGTYPE_IDENTITY,PROMOTION_CLASS_NAVAL_MELEE,,
TRAIT_ATOMIC_NAVAL_MELEE_PRODUCTION,EraType,ARGTYPE_IDENTITY,ERA_ATOMIC,,
TRAIT_ATOMIC_NAVAL_MELEE_PRODUCTION,Amount,ARGTYPE_IDENTITY,50,,
TRAIT_INFORMATION_NAVAL_MELEE_PRODUCTION,UnitPromotionClass,ARGTYPE_IDENTITY,PROMOTION_CLASS_NAVAL_MELEE,,
TRAIT_INFORMATION_NAVAL_MELEE_PRODUCTION,EraType,ARGTYPE_IDENTITY,ERA_INFORMATION,,
TRAIT_INFORMATION_NAVAL_MELEE_PRODUCTION,Amount,ARGTYPE_IDENTITY,50,,
TRAIT_GREAT_PERSON_REFUND,Amount,ARGTYPE_IDENTITY,20,,
TRAIT_CULTURE_PER_CITY_STATE_TRIBUTARY,YieldType,ARGTYPE_IDENTITY,YIELD_CULTURE,,
TRAIT_CULTURE_PER_CITY_STATE_TRIBUTARY,Amount,ARGTYPE_IDENTITY,5,,
TRAIT_INCOMING_TRADE_GAIN_GOLD,YieldType,ARGTYPE_IDENTITY,YIELD_GOLD,,
TRAIT_INCOMING_TRADE_GAIN_GOLD,Amount,ARGTYPE_IDENTITY,2,,
TRAIT_INCOMING_TRADE_OFFER_FOOD,YieldType,ARGTYPE_IDENTITY,YIELD_FOOD,,
TRAIT_INCOMING_TRADE_OFFER_FOOD,Amount,ARGTYPE_IDENTITY,2,,
TRAIT_INCREASE_ENEMY_WAR_WEARINESS,Amount,ARGTYPE_IDENTITY,100,,
TRAIT_INCREASE_ENEMY_WAR_WEARINESS,Enemy,ARGTYPE_IDENTITY,1,,
TRAIT_INTERNATIONAL_TRADE_GAIN_GOLD,YieldType,ARGTYPE_IDENTITY,YIELD_GOLD,,
TRAIT_INTERNATIONAL_TRADE_GAIN_GOLD,Amount,ARGTYPE_IDENTITY,4,,
TRAIT_INTERNATIONAL_TRADE_GAIN_GOLD,Intercontinental,ARGTYPE_IDENTITY,0,,
TRAIT_MILITARY_GOVERNMENT_SLOT,GovernmentSlotType,ARGTYPE_IDENTITY,SLOT_MILITARY,,
TRAIT_NATIONAL_PARK_APPEAL_BONUS,Amount,ARGTYPE_IDENTITY,1,,
TRAIT_OWNED_LUXURY_EXTRA_AMENITIES,Amount,ARGTYPE_IDENTITY,2,,
TRAIT_RELIGIOUS_BUILDING_DISCOUNT,Discount,ARGTYPE_IDENTITY,90,,
TRAIT_RELIGIOUS_BUILDING_MULTIPLIER_CULTURE,YieldType,ARGTYPE_IDENTITY,YIELD_CULTURE,,
TRAIT_RELIGIOUS_BUILDING_MULTIPLIER_CULTURE,Multiplier,ARGTYPE_IDENTITY,10,,
TRAIT_RELIGIOUS_BUILDING_MULTIPLIER_CULTURE,Founder,ARGTYPE_IDENTITY,1,,
TRAIT_RELIGIOUS_BUILDING_MULTIPLIER_FAITH,YieldType,ARGTYPE_IDENTITY,YIELD_FAITH,,
TRAIT_RELIGIOUS_BUILDING_MULTIPLIER_FAITH,Multiplier,ARGTYPE_IDENTITY,10,,
TRAIT_RELIGIOUS_BUILDING_MULTIPLIER_FAITH,Founder,ARGTYPE_IDENTITY,1,,
TRAIT_RELIGIOUS_BUILDING_MULTIPLIER_SCIENCE,YieldType,ARGTYPE_IDENTITY,YIELD_SCIENCE,,
TRAIT_RELIGIOUS_BUILDING_MULTIPLIER_SCIENCE,Multiplier,ARGTYPE_IDENTITY,10,,
TRAIT_RELIGIOUS_BUILDING_MULTIPLIER_SCIENCE,Founder,ARGTYPE_IDENTITY,1,,
UNIQUE_LEADER_ADD_VISIBILITY,Amount,ARGTYPE_IDENTITY,1,,
UNIQUE_LEADER_ADD_VISIBILITY,Source,ARGTYPE_IDENTITY,SOURCE_TRAIT,,
UNIQUE_LEADER_ADD_VISIBILITY,SourceType,ARGTYPE_IDENTITY,DIPLO_SOURCE_FEMALE_ONLY,,
UNIQUE_LEADER_ADD_SPY_CAPACITY,Amount,ARGTYPE_IDENTITY,1,,
UNIQUE_LEADER_ADD_SPY_UNIT,UnitType,ARGTYPE_IDENTITY,UNIT_SPY,,
UNIQUE_LEADER_ADD_SPY_UNIT,Amount,ARGTYPE_IDENTITY,1,,
UNIQUE_LEADER_ADD_SPY_UNIT,AllowUniqueOverride,ARGTYPE_IDENTITY,0,,
UNIQUE_LEADER_SPIES_START_PROMOTED,Amount,ARGTYPE_IDENTITY,-1,,
UNIQUE_LEADER_CULTURE_KILLS,YieldType,ARGTYPE_IDENTITY,YIELD_CULTURE,,
UNIQUE_LEADER_CULTURE_KILLS,PercentDefeatedStrength,ARGTYPE_IDENTITY,50,,
UNIQUE_LEADER_CULTURE_KILLS_GRANT_ABILITY,AbilityType,ARGTYPE_IDENTITY,ABILITY_GORGO_POLICY_SLOT_COMBAT_BONUS,,
MINOR_CIV_PRODUCTION_PENALTY,Amount,ARGTYPE_IDENTITY,-50,,
MINOR_CIV_PRODUCTION_PENALTY,YieldType,ARGTYPE_IDENTITY,YIELD_PRODUCTION,,
MINOR_CIV_PRODUCTION_BUILDERS,Amount,ARGTYPE_IDENTITY,200,,
MINOR_CIV_PRODUCTION_BUILDERS,UnitType,ARGTYPE_IDENTITY,UNIT_BUILDER,,
MINOR_CIV_PRODUCTION_HARBORS,DistrictType,ARGTYPE_IDENTITY,DISTRICT_HARBOR,,
MINOR_CIV_PRODUCTION_HARBORS,Amount,ARGTYPE_IDENTITY,500,,
MINOR_CIV_PRODUCTION_MILITARY,Amount,ARGTYPE_IDENTITY,200,,
MINOR_CIV_PRODUCTION_WALLS,BuildingType,ARGTYPE_IDENTITY,"BUILDING_WALLS,BUILDING_CASTLE,BUILDING_STAR_FORT",,
MINOR_CIV_PRODUCTION_WALLS,Amount,ARGTYPE_IDENTITY,200,,
MINOR_CIV_GOLD_MILITARY_UPGRADE,Amount,ARGTYPE_IDENTITY,100,,
MINOR_CIV_SCIENTIFIC_CAMPUS_PRODUCTION,DistrictType,ARGTYPE_IDENTITY,DISTRICT_CAMPUS,,
MINOR_CIV_SCIENTIFIC_CAMPUS_PRODUCTION,Amount,ARGTYPE_IDENTITY,500,,
MINOR_CIV_SCIENTIFIC_SEND_TRADE_ROUTE_BONUS,YieldType,ARGTYPE_IDENTITY,YIELD_SCIENCE,,
MINOR_CIV_SCIENTIFIC_SEND_TRADE_ROUTE_BONUS,Amount,ARGTYPE_IDENTITY,1,,
MINOR_CIV_SCIENTIFIC_YIELD_FOR_CAPITAL,YieldType,ARGTYPE_IDENTITY,YIELD_SCIENCE,,
MINOR_CIV_SCIENTIFIC_YIELD_FOR_CAPITAL,Amount,ARGTYPE_IDENTITY,2,,
MINOR_CIV_SCIENTIFIC_YIELD_FOR_CAMPUS,YieldType,ARGTYPE_IDENTITY,YIELD_SCIENCE,,
MINOR_CIV_SCIENTIFIC_YIELD_FOR_CAMPUS,Amount,ARGTYPE_IDENTITY,2,,
MINOR_CIV_SCIENTIFIC_YIELD_FOR_CAPITAL_PAPAL_PRIMACY,YieldType,ARGTYPE_IDENTITY,YIELD_SCIENCE,,
MINOR_CIV_SCIENTIFIC_YIELD_FOR_CAPITAL_PAPAL_PRIMACY,Amount,ARGTYPE_IDENTITY,1,,
MINOR_CIV_SCIENTIFIC_YIELD_FOR_CAMPUS_PAPAL_PRIMACY,YieldType,ARGTYPE_IDENTITY,YIELD_SCIENCE,,
MINOR_CIV_SCIENTIFIC_YIELD_FOR_CAMPUS_PAPAL_PRIMACY,Amount,ARGTYPE_IDENTITY,1,,
MINOR_CIV_RELIGIOUS_HOLY_SITE_PRODUCTION,DistrictType,ARGTYPE_IDENTITY,DISTRICT_HOLY_SITE,,
MINOR_CIV_RELIGIOUS_HOLY_SITE_PRODUCTION,Amount,ARGTYPE_IDENTITY,500,,
MINOR_CIV_RELIGIOUS_SEND_TRADE_ROUTE_BONUS,YieldType,ARGTYPE_IDENTITY,YIELD_FAITH,,
MINOR_CIV_RELIGIOUS_SEND_TRADE_ROUTE_BONUS,Amount,ARGTYPE_IDENTITY,1,,
MINOR_CIV_RELIGIOUS_YIELD_FOR_CAPITAL,YieldType,ARGTYPE_IDENTITY,YIELD_FAITH,,
MINOR_CIV_RELIGIOUS_YIELD_FOR_CAPITAL,Amount,ARGTYPE_IDENTITY,2,,
MINOR_CIV_RELIGIOUS_YIELD_FOR_HOLY_SITE,YieldType,ARGTYPE_IDENTITY,YIELD_FAITH,,
MINOR_CIV_RELIGIOUS_YIELD_FOR_HOLY_SITE,Amount,ARGTYPE_IDENTITY,2,,
MINOR_CIV_RELIGIOUS_YIELD_FOR_CAPITAL_PAPAL_PRIMACY,YieldType,ARGTYPE_IDENTITY,YIELD_FAITH,,
MINOR_CIV_RELIGIOUS_YIELD_FOR_CAPITAL_PAPAL_PRIMACY,Amount,ARGTYPE_IDENTITY,1,,
MINOR_CIV_RELIGIOUS_YIELD_FOR_HOLY_SITE_PAPAL_PRIMACY,YieldType,ARGTYPE_IDENTITY,YIELD_FAITH,,
MINOR_CIV_RELIGIOUS_YIELD_FOR_HOLY_SITE_PAPAL_PRIMACY,Amount,ARGTYPE_IDENTITY,1,,
MINOR_CIV_TRADE_COMMERCIAL_HUB_PRODUCTION,DistrictType,ARGTYPE_IDENTITY,DISTRICT_COMMERCIAL_HUB,,
MINOR_CIV_TRADE_COMMERCIAL_HUB_PRODUCTION,Amount,ARGTYPE_IDENTITY,500,,
MINOR_CIV_TRADE_SEND_TRADE_ROUTE_BONUS,YieldType,ARGTYPE_IDENTITY,YIELD_GOLD,,
MINOR_CIV_TRADE_SEND_TRADE_ROUTE_BONUS,Amount,ARGTYPE_IDENTITY,2,,
MINOR_CIV_TRADE_YIELD_FOR_CAPITAL,YieldType,ARGTYPE_IDENTITY,YIELD_GOLD,,
MINOR_CIV_TRADE_YIELD_FOR_CAPITAL,Amount,ARGTYPE_IDENTITY,4,,
MINOR_CIV_TRADE_YIELD_FOR_COMMERCIAL_HUB,YieldType,ARGTYPE_IDENTITY,YIELD_GOLD,,
MINOR_CIV_TRADE_YIELD_FOR_COMMERCIAL_HUB,Amount,ARGTYPE_IDENTITY,4,,
MINOR_CIV_TRADE_YIELD_FOR_CAPITAL_PAPAL_PRIMACY,YieldType,ARGTYPE_IDENTITY,YIELD_GOLD,,
MINOR_CIV_TRADE_YIELD_FOR_CAPITAL_PAPAL_PRIMACY,Amount,ARGTYPE_IDENTITY,2,,
MINOR_CIV_TRADE_YIELD_FOR_COMMERCIAL_HUB_PAPAL_PRIMACY,YieldType,ARGTYPE_IDENTITY,YIELD_GOLD,,
MINOR_CIV_TRADE_YIELD_FOR_COMMERCIAL_HUB_PAPAL_PRIMACY,Amount,ARGTYPE_IDENTITY,2,,
MINOR_CIV_CULTURAL_THEATER_PRODUCTION,DistrictType,ARGTYPE_IDENTITY,DISTRICT_THEATER,,
MINOR_CIV_CULTURAL_THEATER_PRODUCTION,Amount,ARGTYPE_IDENTITY,500,,
MINOR_CIV_CULTURAL_SEND_TRADE_ROUTE_BONUS,YieldType,ARGTYPE_IDENTITY,YIELD_CULTURE,,
MINOR_CIV_CULTURAL_SEND_TRADE_ROUTE_BONUS,Amount,ARGTYPE_IDENTITY,1,,
MINOR_CIV_CULTURAL_YIELD_FOR_CAPITAL,YieldType,ARGTYPE_IDENTITY,YIELD_CULTURE,,
MINOR_CIV_CULTURAL_YIELD_FOR_CAPITAL,Amount,ARGTYPE_IDENTITY,2,,
MINOR_CIV_CULTURAL_YIELD_FOR_THEATER_DISTRICT,YieldType,ARGTYPE_IDENTITY,YIELD_CULTURE,,
MINOR_CIV_CULTURAL_YIELD_FOR_THEATER_DISTRICT,Amount,ARGTYPE_IDENTITY,2,,
MINOR_CIV_CULTURAL_YIELD_FOR_CAPITAL_PAPAL_PRIMACY,YieldType,ARGTYPE_IDENTITY,YIELD_CULTURE,,
MINOR_CIV_CULTURAL_YIELD_FOR_CAPITAL_PAPAL_PRIMACY,Amount,ARGTYPE_IDENTITY,1,,
MINOR_CIV_CULTURAL_YIELD_FOR_THEATER_DISTRICT_PAPAL_PRIMACY,YieldType,ARGTYPE_IDENTITY,YIELD_CULTURE,,
MINOR_CIV_CULTURAL_YIELD_FOR_THEATER_DISTRICT_PAPAL_PRIMACY,Amount,ARGTYPE_IDENTITY,1,,
MINOR_CIV_MILITARISTIC_ENCAMPMENT_PRODUCTION,DistrictType,ARGTYPE_IDENTITY,DISTRICT_ENCAMPMENT,,
MINOR_CIV_MILITARISTIC_ENCAMPMENT_PRODUCTION,Amount,ARGTYPE_IDENTITY,500,,
MINOR_CIV_MILITARISTIC_SEND_TRADE_ROUTE_BONUS,YieldType,ARGTYPE_IDENTITY,YIELD_PRODUCTION,,
MINOR_CIV_MILITARISTIC_SEND_TRADE_ROUTE_BONUS,Amount,ARGTYPE_IDENTITY,1,,
MINOR_CIV_MILITARISTIC_PRODUCTION_FOR_CAPITAL,Amount,ARGTYPE_IDENTITY,2,,
MINOR_CIV_MILITARISTIC_PRODUCTION_FOR_ENCAMPMENT,Amount,ARGTYPE_IDENTITY,2,,
MINOR_CIV_MILITARISTIC_PRODUCTION_FOR_CAPITAL_PAPAL_PRIMACY,Amount,ARGTYPE_IDENTITY,1,,
MINOR_CIV_MILITARISTIC_PRODUCTION_FOR_ENCAMPMENT_PAPAL_PRIMACY,Amount,ARGTYPE_IDENTITY,1,,
MINOR_CIV_INDUSTRIAL_INDUSTRIAL_ZONE_PRODUCTION,DistrictType,ARGTYPE_IDENTITY,DISTRICT_INDUSTRIAL_ZONE,,
MINOR_CIV_INDUSTRIAL_INDUSTRIAL_ZONE_PRODUCTION,Amount,ARGTYPE_IDENTITY,500,,
MINOR_CIV_INDUSTRIAL_SEND_TRADE_ROUTE_BONUS,YieldType,ARGTYPE_IDENTITY,YIELD_PRODUCTION,,
MINOR_CIV_INDUSTRIAL_SEND_TRADE_ROUTE_BONUS,Amount,ARGTYPE_IDENTITY,1,,
MINOR_CIV_INDUSTRIAL_LARGE_INFLUENCE_BONUS_PAPAL_PRIMACY_DISTRICT,ModifierId,ARGTYPE_IDENTITY,MINOR_CIV_INDUSTRIAL_DISTRICT_PRODUCTION_FOR_INDUSTRIAL_ZONE_PAPAL_PRIMACY,,
MINOR_CIV_INDUSTRIAL_BUILDING_PRODUCTION_FOR_CAPITAL,Amount,ARGTYPE_IDENTITY,2,,
MINOR_CIV_INDUSTRIAL_DISTRICT_PRODUCTION_FOR_CAPITAL,Amount,ARGTYPE_IDENTITY,2,,
MINOR_CIV_INDUSTRIAL_BUILDING_PRODUCTION_FOR_INDUSTRIAL_ZONE,Amount,ARGTYPE_IDENTITY,2,,
MINOR_CIV_INDUSTRIAL_DISTRICT_PRODUCTION_FOR_INDUSTRIAL_ZONE,Amount,ARGTYPE_IDENTITY,2,,
MINOR_CIV_INDUSTRIAL_BUILDING_PRODUCTION_FOR_CAPITAL_PAPAL_PRIMACY,Amount,ARGTYPE_IDENTITY,1,,
MINOR_CIV_INDUSTRIAL_DISTRICT_PRODUCTION_FOR_CAPITAL_PAPAL_PRIMACY,Amount,ARGTYPE_IDENTITY,1,,
MINOR_CIV_INDUSTRIAL_BUILDING_PRODUCTION_FOR_INDUSTRIAL_ZONE_PAPAL_PRIMACY,Amount,ARGTYPE_IDENTITY,1,,
MINOR_CIV_INDUSTRIAL_DISTRICT_PRODUCTION_FOR_INDUSTRIAL_ZONE_PAPAL_PRIMACY,Amount,ARGTYPE_IDENTITY,1,,
MINOR_CIV_AMSTERDAM_UNIQUE_INFLUENCE_BONUS,ModifierId,ARGTYPE_IDENTITY,MINOR_CIV_AMSTERDAM_LUXURY_TRADE_ROUTE_BONUS,,
MINOR_CIV_AMSTERDAM_LUXURY_TRADE_ROUTE_BONUS,YieldType,ARGTYPE_IDENTITY,YIELD_GOLD,,
MINOR_CIV_AMSTERDAM_LUXURY_TRADE_ROUTE_BONUS,Amount,ARGTYPE_IDENTITY,1,,
MINOR_CIV_BRUSSELS_UNIQUE_INFLUENCE_BONUS,ModifierId,ARGTYPE_IDENTITY,MINOR_CIV_BRUSSELS_WONDER_PRODUCTION_BONUS,,
MINOR_CIV_BRUSSELS_WONDER_PRODUCTION_BONUS,Amount,ARGTYPE_IDENTITY,15,,
MINOR_CIV_BUENOS_AIRES_UNIQUE_INFLUENCE_BONUS,ModifierId,ARGTYPE_IDENTITY,MINOR_CIV_BUENOS_AIRES_BONUS_RESOURCE_AMENITY_BONUS,,
MINOR_CIV_BUENOS_AIRES_BONUS_RESOURCE_AMENITY_BONUS,Amount,ARGTYPE_IDENTITY,1,,
MINOR_CIV_GENEVA_UNIQUE_INFLUENCE_BONUS,ModifierId,ARGTYPE_IDENTITY,MINOR_CIV_GENEVA_SCIENCE_AT_PEACE_BONUS,,
MINOR_CIV_GENEVA_SCIENCE_AT_PEACE_BONUS,YieldType,ARGTYPE_IDENTITY,YIELD_SCIENCE,,
MINOR_CIV_GENEVA_SCIENCE_AT_PEACE_BONUS,Amount,ARGTYPE_IDENTITY,15,,
MINOR_CIV_HATTUSA_UNIQUE_INFLUENCE_ALUMINUM_RESOURCE_BONUS,ModifierId,ARGTYPE_IDENTITY,MINOR_CIV_HATTUSA_ALUMINUM_RESOURCE_BONUS,,
MINOR_CIV_HATTUSA_ALUMINUM_RESOURCE_BONUS,ResourceType,ARGTYPE_IDENTITY,RESOURCE_ALUMINUM,,
MINOR_CIV_HATTUSA_ALUMINUM_RESOURCE_BONUS,Amount,ARGTYPE_IDENTITY,1,,
MINOR_CIV_HATTUSA_UNIQUE_INFLUENCE_COAL_RESOURCE_BONUS,ModifierId,ARGTYPE_IDENTITY,MINOR_CIV_HATTUSA_COAL_RESOURCE_BONUS,,
MINOR_CIV_HATTUSA_COAL_RESOURCE_BONUS,ResourceType,ARGTYPE_IDENTITY,RESOURCE_COAL,,
MINOR_CIV_HATTUSA_COAL_RESOURCE_BONUS,Amount,ARGTYPE_IDENTITY,1,,
MINOR_CIV_HATTUSA_UNIQUE_INFLUENCE_HORSES_RESOURCE_BONUS,ModifierId,ARGTYPE_IDENTITY,MINOR_CIV_HATTUSA_HORSES_RESOURCE_BONUS,,
MINOR_CIV_HATTUSA_HORSES_RESOURCE_BONUS,ResourceType,ARGTYPE_IDENTITY,RESOURCE_HORSES,,
MINOR_CIV_HATTUSA_HORSES_RESOURCE_BONUS,Amount,ARGTYPE_IDENTITY,1,,
MINOR_CIV_HATTUSA_UNIQUE_INFLUENCE_IRON_RESOURCE_BONUS,ModifierId,ARGTYPE_IDENTITY,MINOR_CIV_HATTUSA_IRON_RESOURCE_BONUS,,
MINOR_CIV_HATTUSA_IRON_RESOURCE_BONUS,ResourceType,ARGTYPE_IDENTITY,RESOURCE_IRON,,
MINOR_CIV_HATTUSA_IRON_RESOURCE_BONUS,Amount,ARGTYPE_IDENTITY,1,,
MINOR_CIV_HATTUSA_UNIQUE_INFLUENCE_NITER_RESOURCE_BONUS,ModifierId,ARGTYPE_IDENTITY,MINOR_CIV_HATTUSA_NITER_RESOURCE_BONUS,,
MINOR_CIV_HATTUSA_NITER_RESOURCE_BONUS,ResourceType,ARGTYPE_IDENTITY,RESOURCE_NITER,,
MINOR_CIV_HATTUSA_NITER_RESOURCE_BONUS,Amount,ARGTYPE_IDENTITY,1,,
MINOR_CIV_HATTUSA_UNIQUE_INFLUENCE_OIL_RESOURCE_BONUS,ModifierId,ARGTYPE_IDENTITY,MINOR_CIV_HATTUSA_OIL_RESOURCE_BONUS,,
MINOR_CIV_HATTUSA_OIL_RESOURCE_BONUS,ResourceType,ARGTYPE_IDENTITY,RESOURCE_OIL,,
MINOR_CIV_HATTUSA_OIL_RESOURCE_BONUS,Amount,ARGTYPE_IDENTITY,1,,
MINOR_CIV_HATTUSA_UNIQUE_INFLUENCE_URANIUM_RESOURCE_BONUS,ModifierId,ARGTYPE_IDENTITY,MINOR_CIV_HATTUSA_URANIUM_RESOURCE_BONUS,,
MINOR_CIV_HATTUSA_URANIUM_RESOURCE_BONUS,ResourceType,ARGTYPE_IDENTITY,RESOURCE_URANIUM,,
MINOR_CIV_HATTUSA_URANIUM_RESOURCE_BONUS,Amount,ARGTYPE_IDENTITY,1,,
MINOR_CIV_HONG_KONG_UNIQUE_INFLUENCE_BONUS,ModifierId,ARGTYPE_IDENTITY,MINOR_CIV_HONG_KONG_PROJECT_PRODUCTION_BONUS,,
MINOR_CIV_HONG_KONG_PROJECT_PRODUCTION_BONUS,Amount,ARGTYPE_IDENTITY,20,,
MINOR_CIV_JAKARTA_UNIQUE_INFLUENCE_BONUS,ModifierId,ARGTYPE_IDENTITY,MINOR_CIV_JAKARTA_TRADING_POST_BONUS,,
MINOR_CIV_JAKARTA_TRADING_POST_BONUS,Amount,ARGTYPE_IDENTITY,1,,
MINOR_CIV_JAKARTA_TRADING_POST_BONUS,YieldType,ARGTYPE_IDENTITY,YIELD_GOLD,,
MINOR_CIV_JERUSALEM_RELIGION_BONUS,Adopt,ARGTYPE_IDENTITY,1,,
MINOR_CIV_JERUSALEM_HOLY_CITY_BONUS,Value,ARGTYPE_IDENTITY,1,,
MINOR_CIV_KABUL_UNIQUE_INFLUENCE_BONUS,ModifierId,ARGTYPE_IDENTITY,MINOR_CIV_KABUL_UNIT_EXPERIENCE_BONUS,,
MINOR_CIV_KABUL_UNIT_EXPERIENCE_BONUS,Amount,ARGTYPE_IDENTITY,100,,
MINOR_CIV_KANDY_UNIQUE_INFLUENCE_GRANT_BONUS,ModifierId,ARGTYPE_IDENTITY,MINOR_CIV_KANDY_GRANT_RELIC_BONUS,,
MINOR_CIV_KANDY_GRANT_RELIC_BONUS,Amount,ARGTYPE_IDENTITY,1,,
MINOR_CIV_KANDY_UNIQUE_INFLUENCE_BETTER_RELIC_BONUS,ModifierId,ARGTYPE_IDENTITY,MINOR_CIV_KANDY_BETTER_RELIC_BONUS,,
MINOR_CIV_KANDY_BETTER_RELIC_BONUS,GreatWorkObjectType,ARGTYPE_IDENTITY,GREATWORKOBJECT_RELIC,,
MINOR_CIV_KANDY_BETTER_RELIC_BONUS,YieldType,ARGTYPE_IDENTITY,YIELD_FAITH,,
MINOR_CIV_KANDY_BETTER_RELIC_BONUS,ScalingFactor,ARGTYPE_IDENTITY,150,,
MINOR_CIV_KUMASI_UNIQUE_INFLUENCE_TRADE_CULTURE_BONUS,ModifierId,ARGTYPE_IDENTITY,MINOR_CIV_KUMASI_CULTURE_TRADE_ROUTE_YIELD_BONUS,,
MINOR_CIV_KUMASI_CULTURE_TRADE_ROUTE_YIELD_BONUS,YieldType,ARGTYPE_IDENTITY,YIELD_CULTURE,,
MINOR_CIV_KUMASI_CULTURE_TRADE_ROUTE_YIELD_BONUS,Amount,ARGTYPE_IDENTITY,2,,
MINOR_CIV_KUMASI_UNIQUE_INFLUENCE_TRADE_GOLD_BONUS,ModifierId,ARGTYPE_IDENTITY,MINOR_CIV_KUMASI_GOLD_TRADE_ROUTE_YIELD_BONUS,,
MINOR_CIV_KUMASI_GOLD_TRADE_ROUTE_YIELD_BONUS,YieldType,ARGTYPE_IDENTITY,YIELD_GOLD,,
MINOR_CIV_KUMASI_GOLD_TRADE_ROUTE_YIELD_BONUS,Amount,ARGTYPE_IDENTITY,1,,
MINOR_CIV_LA_VENTA_UNIQUE_INFLUENCE_BONUS,ModifierId,ARGTYPE_IDENTITY,MINOR_CIV_LA_VENTA_CAN_COLLOSSAL_HEAD,,
MINOR_CIV_LA_VENTA_CAN_COLLOSSAL_HEAD,ImprovementType,ARGTYPE_IDENTITY,IMPROVEMENT_COLOSSAL_HEAD,,
MINOR_CIV_LISBON_UNIQUE_INFLUENCE_BONUS,ModifierId,ARGTYPE_IDENTITY,MINOR_CIV_LISBON_SEA_TRADE_ROUTE_PLUNDER_IMMUNITY_BONUS,,
MINOR_CIV_LISBON_SEA_TRADE_ROUTE_PLUNDER_IMMUNITY_BONUS,AbilityType,ARGTYPE_IDENTITY,ABILITY_TRADE_ROUTE_PLUNDER_IMMUNITY_SEA,,
MINOR_CIV_MOHENJO_DARO_UNIQUE_INFLUENCE_BONUS,ModifierId,ARGTYPE_IDENTITY,MINOR_CIV_MOHENJO_DARO_CITIES_FRESHWATER_HOUSING_BONUS,,
MINOR_CIV_MOHENJO_DARO_CITIES_FRESHWATER_HOUSING_BONUS,HasBonus,ARGTYPE_IDENTITY,1,,
MINOR_CIV_NAN_MADOL_UNIQUE_INFLUENCE_BONUS,ModifierId,ARGTYPE_IDENTITY,MINOR_CIV_NAN_MADOL_DISTRICTS_CULTURE_BONUS,,
MINOR_CIV_NAN_MADOL_DISTRICTS_CULTURE_BONUS,Amount,ARGTYPE_IDENTITY,2,,
MINOR_CIV_NAN_MADOL_DISTRICTS_CULTURE_BONUS,YieldType,ARGTYPE_IDENTITY,YIELD_CULTURE,,
MINOR_CIV_SEOUL_UNIQUE_INFLUENCE_BONUS,ModifierId,ARGTYPE_IDENTITY,MINOR_CIV_SEOUL_TECH_BOOST_BONUS,,
MINOR_CIV_SEOUL_TECH_BOOST_BONUS,Amount,ARGTYPE_IDENTITY,1,,
MINOR_CIV_TORONTO_UNIQUE_INFLUENCE_BONUS,ModifierId,ARGTYPE_IDENTITY,MINOR_CIV_TORONTO_REGIONAL_RANGE_BONUS,,
MINOR_CIV_TORONTO_REGIONAL_RANGE_BONUS,Amount,ARGTYPE_IDENTITY,3,,
MINOR_CIV_VALLETTA_UNIQUE_INFLUENCE_PURCHASE_CHEAPER_WALLS_BONUS,ModifierId,ARGTYPE_IDENTITY,MINOR_CIV_VALLETTA_PURCHASE_CHEAPER_WALLS_BONUS,,
MINOR_CIV_VALLETTA_PURCHASE_CHEAPER_WALLS_BONUS,BuildingType,ARGTYPE_IDENTITY,BUILDING_WALLS,,
MINOR_CIV_VALLETTA_PURCHASE_CHEAPER_WALLS_BONUS,Amount,ARGTYPE_IDENTITY,50,,
MINOR_CIV_VALLETTA_UNIQUE_INFLUENCE_PURCHASE_CHEAPER_CASTLE_BONUS,ModifierId,ARGTYPE_IDENTITY,MINOR_CIV_VALLETTA_PURCHASE_CHEAPER_CASTLE_BONUS,,
MINOR_CIV_VALLETTA_PURCHASE_CHEAPER_CASTLE_BONUS,BuildingType,ARGTYPE_IDENTITY,BUILDING_CASTLE,,
MINOR_CIV_VALLETTA_PURCHASE_CHEAPER_CASTLE_BONUS,Amount,ARGTYPE_IDENTITY,50,,
MINOR_CIV_VALLETTA_UNIQUE_INFLUENCE_PURCHASE_CHEAPER_STAR_BONUS,ModifierId,ARGTYPE_IDENTITY,MINOR_CIV_VALLETTA_PURCHASE_CHEAPER_STAR_BONUS,,
MINOR_CIV_VALLETTA_PURCHASE_CHEAPER_STAR_BONUS,BuildingType,ARGTYPE_IDENTITY,BUILDING_STAR_FORT,,
MINOR_CIV_VALLETTA_PURCHASE_CHEAPER_STAR_BONUS,Amount,ARGTYPE_IDENTITY,50,,
MINOR_CIV_VALLETTA_UNIQUE_INFLUENCE_CITY_CENTER_BUILDINGS_BONUS,ModifierId,ARGTYPE_IDENTITY,MINOR_CIV_VALLETTA_CITY_CENTER_BUILDINGS_BONUS,,
MINOR_CIV_VALLETTA_CITY_CENTER_BUILDINGS_BONUS,DistrictType,ARGTYPE_IDENTITY,DISTRICT_CITY_CENTER,,
MINOR_CIV_VALLETTA_UNIQUE_INFLUENCE_ENCAMPMENT_BUILDINGS_BONUS,ModifierId,ARGTYPE_IDENTITY,MINOR_CIV_VALLETTA_ENCAMPMENT_BUILDINGS_BONUS,,
MINOR_CIV_VALLETTA_ENCAMPMENT_BUILDINGS_BONUS,DistrictType,ARGTYPE_IDENTITY,DISTRICT_ENCAMPMENT,,
MINOR_CIV_YEREVAN_UNIQUE_INFLUENCE_BONUS,ModifierId,ARGTYPE_IDENTITY,MINOR_CIV_YEREVAN_APOSTLE_PROMOTION_BONUS,,
MINOR_CIV_YEREVAN_APOSTLE_PROMOTION_BONUS,UnitType,ARGTYPE_IDENTITY,UNIT_APOSTLE,,
MINOR_CIV_ZANZIBAR_UNIQUE_INFLUENCE_CINNAMON_RESOURCE_BONUS,ModifierId,ARGTYPE_IDENTITY,MINOR_CIV_ZANZIBAR_CINNAMON_RESOURCE_BONUS,,
MINOR_CIV_ZANZIBAR_CINNAMON_RESOURCE_BONUS,ResourceType,ARGTYPE_IDENTITY,RESOURCE_CINNAMON,,
MINOR_CIV_ZANZIBAR_CINNAMON_RESOURCE_BONUS,Amount,ARGTYPE_IDENTITY,1,,
MINOR_CIV_ZANZIBAR_UNIQUE_INFLUENCE_CLOVES_RESOURCE_BONUS,ModifierId,ARGTYPE_IDENTITY,MINOR_CIV_ZANZIBAR_CLOVES_RESOURCE_BONUS,,
MINOR_CIV_ZANZIBAR_CLOVES_RESOURCE_BONUS,ResourceType,ARGTYPE_IDENTITY,RESOURCE_CLOVES,,
MINOR_CIV_ZANZIBAR_CLOVES_RESOURCE_BONUS,Amount,ARGTYPE_IDENTITY,1,,
TRAIT_BEFRIEND_MINOR_CIV_HOME_CONTINENT,Action,ARGTYPE_IDENTITY,DIPLOACTION_GRANT_INFLUENCE_TOKEN,,
TRAIT_BEFRIEND_MINOR_CIV_HOME_CONTINENT,Favored,ARGTYPE_IDENTITY,1,,
TRAIT_NO_WAR_MINOR_CIV_HOME_CONTINENT,Action,ARGTYPE_IDENTITY,DIPLOACTION_DECLARE_WAR_MINOR_CIV,,
TRAIT_NO_WAR_MINOR_CIV_HOME_CONTINENT,Favored,ARGTYPE_IDENTITY,0,,
AESTHETICS_DISTRICTCULTURE,YieldType,ARGTYPE_IDENTITY,YIELD_CULTURE,,
AESTHETICS_DISTRICTCULTURE,Amount,ARGTYPE_IDENTITY,100,,
AGOGE_ANCIENT_MELEE_PRODUCTION,UnitPromotionClass,ARGTYPE_IDENTITY,PROMOTION_CLASS_MELEE,-1,
AGOGE_ANCIENT_MELEE_PRODUCTION,EraType,ARGTYPE_IDENTITY,ERA_ANCIENT,-1,
AGOGE_ANCIENT_MELEE_PRODUCTION,Amount,ARGTYPE_IDENTITY,50,-1,
AGOGE_CLASSICAL_MELEE_PRODUCTION,UnitPromotionClass,ARGTYPE_IDENTITY,PROMOTION_CLASS_MELEE,-1,
AGOGE_CLASSICAL_MELEE_PRODUCTION,EraType,ARGTYPE_IDENTITY,ERA_CLASSICAL,-1,
AGOGE_CLASSICAL_MELEE_PRODUCTION,Amount,ARGTYPE_IDENTITY,50,-1,
AGOGE_ANCIENT_ANTI_CAVALRY_PRODUCTION,UnitPromotionClass,ARGTYPE_IDENTITY,PROMOTION_CLASS_ANTI_CAVALRY,-1,
AGOGE_ANCIENT_ANTI_CAVALRY_PRODUCTION,EraType,ARGTYPE_IDENTITY,ERA_ANCIENT,-1,
AGOGE_ANCIENT_ANTI_CAVALRY_PRODUCTION,Amount,ARGTYPE_IDENTITY,50,-1,
AGOGE_CLASSICAL_ANTI_CAVALRY_PRODUCTION,UnitPromotionClass,ARGTYPE_IDENTITY,PROMOTION_CLASS_ANTI_CAVALRY,-1,
AGOGE_CLASSICAL_ANTI_CAVALRY_PRODUCTION,EraType,ARGTYPE_IDENTITY,ERA_CLASSICAL,-1,
AGOGE_CLASSICAL_ANTI_CAVALRY_PRODUCTION,Amount,ARGTYPE_IDENTITY,50,-1,
AGOGE_ANCIENT_RANGED_PRODUCTION,UnitPromotionClass,ARGTYPE_IDENTITY,PROMOTION_CLASS_RANGED,-1,
AGOGE_ANCIENT_RANGED_PRODUCTION,EraType,ARGTYPE_IDENTITY,ERA_ANCIENT,-1,
AGOGE_ANCIENT_RANGED_PRODUCTION,Amount,ARGTYPE_IDENTITY,50,-1,
AGOGE_CLASSICAL_RANGED_PRODUCTION,UnitPromotionClass,ARGTYPE_IDENTITY,PROMOTION_CLASS_RANGED,-1,
AGOGE_CLASSICAL_RANGED_PRODUCTION,EraType,ARGTYPE_IDENTITY,ERA_CLASSICAL,-1,
AGOGE_CLASSICAL_RANGED_PRODUCTION,Amount,ARGTYPE_IDENTITY,50,-1,
BASTIONS_OUTERDEFENSE,Amount,ARGTYPE_IDENTITY,6,,
BASTIONS_RANGEDSTRIKE,Amount,ARGTYPE_IDENTITY,5,,
CARAVANSARIES_TRADEROUTEGOLD,YieldType,ARGTYPE_IDENTITY,YIELD_GOLD,,
CARAVANSARIES_TRADEROUTEGOLD,Amount,ARGTYPE_IDENTITY,2,,
CHARISMATICLEADER_INFLUENCEPOINTS,Amount,ARGTYPE_IDENTITY,2,,
CHIVALRY_MEDIEVAL_HEAVY_CAVALRY_PRODUCTION,UnitPromotionClass,ARGTYPE_IDENTITY,PROMOTION_CLASS_HEAVY_CAVALRY,-1,
CHIVALRY_MEDIEVAL_HEAVY_CAVALRY_PRODUCTION,EraType,ARGTYPE_IDENTITY,ERA_MEDIEVAL,-1,
CHIVALRY_MEDIEVAL_HEAVY_CAVALRY_PRODUCTION,Amount,ARGTYPE_IDENTITY,50,-1,
CHIVALRY_RENAISSANCE_HEAVY_CAVALRY_PRODUCTION,UnitPromotionClass,ARGTYPE_IDENTITY,PROMOTION_CLASS_HEAVY_CAVALRY,-1,
CHIVALRY_RENAISSANCE_HEAVY_CAVALRY_PRODUCTION,EraType,ARGTYPE_IDENTITY,ERA_RENAISSANCE,-1,
CHIVALRY_RENAISSANCE_HEAVY_CAVALRY_PRODUCTION,Amount,ARGTYPE_IDENTITY,50,-1,
CHIVALRY_INDUSTRIAL_HEAVY_CAVALRY_PRODUCTION,UnitPromotionClass,ARGTYPE_IDENTITY,PROMOTION_CLASS_HEAVY_CAVALRY,-1,
CHIVALRY_INDUSTRIAL_HEAVY_CAVALRY_PRODUCTION,EraType,ARGTYPE_IDENTITY,ERA_INDUSTRIAL,-1,
CHIVALRY_INDUSTRIAL_HEAVY_CAVALRY_PRODUCTION,Amount,ARGTYPE_IDENTITY,50,-1,
CHIVALRY_MEDIEVAL_LIGHT_CAVALRY_PRODUCTION,UnitPromotionClass,ARGTYPE_IDENTITY,PROMOTION_CLASS_LIGHT_CAVALRY,-1,
CHIVALRY_MEDIEVAL_LIGHT_CAVALRY_PRODUCTION,EraType,ARGTYPE_IDENTITY,ERA_MEDIEVAL,-1,
CHIVALRY_MEDIEVAL_LIGHT_CAVALRY_PRODUCTION,Amount,ARGTYPE_IDENTITY,50,-1,
CHIVALRY_RENAISSANCE_LIGHT_CAVALRY_PRODUCTION,UnitPromotionClass,ARGTYPE_IDENTITY,PROMOTION_CLASS_LIGHT_CAVALRY,-1,
CHIVALRY_RENAISSANCE_LIGHT_CAVALRY_PRODUCTION,EraType,ARGTYPE_IDENTITY,ERA_RENAISSANCE,-1,
CHIVALRY_RENAISSANCE_LIGHT_CAVALRY_PRODUCTION,Amount,ARGTYPE_IDENTITY,50,-1,
CHIVALRY_INDUSTRIAL_LIGHT_CAVALRY_PRODUCTION,UnitPromotionClass,ARGTYPE_IDENTITY,PROMOTION_CLASS_LIGHT_CAVALRY,-1,
CHIVALRY_INDUSTRIAL_LIGHT_CAVALRY_PRODUCTION,EraType,ARGTYPE_IDENTITY,ERA_INDUSTRIAL,-1,
CHIVALRY_INDUSTRIAL_LIGHT_CAVALRY_PRODUCTION,Amount,ARGTYPE_IDENTITY,50,-1,
COLLECTIVEACTIVISM_CULTUREPERTRIBUTARY,YieldType,ARGTYPE_IDENTITY,YIELD_CULTURE,,
COLLECTIVEACTIVISM_CULTUREPERTRIBUTARY,Amount,ARGTYPE_IDENTITY,5,,
COLLECTIVIZATION_INTERNAL_TRADE_FOOD,YieldType,ARGTYPE_IDENTITY,YIELD_FOOD,,
COLLECTIVIZATION_INTERNAL_TRADE_FOOD,Amount,ARGTYPE_IDENTITY,4,,
COLONIALOFFICES_FOREIGNGROWTH,Amount,ARGTYPE_IDENTITY,15,,
COLONIALTAXES_FOREIGNGOLD,YieldType,ARGTYPE_IDENTITY,YIELD_GOLD,,
COLONIALTAXES_FOREIGNGOLD,Amount,ARGTYPE_IDENTITY,25,,
COLONIZATION_SETTLERPRODUCTION,UnitType,ARGTYPE_IDENTITY,UNIT_SETTLER,,
COLONIZATION_SETTLERPRODUCTION,Amount,ARGTYPE_IDENTITY,50,,
CONSCRIPTION_UNITMAINTENANCEDISCOUNT,Amount,ARGTYPE_IDENTITY,1,,
CONTAINMENT_DUPLICATETOKENWHENRIVALGOVERNMENT,Amount,ARGTYPE_IDENTITY,1,,
CORVEE_ANCIENTCLASSICALWONDER,Amount,ARGTYPE_IDENTITY,15,,
CORVEE_ANCIENTCLASSICALWONDER,IsWonder,ARGTYPE_IDENTITY,1,,
CORVEE_ANCIENTCLASSICALWONDER,StartEra,ARGTYPE_IDENTITY,ERA_ANCIENT,,
CORVEE_ANCIENTCLASSICALWONDER,EndEra,ARGTYPE_IDENTITY,ERA_CLASSICAL,,
CRAFTSMEN_DISTRICTPRODUCTION,YieldType,ARGTYPE_IDENTITY,YIELD_PRODUCTION,,
CRAFTSMEN_DISTRICTPRODUCTION,Amount,ARGTYPE_IDENTITY,100,,
CRYPTOGRAPHY_OFFENSE,Offense,ARGTYPE_IDENTITY,1,,
CRYPTOGRAPHY_OFFENSE,Amount,ARGTYPE_IDENTITY,1,,
CRYPTOGRAPHY_DEFENSE,Offense,ARGTYPE_IDENTITY,0,,
CRYPTOGRAPHY_DEFENSE,Amount,ARGTYPE_IDENTITY,2,,
DEFENSEOFMOTHERLAND_DOMESTICWARWEARINESS,Amount,ARGTYPE_IDENTITY,-100,,
DEFENSEOFMOTHERLAND_DOMESTICWARWEARINESS,Domestic,ARGTYPE_IDENTITY,1,,
DIPLOMATICLEAGUE_DUPLICATEFIRSTINFLUENCETOKEN,Amount,ARGTYPE_IDENTITY,1,,
DISCIPLINE_BARBARIANCOMBAT,Amount,ARGTYPE_IDENTITY,5,,
ECOMMERCE_INTERNATIONALTRADEPRODUCTION,YieldType,ARGTYPE_IDENTITY,YIELD_PRODUCTION,,
ECOMMERCE_INTERNATIONALTRADEPRODUCTION,Amount,ARGTYPE_IDENTITY,5,,
ECOMMERCE_INTERNATIONALTRADEGOLD,YieldType,ARGTYPE_IDENTITY,YIELD_GOLD,,
ECOMMERCE_INTERNATIONALTRADEGOLD,Amount,ARGTYPE_IDENTITY,10,,
ECONOMICUNION_HARBORGOLD,YieldType,ARGTYPE_IDENTITY,YIELD_GOLD,,
ECONOMICUNION_HARBORGOLD,Amount,ARGTYPE_IDENTITY,100,,
ECONOMICUNION_COMMERCIALGOLD,YieldType,ARGTYPE_IDENTITY,YIELD_GOLD,,
ECONOMICUNION_COMMERCIALGOLD,Amount,ARGTYPE_IDENTITY,100,,
EXPROPRIATION_SETTLERPRODUCTION,UnitType,ARGTYPE_IDENTITY,UNIT_SETTLER,,
EXPROPRIATION_SETTLERPRODUCTION,Amount,ARGTYPE_IDENTITY,50,,
EXPROPRIATION_PLOTPURCHASECOST,Amount,ARGTYPE_IDENTITY,-20,,
FRESCOES_GREATARTISTPOINTS,GreatPersonClassType,ARGTYPE_IDENTITY,GREAT_PERSON_CLASS_ARTIST,,
FRESCOES_GREATARTISTPOINTS,Amount,ARGTYPE_IDENTITY,2,,
FEUDALCONTRACT_MEDIEVAL_MELEE_PRODUCTION,UnitPromotionClass,ARGTYPE_IDENTITY,PROMOTION_CLASS_MELEE,-1,
FEUDALCONTRACT_MEDIEVAL_MELEE_PRODUCTION,EraType,ARGTYPE_IDENTITY,ERA_MEDIEVAL,-1,
FEUDALCONTRACT_MEDIEVAL_MELEE_PRODUCTION,Amount,ARGTYPE_IDENTITY,50,-1,
FEUDALCONTRACT_MEDIEVAL_ANTI_CAVALRY_PRODUCTION,UnitPromotionClass,ARGTYPE_IDENTITY,PROMOTION_CLASS_ANTI_CAVALRY,-1,
FEUDALCONTRACT_MEDIEVAL_ANTI_CAVALRY_PRODUCTION,EraType,ARGTYPE_IDENTITY,ERA_MEDIEVAL,-1,
FEUDALCONTRACT_MEDIEVAL_ANTI_CAVALRY_PRODUCTION,Amount,ARGTYPE_IDENTITY,50,-1,
FEUDALCONTRACT_RENAISSANCE_MELEE_PRODUCTION,UnitPromotionClass,ARGTYPE_IDENTITY,PROMOTION_CLASS_MELEE,-1,
FEUDALCONTRACT_RENAISSANCE_MELEE_PRODUCTION,EraType,ARGTYPE_IDENTITY,ERA_RENAISSANCE,-1,
FEUDALCONTRACT_RENAISSANCE_MELEE_PRODUCTION,Amount,ARGTYPE_IDENTITY,50,-1,
FEUDALCONTRACT_RENAISSANCE_ANTI_CAVALRY_PRODUCTION,UnitPromotionClass,ARGTYPE_IDENTITY,PROMOTION_CLASS_ANTI_CAVALRY,-1,
FEUDALCONTRACT_RENAISSANCE_ANTI_CAVALRY_PRODUCTION,EraType,ARGTYPE_IDENTITY,ERA_RENAISSANCE,-1,
FEUDALCONTRACT_RENAISSANCE_ANTI_CAVALRY_PRODUCTION,Amount,ARGTYPE_IDENTITY,50,-1,
FEUDALCONTRACT_MEDIEVAL_RANGED_PRODUCTION,UnitPromotionClass,ARGTYPE_IDENTITY,PROMOTION_CLASS_RANGED,-1,
FEUDALCONTRACT_MEDIEVAL_RANGED_PRODUCTION,EraType,ARGTYPE_IDENTITY,ERA_MEDIEVAL,-1,
FEUDALCONTRACT_MEDIEVAL_RANGED_PRODUCTION,Amount,ARGTYPE_IDENTITY,50,-1,
FEUDALCONTRACT_RENAISSANCE_RANGED_PRODUCTION,UnitPromotionClass,ARGTYPE_IDENTITY,PROMOTION_CLASS_RANGED,-1,
FEUDALCONTRACT_RENAISSANCE_RANGED_PRODUCTION,EraType,ARGTYPE_IDENTITY,ERA_RENAISSANCE,-1,
FEUDALCONTRACT_RENAISSANCE_RANGED_PRODUCTION,Amount,ARGTYPE_IDENTITY,50,-1,
FIVEYEARPLAN_DISTRICTSCIENCE,YieldType,ARGTYPE_IDENTITY,YIELD_SCIENCE,,
FIVEYEARPLAN_DISTRICTSCIENCE,Amount,ARGTYPE_IDENTITY,100,,
FIVEYEARPLAN_DISTRICTPRODUCTION,YieldType,ARGTYPE_IDENTITY,YIELD_PRODUCTION,,
FIVEYEARPLAN_DISTRICTPRODUCTION,Amount,ARGTYPE_IDENTITY,100,,
GOD_KING_GOLD,YieldType,ARGTYPE_IDENTITY,YIELD_GOLD,,
GOD_KING_GOLD,Amount,ARGTYPE_IDENTITY,1,,
GOD_KING_FAITH,YieldType,ARGTYPE_IDENTITY,YIELD_FAITH,,
GOD_KING_FAITH,Amount,ARGTYPE_IDENTITY,1,,
GOTHICARCHITECTURE_MEDIEVALRENAISSANCEWONDER,Amount,ARGTYPE_IDENTITY,15,,
GOTHICARCHITECTURE_MEDIEVALRENAISSANCEWONDER,IsWonder,ARGTYPE_IDENTITY,1,,
GOTHICARCHITECTURE_MEDIEVALRENAISSANCEWONDER,StartEra,ARGTYPE_IDENTITY,ERA_ANCIENT,,
GOTHICARCHITECTURE_MEDIEVALRENAISSANCEWONDER,EndEra,ARGTYPE_IDENTITY,ERA_RENAISSANCE,,
GRANDEARMEE_INDUSTRIAL_MELEE_PRODUCTION,UnitPromotionClass,ARGTYPE_IDENTITY,PROMOTION_CLASS_MELEE,-1,
GRANDEARMEE_INDUSTRIAL_MELEE_PRODUCTION,EraType,ARGTYPE_IDENTITY,ERA_INDUSTRIAL,-1,
GRANDEARMEE_INDUSTRIAL_MELEE_PRODUCTION,Amount,ARGTYPE_IDENTITY,50,-1,
GRANDEARMEE_MODERN_MELEE_PRODUCTION,UnitPromotionClass,ARGTYPE_IDENTITY,PROMOTION_CLASS_MELEE,-1,
GRANDEARMEE_MODERN_MELEE_PRODUCTION,EraType,ARGTYPE_IDENTITY,ERA_MODERN,-1,
GRANDEARMEE_MODERN_MELEE_PRODUCTION,Amount,ARGTYPE_IDENTITY,50,-1,
GRANDEARMEE_INDUSTRIAL_ANTI_CAVALRY_PRODUCTION,UnitPromotionClass,ARGTYPE_IDENTITY,PROMOTION_CLASS_ANTI_CAVALRY,-1,
GRANDEARMEE_INDUSTRIAL_ANTI_CAVALRY_PRODUCTION,EraType,ARGTYPE_IDENTITY,ERA_INDUSTRIAL,-1,
GRANDEARMEE_INDUSTRIAL_ANTI_CAVALRY_PRODUCTION,Amount,ARGTYPE_IDENTITY,50,-1,
GRANDEARMEE_MODERN_ANTI_CAVALRY_PRODUCTION,UnitPromotionClass,ARGTYPE_IDENTITY,PROMOTION_CLASS_ANTI_CAVALRY,-1,
GRANDEARMEE_MODERN_ANTI_CAVALRY_PRODUCTION,EraType,ARGTYPE_IDENTITY,ERA_MODERN,-1,
GRANDEARMEE_MODERN_ANTI_CAVALRY_PRODUCTION,Amount,ARGTYPE_IDENTITY,50,-1,
GRANDEARMEE_INDUSTRIAL_RANGED_PRODUCTION,UnitPromotionClass,ARGTYPE_IDENTITY,PROMOTION_CLASS_RANGED,-1,
GRANDEARMEE_INDUSTRIAL_RANGED_PRODUCTION,EraType,ARGTYPE_IDENTITY,ERA_INDUSTRIAL,-1,
GRANDEARMEE_INDUSTRIAL_RANGED_PRODUCTION,Amount,ARGTYPE_IDENTITY,50,-1,
GRANDEARMEE_MODERN_RANGED_PRODUCTION,UnitPromotionClass,ARGTYPE_IDENTITY,PROMOTION_CLASS_RANGED,-1,
GRANDEARMEE_MODERN_RANGED_PRODUCTION,EraType,ARGTYPE_IDENTITY,ERA_MODERN,-1,
GRANDEARMEE_MODERN_RANGED_PRODUCTION,Amount,ARGTYPE_IDENTITY,50,-1,
GUNBOATDIPLOMACY_INFLUENCEPOINTS,Amount,ARGTYPE_IDENTITY,4,,
HERITAGE_SCULPTURETOURISM,GreatWorkObjectType,ARGTYPE_IDENTITY,GREATWORKOBJECT_SCULPTURE,,
HERITAGE_SCULPTURETOURISM,ScalingFactor,ARGTYPE_IDENTITY,200,,
HERITAGE_PORTRAITTOURISM,GreatWorkObjectType,ARGTYPE_IDENTITY,GREATWORKOBJECT_PORTRAIT,,
HERITAGE_PORTRAITTOURISM,ScalingFactor,ARGTYPE_IDENTITY,200,,
HERITAGE_LANDSCAPETOURISM,GreatWorkObjectType,ARGTYPE_IDENTITY,GREATWORKOBJECT_LANDSCAPE,,
HERITAGE_LANDSCAPETOURISM,ScalingFactor,ARGTYPE_IDENTITY,200,,
HERITAGE_RELIGIOUSTOURISM,GreatWorkObjectType,ARGTYPE_IDENTITY,GREATWORKOBJECT_RELIGIOUS,,
HERITAGE_RELIGIOUSTOURISM,ScalingFactor,ARGTYPE_IDENTITY,200,,
HERITAGE_ARTIFACTTOURISM,GreatWorkObjectType,ARGTYPE_IDENTITY,GREATWORKOBJECT_ARTIFACT,,
HERITAGE_ARTIFACTTOURISM,ScalingFactor,ARGTYPE_IDENTITY,200,,
ILKUM_BUILDERPRODUCTION,UnitType,ARGTYPE_IDENTITY,UNIT_BUILDER,,
ILKUM_BUILDERPRODUCTION,Amount,ARGTYPE_IDENTITY,30,,
INSPIRATION_GREATSCIENTISTPOINTS,GreatPersonClassType,ARGTYPE_IDENTITY,GREAT_PERSON_CLASS_SCIENTIST,,
INSPIRATION_GREATSCIENTISTPOINTS,Amount,ARGTYPE_IDENTITY,2,,
INSULAE_SPECIALTYHOUSING,Amount,ARGTYPE_IDENTITY,1,,
INTEGRATEDSPACECELL_SPACE_RACE_PROJECTS_PRODUCTION,Amount,ARGTYPE_IDENTITY,15,,
INTERNATIONALSPACEAGENCY_SCIENCEPERTRIBUTARY,YieldType,ARGTYPE_IDENTITY,YIELD_SCIENCE,,
INTERNATIONALSPACEAGENCY_SCIENCEPERTRIBUTARY,Amount,ARGTYPE_IDENTITY,5,,
INTERNATIONALWATERS_MODERN_NAVAL_MELEE_PRODUCTION,UnitPromotionClass,ARGTYPE_IDENTITY,PROMOTION_CLASS_NAVAL_MELEE,-1,
INTERNATIONALWATERS_MODERN_NAVAL_MELEE_PRODUCTION,EraType,ARGTYPE_IDENTITY,ERA_MODERN,-1,
INTERNATIONALWATERS_MODERN_NAVAL_MELEE_PRODUCTION,Amount,ARGTYPE_IDENTITY,100,-1,
INTERNATIONALWATERS_ATOMIC_NAVAL_MELEE_PRODUCTION,UnitPromotionClass,ARGTYPE_IDENTITY,PROMOTION_CLASS_NAVAL_MELEE,-1,
INTERNATIONALWATERS_ATOMIC_NAVAL_MELEE_PRODUCTION,EraType,ARGTYPE_IDENTITY,ERA_ATOMIC,-1,
INTERNATIONALWATERS_ATOMIC_NAVAL_MELEE_PRODUCTION,Amount,ARGTYPE_IDENTITY,100,-1,
INTERNATIONALWATERS_INFORMATION_NAVAL_MELEE_PRODUCTION,UnitPromotionClass,ARGTYPE_IDENTITY,PROMOTION_CLASS_NAVAL_MELEE,-1,
INTERNATIONALWATERS_INFORMATION_NAVAL_MELEE_PRODUCTION,EraType,ARGTYPE_IDENTITY,ERA_INFORMATION,-1,
INTERNATIONALWATERS_INFORMATION_NAVAL_MELEE_PRODUCTION,Amount,ARGTYPE_IDENTITY,100,-1,
INTERNATIONALWATERS_MODERN_NAVAL_RANGED_PRODUCTION,UnitPromotionClass,ARGTYPE_IDENTITY,PROMOTION_CLASS_NAVAL_RANGED,-1,
INTERNATIONALWATERS_MODERN_NAVAL_RANGED_PRODUCTION,EraType,ARGTYPE_IDENTITY,ERA_MODERN,-1,
INTERNATIONALWATERS_MODERN_NAVAL_RANGED_PRODUCTION,Amount,ARGTYPE_IDENTITY,100,-1,
INTERNATIONALWATERS_ATOMIC_NAVAL_RANGED_PRODUCTION,UnitPromotionClass,ARGTYPE_IDENTITY,PROMOTION_CLASS_NAVAL_RANGED,-1,
INTERNATIONALWATERS_ATOMIC_NAVAL_RANGED_PRODUCTION,EraType,ARGTYPE_IDENTITY,ERA_ATOMIC,-1,
INTERNATIONALWATERS_ATOMIC_NAVAL_RANGED_PRODUCTION,Amount,ARGTYPE_IDENTITY,100,-1,
INTERNATIONALWATERS_INFORMATION_NAVAL_RANGED_PRODUCTION,UnitPromotionClass,ARGTYPE_IDENTITY,PROMOTION_CLASS_NAVAL_RANGED,-1,
INTERNATIONALWATERS_INFORMATION_NAVAL_RANGED_PRODUCTION,EraType,ARGTYPE_IDENTITY,ERA_INFORMATION,-1,
INTERNATIONALWATERS_INFORMATION_NAVAL_RANGED_PRODUCTION,Amount,ARGTYPE_IDENTITY,100,-1,
INTERNATIONALWATERS_MODERN_NAVAL_RAIDER_PRODUCTION,UnitPromotionClass,ARGTYPE_IDENTITY,PROMOTION_CLASS_NAVAL_RAIDER,-1,
INTERNATIONALWATERS_MODERN_NAVAL_RAIDER_PRODUCTION,EraType,ARGTYPE_IDENTITY,ERA_MODERN,-1,
INTERNATIONALWATERS_MODERN_NAVAL_RAIDER_PRODUCTION,Amount,ARGTYPE_IDENTITY,100,-1,
INTERNATIONALWATERS_ATOMIC_NAVAL_RAIDER_PRODUCTION,UnitPromotionClass,ARGTYPE_IDENTITY,PROMOTION_CLASS_NAVAL_RAIDER,-1,
INTERNATIONALWATERS_ATOMIC_NAVAL_RAIDER_PRODUCTION,EraType,ARGTYPE_IDENTITY,ERA_ATOMIC,-1,
INTERNATIONALWATERS_ATOMIC_NAVAL_RAIDER_PRODUCTION,Amount,ARGTYPE_IDENTITY,100,-1,
INTERNATIONALWATERS_INFORMATION_NAVAL_RAIDER_PRODUCTION,UnitPromotionClass,ARGTYPE_IDENTITY,PROMOTION_CLASS_NAVAL_RAIDER,-1,
INTERNATIONALWATERS_INFORMATION_NAVAL_RAIDER_PRODUCTION,EraType,ARGTYPE_IDENTITY,ERA_INFORMATION,-1,
INTERNATIONALWATERS_INFORMATION_NAVAL_RAIDER_PRODUCTION,Amount,ARGTYPE_IDENTITY,100,-1,
LAISSEZFAIRE_GREATMERCHANTPOINTS,GreatPersonClassType,ARGTYPE_IDENTITY,GREAT_PERSON_CLASS_MERCHANT,,
LAISSEZFAIRE_GREATMERCHANTPOINTS,Amount,ARGTYPE_IDENTITY,4,,
LANDSURVEYORS_PLOTPURCHASECOST,Amount,ARGTYPE_IDENTITY,-20,,
LIBERALISM_SPECIALTYAMENITY,Amount,ARGTYPE_IDENTITY,1,,
LIGHTNINGWARFARE_MODERN_HEAVY_CAVALRY_PRODUCTION,UnitPromotionClass,ARGTYPE_IDENTITY,PROMOTION_CLASS_HEAVY_CAVALRY,-1,
LIGHTNINGWARFARE_MODERN_HEAVY_CAVALRY_PRODUCTION,EraType,ARGTYPE_IDENTITY,ERA_MODERN,-1,
LIGHTNINGWARFARE_MODERN_HEAVY_CAVALRY_PRODUCTION,Amount,ARGTYPE_IDENTITY,50,-1,
LIGHTNINGWARFARE_ATOMIC_HEAVY_CAVALRY_PRODUCTION,UnitPromotionClass,ARGTYPE_IDENTITY,PROMOTION_CLASS_HEAVY_CAVALRY,-1,
LIGHTNINGWARFARE_ATOMIC_HEAVY_CAVALRY_PRODUCTION,EraType,ARGTYPE_IDENTITY,ERA_ATOMIC,-1,
LIGHTNINGWARFARE_ATOMIC_HEAVY_CAVALRY_PRODUCTION,Amount,ARGTYPE_IDENTITY,50,-1,
LIGHTNINGWARFARE_INFORMATION_HEAVY_CAVALRY_PRODUCTION,UnitPromotionClass,ARGTYPE_IDENTITY,PROMOTION_CLASS_HEAVY_CAVALRY,-1,
LIGHTNINGWARFARE_INFORMATION_HEAVY_CAVALRY_PRODUCTION,EraType,ARGTYPE_IDENTITY,ERA_INFORMATION,-1,
LIGHTNINGWARFARE_INFORMATION_HEAVY_CAVALRY_PRODUCTION,Amount,ARGTYPE_IDENTITY,50,-1,
LIGHTNINGWARFARE_MODERN_LIGHT_CAVALRY_PRODUCTION,UnitPromotionClass,ARGTYPE_IDENTITY,PROMOTION_CLASS_LIGHT_CAVALRY,-1,
LIGHTNINGWARFARE_MODERN_LIGHT_CAVALRY_PRODUCTION,EraType,ARGTYPE_IDENTITY,ERA_MODERN,-1,
LIGHTNINGWARFARE_MODERN_LIGHT_CAVALRY_PRODUCTION,Amount,ARGTYPE_IDENTITY,50,-1,
LIGHTNINGWARFARE_ATOMIC_LIGHT_CAVALRY_PRODUCTION,UnitPromotionClass,ARGTYPE_IDENTITY,PROMOTION_CLASS_LIGHT_CAVALRY,-1,
LIGHTNINGWARFARE_ATOMIC_LIGHT_CAVALRY_PRODUCTION,EraType,ARGTYPE_IDENTITY,ERA_ATOMIC,-1,
LIGHTNINGWARFARE_ATOMIC_LIGHT_CAVALRY_PRODUCTION,Amount,ARGTYPE_IDENTITY,50,-1,
LIGHTNINGWARFARE_INFORMATION_LIGHT_CAVALRY_PRODUCTION,UnitPromotionClass,ARGTYPE_IDENTITY,PROMOTION_CLASS_LIGHT_CAVALRY,-1,
LIGHTNINGWARFARE_INFORMATION_LIGHT_CAVALRY_PRODUCTION,EraType,ARGTYPE_IDENTITY,ERA_INFORMATION,-1,
LIGHTNINGWARFARE_INFORMATION_LIGHT_CAVALRY_PRODUCTION,Amount,ARGTYPE_IDENTITY,50,-1,
LIMES_CASTLEPRODUCTION,BuildingType,ARGTYPE_IDENTITY,BUILDING_CASTLE,,
LIMES_CASTLEPRODUCTION,Amount,ARGTYPE_IDENTITY,100,,
LIMES_WALLSPRODUCTION,BuildingType,ARGTYPE_IDENTITY,BUILDING_WALLS,,
LIMES_WALLSPRODUCTION,Amount,ARGTYPE_IDENTITY,100,,
LIMES_STARFORTPRODUCTION,BuildingType,ARGTYPE_IDENTITY,BUILDING_STAR_FORT,,
LIMES_STARFORTPRODUCTION,Amount,ARGTYPE_IDENTITY,100,,
LITERARYTRADITION_GREATWRITERPOINTS,GreatPersonClassType,ARGTYPE_IDENTITY,GREAT_PERSON_CLASS_WRITER,,
LITERARYTRADITION_GREATWRITERPOINTS,Amount,ARGTYPE_IDENTITY,2,,
LOGISTICS_FRIENDLYTERRITORYMOVEMENTBONUS,Amount,ARGTYPE_IDENTITY,1,,
LEVEEENMASSE_UNITMAINTENANCEDISCOUNT,Amount,ARGTYPE_IDENTITY,2,,
MACHIAVELLIANISM_SPYPRODUCTION,UnitType,ARGTYPE_IDENTITY,UNIT_SPY,,
MACHIAVELLIANISM_SPYPRODUCTION,Amount,ARGTYPE_IDENTITY,50,,
MANEUVER_ANCIENT_HEAVY_CAVALRY_PRODUCTION,UnitPromotionClass,ARGTYPE_IDENTITY,PROMOTION_CLASS_HEAVY_CAVALRY,-1,
MANEUVER_ANCIENT_HEAVY_CAVALRY_PRODUCTION,EraType,ARGTYPE_IDENTITY,ERA_ANCIENT,-1,
MANEUVER_ANCIENT_HEAVY_CAVALRY_PRODUCTION,Amount,ARGTYPE_IDENTITY,50,-1,
MANEUVER_CLASSICAL_HEAVY_CAVALRY_PRODUCTION,UnitPromotionClass,ARGTYPE_IDENTITY,PROMOTION_CLASS_HEAVY_CAVALRY,-1,
MANEUVER_CLASSICAL_HEAVY_CAVALRY_PRODUCTION,EraType,ARGTYPE_IDENTITY,ERA_CLASSICAL,-1,
MANEUVER_CLASSICAL_HEAVY_CAVALRY_PRODUCTION,Amount,ARGTYPE_IDENTITY,50,-1,
MANEUVER_ANCIENT_LIGHT_CAVALRY_PRODUCTION,UnitPromotionClass,ARGTYPE_IDENTITY,PROMOTION_CLASS_LIGHT_CAVALRY,-1,
MANEUVER_ANCIENT_LIGHT_CAVALRY_PRODUCTION,EraType,ARGTYPE_IDENTITY,ERA_ANCIENT,-1,
MANEUVER_ANCIENT_LIGHT_CAVALRY_PRODUCTION,Amount,ARGTYPE_IDENTITY,50,-1,
MANEUVER_CLASSICAL_LIGHT_CAVALRY_PRODUCTION,UnitPromotionClass,ARGTYPE_IDENTITY,PROMOTION_CLASS_LIGHT_CAVALRY,-1,
MANEUVER_CLASSICAL_LIGHT_CAVALRY_PRODUCTION,EraType,ARGTYPE_IDENTITY,ERA_CLASSICAL,-1,
MANEUVER_CLASSICAL_LIGHT_CAVALRY_PRODUCTION,Amount,ARGTYPE_IDENTITY,50,-1,
MARITIMIEINDUSTRIES_ANCIENT_NAVAL_MELEE_PRODUCTION,UnitPromotionClass,ARGTYPE_IDENTITY,PROMOTION_CLASS_NAVAL_MELEE,-1,
MARITIMIEINDUSTRIES_ANCIENT_NAVAL_MELEE_PRODUCTION,EraType,ARGTYPE_IDENTITY,ERA_ANCIENT,-1,
MARITIMIEINDUSTRIES_ANCIENT_NAVAL_MELEE_PRODUCTION,Amount,ARGTYPE_IDENTITY,100,-1,
MARITIMIEINDUSTRIES_CLASSICAL_NAVAL_MELEE_PRODUCTION,UnitPromotionClass,ARGTYPE_IDENTITY,PROMOTION_CLASS_NAVAL_MELEE,-1,
MARITIMIEINDUSTRIES_CLASSICAL_NAVAL_MELEE_PRODUCTION,EraType,ARGTYPE_IDENTITY,ERA_CLASSICAL,-1,
MARITIMIEINDUSTRIES_CLASSICAL_NAVAL_MELEE_PRODUCTION,Amount,ARGTYPE_IDENTITY,100,-1,
MARITIMIEINDUSTRIES_ANCIENT_NAVAL_RANGED_PRODUCTION,UnitPromotionClass,ARGTYPE_IDENTITY,PROMOTION_CLASS_NAVAL_RANGED,-1,
MARITIMIEINDUSTRIES_ANCIENT_NAVAL_RANGED_PRODUCTION,EraType,ARGTYPE_IDENTITY,ERA_ANCIENT,-1,
MARITIMIEINDUSTRIES_ANCIENT_NAVAL_RANGED_PRODUCTION,Amount,ARGTYPE_IDENTITY,100,-1,
MARITIMIEINDUSTRIES_CLASSICAL_NAVAL_RANGED_PRODUCTION,UnitPromotionClass,ARGTYPE_IDENTITY,PROMOTION_CLASS_NAVAL_RANGED,-1,
MARITIMIEINDUSTRIES_CLASSICAL_NAVAL_RANGED_PRODUCTION,EraType,ARGTYPE_IDENTITY,ERA_CLASSICAL,-1,
MARITIMIEINDUSTRIES_CLASSICAL_NAVAL_RANGED_PRODUCTION,Amount,ARGTYPE_IDENTITY,100,-1,
MARITIMIEINDUSTRIES_ANCIENT_NAVAL_RAIDER_PRODUCTION,UnitPromotionClass,ARGTYPE_IDENTITY,PROMOTION_CLASS_NAVAL_RAIDER,-1,
MARITIMIEINDUSTRIES_ANCIENT_NAVAL_RAIDER_PRODUCTION,EraType,ARGTYPE_IDENTITY,ERA_ANCIENT,-1,
MARITIMIEINDUSTRIES_ANCIENT_NAVAL_RAIDER_PRODUCTION,Amount,ARGTYPE_IDENTITY,100,-1,
MARITIMIEINDUSTRIES_CLASSICAL_NAVAL_RAIDER_PRODUCTION,UnitPromotionClass,ARGTYPE_IDENTITY,PROMOTION_CLASS_NAVAL_RAIDER,-1,
MARITIMIEINDUSTRIES_CLASSICAL_NAVAL_RAIDER_PRODUCTION,EraType,ARGTYPE_IDENTITY,ERA_CLASSICAL,-1,
MARITIMIEINDUSTRIES_CLASSICAL_NAVAL_RAIDER_PRODUCTION,Amount,ARGTYPE_IDENTITY,100,-1,
MARKETECONOMY_TRADEROUTECULTURE,YieldType,ARGTYPE_IDENTITY,YIELD_CULTURE,,
MARKETECONOMY_TRADEROUTECULTURE,Amount,ARGTYPE_IDENTITY,2,,
MARKETECONOMY_TRADEROUTESCIENCE,YieldType,ARGTYPE_IDENTITY,YIELD_SCIENCE,,
MARKETECONOMY_TRADEROUTESCIENCE,Amount,ARGTYPE_IDENTITY,2,,
MARKETECONOMY_TRADEROUTEGOLDPERLUXURY,YieldType,ARGTYPE_IDENTITY,YIELD_GOLD,,
MARKETECONOMY_TRADEROUTEGOLDPERLUXURY,Amount,ARGTYPE_IDENTITY,1,,
MARKETECONOMY_TRADEROUTEGOLDPERSTRATEGIC,YieldType,ARGTYPE_IDENTITY,YIELD_GOLD,,
MARKETECONOMY_TRADEROUTEGOLDPERSTRATEGIC,Amount,ARGTYPE_IDENTITY,1,,
MARTIALLAW_OVERALLWARWEARINESS,Amount,ARGTYPE_IDENTITY,-25,,
MARTIALLAW_OVERALLWARWEARINESS,Overall,ARGTYPE_IDENTITY,1,,
MEDINAQUARTER_SPECIALTYHOUSING,Amount,ARGTYPE_IDENTITY,2,,
MERCHANTCONFEDERATION_INFLUENCETOKENGOLD,YieldType,ARGTYPE_IDENTITY,YIELD_GOLD,,
MERCHANTCONFEDERATION_INFLUENCETOKENGOLD,Amount,ARGTYPE_IDENTITY,1,,
MERITOCRACY_DISTRICTCULTURE,YieldType,ARGTYPE_IDENTITY,YIELD_CULTURE,,
MERITOCRACY_DISTRICTCULTURE,Amount,ARGTYPE_IDENTITY,1,,
MILITARYORGANIZATION_GREATGENERALPOINTS,GreatPersonClassType,ARGTYPE_IDENTITY,GREAT_PERSON_CLASS_GENERAL,,
MILITARYORGANIZATION_GREATGENERALPOINTS,Amount,ARGTYPE_IDENTITY,4,,
NATIONALIDENTITY_REDUCESTRENGTHREDUCTIONFORDAMAGE,Amount,ARGTYPE_IDENTITY,50,,
NATIVECONQUEST_ADJUSTPOSTCOMBATYIELD,YieldType,ARGTYPE_IDENTITY,YIELD_GOLD,,
NATIVECONQUEST_ADJUSTPOSTCOMBATYIELD,PercentDefeatedStrength,ARGTYPE_IDENTITY,50,,
NATIVECONQUEST_ADJUSTPOSTCOMBATYIELD,OnlyWhenDefeatedEarlierEraUnit,ARGTYPE_IDENTITY,1,,
NATURALPHILOSOPHY_DISTRICTSCIENCE,YieldType,ARGTYPE_IDENTITY,YIELD_SCIENCE,,
NATURALPHILOSOPHY_DISTRICTSCIENCE,Amount,ARGTYPE_IDENTITY,100,,
NAVALINFRASTRUCTURE_HARBORGOLD,YieldType,ARGTYPE_IDENTITY,YIELD_GOLD,,
NAVALINFRASTRUCTURE_HARBORGOLD,Amount,ARGTYPE_IDENTITY,100,,
NAVIGATION_GREATADMIRALPOINTS,GreatPersonClassType,ARGTYPE_IDENTITY,GREAT_PERSON_CLASS_ADMIRAL,,
NAVIGATION_GREATADMIRALPOINTS,Amount,ARGTYPE_IDENTITY,2,,
NEWDEAL_SPECIALTYAMENITY,Amount,ARGTYPE_IDENTITY,2,,
NEWDEAL_SPECIALTYHOUSING,Amount,ARGTYPE_IDENTITY,4,,
NOBELPRIZE_GREATSCIENTISTPOINTS,GreatPersonClassType,ARGTYPE_IDENTITY,GREAT_PERSON_CLASS_SCIENTIST,,
NOBELPRIZE_GREATSCIENTISTPOINTS,Amount,ARGTYPE_IDENTITY,4,,
NUCLEARESPIONAGE_EXTRABOOSTS,Amount,ARGTYPE_IDENTITY,1,,
ONLINECOMMUNITIES_TOURISM,Amount,ARGTYPE_IDENTITY,50,,
POLICESTATE_SPYDEFENSE,Offense,ARGTYPE_IDENTITY,0,,
POLICESTATE_SPYDEFENSE,Amount,ARGTYPE_IDENTITY,2,,
PRESSGANGS_RENAISSANCE_NAVAL_MELEE_PRODUCTION,UnitPromotionClass,ARGTYPE_IDENTITY,PROMOTION_CLASS_NAVAL_MELEE,-1,
PRESSGANGS_RENAISSANCE_NAVAL_MELEE_PRODUCTION,EraType,ARGTYPE_IDENTITY,ERA_RENAISSANCE,-1,
PRESSGANGS_RENAISSANCE_NAVAL_MELEE_PRODUCTION,Amount,ARGTYPE_IDENTITY,100,-1,
PRESSGANGS_INDUSTRIAL_NAVAL_MELEE_PRODUCTION,UnitPromotionClass,ARGTYPE_IDENTITY,PROMOTION_CLASS_NAVAL_MELEE,-1,
PRESSGANGS_INDUSTRIAL_NAVAL_MELEE_PRODUCTION,EraType,ARGTYPE_IDENTITY,ERA_INDUSTRIAL,-1,
PRESSGANGS_INDUSTRIAL_NAVAL_MELEE_PRODUCTION,Amount,ARGTYPE_IDENTITY,100,-1,
PRESSGANGS_RENAISSANCE_NAVAL_RANGED_PRODUCTION,UnitPromotionClass,ARGTYPE_IDENTITY,PROMOTION_CLASS_NAVAL_RANGED,-1,
PRESSGANGS_RENAISSANCE_NAVAL_RANGED_PRODUCTION,EraType,ARGTYPE_IDENTITY,ERA_RENAISSANCE,-1,
PRESSGANGS_RENAISSANCE_NAVAL_RANGED_PRODUCTION,Amount,ARGTYPE_IDENTITY,100,-1,
PRESSGANGS_INDUSTRIAL_NAVAL_RANGED_PRODUCTION,UnitPromotionClass,ARGTYPE_IDENTITY,PROMOTION_CLASS_NAVAL_RANGED,-1,
PRESSGANGS_INDUSTRIAL_NAVAL_RANGED_PRODUCTION,EraType,ARGTYPE_IDENTITY,ERA_INDUSTRIAL,-1,
PRESSGANGS_INDUSTRIAL_NAVAL_RANGED_PRODUCTION,Amount,ARGTYPE_IDENTITY,100,-1,
PRESSGANGS_RENAISSANCE_NAVAL_RAIDER_PRODUCTION,UnitPromotionClass,ARGTYPE_IDENTITY,PROMOTION_CLASS_NAVAL_RAIDER,-1,
PRESSGANGS_RENAISSANCE_NAVAL_RAIDER_PRODUCTION,EraType,ARGTYPE_IDENTITY,ERA_RENAISSANCE,-1,
PRESSGANGS_RENAISSANCE_NAVAL_RAIDER_PRODUCTION,Amount,ARGTYPE_IDENTITY,100,-1,
PRESSGANGS_INDUSTRIAL_NAVAL_RAIDER_PRODUCTION,UnitPromotionClass,ARGTYPE_IDENTITY,PROMOTION_CLASS_NAVAL_RAIDER,-1,
PRESSGANGS_INDUSTRIAL_NAVAL_RAIDER_PRODUCTION,EraType,ARGTYPE_IDENTITY,ERA_INDUSTRIAL,-1,
PRESSGANGS_INDUSTRIAL_NAVAL_RAIDER_PRODUCTION,Amount,ARGTYPE_IDENTITY,100,-1,
PRESSGANGS_MEDIEVAL_NAVAL_MELEE_PRODUCTION,UnitPromotionClass,ARGTYPE_IDENTITY,PROMOTION_CLASS_NAVAL_MELEE,,
PRESSGANGS_MEDIEVAL_NAVAL_MELEE_PRODUCTION,EraType,ARGTYPE_IDENTITY,ERA_MEDIEVAL,,
PRESSGANGS_MEDIEVAL_NAVAL_MELEE_PRODUCTION,Amount,ARGTYPE_IDENTITY,100,,
PRESSGANGS_MEDIEVAL_NAVAL_RANGED_PRODUCTION,UnitPromotionClass,ARGTYPE_IDENTITY,PROMOTION_CLASS_NAVAL_RANGED,,
PRESSGANGS_MEDIEVAL_NAVAL_RANGED_PRODUCTION,EraType,ARGTYPE_IDENTITY,ERA_MEDIEVAL,,
PRESSGANGS_MEDIEVAL_NAVAL_RANGED_PRODUCTION,Amount,ARGTYPE_IDENTITY,100,,
PRESSGANGS_MEDIEVAL_NAVAL_RAIDER_PRODUCTION,UnitPromotionClass,ARGTYPE_IDENTITY,PROMOTION_CLASS_NAVAL_RAIDER,,
PRESSGANGS_MEDIEVAL_NAVAL_RAIDER_PRODUCTION,EraType,ARGTYPE_IDENTITY,ERA_MEDIEVAL,,
PRESSGANGS_MEDIEVAL_NAVAL_RAIDER_PRODUCTION,Amount,ARGTYPE_IDENTITY,100,,
PROPAGANDA_OVERALLWARWEARINESS,Amount,ARGTYPE_IDENTITY,-25,,
PROPAGANDA_OVERALLWARWEARINESS,Overall,ARGTYPE_IDENTITY,1,,
PUBLICWORKS_BUILDERPRODUCTION,UnitType,ARGTYPE_IDENTITY,UNIT_BUILDER,,
PUBLICWORKS_BUILDERPRODUCTION,Amount,ARGTYPE_IDENTITY,30,,
PUBLICWORKS_BUILDERCHARGES,Amount,ARGTYPE_IDENTITY,2,,
RAID_DOUBLEPILLAGEIMPROVE,Amount,ARGTYPE_IDENTITY,50,-1,
RAJ_GOLDPERTRIBUTARY,YieldType,ARGTYPE_IDENTITY,YIELD_GOLD,,
RAJ_GOLDPERTRIBUTARY,Amount,ARGTYPE_IDENTITY,2,,
RAJ_FAITHPERTRIBUTARY,YieldType,ARGTYPE_IDENTITY,YIELD_FAITH,,
RAJ_FAITHPERTRIBUTARY,Amount,ARGTYPE_IDENTITY,2,,
RAJ_SCIENCEPERTRIBUTARY,YieldType,ARGTYPE_IDENTITY,YIELD_SCIENCE,,
RAJ_SCIENCEPERTRIBUTARY,Amount,ARGTYPE_IDENTITY,2,,
RAJ_CULTUREPERTRIBUTARY,YieldType,ARGTYPE_IDENTITY,YIELD_CULTURE,,
RAJ_CULTUREPERTRIBUTARY,Amount,ARGTYPE_IDENTITY,2,,
RELIGIOUSORDERS_COMBAT_BUFF,AbilityType,ARGTYPE_IDENTITY,ABILITY_RELIGIOUS_ORDERS_BUFF,,
RESOURCEMANAGEMENT_FULL_ACCESS_ONE_STRATEGIC,Access,ARGTYPE_IDENTITY,1,,
REVELATION_GREATPROPHETPOINTS,GreatPersonClassType,ARGTYPE_IDENTITY,GREAT_PERSON_CLASS_PROPHET,,
REVELATION_GREATPROPHETPOINTS,Amount,ARGTYPE_IDENTITY,2,,
SACK_DOUBLEPILLAGEDISTRICT,Amount,ARGTYPE_IDENTITY,50,-1,
PROFESSIONAL_ARMY_UNITUPGRADEDISCOUNT,Amount,ARGTYPE_IDENTITY,50,,
SATELLITEBROADCASTS_MUSICTOURISM,GreatWorkObjectType,ARGTYPE_IDENTITY,GREATWORKOBJECT_MUSIC,,
SATELLITEBROADCASTS_MUSICTOURISM,ScalingFactor,ARGTYPE_IDENTITY,300,,
SCRIPTURE_DISTRICTFAITH,YieldType,ARGTYPE_IDENTITY,YIELD_FAITH,,
SCRIPTURE_DISTRICTFAITH,Amount,ARGTYPE_IDENTITY,100,,
SERFDOM_BUILDERCHARGES,Amount,ARGTYPE_IDENTITY,2,,
RETAINERS_AMENITYBONUS,Amount,ARGTYPE_IDENTITY,1,,
SKYSCRAPERS_INDUSTRIALINFORMATION,Amount,ARGTYPE_IDENTITY,15,,
SKYSCRAPERS_INDUSTRIALINFORMATION,IsWonder,ARGTYPE_IDENTITY,1,,
SKYSCRAPERS_INDUSTRIALINFORMATION,StartEra,ARGTYPE_IDENTITY,ERA_ANCIENT,,
SKYSCRAPERS_INDUSTRIALINFORMATION,EndEra,ARGTYPE_IDENTITY,ERA_FUTURE,,
MILITARYFIRST_ATOMIC_MELEE_PRODUCTION,UnitPromotionClass,ARGTYPE_IDENTITY,PROMOTION_CLASS_MELEE,-1,
MILITARYFIRST_ATOMIC_MELEE_PRODUCTION,EraType,ARGTYPE_IDENTITY,ERA_ATOMIC,-1,
MILITARYFIRST_ATOMIC_MELEE_PRODUCTION,Amount,ARGTYPE_IDENTITY,50,-1,
MILITARYFIRST_INFORMATION_MELEE_PRODUCTION,UnitPromotionClass,ARGTYPE_IDENTITY,PROMOTION_CLASS_MELEE,-1,
MILITARYFIRST_INFORMATION_MELEE_PRODUCTION,EraType,ARGTYPE_IDENTITY,ERA_INFORMATION,-1,
MILITARYFIRST_INFORMATION_MELEE_PRODUCTION,Amount,ARGTYPE_IDENTITY,50,-1,
MILITARYFIRST_ATOMIC_ANTI_CAVALRY_PRODUCTION,UnitPromotionClass,ARGTYPE_IDENTITY,PROMOTION_CLASS_ANTI_CAVALRY,-1,
MILITARYFIRST_ATOMIC_ANTI_CAVALRY_PRODUCTION,EraType,ARGTYPE_IDENTITY,ERA_ATOMIC,-1,
MILITARYFIRST_ATOMIC_ANTI_CAVALRY_PRODUCTION,Amount,ARGTYPE_IDENTITY,50,-1,
MILITARYFIRST_INFORMATION_ANTI_CAVALRY_PRODUCTION,UnitPromotionClass,ARGTYPE_IDENTITY,PROMOTION_CLASS_ANTI_CAVALRY,-1,
MILITARYFIRST_INFORMATION_ANTI_CAVALRY_PRODUCTION,EraType,ARGTYPE_IDENTITY,ERA_INFORMATION,-1,
MILITARYFIRST_INFORMATION_ANTI_CAVALRY_PRODUCTION,Amount,ARGTYPE_IDENTITY,50,-1,
MILITARYFIRST_ATOMIC_RANGED_PRODUCTION,UnitPromotionClass,ARGTYPE_IDENTITY,PROMOTION_CLASS_RANGED,-1,
MILITARYFIRST_ATOMIC_RANGED_PRODUCTION,EraType,ARGTYPE_IDENTITY,ERA_ATOMIC,-1,
MILITARYFIRST_ATOMIC_RANGED_PRODUCTION,Amount,ARGTYPE_IDENTITY,50,-1,
MILITARYFIRST_INFORMATION_RANGED_PRODUCTION,UnitPromotionClass,ARGTYPE_IDENTITY,PROMOTION_CLASS_RANGED,-1,
MILITARYFIRST_INFORMATION_RANGED_PRODUCTION,EraType,ARGTYPE_IDENTITY,ERA_INFORMATION,-1,
MILITARYFIRST_INFORMATION_RANGED_PRODUCTION,Amount,ARGTYPE_IDENTITY,50,-1,
SPORTSMEDIA_DISTRICTCULTURE,YieldType,ARGTYPE_IDENTITY,YIELD_CULTURE,,
SPORTSMEDIA_DISTRICTCULTURE,Amount,ARGTYPE_IDENTITY,100,,
SPORTSMEDIA_STADIUMENTERTAINMENT,Amount,ARGTYPE_IDENTITY,1,,
STRATEGICAIRFORCE_INFORMATION_AIRFIGHTER_PRODUCTION,UnitPromotionClass,ARGTYPE_IDENTITY,PROMOTION_CLASS_AIR_FIGHTER,-1,
STRATEGICAIRFORCE_INFORMATION_AIRFIGHTER_PRODUCTION,EraType,ARGTYPE_IDENTITY,ERA_INFORMATION,-1,
STRATEGICAIRFORCE_INFORMATION_AIRFIGHTER_PRODUCTION,Amount,ARGTYPE_IDENTITY,50,-1,
STRATEGICAIRFORCE_INFORMATION_AIRBOMBER_PRODUCTION,UnitPromotionClass,ARGTYPE_IDENTITY,PROMOTION_CLASS_AIR_BOMBER,-1,
STRATEGICAIRFORCE_INFORMATION_AIRBOMBER_PRODUCTION,EraType,ARGTYPE_IDENTITY,ERA_INFORMATION,-1,
STRATEGICAIRFORCE_INFORMATION_AIRBOMBER_PRODUCTION,Amount,ARGTYPE_IDENTITY,50,-1,
STRATEGICAIRFORCE_ATOMIC_NAVALCARRIER_PRODUCTION,UnitPromotionClass,ARGTYPE_IDENTITY,PROMOTION_CLASS_NAVAL_CARRIER,-1,
STRATEGICAIRFORCE_ATOMIC_NAVALCARRIER_PRODUCTION,EraType,ARGTYPE_IDENTITY,ERA_ATOMIC,-1,
STRATEGICAIRFORCE_ATOMIC_NAVALCARRIER_PRODUCTION,Amount,ARGTYPE_IDENTITY,50,-1,
STRATEGICAIRFORCE_INFORMATION_NAVALCARRIER_PRODUCTION,UnitPromotionClass,ARGTYPE_IDENTITY,PROMOTION_CLASS_NAVAL_CARRIER,-1,
STRATEGICAIRFORCE_INFORMATION_NAVALCARRIER_PRODUCTION,EraType,ARGTYPE_IDENTITY,ERA_INFORMATION,-1,
STRATEGICAIRFORCE_INFORMATION_NAVALCARRIER_PRODUCTION,Amount,ARGTYPE_IDENTITY,50,-1,
STRATEGOS_GREATGENERALPOINTS,GreatPersonClassType,ARGTYPE_IDENTITY,GREAT_PERSON_CLASS_GENERAL,,
STRATEGOS_GREATGENERALPOINTS,Amount,ARGTYPE_IDENTITY,2,,
SURVEY_RECONUNITEXPERIENCE,Amount,ARGTYPE_IDENTITY,100,,
SYMPHONIES_GREATMUSICIANPOINTS,GreatPersonClassType,ARGTYPE_IDENTITY,GREAT_PERSON_CLASS_MUSICIAN,,
SYMPHONIES_GREATMUSICIANPOINTS,Amount,ARGTYPE_IDENTITY,4,,
THIRDALTERNATIVE_MILITARY_ACADEMY_GOLD_MODIFIER,BuildingType,ARGTYPE_IDENTITY,BUILDING_MILITARY_ACADEMY,,
THIRDALTERNATIVE_MILITARY_ACADEMY_GOLD_MODIFIER,YieldType,ARGTYPE_IDENTITY,YIELD_GOLD,,
THIRDALTERNATIVE_MILITARY_ACADEMY_GOLD_MODIFIER,Amount,ARGTYPE_IDENTITY,4,,
THIRDALTERNATIVE_RESEARCH_LAB_GOLD_MODIFIER,BuildingType,ARGTYPE_IDENTITY,BUILDING_RESEARCH_LAB,,
THIRDALTERNATIVE_RESEARCH_LAB_GOLD_MODIFIER,YieldType,ARGTYPE_IDENTITY,YIELD_GOLD,,
THIRDALTERNATIVE_RESEARCH_LAB_GOLD_MODIFIER,Amount,ARGTYPE_IDENTITY,4,,
THIRDALTERNATIVE_POWER_PLANT_GOLD_MODIFIER,BuildingType,ARGTYPE_IDENTITY,BUILDING_POWER_PLANT,,
THIRDALTERNATIVE_POWER_PLANT_GOLD_MODIFIER,YieldType,ARGTYPE_IDENTITY,YIELD_GOLD,,
THIRDALTERNATIVE_POWER_PLANT_GOLD_MODIFIER,Amount,ARGTYPE_IDENTITY,4,,
TOWNCHARTERS_DISTRICTGOLD,YieldType,ARGTYPE_IDENTITY,YIELD_GOLD,,
TOWNCHARTERS_DISTRICTGOLD,Amount,ARGTYPE_IDENTITY,100,,
TRADECONFEDERATION_TRADEROUTECULTURE,YieldType,ARGTYPE_IDENTITY,YIELD_CULTURE,,
TRADECONFEDERATION_TRADEROUTECULTURE,Amount,ARGTYPE_IDENTITY,1,,
TRADECONFEDERATION_TRADEROUTESCIENCE,YieldType,ARGTYPE_IDENTITY,YIELD_SCIENCE,,
TRADECONFEDERATION_TRADEROUTESCIENCE,Amount,ARGTYPE_IDENTITY,1,,
TRAVELINGMERCHANTS_GREATMERCHANTPOINTS,GreatPersonClassType,ARGTYPE_IDENTITY,GREAT_PERSON_CLASS_MERCHANT,,
TRAVELINGMERCHANTS_GREATMERCHANTPOINTS,Amount,ARGTYPE_IDENTITY,2,,
TRIANGULARTRADE_TRADEROUTEGOLD,YieldType,ARGTYPE_IDENTITY,YIELD_GOLD,,
TRIANGULARTRADE_TRADEROUTEGOLD,Amount,ARGTYPE_IDENTITY,4,,
TRIANGULARTRADE_TRADEROUTEFAITH,YieldType,ARGTYPE_IDENTITY,YIELD_FAITH,,
TRIANGULARTRADE_TRADEROUTEFAITH,Amount,ARGTYPE_IDENTITY,1,,
TOTALWAR_DOUBLEPILLAGEDISTRICT,Amount,ARGTYPE_IDENTITY,50,-1,
TOTALWAR_DOUBLEPILLAGEIMPROVE,Amount,ARGTYPE_IDENTITY,50,-1,
URBAN_PLANNING_ALLCITYPRODUCTION,YieldType,ARGTYPE_IDENTITY,YIELD_PRODUCTION,,
URBAN_PLANNING_ALLCITYPRODUCTION,Amount,ARGTYPE_IDENTITY,1,,
VETERANCY_ENCAMPMENT_PRODUCTION,DistrictType,ARGTYPE_IDENTITY,DISTRICT_ENCAMPMENT,,
VETERANCY_ENCAMPMENT_PRODUCTION,Amount,ARGTYPE_IDENTITY,30,,
VETERANCY_ENCAMPMENT_BUILDINGS_PRODUCTION,DistrictType,ARGTYPE_IDENTITY,DISTRICT_ENCAMPMENT,,
VETERANCY_ENCAMPMENT_BUILDINGS_PRODUCTION,Amount,ARGTYPE_IDENTITY,30,,
WARS_OF_RELIGION_COMBAT,ModifierId,ARGTYPE_IDENTITY,WARS_OF_RELIGION_COMBAT_MODIFIER,,
WARS_OF_RELIGION_COMBAT_MODIFIER,Amount,ARGTYPE_IDENTITY,4,,
PROJECT_COMPLETION_GRANT_CULTURE_BASED_ON_SCIENCE_RATE,YieldToGrant,ARGTYPE_IDENTITY,YIELD_CULTURE,,
PROJECT_COMPLETION_GRANT_CULTURE_BASED_ON_SCIENCE_RATE,YieldToBaseOn,ARGTYPE_IDENTITY,YIELD_SCIENCE,,
PROJECT_COMPLETION_GRANT_CULTURE_BASED_ON_SCIENCE_RATE,Multiplier,ARGTYPE_IDENTITY,10,,
PROJECT_COMPLETION_MODIFIER_CREATE_NUCLEAR_DEVICE,Type,ARGTYPE_IDENTITY,WMD_NUCLEAR_DEVICE,,
PROJECT_COMPLETION_MODIFIER_CREATE_NUCLEAR_DEVICE,Amount,ARGTYPE_IDENTITY,1,,
PROJECT_COMPLETION_MODIFIER_CREATE_THERMONUCLEAR_DEVICE,Type,ARGTYPE_IDENTITY,WMD_THERMONUCLEAR_DEVICE,,
PROJECT_COMPLETION_MODIFIER_CREATE_THERMONUCLEAR_DEVICE,Amount,ARGTYPE_IDENTITY,1,,
MATHEMATICS_ADJUST_SEA_MOVEMENT,Amount,ARGTYPE_IDENTITY,1,,
CARTOGRAPHY_GRANT_OCEAN_NAVIGATION,TerrainType,ARGTYPE_IDENTITY,TERRAIN_OCEAN,,
CARTOGRAPHY_GRANT_OCEAN_NAVIGATION,Valid,ARGTYPE_IDENTITY,1,,
SQUARE_RIGGING_ADJUST_EMBARKED_MOVEMENT,Amount,ARGTYPE_IDENTITY,1,,
STEAM_POWER_ADJUST_EMBARKED_MOVEMENT,Amount,ARGTYPE_IDENTITY,2,,
COMBUSTION_ADJUST_EMBARKED_MOVEMENT,Amount,ARGTYPE_IDENTITY,1,,
PRINTING_ADD_DIPLO_VISIBILITY,Amount,ARGTYPE_IDENTITY,1,,
PRINTING_ADD_DIPLO_VISIBILITY,Source,ARGTYPE_IDENTITY,SOURCE_TECH,,
PRINTING_ADD_DIPLO_VISIBILITY,SourceType,ARGTYPE_IDENTITY,DIPLO_SOURCE_ALL_NAMES,,
TECH_GRANT_SPY,Amount,ARGTYPE_IDENTITY,1,,
PRINTING_BOOST_WRITING_TOURISM,GreatWorkObjectType,ARGTYPE_IDENTITY,GREATWORKOBJECT_WRITING,,
PRINTING_BOOST_WRITING_TOURISM,ScalingFactor,ARGTYPE_IDENTITY,200,,
COMPUTERS_BOOST_ALL_TOURISM,Amount,ARGTYPE_IDENTITY,25,,
STEEL_UNLOCK_URBAN_DEFENSES,DefenseValue,ARGTYPE_IDENTITY,400,,
ANTI_CAVALRY_COMBAT_BONUS,Amount,ARGTYPE_IDENTITY,10,,
ANTI_FIGHTER_AIRCRAFT_COMBAT_BONUS,Amount,ARGTYPE_IDENTITY,5,,
MOD_ENTER_FOREIGN_LANDS,Enter,ARGTYPE_IDENTITY,1,,
MOD_IGNORE_TERRAIN_COST,Ignore,ARGTYPE_IDENTITY,1,,
MOD_IGNORE_TERRAIN_COST,Type,ARGTYPE_IDENTITY,ALL,,
MOD_IGNORE_CROSSING_RIVERS_COST,Ignore,ARGTYPE_IDENTITY,1,,
HEAVYCHARIOT_FASTER_CLEAR_TERRAIN,Amount,ARGTYPE_IDENTITY,1,,
IGNOREZOC_IGNORE_ZOC,Ignore,ARGTYPE_IDENTITY,1,,
LIGHTCHARIOT_FASTER_CLEAR_TERRAIN,Amount,ARGTYPE_IDENTITY,2,,
NO_FOREIGN_SPREAD,NoSpread,ARGTYPE_IDENTITY,1,,
NOMOVEANDSHOOT_MOVE_AND_ATTACK,CanAttack,ARGTYPE_IDENTITY,0,,
FRIENDLY_TERRITORY_COMBAT,Amount,ARGTYPE_IDENTITY,35,,
CANNOT_ATTACK,Disable,ARGTYPE_IDENTITY,1,,
ENABLE_WALL_ATTACK,Enable,ARGTYPE_IDENTITY,1,,
BYPASS_WALLS,Enable,ARGTYPE_IDENTITY,1,,
ANTI_SPEAR,Amount,ARGTYPE_IDENTITY,5,,
RECEIVE_RANGE_BONUS,Amount,ARGTYPE_IDENTITY,1,,
GRANT_RANGE_BONUS,Amount,ARGTYPE_IDENTITY,1,,
UNOBSTRUCTED_VIEW,CanSee,ARGTYPE_IDENTITY,1,,
UNOBSTRUCTED_VIEW_TERRAIN,CanSee,ARGTYPE_IDENTITY,1,,
OLIGARCHY_MELEE_BUFF,Amount,ARGTYPE_IDENTITY,4,,
THEOCRACY_RELIGIOUS_BUFF,Amount,ARGTYPE_IDENTITY,5,,
RELIGIOUS_ORDERS_BUFF,Amount,ARGTYPE_IDENTITY,5,,
FASCISM_ATTACK_BUFF,Amount,ARGTYPE_IDENTITY,5,,
COMMUNISM_DEFENSE_BUFF,Amount,ARGTYPE_IDENTITY,6,,
MEDIC_INCREASE_HEAL_RATE,Amount,ARGTYPE_IDENTITY,20,,
MEDIC_INCREASE_HEAL_RATE,Type,ARGTYPE_IDENTITY,ALL,,
UNIT_HIDDEN_VISIBILITY,Hidden,ARGTYPE_IDENTITY,1,,
UNIT_SEE_HIDDEN,SeeHidden,ARGTYPE_IDENTITY,1,,
UNIT_COASTAL_RAID,CanRaid,ARGTYPE_IDENTITY,1,,
ATTACK_BYPASS_COMBAT_UNIT,Bypass,ARGTYPE_IDENTITY,1,,
MELEE_SHIP_HEAL_NEUTRAL,Amount,ARGTYPE_IDENTITY,10,,
MELEE_SHIP_HEAL_NEUTRAL,Type,ARGTYPE_IDENTITY,NEUTRAL,,
TRADE_ROUTE_PLUNDER_IMMUNITY_SEA,DomainType,ARGTYPE_IDENTITY,DOMAIN_SEA,,
BERSERKER_FASTER_ENEMY_TERRITORY,Amount,ARGTYPE_IDENTITY,2,,
LONGSHIP_FASTER_COAST,Amount,ARGTYPE_IDENTITY,1,,
UNIT_STRONG_WHEN_ATTACKING,Amount,ARGTYPE_IDENTITY,10,,
UNIT_WEAK_WHEN_DEFENDING,Amount,ARGTYPE_IDENTITY,-5,,
UNIT_REDUCED_PILLAGE_COST,UseAdvancedPillaging,ARGTYPE_IDENTITY,1,,
CAPTURE_PRIZE_SHIPS,CanCapture,ARGTYPE_IDENTITY,1,,
CAPTURE_COMBAT_UNITS_AS_WORKERS,CanCapture,ARGTYPE_IDENTITY,1,,
CAPTURE_COMBAT_UNITS_AS_WORKERS,UnitType,ARGTYPE_IDENTITY,UNIT_BUILDER,,
BALKAN_CAVALRY_COMBAT_HILLS,Amount,ARGTYPE_IDENTITY,5,,
ALTITUDE_TRAINING_IGNORE_HILLS,Ignore,ARGTYPE_IDENTITY,1,,
ALTITUDE_TRAINING_IGNORE_HILLS,Type,ARGTYPE_IDENTITY,HILLS,,
COSSACK_LOCAL_COMBAT,Amount,ARGTYPE_IDENTITY,5,,
COSSACK_MOVE_AND_ATTACK,CanMove,ARGTYPE_IDENTITY,1,,
REDCOAT_FOREIGN_COMBAT,Amount,ARGTYPE_IDENTITY,10,,
REDCOAT_DISEMBARK,Ignore,ARGTYPE_IDENTITY,1,,
NAGAO_FOREST_SIGHT,CanSee,ARGTYPE_IDENTITY,1,,
NAGAO_FOREST_MOVEMENT,Ignore,ARGTYPE_IDENTITY,1,,
NAGAO_FOREST_MOVEMENT,Type,ARGTYPE_IDENTITY,FOREST,,
NAGAO_RANGED_DEFENSE,Amount,ARGTYPE_IDENTITY,10,,
CONQUISTADOR_SPECIFIC_UNIT_COMBAT,Amount,ARGTYPE_IDENTITY,10,,
CONQUISTADOR_CITY_RELIGION_COMBAT,Enable,ARGTYPE_IDENTITY,1,,
GARDE_GREAT_GENERAL_POINTS,Amount,ARGTYPE_IDENTITY,10,,
GARDE_GREAT_GENERAL_POINTS,GreatPersonClassType,ARGTYPE_IDENTITY,GREAT_PERSON_CLASS_GENERAL,,
GARDE_CONTINENT_COMBAT,Amount,ARGTYPE_IDENTITY,10,,
HOPLITE_NEIGHBOR_COMBAT,ModifierId,ARGTYPE_IDENTITY,HOPLITE_NEIGHBOR_COMBAT_MODIFIER,,
HOPLITE_NEIGHBOR_COMBAT_MODIFIER,Amount,ARGTYPE_IDENTITY,10,,
UBOAT_OCEAN_COMBAT,Amount,ARGTYPE_IDENTITY,10,,
ROUGH_RIDER_POST_COMBAT_CULTURE,PercentDefeatedStrength,ARGTYPE_IDENTITY,50,,
ROUGH_RIDER_POST_COMBAT_CULTURE,YieldType,ARGTYPE_IDENTITY,YIELD_CULTURE,,
ROUGH_RIDER_BONUS_ON_HILLS,Amount,ARGTYPE_IDENTITY,10,,
MUSTANG_MORE_EXPERIENCE,Amount,ARGTYPE_IDENTITY,50,,
SAMURAI_NO_REDUCTION_DAMAGE,NoReduction,ARGTYPE_IDENTITY,1,,
HUSSAR_FORCE_RETREAT,ForceRetreat,ARGTYPE_IDENTITY,1,,
DIGGER_BONUS_ON_COAST,Amount,ARGTYPE_IDENTITY,10,,
DIGGER_NON_DOMESTIC_BONUS,Amount,ARGTYPE_IDENTITY,5,,
GREAT_ADMIRAL_MOVEMENT,Amount,ARGTYPE_IDENTITY,1,,
GREAT_ADMIRAL_STRENGTH,Amount,ARGTYPE_IDENTITY,5,,
GREAT_GENERAL_MOVEMENT,Amount,ARGTYPE_IDENTITY,1,,
GREAT_GENERAL_STRENGTH,Amount,ARGTYPE_IDENTITY,5,,
BARRACKS_TRAINED_UNIT_XP,Amount,ARGTYPE_IDENTITY,25,,
STABLE_TRAINED_UNIT_XP,Amount,ARGTYPE_IDENTITY,25,,
ARMORY_TRAINED_UNIT_XP,Amount,ARGTYPE_IDENTITY,25,,
MILITARY_ACADEMY_TRAINED_UNIT_XP,Amount,ARGTYPE_IDENTITY,25,,
LIGHTHOUSE_TRAINED_UNIT_XP,Amount,ARGTYPE_IDENTITY,25,,
SHIPYARD_TRAINED_UNIT_XP,Amount,ARGTYPE_IDENTITY,25,,
SEAPORT_TRAINED_UNIT_XP,Amount,ARGTYPE_IDENTITY,25,,
HANGAR_TRAINED_AIRCRAFT_XP,Amount,ARGTYPE_IDENTITY,25,,
AIRPORT_TRAINED_AIRCRAFT_XP,Amount,ARGTYPE_IDENTITY,50,,
ROYAL_DOCKYARD_MOVEMENT_BONUS,Amount,ARGTYPE_IDENTITY,1,,
GREAT_LIGHTHOUSE_SEA_MOVEMENT,Amount,ARGTYPE_IDENTITY,1,,
RAJENDRA_CHOLA_PLUNDER_BONUS,Amount,ARGTYPE_IDENTITY,40,,
FRANCIS_DRAKE_PLUNDER_BONUS,Amount,ARGTYPE_IDENTITY,50,,
CHING_SHIH_PLUNDER_BONUS,Amount,ARGTYPE_IDENTITY,60,,
CLANCY_FERNANDO_BONUS_EXPERIENCE,Amount,ARGTYPE_IDENTITY,200,,
HORATIO_NELSON_FLANKING_BONUS,Percent,ARGTYPE_IDENTITY,50,,
LASKARINA_BOUBOULINA_BONUS_EXPERIENCE,Amount,ARGTYPE_IDENTITY,50,,
SERGEY_GORSHKOV_BONUS_EXPERIENCE,Amount,ARGTYPE_IDENTITY,100,,
GEORGY_ZHUKOV_FLANKING_BONUS,Percent,ARGTYPE_IDENTITY,50,,
JOHN_MONASH_BONUS_EXPERIENCE,Amount,ARGTYPE_IDENTITY,75,,
VIJAYA_WIMALARATNE_BONUS_EXPERIENCE,Amount,ARGTYPE_IDENTITY,100,,
HOJO_TOKIMUNE_COASTAL_COMBAT_BONUS,Amount,ARGTYPE_IDENTITY,5,,
HOJO_TOKIMUNE_SHALLOW_WATER_COMBAT_BONUS,Amount,ARGTYPE_IDENTITY,5,,
MONTEZUMA_COMBAT_BONUS_PER_LUXURY,Amount,ARGTYPE_IDENTITY,1,,
PHILIP_II_COMBAT_BONUS_OTHER_RELIGION,Amount,ARGTYPE_IDENTITY,5,,
BARBAROSSA_COMBAT_BONUS_VS_CITY_STATES,Amount,ARGTYPE_IDENTITY,7,,
ROOSEVELT_COMBAT_BONUS_HOME_CONTINENT,Amount,ARGTYPE_IDENTITY,5,,
TOMYRIS_BONUS_VS_WOUNDED_UNITS,Amount,ARGTYPE_IDENTITY,5,,
TOMYRIS_HEAL_AFTER_DEFEATING_UNIT,Amount,ARGTYPE_IDENTITY,30,,
KNARR_IGNORE_EMBARK_DISEMBARK_COST,Ignore,ARGTYPE_IDENTITY,1,,
HOLD_THE_LINE_COMBAT_BONUS,Amount,ARGTYPE_IDENTITY,10,,
GORGO_POLICY_SLOT_COMBAT_BONUS,Amount,ARGTYPE_IDENTITY,1,,
RANGER_IGNORE_FOREST_MOVEMENT_PENALTY,Ignore,ARGTYPE_IDENTITY,1,,
RANGER_IGNORE_FOREST_MOVEMENT_PENALTY,Type,ARGTYPE_IDENTITY,FOREST,,
ALPINE_IGNORE_HILLS_MOVEMENT_PENALTY,Ignore,ARGTYPE_IDENTITY,1,,
ALPINE_IGNORE_HILLS_MOVEMENT_PENALTY,Type,ARGTYPE_IDENTITY,HILLS,,
SENTRY_SEE_THROUGH_FEATURES,CanSee,ARGTYPE_IDENTITY,1,,
FADE_BONUS_MOVE_AFTER_ATTACKING,CanMove,ARGTYPE_IDENTITY,1,,
SPYGLASS_BONUS_SIGHT,Amount,ARGTYPE_IDENTITY,1,,
AMBUSH_INCREASED_COMBAT_STRENGTH,Amount,ARGTYPE_IDENTITY,20,,
CAMOUFLAGE_STEALTH,Hidden,ARGTYPE_IDENTITY,1,,
BATTLECRY_BONUS_VS_MELEE_RANGED,Amount,ARGTYPE_IDENTITY,7,,
TORTOISE_DEFENSE_BONUS_VS_RANGED_COMBAT,Amount,ARGTYPE_IDENTITY,10,,
COMMANDO_BONUS_IGNORE_CLIFF_WALLS,Ignore,ARGTYPE_IDENTITY,1,,
COMMANDO_BONUS_MOVEMENT,Amount,ARGTYPE_IDENTITY,1,,
AMPHIBIOUS_BONUS_IGNORE_RIVERS,Ignore,ARGTYPE_IDENTITY,1,,
AMPHIBIOUS_BONUS_IGNORE_SHORES,Ignore,ARGTYPE_IDENTITY,1,,
ZWEIHANDER_BONUS_VS_ANTI_CAVALRY,Amount,ARGTYPE_IDENTITY,7,,
URBAN_WARFARE_BONUS,Amount,ARGTYPE_IDENTITY,10,,
ELITE_GUARD_ADDITIONAL_ATTACK,Amount,ARGTYPE_IDENTITY,1,,
MOD_MOVE_AFTER_ATTACKING,CanMove,ARGTYPE_IDENTITY,1,,
VOLLEY_BONUS_VS_LAND_UNITS,Amount,ARGTYPE_IDENTITY,5,,
INCENDIARIES_BONUS_VS_DISTRICT_DEFENSES,Amount,ARGTYPE_IDENTITY,7,,
SUPPRESSION_BONUS_EXERT_ZOC,Exert,ARGTYPE_IDENTITY,1,,
ARROW_STORM_BONUS_VS_LAND_AND_SEA_UNITS,Amount,ARGTYPE_IDENTITY,7,,
EMPLACEMENT_DEFENSE_BONUS_VS_CITIES,Amount,ARGTYPE_IDENTITY,10,,
EXPERT_MARKSMAN_ADDITIONAL_ATTACK,Amount,ARGTYPE_IDENTITY,1,,
GARRISON_BONUS_DISTRICTS,Amount,ARGTYPE_IDENTITY,10,,
ECHELON_ADDITIONAL_CAVALRY_BONUS,Amount,ARGTYPE_IDENTITY,5,,
THRUST_BONUS_VS_MELEE,Amount,ARGTYPE_IDENTITY,5,,
SQUARE_BONUS_SUPPORT_BONUS_MODIFIER,Percent,ARGTYPE_IDENTITY,100,,
SCHILTRON_DEFENSE_BONUS_VS_MELEE,Amount,ARGTYPE_IDENTITY,10,,
REDEPLOY_BONUS_MOVEMENT,Amount,ARGTYPE_IDENTITY,1,,
CHOKE_POINTS_BONUS,Amount,ARGTYPE_IDENTITY,7,,
HOLD_THE_LINE_BONUS,ModifierId,ARGTYPE_IDENTITY,HOLD_THE_LINE_COMBAT_BONUS,,
CAPARISON_BONUS_VS_ANTI_CAVALRY,Amount,ARGTYPE_IDENTITY,5,,
COURSERS_BONUS_VS_RANGED_SIEGE,Amount,ARGTYPE_IDENTITY,5,,
DEPREDATION_BONUS_ADVANCED_PILLAGING,UseAdvancedPillaging,ARGTYPE_IDENTITY,1,,
DOUBLE_ENVELOPMENT_BONUS_FLANKING_BONUS_MODIFIER,Percent,ARGTYPE_IDENTITY,100,,
SPIKING_THE_GUNS_BONUS_VS_SIEGE,Amount,ARGTYPE_IDENTITY,7,,
PURSUIT_BONUS_MOVEMENT,Amount,ARGTYPE_IDENTITY,1,,
ESCORT_MOBILITY_SHARED_MOVEMENT,EscortMobility,ARGTYPE_IDENTITY,1,,
SHRAPNEL_BONUS_VS_UNITS,Amount,ARGTYPE_IDENTITY,10,,
ADVANCED_RANGEFINDING_BONUS_VS_NAVAL,Amount,ARGTYPE_IDENTITY,10,,
GRAPE_SHOT_BONUS_VS_UNITS,Amount,ARGTYPE_IDENTITY,7,,
CREW_WEAPONS_DEFENSE_BONUS,Amount,ARGTYPE_IDENTITY,7,,
SHELLS_BONUS_VS_DISTRICTS,Amount,ARGTYPE_IDENTITY,10,,
EXPERT_CREW_BONUS_ATTACK_AFTER_MOVING,CanAttack,ARGTYPE_IDENTITY,1,,
FORWARD_OBSERVERS_BONUS_RANGE,Amount,ARGTYPE_IDENTITY,1,,
CHARGE_BONUS_VS_FORTIFIED,Amount,ARGTYPE_IDENTITY,10,,
TOP_COVER_DEFENSE_BONUS_VS_RANGED,Amount,ARGTYPE_IDENTITY,7,,
URBAN_RAIDER_BONUS,Amount,ARGTYPE_IDENTITY,7,,
VULTURE_BONUS_VS_DAMAGED,Amount,ARGTYPE_IDENTITY,5,,
ARMOR_PIERCING_BONUS_VS_HEAVY_CAVALRY,Amount,ARGTYPE_IDENTITY,7,,
REACTIVE_ARMOR_BONUS,Amount,ARGTYPE_IDENTITY,7,,
BREAKTHROUGH_ADDITIONAL_ATTACK,Amount,ARGTYPE_IDENTITY,1,,
DOGFIGHTING_BONUS_VS_FIGHTERS,Amount,ARGTYPE_IDENTITY,7,,
COCKPIT_ARMOR_BONUS_VS_ANTIAIR,Amount,ARGTYPE_IDENTITY,7,,
INTERCEPTOR_BONUS_VS_BOMBERS,Amount,ARGTYPE_IDENTITY,7,,
STRAFE_BONUS_VS_NONCAVALRY,Amount,ARGTYPE_IDENTITY,17,,
TANK_BUSTER_BONUS_VS_CAVALRY,Amount,ARGTYPE_IDENTITY,17,,
LONG_RANGE_ESCORT_BONUS_RANGE,Amount,ARGTYPE_IDENTITY,2,,
BOX_FORMATION_DEFENSE_BONUS_VS_FIGHTERS,Amount,ARGTYPE_IDENTITY,7,,
EVASIVE_MANEUVERS_BONUS_VS_ANTIAIR,Amount,ARGTYPE_IDENTITY,7,,
TORPEDO_BOMBER_BONUS_VS_NAVAL,Amount,ARGTYPE_IDENTITY,17,,
CLOSE_AIR_SUPPORT_BONUS_VS_LAND,Amount,ARGTYPE_IDENTITY,12,,
LONG_RANGE_BONUS_RANGE,Amount,ARGTYPE_IDENTITY,2,,
SUPERFORTRESS_BONUS_ADVANCED_PILLAGING,UseAdvancedPillaging,ARGTYPE_IDENTITY,1,,
EMBOLON_BONUS_VS_NAVAL,Amount,ARGTYPE_IDENTITY,7,,
HELMSMAN_BONUS_WATER_MOVEMENT,Amount,ARGTYPE_IDENTITY,1,,
REINFORCED_HULL_BONUS_VS_RANGED,Amount,ARGTYPE_IDENTITY,10,,
RUTTER_SIGHT_BONUS,Amount,ARGTYPE_IDENTITY,1,,
AUXILIARY_SHIPS_NEUTRAL_TERRITORY_HEAL,Amount,ARGTYPE_IDENTITY,10,,
AUXILIARY_SHIPS_NEUTRAL_TERRITORY_HEAL,Type,ARGTYPE_IDENTITY,NEUTRAL,,
AUXILIARY_SHIPS_ENEMY_TERRITORY_HEAL,Amount,ARGTYPE_IDENTITY,5,,
AUXILIARY_SHIPS_ENEMY_TERRITORY_HEAL,Type,ARGTYPE_IDENTITY,ENEMY,,
CONVOY_BONUS_IN_FORMATION,Amount,ARGTYPE_IDENTITY,10,,
CREEPING_ATTACK_BONUS_VS_RAIDERS,Amount,ARGTYPE_IDENTITY,14,,
LINE_OF_BATTLE_BONUS_VS_NAVAL,Amount,ARGTYPE_IDENTITY,7,,
BOMBARDMENT_BONUS_VS_DISTRICT_DEFENSES,Amount,ARGTYPE_IDENTITY,7,,
PREPARATORY_FIRE_BONUS_VS_LAND,Amount,ARGTYPE_IDENTITY,7,,
ROLLING_BARRAGE_BONUS_VS_DISTRICT_DEFENSES,Amount,ARGTYPE_IDENTITY,10,,
SUPPLY_FLEET_NEUTRAL_TERRITORY_HEAL,Amount,ARGTYPE_IDENTITY,10,,
SUPPLY_FLEET_NEUTRAL_TERRITORY_HEAL,Type,ARGTYPE_IDENTITY,NEUTRAL,,
SUPPLY_FLEET_ENEMY_TERRITORY_HEAL,Amount,ARGTYPE_IDENTITY,5,,
SUPPLY_FLEET_ENEMY_TERRITORY_HEAL,Type,ARGTYPE_IDENTITY,ENEMY,,
PROMOTION_PROXIMITY_FUSES_DEFENSE_BONUS_VS_AIR,Amount,ARGTYPE_IDENTITY,7,,
COINCIDENCE_RANGEFINDING_BONUS_RANGE,Amount,ARGTYPE_IDENTITY,1,,
FLIGHT_DECK_BONUS_AIRCRAFT_SLOT,Amount,ARGTYPE_IDENTITY,1,,
HANGAR_DECK_BONUS_AIRCRAFT_SLOT,Amount,ARGTYPE_IDENTITY,1,,
FOLDING_WINGS_BONUS_AIRCRAFT_SLOT,Amount,ARGTYPE_IDENTITY,1,,
SCOUT_PLANES_BONUS_SIGHT,Amount,ARGTYPE_IDENTITY,1,,
ADVANCED_ENGINES_BONUS_MOVEMENT,Amount,ARGTYPE_IDENTITY,1,,
SUPER_CARRIER_NEUTRAL_TERRITORY_HEAL,Amount,ARGTYPE_IDENTITY,10,,
SUPER_CARRIER_NEUTRAL_TERRITORY_HEAL,Type,ARGTYPE_IDENTITY,NEUTRAL,,
SUPER_CARRIER_ENEMY_TERRITORY_HEAL,Amount,ARGTYPE_IDENTITY,5,,
SUPER_CARRIER_ENEMY_TERRITORY_HEAL,Type,ARGTYPE_IDENTITY,ENEMY,,
LOOT_GOLD_FROM_COASTAL_RAID,CanRaid,ARGTYPE_IDENTITY,1,,
LOOT_GOLD_FROM_COASTAL_RAID,Bonus,ARGTYPE_IDENTITY,50,,
BOARDING_GOLD_FROM_NAVAL_VICTORY,PercentDefeatedStrength,ARGTYPE_IDENTITY,100,,
BOARDING_GOLD_FROM_NAVAL_VICTORY,YieldType,ARGTYPE_IDENTITY,YIELD_GOLD,,
SWIFT_KEEL_BONUS_MOVEMENT,Amount,ARGTYPE_IDENTITY,1,,
OBSERVATION_INCREASED_SIGHT_RANGE,Amount,ARGTYPE_IDENTITY,1,,
HOMING_TORPEDOES_BONUS_VS_NAVAL,Amount,ARGTYPE_IDENTITY,10,,
SILENT_RUNNING_MOVE_AFTER_ATTACKING,CanMove,ARGTYPE_IDENTITY,1,,
WOLFPACK_ADDITIONAL_ATTACK,Amount,ARGTYPE_IDENTITY,1,,
APOSTLE_EXTRA_SPREAD_CHARGES,Amount,ARGTYPE_IDENTITY,2,,
APOSTLE_EVICT_ALL,Amount,ARGTYPE_IDENTITY,50,,
APOSTLE_FOREIGN_SPREAD,Amount,ARGTYPE_IDENTITY,200,,
APOSTLE_NW_DEFERRED_CHARGES,Amount,ARGTYPE_IDENTITY,3,,
APOSTLE_INITIATION_GOLD,YieldType,ARGTYPE_IDENTITY,YIELD_GOLD,,
APOSTLE_INITIATION_GOLD,Amount,ARGTYPE_IDENTITY,100,,
APOSTLE_BARBARIAN_CONVERSION,Converts,ARGTYPE_IDENTITY,1,,
APOSTLE_DEBATER,Amount,ARGTYPE_IDENTITY,20,,
APOSTLE_MARTYR,RelicSource,ARGTYPE_IDENTITY,RELIC_SOURCE_RELIGIOUS_UNIT,,
APOSTLE_CHAPLAIN,Amount,ARGTYPE_IDENTITY,20,,
APOSTLE_CHAPLAIN,Type,ARGTYPE_IDENTITY,ALL,,
SWEEPING_WIND_ADDITIONAL_ATTACK,Amount,ARGTYPE_IDENTITY,1,,
EXPLODING_PALMS_INCREASED_COMBAT_STRENGTH,Amount,ARGTYPE_IDENTITY,10,,
DISCIPLES_LAND_VICTORY_SPREAD,LandVictorySpread,ARGTYPE_IDENTITY,1,,
DANCING_CRANE_BONUS_MOVEMENT,Amount,ARGTYPE_IDENTITY,1,,
COBRA_STRIKE_INCREASED_COMBAT_STRENGTH,Amount,ARGTYPE_IDENTITY,15,,
SPY_TECHNOLOGIST,OperationType,ARGTYPE_IDENTITY,UNITOPERATION_SPY_STEAL_TECH_BOOST,,
SPY_TECHNOLOGIST,Offensive,ARGTYPE_IDENTITY,1,,
SPY_TECHNOLOGIST,Amount,ARGTYPE_IDENTITY,2,,
SPY_CAT_BURGLAR,OperationType,ARGTYPE_IDENTITY,UNITOPERATION_SPY_GREAT_WORK_HEIST,,
SPY_CAT_BURGLAR,Offensive,ARGTYPE_IDENTITY,1,,
SPY_CAT_BURGLAR,Amount,ARGTYPE_IDENTITY,2,,
SPY_DEMOLITIONS,OperationType,ARGTYPE_IDENTITY,UNITOPERATION_SPY_SABOTAGE_PRODUCTION,,
SPY_DEMOLITIONS,Offensive,ARGTYPE_IDENTITY,1,,
SPY_DEMOLITIONS,Amount,ARGTYPE_IDENTITY,2,,
SPY_CON_ARTIST,OperationType,ARGTYPE_IDENTITY,UNITOPERATION_SPY_SIPHON_FUNDS,,
SPY_CON_ARTIST,Offensive,ARGTYPE_IDENTITY,1,,
SPY_CON_ARTIST,Amount,ARGTYPE_IDENTITY,2,,
SPY_GUERILLA_LEADER,OperationType,ARGTYPE_IDENTITY,UNITOPERATION_SPY_RECRUIT_PARTISANS,,
SPY_GUERILLA_LEADER,Offensive,ARGTYPE_IDENTITY,1,,
SPY_GUERILLA_LEADER,Amount,ARGTYPE_IDENTITY,2,,
SPY_ROCKET_SCIENTIST,OperationType,ARGTYPE_IDENTITY,UNITOPERATION_SPY_DISRUPT_ROCKETRY,,
SPY_ROCKET_SCIENTIST,Offensive,ARGTYPE_IDENTITY,1,,
SPY_ROCKET_SCIENTIST,Amount,ARGTYPE_IDENTITY,2,,
SPY_DISGUISE,ReductionPercent,ARGTYPE_IDENTITY,100,,
SPY_LINGUIST_ROCKETRYTIME,OperationType,ARGTYPE_IDENTITY,UNITOPERATION_SPY_DISRUPT_ROCKETRY,,
SPY_LINGUIST_ROCKETRYTIME,ReductionPercent,ARGTYPE_IDENTITY,25,,
SPY_LINGUIST_SOURCESTIME,OperationType,ARGTYPE_IDENTITY,UNITOPERATION_SPY_GAIN_SOURCES,,
SPY_LINGUIST_SOURCESTIME,ReductionPercent,ARGTYPE_IDENTITY,25,,
SPY_LINGUIST_HEISTTIME,OperationType,ARGTYPE_IDENTITY,UNITOPERATION_SPY_GREAT_WORK_HEIST,,
SPY_LINGUIST_HEISTTIME,ReductionPercent,ARGTYPE_IDENTITY,25,,
SPY_LINGUIST_PARTISANSTIME,OperationType,ARGTYPE_IDENTITY,UNITOPERATION_SPY_RECRUIT_PARTISANS,,
SPY_LINGUIST_PARTISANSTIME,ReductionPercent,ARGTYPE_IDENTITY,25,,
SPY_LINGUIST_SABOTAGETIME,OperationType,ARGTYPE_IDENTITY,UNITOPERATION_SPY_SABOTAGE_PRODUCTION,,
SPY_LINGUIST_SABOTAGETIME,ReductionPercent,ARGTYPE_IDENTITY,25,,
SPY_LINGUIST_SIPHONTIME,OperationType,ARGTYPE_IDENTITY,UNITOPERATION_SPY_SIPHON_FUNDS,,
SPY_LINGUIST_SIPHONTIME,ReductionPercent,ARGTYPE_IDENTITY,25,,
SPY_LINGUIST_STEALTECHTIME,OperationType,ARGTYPE_IDENTITY,UNITOPERATION_SPY_STEAL_TECH_BOOST,,
SPY_LINGUIST_STEALTECHTIME,ReductionPercent,ARGTYPE_IDENTITY,25,,
SPY_SEDUCTION_ROCKETRY,OperationType,ARGTYPE_IDENTITY,UNITOPERATION_SPY_DISRUPT_ROCKETRY,,
SPY_SEDUCTION_ROCKETRY,Offensive,ARGTYPE_IDENTITY,0,,
SPY_SEDUCTION_ROCKETRY,Amount,ARGTYPE_IDENTITY,2,,
SPY_SEDUCTION_HEIST,OperationType,ARGTYPE_IDENTITY,UNITOPERATION_SPY_GREAT_WORK_HEIST,,
SPY_SEDUCTION_HEIST,Offensive,ARGTYPE_IDENTITY,0,,
SPY_SEDUCTION_HEIST,Amount,ARGTYPE_IDENTITY,2,,
SPY_SEDUCTION_PARTISAN,OperationType,ARGTYPE_IDENTITY,UNITOPERATION_SPY_RECRUIT_PARTISANS,,
SPY_SEDUCTION_PARTISAN,Offensive,ARGTYPE_IDENTITY,0,,
SPY_SEDUCTION_PARTISAN,Amount,ARGTYPE_IDENTITY,2,,
SPY_SEDUCTION_SABOTAGE,OperationType,ARGTYPE_IDENTITY,UNITOPERATION_SPY_SABOTAGE_PRODUCTION,,
SPY_SEDUCTION_SABOTAGE,Offensive,ARGTYPE_IDENTITY,0,,
SPY_SEDUCTION_SABOTAGE,Amount,ARGTYPE_IDENTITY,2,,
SPY_SEDUCTION_SIPHON,OperationType,ARGTYPE_IDENTITY,UNITOPERATION_SPY_SIPHON_FUNDS,,
SPY_SEDUCTION_SIPHON,Offensive,ARGTYPE_IDENTITY,0,,
SPY_SEDUCTION_SIPHON,Amount,ARGTYPE_IDENTITY,2,,
SPY_SEDUCTION_STEALTECH,OperationType,ARGTYPE_IDENTITY,UNITOPERATION_SPY_STEAL_TECH_BOOST,,
SPY_SEDUCTION_STEALTECH,Offensive,ARGTYPE_IDENTITY,0,,
SPY_SEDUCTION_STEALTECH,Amount,ARGTYPE_IDENTITY,2,,
SPY_QUARTERMASTER,Amount,ARGTYPE_IDENTITY,1,,
SPY_ACE_DRIVER,Amount,ARGTYPE_IDENTITY,4,,
TRAIT_BUILDER_DISTRICT_PERCENT,Amount,ARGTYPE_IDENTITY,20,,
HUEY_ADDENTERTAINMENT,BuildingType,ARGTYPE_IDENTITY,BUILDING_HUEY_TEOCALLI,,
TRAIT_HUEYPRODUCTION,BuildingType,ARGTYPE_IDENTITY,BUILDING_HUEY_TEOCALLI,,
TRAIT_HUEYPRODUCTION,Amount,ARGTYPE_IDENTITY,20,,
HUEY_LAKE_FOOD,ModifierId,ARGTYPE_IDENTITY,HUEY_LAKE_FOOD_MODIFIER,,
HUEY_LAKE_FOOD_MODIFIER,YieldType,ARGTYPE_IDENTITY,YIELD_FOOD,,
HUEY_LAKE_FOOD_MODIFIER,Amount,ARGTYPE_IDENTITY,1,,
HUEY_LAKE_PRODUCTION,ModifierId,ARGTYPE_IDENTITY,HUEY_LAKE_PRODUCTION_MODIFIER,,
HUEY_LAKE_PRODUCTION_MODIFIER,YieldType,ARGTYPE_IDENTITY,YIELD_PRODUCTION,,
HUEY_LAKE_PRODUCTION_MODIFIER,Amount,ARGTYPE_IDENTITY,1,,
ANGKORWAT_ADDPOPULATION,Amount,ARGTYPE_IDENTITY,1,,
ANGKORWAT_ADDHOUSING,Amount,ARGTYPE_IDENTITY,1,,
JONG_BONUS_IN_FORMATION,Amount,ARGTYPE_IDENTITY,5,,
KAMPUNG_HOUSING_WITHTECH,Amount,ARGTYPE_IDENTITY,1,,
TRAIT_AQUEDUCT_AMENITY,Amount,ARGTYPE_IDENTITY,1,,
TRAIT_FARM_AQUEDUCT_ADJECENCY_FOOD,YieldType,ARGTYPE_IDENTITY,YIELD_FOOD,,
TRAIT_FARM_AQUEDUCT_ADJECENCY_FOOD,Amount,ARGTYPE_IDENTITY,2,,
TRAIT_HOLY_SITE_CULTURE_BOMB,DistrictType,ARGTYPE_IDENTITY,DISTRICT_HOLY_SITE,,
TRAIT_NAVAL_MELEE_FAITH,Tag,ARGTYPE_IDENTITY,CLASS_NAVAL_MELEE,,
TRAIT_NAVAL_RANGED_FAITH,Tag,ARGTYPE_IDENTITY,CLASS_NAVAL_RANGED,,
TRAIT_NAVAL_RAIDER_FAITH,Tag,ARGTYPE_IDENTITY,CLASS_NAVAL_RAIDER,,
TRAIT_NAVAL_CARRIER_FAITH,Tag,ARGTYPE_IDENTITY,CLASS_NAVAL_CARRIER,,
TRAIT_IGNORE_EMBARK_DISEMBARK_COST_RELIGIOUS,AbilityType,ARGTYPE_IDENTITY,ABILITY_GITARJA_RELIGIOUS_NO_EMBARK_DISEMBARK_COST,,
GITARJA_RELIGIOUS_NO_EMBARK_DISEMBARK_COST,Ignore,ARGTYPE_IDENTITY,1,,
TRAIT_FAITH_CITY_CENTER,Amount,ARGTYPE_IDENTITY,2,,
TRAIT_FAITH_CITY_CENTER,YieldType,ARGTYPE_IDENTITY,YIELD_FAITH,,
TRAIT_NUSANTARA_COAST_HOLY_SITE,DistrictType,ARGTYPE_IDENTITY,DISTRICT_HOLY_SITE,,
TRAIT_NUSANTARA_COAST_HOLY_SITE,TerrainType,ARGTYPE_IDENTITY,TERRAIN_COAST,,
TRAIT_NUSANTARA_COAST_HOLY_SITE,YieldType,ARGTYPE_IDENTITY,YIELD_FAITH,,
TRAIT_NUSANTARA_COAST_HOLY_SITE,Amount,ARGTYPE_IDENTITY,1,,
TRAIT_NUSANTARA_COAST_HOLY_SITE,TilesRequired,ARGTYPE_IDENTITY,2,,
TRAIT_NUSANTARA_COAST_HOLY_SITE,Description,ARGTYPE_IDENTITY,LOC_DISTRICT_NUSANTARA_FAITH,,
TRAIT_NUSANTARA_COAST_CAMPUS,DistrictType,ARGTYPE_IDENTITY,DISTRICT_CAMPUS,,
TRAIT_NUSANTARA_COAST_CAMPUS,TerrainType,ARGTYPE_IDENTITY,TERRAIN_COAST,,
TRAIT_NUSANTARA_COAST_CAMPUS,YieldType,ARGTYPE_IDENTITY,YIELD_SCIENCE,,
TRAIT_NUSANTARA_COAST_CAMPUS,Amount,ARGTYPE_IDENTITY,1,,
TRAIT_NUSANTARA_COAST_CAMPUS,TilesRequired,ARGTYPE_IDENTITY,2,,
TRAIT_NUSANTARA_COAST_CAMPUS,Description,ARGTYPE_IDENTITY,LOC_DISTRICT_NUSANTARA_SCIENCE,,
TRAIT_NUSANTARA_COAST_INDUSTRIAL_ZONE,DistrictType,ARGTYPE_IDENTITY,DISTRICT_INDUSTRIAL_ZONE,,
TRAIT_NUSANTARA_COAST_INDUSTRIAL_ZONE,TerrainType,ARGTYPE_IDENTITY,TERRAIN_COAST,,
TRAIT_NUSANTARA_COAST_INDUSTRIAL_ZONE,YieldType,ARGTYPE_IDENTITY,YIELD_PRODUCTION,,
TRAIT_NUSANTARA_COAST_INDUSTRIAL_ZONE,Amount,ARGTYPE_IDENTITY,1,,
TRAIT_NUSANTARA_COAST_INDUSTRIAL_ZONE,TilesRequired,ARGTYPE_IDENTITY,2,,
TRAIT_NUSANTARA_COAST_INDUSTRIAL_ZONE,Description,ARGTYPE_IDENTITY,LOC_DISTRICT_NUSANTARA_PRODUCTION,,
TRAIT_NUSANTARA_COAST_THEATER,DistrictType,ARGTYPE_IDENTITY,DISTRICT_THEATER,,
TRAIT_NUSANTARA_COAST_THEATER,TerrainType,ARGTYPE_IDENTITY,TERRAIN_COAST,,
TRAIT_NUSANTARA_COAST_THEATER,YieldType,ARGTYPE_IDENTITY,YIELD_CULTURE,,
TRAIT_NUSANTARA_COAST_THEATER,Amount,ARGTYPE_IDENTITY,1,,
TRAIT_NUSANTARA_COAST_THEATER,TilesRequired,ARGTYPE_IDENTITY,2,,
TRAIT_NUSANTARA_COAST_THEATER,Description,ARGTYPE_IDENTITY,LOC_DISTRICT_NUSANTARA_CULTURE,,
TRAIT_NUSANTARA_COAST_ENTERTAINMENT,Amount,ARGTYPE_IDENTITY,1,,
AGENDA_ARCHIPELAGIC_STATE,AcceptableIslandPercentage,ARGTYPE_IDENTITY,20,,
AGENDA_ARCHIPELAGIC_STATE,MaxTilesSmallIsland,ARGTYPE_IDENTITY,7,,
AGENDA_ARCHIPELAGIC_STATE,MaxTilesMediumIsland,ARGTYPE_IDENTITY,19,,
AGENDA_ARCHIPELAGIC_STATE,MaxTilesLargeIsland,ARGTYPE_IDENTITY,37,,
AGENDA_ARCHIPELAGIC_STATE,MaxPositiveModifier,ARGTYPE_IDENTITY,8,,
AGENDA_ARCHIPELAGIC_STATE,MaxNegativeModifier,ARGTYPE_IDENTITY,-8,,
AGENDA_ARCHIPELAGIC_STATE,ReductionTurns,ARGTYPE_IDENTITY,2,,
AGENDA_ARCHIPELAGIC_STATE,StatementKey,ARGTYPE_IDENTITY,AGENDA_ARCHIPELAGIC_STATE_WARNING,,
AGENDA_END_TO_SUFFERING,TargetHolySitePercentage,ARGTYPE_IDENTITY,50,,
AGENDA_END_TO_SUFFERING,DisappointingHolySitePercentage,ARGTYPE_IDENTITY,25,,
AGENDA_END_TO_SUFFERING,TargetLargeCityPercentage,ARGTYPE_IDENTITY,65,,
AGENDA_END_TO_SUFFERING,DisappointingLargeCityPercentage,ARGTYPE_IDENTITY,35,,
AGENDA_END_TO_SUFFERING,MaxPositiveModifier,ARGTYPE_IDENTITY,8,,
AGENDA_END_TO_SUFFERING,MaxNegativeModifier,ARGTYPE_IDENTITY,-8,,
AGENDA_END_TO_SUFFERING,StatementKey,ARGTYPE_IDENTITY,AGENDA_END_TO_SUFFERING_WARNING,,
PRASAT_CULTURE_POPULATION,Amount,ARGTYPE_IDENTITY,0.5,,
PRASAT_CULTURE_POPULATION,YieldType,ARGTYPE_IDENTITY,YIELD_CULTURE,,
PRASAT_TOURISM_10_POPULATION,Amount,ARGTYPE_IDENTITY,10,,
PRASAT_TOURISM_20_POPULATION,Amount,ARGTYPE_IDENTITY,10,,
BARAYS_FAITH_POPULATION,YieldType,ARGTYPE_IDENTITY,YIELD_FAITH,,
BARAYS_FAITH_POPULATION,Amount,ARGTYPE_IDENTITY,1,,
TRAIT_FARM_HOLY_SITE_ADJECENCY_FAITH,YieldType,ARGTYPE_IDENTITY,YIELD_FAITH,,
TRAIT_FARM_HOLY_SITE_ADJECENCY_FAITH,Amount,ARGTYPE_IDENTITY,1,,
TRAIT_MONASTERIES_KING_HOLY_SITE_RIVER_ADJACENCY,Amount,ARGTYPE_IDENTITY,2,,
TRAIT_MONASTERIES_KING_HOLY_SITE_RIVER_ADJACENCY,Description,ARGTYPE_IDENTITY,LOC_DISTRICT_RIVER_FAITH,,
TRAIT_MONASTERIES_KING_HOLY_SITE_RIVER_ADJACENCY,DistrictType,ARGTYPE_IDENTITY,DISTRICT_HOLY_SITE,,
TRAIT_MONASTERIES_KING_HOLY_SITE_RIVER_ADJACENCY,YieldType,ARGTYPE_IDENTITY,YIELD_FAITH,,
TRAIT_MONASTERIES_KING_ADJACENCY_FOOD,YieldTypeToMirror,ARGTYPE_IDENTITY,YIELD_FAITH,,
TRAIT_MONASTERIES_KING_ADJACENCY_FOOD,YieldTypeToGrant,ARGTYPE_IDENTITY,YIELD_FOOD,,
TRAIT_HOLY_SITE_RIVER_2HOUSING,Amount,ARGTYPE_IDENTITY,2,,
SPEAR_OF_FIONN_ADJUST_COMBAT_STRENGTH,Amount,ARGTYPE_IDENTITY,5,,
MINOR_CIV_AUCKLAND_UNIQUE_INFLUENCE_BONUS_BASE,ModifierId,ARGTYPE_IDENTITY,MINOR_CIV_AUCKLAND_SHALLOW_WATER_PRODUCTION_BONUS_BASE,,
MINOR_CIV_AUCKLAND_UNIQUE_INFLUENCE_BONUS_INDUSTRIAL,ModifierId,ARGTYPE_IDENTITY,MINOR_CIV_AUCKLAND_SHALLOW_WATER_PRODUCTION_BONUS_INDUSTRIAL,,
MINOR_CIV_ANTANANARIVO_UNIQUE_INFLUENCE_BONUS,ModifierId,ARGTYPE_IDENTITY,MINOR_CIV_ANTANANARIVO_CULTURE_FROM_EARNED_GREAT_PEOPLE_BONUS,,
MINOR_CIV_ARMAGH_UNIQUE_INFLUENCE_BONUS,ModifierId,ARGTYPE_IDENTITY,MINOR_CIV_ARMAGH_UNLOCK_MONASTERY_BONUS,,
MINOR_CIV_GRANADA_UNIQUE_INFLUENCE_BONUS,ModifierId,ARGTYPE_IDENTITY,MINOR_CIV_GRANADA_UNLOCK_ALCAZAR_BONUS,,
MINOR_CIV_MUSCAT_UNIQUE_INFLUENCE_BONUS,ModifierId,ARGTYPE_IDENTITY,MINOR_CIV_MUSCAT_COMMERCIAL_HUB_AMENITY_BONUS,,
MINOR_CIV_PALENQUE_UNIQUE_INFLUENCE_BONUS,ModifierId,ARGTYPE_IDENTITY,MINOR_CIV_PALENQUE_CAMPUS_GROWTH_BONUS,,
MINOR_CIV_AUCKLAND_SHALLOW_WATER_PRODUCTION_BONUS_BASE,YieldType,ARGTYPE_IDENTITY,YIELD_PRODUCTION,,
MINOR_CIV_AUCKLAND_SHALLOW_WATER_PRODUCTION_BONUS_BASE,Amount,ARGTYPE_IDENTITY,1,,
MINOR_CIV_AUCKLAND_SHALLOW_WATER_PRODUCTION_BONUS_INDUSTRIAL,YieldType,ARGTYPE_IDENTITY,YIELD_PRODUCTION,,
MINOR_CIV_AUCKLAND_SHALLOW_WATER_PRODUCTION_BONUS_INDUSTRIAL,Amount,ARGTYPE_IDENTITY,1,,
MINOR_CIV_ANTANANARIVO_CULTURE_FROM_EARNED_GREAT_PEOPLE_BONUS,YieldType,ARGTYPE_IDENTITY,YIELD_CULTURE,,
MINOR_CIV_ANTANANARIVO_CULTURE_FROM_EARNED_GREAT_PEOPLE_BONUS,Amount,ARGTYPE_IDENTITY,2,,
MINOR_CIV_ARMAGH_UNLOCK_MONASTERY_BONUS,ImprovementType,ARGTYPE_IDENTITY,IMPROVEMENT_MONASTERY,,
MINOR_CIV_GRANADA_UNLOCK_ALCAZAR_BONUS,ImprovementType,ARGTYPE_IDENTITY,IMPROVEMENT_ALCAZAR,,
MINOR_CIV_MUSCAT_COMMERCIAL_HUB_AMENITY_BONUS,Amount,ARGTYPE_IDENTITY,1,,
MINOR_CIV_PALENQUE_CAMPUS_GROWTH_BONUS,Amount,ARGTYPE_IDENTITY,15,,
LYSEFJORDEN_GRANT_NAVAL_UNIT_EXPERIENCE,Amount,ARGTYPE_IDENTITY,-1,,
GIANTS_CAUSEWAY_GRANT_UNIT_ABILITY,AbilityType,ARGTYPE_IDENTITY,ABILITY_SPEAR_OF_FIONN,,
MONASTERY_HOUSING,Amount,ARGTYPE_IDENTITY,1,,
SUKIENNICE_DOMESTICGOLD,YieldType,ARGTYPE_IDENTITY,YIELD_GOLD,,
SUKIENNICE_DOMESTICGOLD,Amount,ARGTYPE_IDENTITY,4,,
SUKIENNICE_INTERNATIONALPRODUCTION,YieldType,ARGTYPE_IDENTITY,YIELD_PRODUCTION,,
SUKIENNICE_INTERNATIONALPRODUCTION,Amount,ARGTYPE_IDENTITY,2,,
AGENDA_SAINT_HIGH_FAITH,InitialValue,ARGTYPE_IDENTITY,8,,
AGENDA_SAINT_HIGH_FAITH,StatementKey,ARGTYPE_IDENTITY,LOC_DIPLO_KUDO_LEADER_JADWIGA_REASON_ANY,,
AGENDA_SAINT_HIGH_FAITH,SimpleModifierDescription,ARGTYPE_IDENTITY,LOC_DIPLO_MODIFIER_SAINT_HIGH_FAITH,,
AGENDA_SAINT_LOW_FAITH,InitialValue,ARGTYPE_IDENTITY,-8,,
AGENDA_SAINT_LOW_FAITH,StatementKey,ARGTYPE_IDENTITY,LOC_DIPLO_WARNING_LEADER_JADWIGA_REASON_ANY,,
AGENDA_SAINT_LOW_FAITH,SimpleModifierDescription,ARGTYPE_IDENTITY,LOC_DIPLO_MODIFIER_SAINT_LOW_FAITH,,
TRAIT_LITHUANIANUNION_FAITH_RELIC,GreatWorkObjectType,ARGTYPE_IDENTITY,GREATWORKOBJECT_RELIC,,
TRAIT_LITHUANIANUNION_FAITH_RELIC,YieldType,ARGTYPE_IDENTITY,YIELD_FAITH,,
TRAIT_LITHUANIANUNION_FAITH_RELIC,YieldChange,ARGTYPE_IDENTITY,2,,
TRAIT_LITHUANIANUNION_CULTURE_RELIC,GreatWorkObjectType,ARGTYPE_IDENTITY,GREATWORKOBJECT_RELIC,,
TRAIT_LITHUANIANUNION_CULTURE_RELIC,YieldType,ARGTYPE_IDENTITY,YIELD_CULTURE,,
TRAIT_LITHUANIANUNION_CULTURE_RELIC,YieldChange,ARGTYPE_IDENTITY,2,,
TRAIT_LITHUANIANUNION_GOLD_RELIC,GreatWorkObjectType,ARGTYPE_IDENTITY,GREATWORKOBJECT_RELIC,,
TRAIT_LITHUANIANUNION_GOLD_RELIC,YieldType,ARGTYPE_IDENTITY,YIELD_GOLD,,
TRAIT_LITHUANIANUNION_GOLD_RELIC,YieldChange,ARGTYPE_IDENTITY,4,,
TRAIT_CULTURE_BOMB_CONVERTS_CITY,ConvertsCity,ARGTYPE_IDENTITY,1,,
TRAIT_REPLACE_MILITARY_SLOT_WITH_WILDCARD,ReplacedGovernmentSlotType,ARGTYPE_IDENTITY,SLOT_MILITARY,,
TRAIT_REPLACE_MILITARY_SLOT_WITH_WILDCARD,AddedGovernmentSlotType,ARGTYPE_IDENTITY,SLOT_WILDCARD,,
TRAIT_CULTURE_BOMB_TRIGGER_ENCAMPMENT,DistrictType,ARGTYPE_IDENTITY,DISTRICT_ENCAMPMENT,,
TRAIT_CULTURE_BOMB_TRIGGER_FORT,ImprovementType,ARGTYPE_IDENTITY,IMPROVEMENT_FORT,,
JEBELBARKAL_GRANT_TWO_IRON,ResourceType,ARGTYPE_IDENTITY,RESOURCE_IRON,,
JEBELBARKAL_GRANT_TWO_IRON,Amount,ARGTYPE_IDENTITY,2,,
TRAIT_ANCIENT_RANGED_UNIT_PRODUCTION,UnitPromotionClass,ARGTYPE_IDENTITY,PROMOTION_CLASS_RANGED,,
TRAIT_ANCIENT_RANGED_UNIT_PRODUCTION,EraType,ARGTYPE_IDENTITY,ERA_ANCIENT,,
TRAIT_ANCIENT_RANGED_UNIT_PRODUCTION,Amount,ARGTYPE_IDENTITY,30,,
TRAIT_CLASSICAL_RANGED_UNIT_PRODUCTION,UnitPromotionClass,ARGTYPE_IDENTITY,PROMOTION_CLASS_RANGED,,
TRAIT_CLASSICAL_RANGED_UNIT_PRODUCTION,EraType,ARGTYPE_IDENTITY,ERA_CLASSICAL,,
TRAIT_CLASSICAL_RANGED_UNIT_PRODUCTION,Amount,ARGTYPE_IDENTITY,30,,
TRAIT_MEDIEVAL_RANGED_UNIT_PRODUCTION,UnitPromotionClass,ARGTYPE_IDENTITY,PROMOTION_CLASS_RANGED,,
TRAIT_MEDIEVAL_RANGED_UNIT_PRODUCTION,EraType,ARGTYPE_IDENTITY,ERA_MEDIEVAL,,
TRAIT_MEDIEVAL_RANGED_UNIT_PRODUCTION,Amount,ARGTYPE_IDENTITY,30,,
TRAIT_RENAISSANCE_RANGED_UNIT_PRODUCTION,UnitPromotionClass,ARGTYPE_IDENTITY,PROMOTION_CLASS_RANGED,,
TRAIT_RENAISSANCE_RANGED_UNIT_PRODUCTION,EraType,ARGTYPE_IDENTITY,ERA_RENAISSANCE,,
TRAIT_RENAISSANCE_RANGED_UNIT_PRODUCTION,Amount,ARGTYPE_IDENTITY,30,,
TRAIT_INDUSTRIAL_RANGED_UNIT_PRODUCTION,UnitPromotionClass,ARGTYPE_IDENTITY,PROMOTION_CLASS_RANGED,,
TRAIT_INDUSTRIAL_RANGED_UNIT_PRODUCTION,EraType,ARGTYPE_IDENTITY,ERA_INDUSTRIAL,,
TRAIT_INDUSTRIAL_RANGED_UNIT_PRODUCTION,Amount,ARGTYPE_IDENTITY,30,,
TRAIT_MODERN_RANGED_UNIT_PRODUCTION,UnitPromotionClass,ARGTYPE_IDENTITY,PROMOTION_CLASS_RANGED,,
TRAIT_MODERN_RANGED_UNIT_PRODUCTION,EraType,ARGTYPE_IDENTITY,ERA_MODERN,,
TRAIT_MODERN_RANGED_UNIT_PRODUCTION,Amount,ARGTYPE_IDENTITY,30,,
TRAIT_ATOMIC_RANGED_UNIT_PRODUCTION,UnitPromotionClass,ARGTYPE_IDENTITY,PROMOTION_CLASS_RANGED,,
TRAIT_ATOMIC_RANGED_UNIT_PRODUCTION,EraType,ARGTYPE_IDENTITY,ERA_ATOMIC,,
TRAIT_ATOMIC_RANGED_UNIT_PRODUCTION,Amount,ARGTYPE_IDENTITY,30,,
TRAIT_INFORMATION_RANGED_UNIT_PRODUCTION,UnitPromotionClass,ARGTYPE_IDENTITY,PROMOTION_CLASS_RANGED,,
TRAIT_INFORMATION_RANGED_UNIT_PRODUCTION,EraType,ARGTYPE_IDENTITY,ERA_INFORMATION,,
TRAIT_INFORMATION_RANGED_UNIT_PRODUCTION,Amount,ARGTYPE_IDENTITY,30,,
TRAIT_STRATEGIC_MINE_PRODUCTION,YieldType,ARGTYPE_IDENTITY,YIELD_PRODUCTION,,
TRAIT_STRATEGIC_MINE_PRODUCTION,Amount,ARGTYPE_IDENTITY,1,,
TRAIT_BONUS_MINE_GOLD,YieldType,ARGTYPE_IDENTITY,YIELD_GOLD,,
TRAIT_BONUS_MINE_GOLD,Amount,ARGTYPE_IDENTITY,2,,
TRAIT_LUXURY_MINE_GOLD,YieldType,ARGTYPE_IDENTITY,YIELD_GOLD,,
TRAIT_LUXURY_MINE_GOLD,Amount,ARGTYPE_IDENTITY,2,,
TRAIT_RANGED_EXPERIENCE_MODIFIER,AbilityType,ARGTYPE_IDENTITY,ABILITY_NUBIA_RANGED_EXPERIENCE_MODIFIER,,
NUBIA_RANGED_EXPERIENCE_MODIFIER,Amount,ARGTYPE_IDENTITY,50,,
TRAIT_BASE_DISTRICT_PRODUCTION_MODIFIER,Amount,ARGTYPE_IDENTITY,20,,
TRAIT_PYRAMID_DISTRICT_PRODUCTION_MODIFIER,Amount,ARGTYPE_IDENTITY,20,,
AGENDA_HIGH_DISTRICTS,InitialValue,ARGTYPE_IDENTITY,8,,
AGENDA_HIGH_DISTRICTS,StatementKey,ARGTYPE_IDENTITY,LOC_DIPLO_KUDO_LEADER_AMANITORE_REASON_ANY,,
AGENDA_HIGH_DISTRICTS,SimpleModifierDescription,ARGTYPE_IDENTITY,LOC_DIPLO_MODIFIER_CITY_PLANNER_LEADING,,
AGENDA_LOW_DISTRICTS,InitialValue,ARGTYPE_IDENTITY,-8,,
AGENDA_LOW_DISTRICTS,StatementKey,ARGTYPE_IDENTITY,LOC_DIPLO_WARNING_LEADER_AMANITORE_REASON_ANY,,
AGENDA_LOW_DISTRICTS,SimpleModifierDescription,ARGTYPE_IDENTITY,LOC_DIPLO_MODIFIER_CITY_PLANNER_LAGGING,,
JEBELBARKAL_GRANT_FOUR_IRON_PER_TURN,ResourceType,ARGTYPE_IDENTITY,RESOURCE_IRON,,
JEBELBARKAL_GRANT_FOUR_IRON_PER_TURN,Amount,ARGTYPE_IDENTITY,6,,
HYPASPIST_SIEGE_BONUS,Amount,ARGTYPE_IDENTITY,5,,
HYPASPIST_SUPPORT_BONUS,Percent,ARGTYPE_IDENTITY,50,,
HETAIROI_FREE_PROMOTION,Amount,ARGTYPE_IDENTITY,-1,,
HETAIROI_GREAT_GENERAL_COMBAT_BONUS,Amount,ARGTYPE_IDENTITY,5,,
HETAIROI_GREAT_GENERAL_POINTS,Amount,ARGTYPE_IDENTITY,5,,
HETAIROI_GREAT_GENERAL_POINTS,GreatPersonClassType,ARGTYPE_IDENTITY,GREAT_PERSON_CLASS_GENERAL,,
BASILIKOI_TRAINED_UNIT_XP,Amount,ARGTYPE_IDENTITY,25,,
TRAIT_HELLENISTIC_FUSION_ENCAMPMENT_EUREKA,ModifierId,ARGTYPE_IDENTITY,TRAIT_HELLENISTIC_FUSION_ENCAMPMENT_EUREKA_MODIFIER,,
TRAIT_HELLENISTIC_FUSION_ENCAMPMENT_EUREKA_MODIFIER,Amount,ARGTYPE_IDENTITY,1,,
TRAIT_HELLENISTIC_FUSION_ENCAMPMENT_EUREKA_MODIFIER,Source,ARGTYPE_IDENTITY,CAPTURED_CITY,,
TRAIT_HELLENISTIC_FUSION_CAMPUS_EUREKA,ModifierId,ARGTYPE_IDENTITY,TRAIT_HELLENISTIC_FUSION_CAMPUS_EUREKA_MODIFIER,,
TRAIT_HELLENISTIC_FUSION_CAMPUS_EUREKA_MODIFIER,Amount,ARGTYPE_IDENTITY,1,,
TRAIT_HELLENISTIC_FUSION_CAMPUS_EUREKA_MODIFIER,Source,ARGTYPE_IDENTITY,CAPTURED_CITY,,
TRAIT_HELLENISTIC_FUSION_HOLY_SITE_INSPIRATION,ModifierId,ARGTYPE_IDENTITY,TRAIT_HELLENISTIC_FUSION_HOLY_SITE_INSPIRATION_MODIFIER,,
TRAIT_HELLENISTIC_FUSION_HOLY_SITE_INSPIRATION_MODIFIER,Amount,ARGTYPE_IDENTITY,1,,
TRAIT_HELLENISTIC_FUSION_HOLY_SITE_INSPIRATION_MODIFIER,Source,ARGTYPE_IDENTITY,CAPTURED_CITY,,
TRAIT_HELLENISTIC_FUSION_THEATER_INSPIRATION,ModifierId,ARGTYPE_IDENTITY,TRAIT_HELLENISTIC_FUSION_THEATER_INSPIRATION_MODIFIER,,
TRAIT_HELLENISTIC_FUSION_THEATER_INSPIRATION_MODIFIER,Amount,ARGTYPE_IDENTITY,1,,
TRAIT_HELLENISTIC_FUSION_THEATER_INSPIRATION_MODIFIER,Source,ARGTYPE_IDENTITY,CAPTURED_CITY,,
TRAIT_SATRAPIES_INTERNAL_TRADE_CULTURE,YieldType,ARGTYPE_IDENTITY,YIELD_CULTURE,,
TRAIT_SATRAPIES_INTERNAL_TRADE_CULTURE,Amount,ARGTYPE_IDENTITY,1,,
TRAIT_SATRAPIES_INTERNAL_TRADE_GOLD,YieldType,ARGTYPE_IDENTITY,YIELD_GOLD,,
TRAIT_SATRAPIES_INTERNAL_TRADE_GOLD,Amount,ARGTYPE_IDENTITY,2,,
TRAIT_SATRAPIES_POLITICAL_PHILOSOPHY_TRADE_ROUTE,Amount,ARGTYPE_IDENTITY,1,,
TRAIT_SATRAPIES_IMPROVED_ROUTE_LEVEL,ImprovedRouteLevel,ARGTYPE_IDENTITY,1,,
TRAIT_TOWORLDSEND_NO_WAR_WEARINESS,Amount,ARGTYPE_IDENTITY,-100,,
TRAIT_TOWORLDSEND_NO_WAR_WEARINESS,Overall,ARGTYPE_IDENTITY,1,,
TRAIT_TOWORLDSEND_HEAL_ON_WONDER_CAPTURE,ModifierId,ARGTYPE_IDENTITY,TRAIT_TOWORLDSEND_HEAL_ON_WONDER_CAPTURE_MODIFIER,,
TRAIT_TOWORLDSEND_HEAL_ON_WONDER_CAPTURE_MODIFIER,Amount,ARGTYPE_IDENTITY,-100,,
TRAIT_FALLBABYLON_NO_OCCUPATION_PENALTIES,NoPenalties,ARGTYPE_IDENTITY,1,,
TRAIT_FALLBABYLON_SURPRISE_MOVEMENT,DiplomaticYieldSource,ARGTYPE_IDENTITY,SURPRISE_WAR_INITIATED,,
TRAIT_FALLBABYLON_SURPRISE_MOVEMENT,TurnsActive,ARGTYPE_IDENTITY,10,,
TRAIT_FALLBABYLON_SURPRISE_MOVEMENT,Amount,ARGTYPE_IDENTITY,2,,
TRAIT_FALLBABYLON_WARMONGER_MAX,MaxPercent,ARGTYPE_IDENTITY,100,,
AGENDA_SHORT_LIFE_GLORY,MajorWarBonus,ARGTYPE_IDENTITY,5,,
AGENDA_SHORT_LIFE_GLORY,EachWarDeclaredBonus,ARGTYPE_IDENTITY,1,,
AGENDA_SHORT_LIFE_GLORY,MaxWarDeclaredBonus,ARGTYPE_IDENTITY,5,,
AGENDA_SHORT_LIFE_GLORY,NotAtWarPenalty,ARGTYPE_IDENTITY,-6,,
AGENDA_SHORT_LIFE_GLORY,SinceWarPenaltyTurns,ARGTYPE_IDENTITY,40,,
AGENDA_SHORT_LIFE_GLORY,StatementKey,ARGTYPE_IDENTITY,AGENDA_SHORT_LIFE_GLORY,,
AGENDA_BACKSTABBER,RecentSurpriseWarBonus,ARGTYPE_IDENTITY,15,,
AGENDA_BACKSTABBER,SurpriseWarDegradeTurns,ARGTYPE_IDENTITY,3,,
AGENDA_BACKSTABBER,EachSurpriseWarBonus,ARGTYPE_IDENTITY,1,,
AGENDA_BACKSTABBER,NeverSurpriseWarPenalty,ARGTYPE_IDENTITY,-6,,
AGENDA_BACKSTABBER,StatementKey,ARGTYPE_IDENTITY,AGENDA_BACKSTABBER,,
HALICARNASSUS_ADJUST_ENGINEER_CHARGES,Amount,ARGTYPE_IDENTITY,1,,
BASILIKOI_PAIDES_TRAINED_UNIT_XP_MODIFIER,AbilityType,ARGTYPE_IDENTITY,ABILITY_BASILIKOI_TRAINED_UNIT_XP,,
APADANA_AWARD_TWO_INFLUENCE_TOKEN,ModifierId,ARGTYPE_IDENTITY,APADANA_AWARD_TWO_INFLUENCE_TOKEN_MODIFIER,,
APADANA_AWARD_TWO_INFLUENCE_TOKEN_MODIFIER,Amount,ARGTYPE_IDENTITY,2,,
BASILIKOI_PAIDES_SCIENCE_TRAINED_UNIT,YieldType,ARGTYPE_IDENTITY,YIELD_SCIENCE,,
BASILIKOI_PAIDES_SCIENCE_TRAINED_UNIT,UnitProductionPercent,ARGTYPE_IDENTITY,25,,
HALICARNASSUS_MAUSOLEUM_YIELD_MODIFIER,YieldType,ARGTYPE_IDENTITY,"YIELD_SCIENCE,YIELD_FAITH,YIELD_CULTURE",,
HALICARNASSUS_MAUSOLEUM_YIELD_MODIFIER,Amount,ARGTYPE_IDENTITY,"1,1,1",,
TRAIT_ADDITIONAL_MARTIAL_LAW,Amount,ARGTYPE_IDENTITY,5,,
BASILIKOI_PAIDES_ADJUST_RESOURCE_STOCKPILE_CAP,Amount,ARGTYPE_IDENTITY,10,,
TRAIT_SHORT_LIFE_GRIEVANCE_DECAY,Amount,ARGTYPE_IDENTITY,100,,
TRAIT_CULTURE_BOMB_TRIGGER_PASTURE,ImprovementType,ARGTYPE_IDENTITY,IMPROVEMENT_PASTURE,,
TRAIT_COASTAL_HOUSING,Amount,ARGTYPE_IDENTITY,3,,
TRAIT_CHARMING_CAMPUS,YieldType,ARGTYPE_IDENTITY,YIELD_SCIENCE,,
TRAIT_CHARMING_CAMPUS,RequiredAppeal,ARGTYPE_IDENTITY,2,,
TRAIT_CHARMING_CAMPUS,YieldChange,ARGTYPE_IDENTITY,1,,
TRAIT_CHARMING_CAMPUS,DistrictType,ARGTYPE_IDENTITY,DISTRICT_CAMPUS,,
TRAIT_CHARMING_CAMPUS,Description,ARGTYPE_IDENTITY,LOC_DISTRICT_APPEAL_SCIENCE,,
TRAIT_BREATHTAKING_CAMPUS,YieldType,ARGTYPE_IDENTITY,YIELD_SCIENCE,,
TRAIT_BREATHTAKING_CAMPUS,RequiredAppeal,ARGTYPE_IDENTITY,4,,
TRAIT_BREATHTAKING_CAMPUS,YieldChange,ARGTYPE_IDENTITY,2,,
TRAIT_BREATHTAKING_CAMPUS,DistrictType,ARGTYPE_IDENTITY,DISTRICT_CAMPUS,,
TRAIT_BREATHTAKING_CAMPUS,Description,ARGTYPE_IDENTITY,LOC_DISTRICT_APPEAL_SCIENCE,,
TRAIT_CHARMING_COMMERCIAL_HUB,YieldType,ARGTYPE_IDENTITY,YIELD_GOLD,,
TRAIT_CHARMING_COMMERCIAL_HUB,RequiredAppeal,ARGTYPE_IDENTITY,2,,
TRAIT_CHARMING_COMMERCIAL_HUB,YieldChange,ARGTYPE_IDENTITY,1,,
TRAIT_CHARMING_COMMERCIAL_HUB,DistrictType,ARGTYPE_IDENTITY,DISTRICT_COMMERCIAL_HUB,,
TRAIT_CHARMING_COMMERCIAL_HUB,Description,ARGTYPE_IDENTITY,LOC_DISTRICT_APPEAL_GOLD,,
TRAIT_BREATHTAKING_COMMERCIAL_HUB,YieldType,ARGTYPE_IDENTITY,YIELD_GOLD,,
TRAIT_BREATHTAKING_COMMERCIAL_HUB,RequiredAppeal,ARGTYPE_IDENTITY,4,,
TRAIT_BREATHTAKING_COMMERCIAL_HUB,YieldChange,ARGTYPE_IDENTITY,2,,
TRAIT_BREATHTAKING_COMMERCIAL_HUB,DistrictType,ARGTYPE_IDENTITY,DISTRICT_COMMERCIAL_HUB,,
TRAIT_BREATHTAKING_COMMERCIAL_HUB,Description,ARGTYPE_IDENTITY,LOC_DISTRICT_APPEAL_GOLD,,
TRAIT_CHARMING_HOLY_SITE,YieldType,ARGTYPE_IDENTITY,YIELD_FAITH,,
TRAIT_CHARMING_HOLY_SITE,RequiredAppeal,ARGTYPE_IDENTITY,2,,
TRAIT_CHARMING_HOLY_SITE,YieldChange,ARGTYPE_IDENTITY,1,,
TRAIT_CHARMING_HOLY_SITE,DistrictType,ARGTYPE_IDENTITY,DISTRICT_HOLY_SITE,,
TRAIT_CHARMING_HOLY_SITE,Description,ARGTYPE_IDENTITY,LOC_DISTRICT_APPEAL_FAITH,,
TRAIT_BREATHTAKING_HOLY_SITE,YieldType,ARGTYPE_IDENTITY,YIELD_FAITH,,
TRAIT_BREATHTAKING_HOLY_SITE,RequiredAppeal,ARGTYPE_IDENTITY,4,,
TRAIT_BREATHTAKING_HOLY_SITE,YieldChange,ARGTYPE_IDENTITY,2,,
TRAIT_BREATHTAKING_HOLY_SITE,DistrictType,ARGTYPE_IDENTITY,DISTRICT_HOLY_SITE,,
TRAIT_BREATHTAKING_HOLY_SITE,Description,ARGTYPE_IDENTITY,LOC_DISTRICT_APPEAL_FAITH,,
TRAIT_CHARMING_THEATER_DISTRICT,YieldType,ARGTYPE_IDENTITY,YIELD_CULTURE,,
TRAIT_CHARMING_THEATER_DISTRICT,RequiredAppeal,ARGTYPE_IDENTITY,2,,
TRAIT_CHARMING_THEATER_DISTRICT,YieldChange,ARGTYPE_IDENTITY,1,,
TRAIT_CHARMING_THEATER_DISTRICT,DistrictType,ARGTYPE_IDENTITY,DISTRICT_THEATER,,
TRAIT_CHARMING_THEATER_DISTRICT,Description,ARGTYPE_IDENTITY,LOC_DISTRICT_APPEAL_CULTURE,,
TRAIT_BREATHTAKING_THEATER_DISTRICT,YieldType,ARGTYPE_IDENTITY,YIELD_CULTURE,,
TRAIT_BREATHTAKING_THEATER_DISTRICT,RequiredAppeal,ARGTYPE_IDENTITY,4,,
TRAIT_BREATHTAKING_THEATER_DISTRICT,YieldChange,ARGTYPE_IDENTITY,2,,
TRAIT_BREATHTAKING_THEATER_DISTRICT,DistrictType,ARGTYPE_IDENTITY,DISTRICT_THEATER,,
TRAIT_BREATHTAKING_THEATER_DISTRICT,Description,ARGTYPE_IDENTITY,LOC_DISTRICT_APPEAL_CULTURE,,
TRAIT_CITADELCIVILIZATION_DEFENSIVE_PRODUCTION,DiplomaticYieldSource,ARGTYPE_IDENTITY,WAR_DECLARATION_RECEIVED,,
TRAIT_CITADELCIVILIZATION_DEFENSIVE_PRODUCTION,TurnsActive,ARGTYPE_IDENTITY,10,,
TRAIT_CITADELCIVILIZATION_DEFENSIVE_PRODUCTION,YieldType,ARGTYPE_IDENTITY,YIELD_PRODUCTION,,
TRAIT_CITADELCIVILIZATION_DEFENSIVE_PRODUCTION,Amount,ARGTYPE_IDENTITY,100,,
AGENDA_PERPETUALLY_ON_GUARD_LIBERATION,InitialValue,ARGTYPE_IDENTITY,15,,
AGENDA_PERPETUALLY_ON_GUARD_LIBERATION,ReductionTurns,ARGTYPE_IDENTITY,10,,
AGENDA_PERPETUALLY_ON_GUARD_LIBERATION,ReductionValue,ARGTYPE_IDENTITY,-1,,
AGENDA_PERPETUALLY_ON_GUARD_LIBERATION,StatementKey,ARGTYPE_IDENTITY,LOC_DIPLO_KUDO_LEADER_JOHN_CURTIN_REASON_ANY,,
AGENDA_PERPETUALLY_ON_GUARD_LIBERATION,SimpleModifierDescription,ARGTYPE_IDENTITY,LOC_DIPLO_MODIFIER_ON_GUARD_LIBERATE,,
AGENDA_PERPETUALLY_ON_GUARD_OCCUPATION,PenaltyPerOccupiedCity,ARGTYPE_IDENTITY,-2,,
AGENDA_PERPETUALLY_ON_GUARD_OCCUPATION,StatementKey,ARGTYPE_IDENTITY,LOC_DIPLO_WARNING_LEADER_JOHN_CURTIN_REASON_ANY,,
AGENDA_PERPETUALLY_ON_GUARD_OCCUPATION,SimpleModifierDescription,ARGTYPE_IDENTITY,LOC_DIPLO_MODIFIER_ON_GUARD_OCCUPY,,
TRAIT_CITADELCIVILIZATION_LIBERATION_PRODUCTION_XP2,DiplomaticYieldSource,ARGTYPE_IDENTITY,LIBERATION,,
TRAIT_CITADELCIVILIZATION_LIBERATION_PRODUCTION_XP2,TurnsActive,ARGTYPE_IDENTITY,10,,
TRAIT_CITADELCIVILIZATION_LIBERATION_PRODUCTION_XP2,YieldType,ARGTYPE_IDENTITY,YIELD_PRODUCTION,,
TRAIT_CITADELCIVILIZATION_LIBERATION_PRODUCTION_XP2,Amount,ARGTYPE_IDENTITY,100,,
AGENDA_BILLIONAIRE_TRADE,TradeBonus,ARGTYPE_IDENTITY,3,,
AGENDA_BILLIONAIRE_TRADE,NoTradePenalty,ARGTYPE_IDENTITY,12,,
AGENDA_BILLIONAIRE_TRADE,BonusPerRoute,ARGTYPE_IDENTITY,1,,
AGENDA_BILLIONAIRE_TRADE,OnlyInboundTrade,ARGTYPE_IDENTITY,1,,
AGENDA_BILLIONAIRE_TRADE,StatementKey,ARGTYPE_IDENTITY,LOC_DIPLO_KUDO_LEADER_WILHELMINA_REASON_ANY,,
AGENDA_BILLIONAIRE_TRADE,SimpleModifierDescription,ARGTYPE_IDENTITY,LOC_DIPLO_MODIFIER_WILHELMINA_BILLIONAIRE_TRADE,,
AGENDA_CHEOMSEONGDAE_HIGH_SCIENCE,InitialValue,ARGTYPE_IDENTITY,8,,
AGENDA_CHEOMSEONGDAE_HIGH_SCIENCE,StatementKey,ARGTYPE_IDENTITY,LOC_DIPLO_KUDO_LEADER_SEONDEOK_REASON_ANY,,
AGENDA_CHEOMSEONGDAE_HIGH_SCIENCE,SimpleModifierDescription,ARGTYPE_IDENTITY,LOC_DIPLO_MODIFIER_CHEOMSEONGDAE_HIGH_SCIENCE,,
AGENDA_CHEOMSEONGDAE_LOW_SCIENCE,InitialValue,ARGTYPE_IDENTITY,-8,,
AGENDA_CHEOMSEONGDAE_LOW_SCIENCE,StatementKey,ARGTYPE_IDENTITY,LOC_DIPLO_WARNING_LEADER_SEONDEOK_REASON_ANY,,
AGENDA_CHEOMSEONGDAE_LOW_SCIENCE,SimpleModifierDescription,ARGTYPE_IDENTITY,LOC_DIPLO_MODIFIER_CHEOMSEONGDAE_LOW_SCIENCE,,
AGENDA_FLOWER_OF_SCOTLAND_PEACE_NEIGHBORS,InitialValue,ARGTYPE_IDENTITY,2,,
AGENDA_FLOWER_OF_SCOTLAND_PEACE_NEIGHBORS,MaxValue,ARGTYPE_IDENTITY,10,,
AGENDA_FLOWER_OF_SCOTLAND_PEACE_NEIGHBORS,IncrementTurns,ARGTYPE_IDENTITY,10,,
AGENDA_FLOWER_OF_SCOTLAND_PEACE_NEIGHBORS,StatementKey,ARGTYPE_IDENTITY,LOC_DIPLO_KUDO_LEADER_ROBERT_THE_BRUCE_REASON_ANY,,
AGENDA_FLOWER_OF_SCOTLAND_PEACE_NEIGHBORS,SimpleModifierDescription,ARGTYPE_IDENTITY,LOC_DIPLO_MODIFIER_FLOWER_SCOTLAND_PEACEFUL,,
AGENDA_FLOWER_OF_SCOTLAND_WAR_NEIGHBORS,InitialValue,ARGTYPE_IDENTITY,-2,,
AGENDA_FLOWER_OF_SCOTLAND_WAR_NEIGHBORS,MaxValue,ARGTYPE_IDENTITY,-10,,
AGENDA_FLOWER_OF_SCOTLAND_WAR_NEIGHBORS,IncrementTurns,ARGTYPE_IDENTITY,3,,
AGENDA_FLOWER_OF_SCOTLAND_WAR_NEIGHBORS,StatementKey,ARGTYPE_IDENTITY,LOC_DIPLO_WARNING_LEADER_ROBERT_THE_BRUCE_REASON_ANY,,
AGENDA_FLOWER_OF_SCOTLAND_WAR_NEIGHBORS,SimpleModifierDescription,ARGTYPE_IDENTITY,LOC_DIPLO_MODIFIER_FLOWER_SCOTLAND_WARLIKE,,
AGENDA_FLOWER_OF_SCOTLAND_BAN_WARS,Action,ARGTYPE_IDENTITY,"DIPLOACTION_DECLARE_SURPRISE_WAR, DIPLOACTION_DECLARE_FORMAL_WAR, DIPLOACTION_DECLARE_HOLY_WAR, DIPLOACTION_DECLARE_LIBERATION_WAR, DIPLOACTION_DECLARE_RECONQUEST_WAR, DIPLOACTION_DECLARE_PROTECTORATE_WAR, DIPLOACTION_DECLARE_COLONIAL_WAR, DIPLOACTION_DECLARE_TERRITORIAL_WAR",,
AGENDA_FLOWER_OF_SCOTLAND_BAN_WARS,Favored,ARGTYPE_IDENTITY,0,,
AGENDA_HORN_CHEST_LOINS,StatementKey,ARGTYPE_IDENTITY,AGENDA_HORN_CHEST_LOINS_WARNING,,
AGENDA_HORN_CHEST_LOINS,TopPercentage,ARGTYPE_IDENTITY,70,,
AGENDA_HORN_CHEST_LOINS,BottomPercentage,ARGTYPE_IDENTITY,30,,
AGENDA_HORN_CHEST_LOINS,TopRankingDiploMod,ARGTYPE_IDENTITY,6,,
AGENDA_HORN_CHEST_LOINS,BottomRankingDiploMod,ARGTYPE_IDENTITY,-7,,
AGENDA_HORN_CHEST_LOINS,CantBuildDiploMod,ARGTYPE_IDENTITY,-3,,
AGENDA_HORN_CHEST_LOINS,CorpsPrereqCivic,ARGTYPE_IDENTITY,CIVIC_NATIONALISM,,
AGENDA_HORSE_LORD,StatementKey,ARGTYPE_IDENTITY,AGENDA_HORSE_LORD_WARNING,,
AGENDA_HORSE_LORD,TopPercentage,ARGTYPE_IDENTITY,70,,
AGENDA_HORSE_LORD,BottomPercentage,ARGTYPE_IDENTITY,30,,
AGENDA_HORSE_LORD,TopRankingDiploMod,ARGTYPE_IDENTITY,-6,,
AGENDA_HORSE_LORD,BottomRankingDiploMod,ARGTYPE_IDENTITY,7,,
AGENDA_HORSE_LORD,PromotionClass1,ARGTYPE_IDENTITY,PROMOTION_CLASS_HEAVY_CAVALRY,,
AGENDA_HORSE_LORD,PromotionClass2,ARGTYPE_IDENTITY,PROMOTION_CLASS_LIGHT_CAVALRY,,
AGENDA_IRON_CONFEDERACY_FEW_ALLIANCES,InitialValue,ARGTYPE_IDENTITY,-8,,
AGENDA_IRON_CONFEDERACY_FEW_ALLIANCES,MaxValue,ARGTYPE_IDENTITY,-8,,
AGENDA_IRON_CONFEDERACY_FEW_ALLIANCES,IncrementTurns,ARGTYPE_IDENTITY,4,,
AGENDA_IRON_CONFEDERACY_FEW_ALLIANCES,IncrementValue,ARGTYPE_IDENTITY,-8,,
AGENDA_IRON_CONFEDERACY_FEW_ALLIANCES,StatementKey,ARGTYPE_IDENTITY,LOC_DIPLO_WARNING_LEADER_ROBERT_THE_BRUCE_REASON_ANY,,
AGENDA_IRON_CONFEDERACY_FEW_ALLIANCES,SimpleModifierDescription,ARGTYPE_IDENTITY,LOC_DIPLO_MODIFIER_IRON_CONFEDERACY_FEW_ALLIANCES,,
AGENDA_IRON_CONFEDERACY_MANY_ALLIANCES,InitialValue,ARGTYPE_IDENTITY,8,,
AGENDA_IRON_CONFEDERACY_MANY_ALLIANCES,MaxValue,ARGTYPE_IDENTITY,8,,
AGENDA_IRON_CONFEDERACY_MANY_ALLIANCES,ReductionTurns,ARGTYPE_IDENTITY,4,,
AGENDA_IRON_CONFEDERACY_MANY_ALLIANCES,ReductionValue,ARGTYPE_IDENTITY,-8,,
AGENDA_IRON_CONFEDERACY_MANY_ALLIANCES,StatementKey,ARGTYPE_IDENTITY,LOC_DIPLO_WARNING_LEADER_ROBERT_THE_BRUCE_REASON_ANY,,
AGENDA_IRON_CONFEDERACY_MANY_ALLIANCES,SimpleModifierDescription,ARGTYPE_IDENTITY,LOC_DIPLO_MODIFIER_IRON_CONFEDERACY_MANY_ALLIANCES,,
AGENDA_MAURYA_EMPIRE_NEIGHBORS,InitialValue,ARGTYPE_IDENTITY,-5,,
AGENDA_MAURYA_EMPIRE_NEIGHBORS,MaxValue,ARGTYPE_IDENTITY,-25,,
AGENDA_MAURYA_EMPIRE_NEIGHBORS,IncrementValue,ARGTYPE_IDENTITY,-1,,
AGENDA_MAURYA_EMPIRE_NEIGHBORS,IncrementTurns,ARGTYPE_IDENTITY,10,,
AGENDA_MAURYA_EMPIRE_NEIGHBORS,StatementKey,ARGTYPE_IDENTITY,LOC_DIPLO_WARNING_EXIT_LEADER_CHANDRAGUPTA_ANY,,
AGENDA_MAURYA_EMPIRE_NEIGHBORS,SimpleModifierDescription,ARGTYPE_IDENTITY,LOC_DIPLO_MODIFIER_CHANDRAGUPTA_NEIGHBOR,,
AGENDA_MAURYA_EMPIRE_NOT_NEIGHBORS,InitialValue,ARGTYPE_IDENTITY,5,,
AGENDA_MAURYA_EMPIRE_NOT_NEIGHBORS,MaxValue,ARGTYPE_IDENTITY,15,,
AGENDA_MAURYA_EMPIRE_NOT_NEIGHBORS,IncrementValue,ARGTYPE_IDENTITY,1,,
AGENDA_MAURYA_EMPIRE_NOT_NEIGHBORS,IncrementTurns,ARGTYPE_IDENTITY,5,,
AGENDA_MAURYA_EMPIRE_NOT_NEIGHBORS,StatementKey,ARGTYPE_IDENTITY,LOC_DIPLO_KUDO_EXIT_LEADER_CHANDRAGUPTA_ANY,,
AGENDA_MAURYA_EMPIRE_NOT_NEIGHBORS,SimpleModifierDescription,ARGTYPE_IDENTITY,LOC_DIPLO_MODIFIER_CHANDRAGUPTA_NOT_NEIGHBOR,,
AGENDA_NARIKALA_FORTRESS_HIGH_WALLS,InitialValue,ARGTYPE_IDENTITY,8,,
AGENDA_NARIKALA_FORTRESS_HIGH_WALLS,StatementKey,ARGTYPE_IDENTITY,LOC_DIPLO_KUDO_LEADER_TAMAR_REASON_ANY,,
AGENDA_NARIKALA_FORTRESS_HIGH_WALLS,SimpleModifierDescription,ARGTYPE_IDENTITY,LOC_DIPLO_MODIFIER_NARIKALA_FORTRESS_HIGH_WALLS,,
AGENDA_NARIKALA_FORTRESS_LOW_WALLS,InitialValue,ARGTYPE_IDENTITY,-8,,
AGENDA_NARIKALA_FORTRESS_LOW_WALLS,StatementKey,ARGTYPE_IDENTITY,LOC_DIPLO_WARNING_LEADER_TAMAR_REASON_ANY,,
AGENDA_NARIKALA_FORTRESS_LOW_WALLS,SimpleModifierDescription,ARGTYPE_IDENTITY,LOC_DIPLO_MODIFIER_NARIKALA_FORTRESS_LOW_WALLS,,
AGENDA_SPIRIT_OF_TUCAPEL_GAINING_CITIES,CityGainUpperBound,ARGTYPE_IDENTITY,3,,
AGENDA_SPIRIT_OF_TUCAPEL_GAINING_CITIES,CityGainLowerBound,ARGTYPE_IDENTITY,0,,
AGENDA_SPIRIT_OF_TUCAPEL_GAINING_CITIES,ScorePerCity,ARGTYPE_IDENTITY,3,,
AGENDA_SPIRIT_OF_TUCAPEL_GAINING_CITIES,StatementKey,ARGTYPE_IDENTITY,LOC_DIPLO_KUDO_LEADER_LAUTARO_REASON_ANY,,
AGENDA_SPIRIT_OF_TUCAPEL_GAINING_CITIES,SimpleModifierDescription,ARGTYPE_IDENTITY,LOC_DIPLO_MODIFIER_SPIRIT_OF_TUCAPEL_GAINING_CITIES,,
AGENDA_SPIRIT_OF_TUCAPEL_LOSING_CITIES,CityGainUpperBound,ARGTYPE_IDENTITY,0,,
AGENDA_SPIRIT_OF_TUCAPEL_LOSING_CITIES,CityGainLowerBound,ARGTYPE_IDENTITY,-3,,
AGENDA_SPIRIT_OF_TUCAPEL_LOSING_CITIES,ScorePerCity,ARGTYPE_IDENTITY,3,,
AGENDA_SPIRIT_OF_TUCAPEL_LOSING_CITIES,StatementKey,ARGTYPE_IDENTITY,LOC_DIPLO_WARNING_LEADER_LAUTARO_REASON_ANY,,
AGENDA_SPIRIT_OF_TUCAPEL_LOSING_CITIES,SimpleModifierDescription,ARGTYPE_IDENTITY,LOC_DIPLO_MODIFIER_SPIRIT_OF_TUCAPEL_LOSING_CITIES,,
ORDU_TRAINED_UNIT_XP_MODIFIER,AbilityType,ARGTYPE_IDENTITY,ABILITY_ORDU_TRAINED_UNIT_XP,,
ORDU_INCREASED_MOVEMENT_MODIFIER,AbilityType,ARGTYPE_IDENTITY,ABILITY_ORDU_INCREASED_MOVEMENT,,
CONSERVATION_TSIKHE_TOURISM_GOLDEN_AGE,Amount,ARGTYPE_IDENTITY,3,,
TSIKHE_FAITH_GOLDEN_AGE,BuildingType,ARGTYPE_IDENTITY,BUILDING_TSIKHE,,
TSIKHE_FAITH_GOLDEN_AGE,Amount,ARGTYPE_IDENTITY,4,,
TSIKHE_FAITH_GOLDEN_AGE,YieldType,ARGTYPE_IDENTITY,YIELD_FAITH,,
AMUNDSEN_ADDSCIENCEYIELD,YieldType,ARGTYPE_IDENTITY,YIELD_SCIENCE,,
AMUNDSEN_ADDSCIENCEYIELD,Amount,ARGTYPE_IDENTITY,20,,
AMUNDSEN_ADDPRODUCTIONYIELD,YieldType,ARGTYPE_IDENTITY,YIELD_PRODUCTION,,
AMUNDSEN_ADDPRODUCTIONYIELD,Amount,ARGTYPE_IDENTITY,10,,
AMUNDSEN_SNOW_ADDSCIENCEYIELD,YieldType,ARGTYPE_IDENTITY,YIELD_SCIENCE,,
AMUNDSEN_SNOW_ADDSCIENCEYIELD,Amount,ARGTYPE_IDENTITY,20,,
AMUNDSEN_SNOW_ADDPRODUCTIONYIELD,YieldType,ARGTYPE_IDENTITY,YIELD_PRODUCTION,,
AMUNDSEN_SNOW_ADDPRODUCTIONYIELD,Amount,ARGTYPE_IDENTITY,10,,
CONTRATACION_GOVERNOR_POINTS,Delta,ARGTYPE_IDENTITY,3,,
CONTRATACION_FOREIGNFAITH,YieldType,ARGTYPE_IDENTITY,YIELD_FAITH,,
CONTRATACION_FOREIGNFAITH,Amount,ARGTYPE_IDENTITY,15,,
CONTRATACION_FOREIGNGOLD,YieldType,ARGTYPE_IDENTITY,YIELD_GOLD,,
CONTRATACION_FOREIGNGOLD,Amount,ARGTYPE_IDENTITY,15,,
CONTRATACION_FOREIGNPRODUCTION,YieldType,ARGTYPE_IDENTITY,YIELD_PRODUCTION,,
CONTRATACION_FOREIGNPRODUCTION,Amount,ARGTYPE_IDENTITY,15,,
KILWA_THREE_INFLUENCE_TOKENS,Amount,ARGTYPE_IDENTITY,3,,
KILWA_SINGLE_ADDSCIENCEYIELD,Amount,ARGTYPE_IDENTITY,15,,
KILWA_SINGLE_ADDSCIENCEYIELD,YieldType,ARGTYPE_IDENTITY,YIELD_SCIENCE,,
KILWA_SINGLE_ADDFAITHYIELD,Amount,ARGTYPE_IDENTITY,15,,
KILWA_SINGLE_ADDFAITHYIELD,YieldType,ARGTYPE_IDENTITY,YIELD_FAITH,,
KILWA_SINGLE_ADDGOLDYIELD,Amount,ARGTYPE_IDENTITY,15,,
KILWA_SINGLE_ADDGOLDYIELD,YieldType,ARGTYPE_IDENTITY,YIELD_GOLD,,
KILWA_SINGLE_ADDCULTUREYIELD,Amount,ARGTYPE_IDENTITY,15,,
KILWA_SINGLE_ADDCULTUREYIELD,YieldType,ARGTYPE_IDENTITY,YIELD_CULTURE,,
KILWA_SINGLE_ADDPRODUCTIONUNITS,Amount,ARGTYPE_IDENTITY,15,,
KILWA_SINGLE_ADDPRODUCTIONBUILDINGS,Amount,ARGTYPE_IDENTITY,15,,
KILWA_SINGLE_ADDPRODUCTIONDISTRICTS,Amount,ARGTYPE_IDENTITY,15,,
KILWA_PLAYERCITIES_ADDSCIENCEYIELD,Amount,ARGTYPE_IDENTITY,15,,
KILWA_PLAYERCITIES_ADDSCIENCEYIELD,YieldType,ARGTYPE_IDENTITY,YIELD_SCIENCE,,
KILWA_PLAYERCITIES_ADDFAITHYIELD,Amount,ARGTYPE_IDENTITY,15,,
KILWA_PLAYERCITIES_ADDFAITHYIELD,YieldType,ARGTYPE_IDENTITY,YIELD_FAITH,,
KILWA_PLAYERCITIES_ADDGOLDYIELD,Amount,ARGTYPE_IDENTITY,15,,
KILWA_PLAYERCITIES_ADDGOLDYIELD,YieldType,ARGTYPE_IDENTITY,YIELD_GOLD,,
KILWA_PLAYERCITIES_ADDCULTUREYIELD,Amount,ARGTYPE_IDENTITY,15,,
KILWA_PLAYERCITIES_ADDCULTUREYIELD,YieldType,ARGTYPE_IDENTITY,YIELD_CULTURE,,
KILWA_PLAYERCITIES_ADDPRODUCTIONUNITS,Amount,ARGTYPE_IDENTITY,15,,
KILWA_PLAYERCITIES_ADDPRODUCTIONBUILDINGS,Amount,ARGTYPE_IDENTITY,15,,
KILWA_PLAYERCITIES_ADDPRODUCTIONDISTRICTS,Amount,ARGTYPE_IDENTITY,15,,
KOTOKU_ADDFAITHYIELD,Amount,ARGTYPE_IDENTITY,20,,
KOTOKU_ADDFAITHYIELD,YieldType,ARGTYPE_IDENTITY,YIELD_FAITH,,
KOTOKU_GRANTMONKS,UnitType,ARGTYPE_IDENTITY,UNIT_WARRIOR_MONK,,
KOTOKU_GRANTMONKS,Amount,ARGTYPE_IDENTITY,4,,
STATUELIBERTY_CITIES_ALWAYS_LOYAL,AlwaysLoyal,ARGTYPE_IDENTITY,1,,
STATUELIBERTY_GRANTSETTLERS,UnitType,ARGTYPE_IDENTITY,UNIT_SETTLER,,
STATUELIBERTY_GRANTSETTLERS,Amount,ARGTYPE_IDENTITY,2,,
STBASILS_ADDRELIGIOUSTOURISM,Religious,ARGTYPE_IDENTITY,1,,
STBASILS_ADDRELIGIOUSTOURISM,ScalingFactor,ARGTYPE_IDENTITY,200,,
STBASILS_ADDFOOD,ModifierId,ARGTYPE_IDENTITY,STBASILS_ADDFOOD_MODIFIER,,
STBASILS_ADDFOOD_MODIFIER,YieldType,ARGTYPE_IDENTITY,YIELD_FOOD,,
STBASILS_ADDFOOD_MODIFIER,Amount,ARGTYPE_IDENTITY,1,,
STBASILS_ADDPRODUCTION,ModifierId,ARGTYPE_IDENTITY,STBASILS_ADDPRODUCTION_MODIFIER,,
STBASILS_ADDPRODUCTION_MODIFIER,YieldType,ARGTYPE_IDENTITY,YIELD_PRODUCTION,,
STBASILS_ADDPRODUCTION_MODIFIER,Amount,ARGTYPE_IDENTITY,1,,
STBASILS_ADDCULTURE,ModifierId,ARGTYPE_IDENTITY,STBASILS_ADDCULTURE_MODIFIER,,
STBASILS_ADDCULTURE_MODIFIER,YieldType,ARGTYPE_IDENTITY,YIELD_CULTURE,,
STBASILS_ADDCULTURE_MODIFIER,Amount,ARGTYPE_IDENTITY,1,,
TAJ_MAHAL_EXTRA_ERA_SCORE,Amount,ARGTYPE_IDENTITY,1,,
TAJ_MAHAL_EXTRA_ERA_SCORE,MinScore,ARGTYPE_IDENTITY,2,,
TEMPLE_ARTEMIS_CAMP_AMENITY,Amount,ARGTYPE_IDENTITY,1,,
TEMPLE_ARTEMIS_PASTURE_AMENITY,Amount,ARGTYPE_IDENTITY,1,,
TEMPLE_ARTEMIS_PLANTATION_AMENITY,Amount,ARGTYPE_IDENTITY,1,,
TRAIT_TRADE_GAIN_TILES_EN_ROUTE,GainTileRadius,ARGTYPE_IDENTITY,3,,
TRAIT_POTTERY_TRADE_ROUTE,Amount,ARGTYPE_IDENTITY,1,,
TRAIT_POTTERY_ADD_TRADER,UnitType,ARGTYPE_IDENTITY,UNIT_TRADER,,
TRAIT_POTTERY_ADD_TRADER,AllowUniqueOverride,ARGTYPE_IDENTITY,0,,
TRAIT_POTTERY_ADD_TRADER,Amount,ARGTYPE_IDENTITY,1,,
TRAIT_HARBOR_CULTURE_BOMB,DistrictType,ARGTYPE_IDENTITY,DISTRICT_HARBOR,,
TRAIT_CAMPUS_RIVER_ADJACENCY,Amount,ARGTYPE_IDENTITY,2,,
TRAIT_CAMPUS_RIVER_ADJACENCY,Description,ARGTYPE_IDENTITY,LOC_DISTRICT_RIVER_SCIENCE,,
TRAIT_CAMPUS_RIVER_ADJACENCY,DistrictType,ARGTYPE_IDENTITY,DISTRICT_CAMPUS,,
TRAIT_CAMPUS_RIVER_ADJACENCY,YieldType,ARGTYPE_IDENTITY,YIELD_SCIENCE,,
TRAIT_INDUSTRIAL_ZONE_RIVER_ADJACENCY,Amount,ARGTYPE_IDENTITY,2,,
TRAIT_INDUSTRIAL_ZONE_RIVER_ADJACENCY,Description,ARGTYPE_IDENTITY,LOC_DISTRICT_RIVER_PRODUCTION,,
TRAIT_INDUSTRIAL_ZONE_RIVER_ADJACENCY,DistrictType,ARGTYPE_IDENTITY,DISTRICT_INDUSTRIAL_ZONE,,
TRAIT_INDUSTRIAL_ZONE_RIVER_ADJACENCY,YieldType,ARGTYPE_IDENTITY,YIELD_PRODUCTION,,
TRAIT_THEATER_DISTRICT_RIVER_ADJACENCY,Amount,ARGTYPE_IDENTITY,2,,
TRAIT_THEATER_DISTRICT_RIVER_ADJACENCY,Description,ARGTYPE_IDENTITY,LOC_DISTRICT_RIVER_CULTURE,,
TRAIT_THEATER_DISTRICT_RIVER_ADJACENCY,DistrictType,ARGTYPE_IDENTITY,DISTRICT_THEATER,,
TRAIT_THEATER_DISTRICT_RIVER_ADJACENCY,YieldType,ARGTYPE_IDENTITY,YIELD_CULTURE,,
TRAIT_TRADING_POST_DIPLO_VISIBILITY,Amount,ARGTYPE_IDENTITY,1,,
TRAIT_TRADING_POST_DIPLO_VISIBILITY,Source,ARGTYPE_IDENTITY,SOURCE_TRADING_POST_TRAIT,,
TRAIT_IMMEDIATE_TRADING_POST,ImmediateTradingPost,ARGTYPE_IDENTITY,1,,
TRAIT_EACH_DIPLO_VISIBILITY_COMBAT_MODIFIER,Amount,ARGTYPE_IDENTITY,3,,
TRAIT_EACH_DIPLO_VISIBILITY_COMBAT_MODIFIER,DeltaWithOpponent,ARGTYPE_IDENTITY,1,,
TRAIT_MINES_SCIENCE_SEOWON,YieldType,ARGTYPE_IDENTITY,YIELD_SCIENCE,,
TRAIT_MINES_SCIENCE_SEOWON,Amount,ARGTYPE_IDENTITY,1,,
TRAIT_FARMS_FOOD_SEOWON,YieldType,ARGTYPE_IDENTITY,YIELD_FOOD,,
TRAIT_FARMS_FOOD_SEOWON,Amount,ARGTYPE_IDENTITY,1,,
TRAIT_ALLOW_QUESTS_IN_GOLDEN_AGE,Amount,ARGTYPE_IDENTITY,1,,
TRAIT_WALLS_PRODUCTION,BuildingType,ARGTYPE_IDENTITY,BUILDING_CASTLE,,
TRAIT_WALLS_PRODUCTION,Amount,ARGTYPE_IDENTITY,50,,
TRAIT_CASTLE_PRODUCTION,BuildingType,ARGTYPE_IDENTITY,BUILDING_WALLS,,
TRAIT_CASTLE_PRODUCTION,Amount,ARGTYPE_IDENTITY,50,,
TRAIT_STAR_FORT_PRODUCTION,BuildingType,ARGTYPE_IDENTITY,BUILDING_STAR_FORT,,
TRAIT_STAR_FORT_PRODUCTION,Amount,ARGTYPE_IDENTITY,50,,
TRAIT_TSIKHE_PRODUCTION,BuildingType,ARGTYPE_IDENTITY,BUILDING_TSIKHE,,
TRAIT_TSIKHE_PRODUCTION,Amount,ARGTYPE_IDENTITY,50,,
TRAIT_SCIENCE_HAPPY,YieldType,ARGTYPE_IDENTITY,YIELD_SCIENCE,,
TRAIT_SCIENCE_HAPPY,HappinessType,ARGTYPE_IDENTITY,HAPPINESS_HAPPY,,
TRAIT_SCIENCE_HAPPY,Amount,ARGTYPE_IDENTITY,5,,
TRAIT_SCIENCE_ECSTATIC,YieldType,ARGTYPE_IDENTITY,YIELD_SCIENCE,,
TRAIT_SCIENCE_ECSTATIC,HappinessType,ARGTYPE_IDENTITY,HAPPINESS_ECSTATIC,,
TRAIT_SCIENCE_ECSTATIC,Amount,ARGTYPE_IDENTITY,10,,
TRAIT_PRODUCTION_HAPPY,YieldType,ARGTYPE_IDENTITY,YIELD_PRODUCTION,,
TRAIT_PRODUCTION_HAPPY,HappinessType,ARGTYPE_IDENTITY,HAPPINESS_HAPPY,,
TRAIT_PRODUCTION_HAPPY,Amount,ARGTYPE_IDENTITY,5,,
TRAIT_PRODUCTION_ECSTATIC,YieldType,ARGTYPE_IDENTITY,YIELD_PRODUCTION,,
TRAIT_PRODUCTION_ECSTATIC,HappinessType,ARGTYPE_IDENTITY,HAPPINESS_ECSTATIC,,
TRAIT_PRODUCTION_ECSTATIC,Amount,ARGTYPE_IDENTITY,10,,
TRAIT_SCIENTIST_HAPPY,GreatPersonClassType,ARGTYPE_IDENTITY,GREAT_PERSON_CLASS_SCIENTIST,,
TRAIT_SCIENTIST_HAPPY,HappinessType,ARGTYPE_IDENTITY,HAPPINESS_HAPPY,,
TRAIT_SCIENTIST_HAPPY,Amount,ARGTYPE_IDENTITY,1,,
TRAIT_SCIENTIST_ECSTATIC,GreatPersonClassType,ARGTYPE_IDENTITY,GREAT_PERSON_CLASS_SCIENTIST,,
TRAIT_SCIENTIST_ECSTATIC,HappinessType,ARGTYPE_IDENTITY,HAPPINESS_ECSTATIC,,
TRAIT_SCIENTIST_ECSTATIC,Amount,ARGTYPE_IDENTITY,2,,
TRAIT_ENGINEER_HAPPY,GreatPersonClassType,ARGTYPE_IDENTITY,GREAT_PERSON_CLASS_ENGINEER,,
TRAIT_ENGINEER_HAPPY,HappinessType,ARGTYPE_IDENTITY,HAPPINESS_HAPPY,,
TRAIT_ENGINEER_HAPPY,Amount,ARGTYPE_IDENTITY,1,,
TRAIT_ENGINEER_ECSTATIC,GreatPersonClassType,ARGTYPE_IDENTITY,GREAT_PERSON_CLASS_ENGINEER,,
TRAIT_ENGINEER_ECSTATIC,HappinessType,ARGTYPE_IDENTITY,HAPPINESS_ECSTATIC,,
TRAIT_ENGINEER_ECSTATIC,Amount,ARGTYPE_IDENTITY,2,,
TRAIT_TOQUI_UNIT_EXPERIENCE_FROM_GOVERNOR,ModifierId,ARGTYPE_IDENTITY,TOQUI_UNIT_XP_FROM_GOVERNOR_MODIFIER,,
TOQUI_UNIT_XP_FROM_GOVERNOR_MODIFIER,AbilityType,ARGTYPE_IDENTITY,ABILITY_TOQUI_XP_FROM_GOVERNOR,,
TRAIT_TOQUI_UNIT_EXPERIENCE_FROM_GOVERNOR_NOT_FOUNDED,ModifierId,ARGTYPE_IDENTITY,TOQUI_UNIT_XP_FROM_GOVERNOR_MODIFIER_NOT_FOUNDED,,
TOQUI_UNIT_XP_FROM_GOVERNOR_MODIFIER_NOT_FOUNDED,AbilityType,ARGTYPE_IDENTITY,ABILITY_TOQUI_XP_FROM_GOVERNOR_NOT_FOUNDED,,
TOQUI_CULTURE_FROM_GOVERNOR,YieldType,ARGTYPE_IDENTITY,YIELD_CULTURE,,
TOQUI_CULTURE_FROM_GOVERNOR,Amount,ARGTYPE_IDENTITY,5,,
TOQUI_CULTURE_GOVERNOR_NOT_FOUNDED,YieldType,ARGTYPE_IDENTITY,YIELD_CULTURE,,
TOQUI_CULTURE_GOVERNOR_NOT_FOUNDED,Amount,ARGTYPE_IDENTITY,15,,
TOQUI_PRODUCTION_FROM_GOVERNOR,YieldType,ARGTYPE_IDENTITY,YIELD_PRODUCTION,,
TOQUI_PRODUCTION_FROM_GOVERNOR,Amount,ARGTYPE_IDENTITY,5,,
TOQUI_PRODUCTION_GOVERNOR_NOT_FOUNDED,YieldType,ARGTYPE_IDENTITY,YIELD_PRODUCTION,,
TOQUI_PRODUCTION_GOVERNOR_NOT_FOUNDED,Amount,ARGTYPE_IDENTITY,15,,
TOQUI_DOMESTIC_LOYALTY,DomesticCities,ARGTYPE_IDENTITY,1,,
TOQUI_DOMESTIC_LOYALTY,OncePerCity,ARGTYPE_IDENTITY,1,,
TOQUI_DOMESTIC_LOYALTY,Amount,ARGTYPE_IDENTITY,4,,
TOQUI_FOREIGN_LOYALTY,ForeignCities,ARGTYPE_IDENTITY,1,,
TOQUI_FOREIGN_LOYALTY,OncePerCity,ARGTYPE_IDENTITY,1,,
TOQUI_FOREIGN_LOYALTY,Amount,ARGTYPE_IDENTITY,4,,
TRAIT_TOQUI_COMBAT_BONUS_VS_GOLDEN_AGE_CIV,Amount,ARGTYPE_IDENTITY,10,,
TRAIT_ISIBONGO_GARRISONIDENTITY,Amount,ARGTYPE_IDENTITY,3,,
TRAIT_ISIBONGO_GARRISONFORMATIONIDENTITY,Amount,ARGTYPE_IDENTITY,2,,
TRAIT_IKANDA_BARRACKS_GOLD,BuildingType,ARGTYPE_IDENTITY,BUILDING_BARRACKS,,
TRAIT_IKANDA_BARRACKS_GOLD,YieldType,ARGTYPE_IDENTITY,YIELD_GOLD,,
TRAIT_IKANDA_BARRACKS_GOLD,Amount,ARGTYPE_IDENTITY,2,,
TRAIT_IKANDA_BARRACKS_SCIENCE,BuildingType,ARGTYPE_IDENTITY,BUILDING_BARRACKS,,
TRAIT_IKANDA_BARRACKS_SCIENCE,YieldType,ARGTYPE_IDENTITY,YIELD_SCIENCE,,
TRAIT_IKANDA_BARRACKS_SCIENCE,Amount,ARGTYPE_IDENTITY,1,,
TRAIT_IKANDA_STABLE_GOLD,BuildingType,ARGTYPE_IDENTITY,BUILDING_STABLE,,
TRAIT_IKANDA_STABLE_GOLD,YieldType,ARGTYPE_IDENTITY,YIELD_GOLD,,
TRAIT_IKANDA_STABLE_GOLD,Amount,ARGTYPE_IDENTITY,2,,
TRAIT_IKANDA_STABLE_SCIENCE,BuildingType,ARGTYPE_IDENTITY,BUILDING_STABLE,,
TRAIT_IKANDA_STABLE_SCIENCE,YieldType,ARGTYPE_IDENTITY,YIELD_SCIENCE,,
TRAIT_IKANDA_STABLE_SCIENCE,Amount,ARGTYPE_IDENTITY,1,,
TRAIT_IKANDA_ARMORY_GOLD,BuildingType,ARGTYPE_IDENTITY,BUILDING_ARMORY,,
TRAIT_IKANDA_ARMORY_GOLD,YieldType,ARGTYPE_IDENTITY,YIELD_GOLD,,
TRAIT_IKANDA_ARMORY_GOLD,Amount,ARGTYPE_IDENTITY,2,,
TRAIT_IKANDA_ARMORY_SCIENCE,BuildingType,ARGTYPE_IDENTITY,BUILDING_ARMORY,,
TRAIT_IKANDA_ARMORY_SCIENCE,YieldType,ARGTYPE_IDENTITY,YIELD_SCIENCE,,
TRAIT_IKANDA_ARMORY_SCIENCE,Amount,ARGTYPE_IDENTITY,1,,
TRAIT_IKANDA_MILITARY_ACADEMY_GOLD,BuildingType,ARGTYPE_IDENTITY,BUILDING_MILITARY_ACADEMY,,
TRAIT_IKANDA_MILITARY_ACADEMY_GOLD,YieldType,ARGTYPE_IDENTITY,YIELD_GOLD,,
TRAIT_IKANDA_MILITARY_ACADEMY_GOLD,Amount,ARGTYPE_IDENTITY,2,,
TRAIT_IKANDA_MILITARY_ACADEMY_SCIENCE,BuildingType,ARGTYPE_IDENTITY,BUILDING_MILITARY_ACADEMY,,
TRAIT_IKANDA_MILITARY_ACADEMY_SCIENCE,YieldType,ARGTYPE_IDENTITY,YIELD_SCIENCE,,
TRAIT_IKANDA_MILITARY_ACADEMY_SCIENCE,Amount,ARGTYPE_IDENTITY,1,,
IKANDA_TRAINED_CORPS_ARMY_DISCOUNT,UnitDomain,ARGTYPE_IDENTITY,DOMAIN_LAND,,
IKANDA_TRAINED_CORPS_ARMY_DISCOUNT,Amount,ARGTYPE_IDENTITY,25,,
EYESAHARA_PRODUCTION_ATOMIC,YieldType,ARGTYPE_IDENTITY,YIELD_PRODUCTION,,
EYESAHARA_PRODUCTION_ATOMIC,Amount,ARGTYPE_IDENTITY,1,,
EYESAHARA_SCIENCE_ATOMIC,YieldType,ARGTYPE_IDENTITY,YIELD_SCIENCE,,
EYESAHARA_SCIENCE_ATOMIC,Amount,ARGTYPE_IDENTITY,3,,
GREAT_GENERAL_ZHANGYE,GreatPersonClassType,ARGTYPE_IDENTITY,GREAT_PERSON_CLASS_GENERAL,,
GREAT_GENERAL_ZHANGYE,Amount,ARGTYPE_IDENTITY,2,,
GREAT_MERCHANT_ZHANGYE,GreatPersonClassType,ARGTYPE_IDENTITY,GREAT_PERSON_CLASS_MERCHANT,,
GREAT_MERCHANT_ZHANGYE,Amount,ARGTYPE_IDENTITY,2,,
MATTERHORN_ADJACENT_UNITS_GRANT_ABILITY,AbilityType,ARGTYPE_IDENTITY,ABILITY_ALPINE_TRAINING,,
GOLFCOURSE_AMENITY,Amount,ARGTYPE_IDENTITY,1,,
GOLFCOURSE_HOUSING_WITHGLOBLIZATION,Amount,ARGTYPE_IDENTITY,1,,
MEKEWAP_HOUSING_WITHCIVILSERVICE,Amount,ARGTYPE_IDENTITY,1,,
MEKEWAP_LUXURY_GOLD,YieldType,ARGTYPE_IDENTITY,YIELD_GOLD,,
MEKEWAP_LUXURY_GOLD,Amount,ARGTYPE_IDENTITY,1,,
STATUELIBERTY_DIPLOVP,Amount,ARGTYPE_IDENTITY,4,,
STATUELIBERTY_DIPLOVP,Tooltip,ARGTYPE_IDENTITY,LOC_DVP_TOOLTIP_OTHER_SOURCES,,
ORDU_ADJUST_RESOURCE_STOCKPILE_CAP,Amount,ARGTYPE_IDENTITY,10,,
TRAIT_FLOOD_BARRIER_PRODUCTION,BuildingType,ARGTYPE_IDENTITY,BUILDING_FLOOD_BARRIER,,
TRAIT_FLOOD_BARRIER_PRODUCTION,Amount,ARGTYPE_IDENTITY,50,,
TRAIT_DAM_PRODUCTION_PRODUCTION,DistrictType,ARGTYPE_IDENTITY,DISTRICT_DAM,,
TRAIT_DAM_PRODUCTION_PRODUCTION,Amount,ARGTYPE_IDENTITY,50,,
ROCKBAND_SPACE_ROCK_SEOWON,DistrictType,ARGTYPE_IDENTITY,DISTRICT_SEOWON,,
ROCKBAND_SPACE_ROCK_SEOWON,Amount,ARGTYPE_IDENTITY,1,,
ROCKBAND_SPACE_ROCK_SEOWON_MODIFIER,DistrictType,ARGTYPE_IDENTITY,DISTRICT_SEOWON,,
ROCKBAND_SPACE_ROCK_SEOWON_MODIFIER,Amount,ARGTYPE_IDENTITY,500,,
GOLFCOURSE_AMENITIES,Amount,ARGTYPE_IDENTITY,1,,
AGENDA_GOSSIP_POSITIVE,InitialValue,ARGTYPE_IDENTITY,6,,
AGENDA_GOSSIP_POSITIVE,StatementKey,ARGTYPE_IDENTITY,LOC_DIPLO_KUDO_LEADER_ANY_REASON_AGENDA_GOSSIP_POSITIVE,,
AGENDA_GOSSIP_POSITIVE,HiddenAgenda,ARGTYPE_IDENTITY,1,,
AGENDA_GOSSIP_POSITIVE,SimpleModifierDescription,ARGTYPE_IDENTITY,LOC_DIPLO_MODIFIER_DESCRIPTION_GOSSIP_POSITIVE,,
AGENDA_GOSSIP_NEGATIVE,InitialValue,ARGTYPE_IDENTITY,-6,,
AGENDA_GOSSIP_NEGATIVE,StatementKey,ARGTYPE_IDENTITY,LOC_DIPLO_WARNING_LEADER_ANY_REASON_AGENDA_GOSSIP_NEGATIVE,,
AGENDA_GOSSIP_NEGATIVE,HiddenAgenda,ARGTYPE_IDENTITY,1,,
AGENDA_GOSSIP_NEGATIVE,SimpleModifierDescription,ARGTYPE_IDENTITY,LOC_DIPLO_MODIFIER_DESCRIPTION_GOSSIP_NEGATIVE,,
AGENDA_SYCOPHANT_GOLDEN_AGE,InitialValue,ARGTYPE_IDENTITY,6,,
AGENDA_SYCOPHANT_GOLDEN_AGE,StatementKey,ARGTYPE_IDENTITY,LOC_DIPLO_KUDO_LEADER_ANY_REASON_AGENDA_SYCOPHANT_GOLDEN_AGE,,
AGENDA_SYCOPHANT_GOLDEN_AGE,HiddenAgenda,ARGTYPE_IDENTITY,1,,
AGENDA_SYCOPHANT_GOLDEN_AGE,SimpleModifierDescription,ARGTYPE_IDENTITY,LOC_DIPLO_MODIFIER_DESCRIPTION_SYCOPHANT_GOLDEN_AGE,,
AGENDA_SYCOPHANT_DARK_AGE,InitialValue,ARGTYPE_IDENTITY,-6,,
AGENDA_SYCOPHANT_DARK_AGE,StatementKey,ARGTYPE_IDENTITY,LOC_DIPLO_WARNING_LEADER_ANY_REASON_AGENDA_SYCOPHANT_DARK_AGE,,
AGENDA_SYCOPHANT_DARK_AGE,HiddenAgenda,ARGTYPE_IDENTITY,1,,
AGENDA_SYCOPHANT_DARK_AGE,SimpleModifierDescription,ARGTYPE_IDENTITY,LOC_DIPLO_MODIFIER_DESCRIPTION_SYCOPHANT_DARK_AGE,,
AGENDA_SYMPATHIZER_DARK_AGE,InitialValue,ARGTYPE_IDENTITY,6,,
AGENDA_SYMPATHIZER_DARK_AGE,StatementKey,ARGTYPE_IDENTITY,LOC_DIPLO_KUDO_LEADER_ANY_REASON_AGENDA_SYMPATHIZER_DARK_AGE,,
AGENDA_SYMPATHIZER_DARK_AGE,SimpleModifierDescription,ARGTYPE_IDENTITY,LOC_DIPLO_MODIFIER_DESCRIPTION_SYMPATHIZER_DARK_AGE,,
AGENDA_SYMPATHIZER_DARK_AGE,HiddenAgenda,ARGTYPE_IDENTITY,1,,
AGENDA_SYMPATHIZER_GOLDEN_AGE,InitialValue,ARGTYPE_IDENTITY,-6,,
AGENDA_SYMPATHIZER_GOLDEN_AGE,StatementKey,ARGTYPE_IDENTITY,LOC_DIPLO_WARNING_LEADER_ANY_REASON_AGENDA_SYMPATHIZER_GOLDEN_AGE,,
AGENDA_SYMPATHIZER_GOLDEN_AGE,HiddenAgenda,ARGTYPE_IDENTITY,1,,
AGENDA_SYMPATHIZER_GOLDEN_AGE,SimpleModifierDescription,ARGTYPE_IDENTITY,LOC_DIPLO_MODIFIER_DESCRIPTION_SYMPATHIZER_GOLDEN_AGE,,
ALLIANCE_ADJUST_RELIGIOUS_COMBAT_STRENGTH,Amount,ARGTYPE_IDENTITY,10,,
ALLIANCE_ADJUST_PLAYER_TRADE_ROUTE_CAPACITY,Amount,ARGTYPE_IDENTITY,1,,
ALLIANCE_ADJUST_COMBAT_STRENGTH,Amount,ARGTYPE_IDENTITY,5,,
ALLIANCE_ADJUST_DISTRICT_GREAT_PEOPLE_POINTS,Amount,ARGTYPE_IDENTITY,1,,
ALLIANCE_ADD_SCIENCE_TO_ORIGIN_TRADE_ROUTE,Amount,ARGTYPE_IDENTITY,2,,
ALLIANCE_ADD_SCIENCE_TO_ORIGIN_TRADE_ROUTE,YieldType,ARGTYPE_IDENTITY,YIELD_SCIENCE,,
ALLIANCE_ADD_SCIENCE_TO_ORIGIN_TRADE_ROUTE,AffectOrigin,ARGTYPE_IDENTITY,1,,
ALLIANCE_ADD_SCIENCE_TO_DESTINATION_TRADE_ROUTE,Amount,ARGTYPE_IDENTITY,1,,
ALLIANCE_ADD_SCIENCE_TO_DESTINATION_TRADE_ROUTE,YieldType,ARGTYPE_IDENTITY,YIELD_SCIENCE,,
ALLIANCE_ADD_SCIENCE_TO_DESTINATION_TRADE_ROUTE,AffectDestination,ARGTYPE_IDENTITY,1,,
ALLIANCE_ADD_CULTURE_TO_ORIGIN_TRADE_ROUTE,Amount,ARGTYPE_IDENTITY,2,,
ALLIANCE_ADD_CULTURE_TO_ORIGIN_TRADE_ROUTE,YieldType,ARGTYPE_IDENTITY,YIELD_CULTURE,,
ALLIANCE_ADD_CULTURE_TO_ORIGIN_TRADE_ROUTE,AffectOrigin,ARGTYPE_IDENTITY,1,,
ALLIANCE_ADD_CULTURE_TO_DESTINATION_TRADE_ROUTE,Amount,ARGTYPE_IDENTITY,1,,
ALLIANCE_ADD_CULTURE_TO_DESTINATION_TRADE_ROUTE,YieldType,ARGTYPE_IDENTITY,YIELD_CULTURE,,
ALLIANCE_ADD_CULTURE_TO_DESTINATION_TRADE_ROUTE,AffectDestination,ARGTYPE_IDENTITY,1,,
ALLIANCE_ADD_FAITH_TO_ORIGIN_TRADE_ROUTE,Amount,ARGTYPE_IDENTITY,2,,
ALLIANCE_ADD_FAITH_TO_ORIGIN_TRADE_ROUTE,YieldType,ARGTYPE_IDENTITY,YIELD_FAITH,,
ALLIANCE_ADD_FAITH_TO_ORIGIN_TRADE_ROUTE,AffectOrigin,ARGTYPE_IDENTITY,1,,
ALLIANCE_ADD_FAITH_TO_DESTINATION_TRADE_ROUTE,Amount,ARGTYPE_IDENTITY,1,,
ALLIANCE_ADD_FAITH_TO_DESTINATION_TRADE_ROUTE,YieldType,ARGTYPE_IDENTITY,YIELD_FAITH,,
ALLIANCE_ADD_FAITH_TO_DESTINATION_TRADE_ROUTE,AffectDestination,ARGTYPE_IDENTITY,1,,
ALLIANCE_ADD_GOLD_TO_ORIGIN_TRADE_ROUTE,Amount,ARGTYPE_IDENTITY,4,,
ALLIANCE_ADD_GOLD_TO_ORIGIN_TRADE_ROUTE,YieldType,ARGTYPE_IDENTITY,YIELD_GOLD,,
ALLIANCE_ADD_GOLD_TO_ORIGIN_TRADE_ROUTE,AffectOrigin,ARGTYPE_IDENTITY,1,,
ALLIANCE_ADD_GOLD_TO_DESTINATION_TRADE_ROUTE,Amount,ARGTYPE_IDENTITY,2,,
ALLIANCE_ADD_GOLD_TO_DESTINATION_TRADE_ROUTE,YieldType,ARGTYPE_IDENTITY,YIELD_GOLD,,
ALLIANCE_ADD_GOLD_TO_DESTINATION_TRADE_ROUTE,AffectDestination,ARGTYPE_IDENTITY,1,,
ALLIANCE_INCREASE_PRODUCTION_WHEN_WAR,Amount,ARGTYPE_IDENTITY,15,,
ALLIANCE_FREE_UNIT_UPGRADE,Amount,ARGTYPE_IDENTITY,-1,,
ALLIANCE_ENVOY_POINTS_FROM_ALLIANCE,Amount,ARGTYPE_IDENTITY,1,,
ALLIANCE_RESEARCH_AGREEMENT,Amount,ARGTYPE_IDENTITY,30,,
ALLIANCE_SCIENCE_SHARING_FROM_ALLY,Amount,ARGTYPE_IDENTITY,10,,
ALLIANCE_TOURISM_SHARING_FROM_ALLY,Amount,ARGTYPE_IDENTITY,20,,
ALLIANCE_CULTURE_SHARING_FROM_ALLY,Amount,ARGTYPE_IDENTITY,10,,
ALLIANCE_YIELDS_FROM_FOLLOWING_ALLY_RELIGION,Amount,ARGTYPE_IDENTITY,1,,
ALLIANCE_YIELDS_FROM_FOLLOWING_ALLY_RELIGION,YieldType,ARGTYPE_IDENTITY,YIELD_FAITH,,
ALLIANCE_RELIGIOUS_PRESSURE,Amount,ARGTYPE_IDENTITY,20,,
PAPAL_PRIMACY_PRESSURE_ON_ADOPTION,Amount,ARGTYPE_IDENTITY,200,,
GOV_TALL_AMENITY_BUFF,Amount,ARGTYPE_IDENTITY,2,,
GOV_TALL_LOYALTY_DEBUFF,Amount,ARGTYPE_IDENTITY,-2,,
GOV_TALL_HOUSING_BUFF,Amount,ARGTYPE_IDENTITY,4,,
GOV_SETTLER_COST_REDUCTION,UnitType,ARGTYPE_IDENTITY,UNIT_SETTLER,,
GOV_SETTLER_COST_REDUCTION,Amount,ARGTYPE_IDENTITY,50,,
BUILDING_GOV_CITYSTATES_LEVERAGED_UNIT_STRENGTH,ModifierId,ARGTYPE_IDENTITY,GOV_CITYSTATES_COMBAT_MODIFIER,,
BUILDING_GOV_CITYSTATES_UNIT_STRENGTH,ModifierId,ARGTYPE_IDENTITY,GOV_CITYSTATES_COMBAT_MODIFIER,,
GOV_CITYSTATES_COMBAT_MODIFIER,Amount,ARGTYPE_IDENTITY,4,,
BUILDING_GOV_LEVY_DISCOUNT,Percent,ARGTYPE_IDENTITY,50,,
GOV_FAITH_PURCHASE_RECON,Tag,ARGTYPE_IDENTITY,CLASS_RECON,,
GOV_FAITH_PURCHASE_MELEE,Tag,ARGTYPE_IDENTITY,CLASS_MELEE,,
GOV_FAITH_PURCHASE_RANGED,Tag,ARGTYPE_IDENTITY,CLASS_RANGED,,
GOV_FAITH_PURCHASE_SIEGE,Tag,ARGTYPE_IDENTITY,CLASS_SIEGE,,
GOV_FAITH_PURCHASE_HEAVY_CAVALRY,Tag,ARGTYPE_IDENTITY,CLASS_HEAVY_CAVALRY,,
GOV_FAITH_PURCHASE_LIGHT_CAVALRY,Tag,ARGTYPE_IDENTITY,CLASS_LIGHT_CAVALRY,,
GOV_FAITH_PURCHASE_RANGED_CAVALRY,Tag,ARGTYPE_IDENTITY,CLASS_RANGED_CAVALRY,,
GOV_FAITH_PURCHASE_ANTI_CAVALRY,Tag,ARGTYPE_IDENTITY,CLASS_ANTI_CAVALRY,,
GOV_FAITH_PURCHASE_HEAVY_CHARIOT,Tag,ARGTYPE_IDENTITY,CLASS_HEAVY_CHARIOT,,
GOV_FAITH_PURCHASE_LIGHT_CHARIOT,Tag,ARGTYPE_IDENTITY,CLASS_LIGHT_CHARIOT,,
GOV_FAITH_PILLAGE_IMPROVEMENT_FAITH,Amount,ARGTYPE_IDENTITY,15,,
GOV_FAITH_PILLAGE_DISTRICT_FAITH,Amount,ARGTYPE_IDENTITY,30,,
GOV_GRANT_SPY,Amount,ARGTYPE_IDENTITY,1,,
GOV_ADD_SPY_UNIT,UnitType,ARGTYPE_IDENTITY,UNIT_SPY,,
GOV_ADD_SPY_UNIT,Amount,ARGTYPE_IDENTITY,1,,
GOV_INCREASE_SPY_LEVEL,Amount,ARGTYPE_IDENTITY,1,,
GOV_HEAL_AFTER_DEFEATING_UNIT,Amount,ARGTYPE_IDENTITY,20,,
GOV_PRODUCTION_BOOST_FROM_CAPTURE,DiplomaticYieldSource,ARGTYPE_IDENTITY,CITY_CAPTURED,,
GOV_PRODUCTION_BOOST_FROM_CAPTURE,TurnsActive,ARGTYPE_IDENTITY,5,,
GOV_PRODUCTION_BOOST_FROM_CAPTURE,YieldType,ARGTYPE_IDENTITY,YIELD_PRODUCTION,,
GOV_PRODUCTION_BOOST_FROM_CAPTURE,Amount,ARGTYPE_IDENTITY,20,,
GOV_PRODUCTION_BOOST_FROM_CAPTURE,StackWithOtherDiploYieldModifiers,ARGTYPE_IDENTITY,1,,
GOV_PROJECT_ABILITY,Amount,ARGTYPE_IDENTITY,2,,
GOV_EXTRA_AMPHITHEATER_SLOTS,BuildingType,ARGTYPE_IDENTITY,BUILDING_AMPHITHEATER,,
GOV_EXTRA_AMPHITHEATER_SLOTS,GreatWorkSlotType,ARGTYPE_IDENTITY,GREATWORKSLOT_PALACE,,
GOV_EXTRA_AMPHITHEATER_SLOTS,Amount,ARGTYPE_IDENTITY,1,,
GOV_SETTLER_GRANT_BUILDER,Amount,ARGTYPE_IDENTITY,1,,
GOV_SETTLER_GRANT_BUILDER,UnitType,ARGTYPE_IDENTITY,UNIT_BUILDER,,
FERRIS_WHEEL_TOURISM,Amount,ARGTYPE_IDENTITY,2,,
SHOPPING_MALL_TOURISM,Amount,ARGTYPE_IDENTITY,4,,
AQUARIUM_SEARESOURCE_SCIENCE,YieldType,ARGTYPE_IDENTITY,YIELD_SCIENCE,,
AQUARIUM_SEARESOURCE_SCIENCE,Amount,ARGTYPE_IDENTITY,1,,
AQUARIUM_REEF_SCIENCE,YieldType,ARGTYPE_IDENTITY,YIELD_SCIENCE,,
AQUARIUM_REEF_SCIENCE,Amount,ARGTYPE_IDENTITY,1,,
AQUATICS_CENTER_WONDER_TOURISM,Amount,ARGTYPE_IDENTITY,2,,
ZOO_RAINFOREST_SCIENCE,YieldType,ARGTYPE_IDENTITY,YIELD_SCIENCE,,
ZOO_RAINFOREST_SCIENCE,Amount,ARGTYPE_IDENTITY,1,,
ZOO_MARSH_SCIENCE,YieldType,ARGTYPE_IDENTITY,YIELD_SCIENCE,,
ZOO_MARSH_SCIENCE,Amount,ARGTYPE_IDENTITY,1,,
STADIUM_10_POPULATION_TOURISM,Amount,ARGTYPE_IDENTITY,2,,
STADIUM_20_POPULATION_TOURISM,Amount,ARGTYPE_IDENTITY,5,,
MARKET_TRADE_ROUTE_CAPACITY,Amount,ARGTYPE_IDENTITY,1,,
LIGHTHOUSE_TRADE_ROUTE_CAPACITY,Amount,ARGTYPE_IDENTITY,1,,
MONUMENT_LOYALTY,Amount,ARGTYPE_IDENTITY,1,,
MONUMENT_CULTURE_AT_FULL_LOYALTY,Amount,ARGTYPE_IDENTITY,1,,
MONUMENT_CULTURE_AT_FULL_LOYALTY,YieldType,ARGTYPE_IDENTITY,YIELD_CULTURE,,
COLOSSEUM_IDENTITY,Amount,ARGTYPE_IDENTITY,2,,
GREATLIBRARY_BOOST_SCIENTIST,GreatPersonClass,ARGTYPE_IDENTITY,GREAT_PERSON_CLASS_SCIENTIST,,
GREATLIBRARY_BOOST_SCIENTIST,TechBoost,ARGTYPE_IDENTITY,1,,
GREATLIBRARY_BOOST_SCIENTIST,OtherPlayers,ARGTYPE_IDENTITY,1,,
GOV_BUILDING_TALL_GRANT_GOVERNOR_POINTS,Delta,ARGTYPE_IDENTITY,1,,
GOV_BUILDING_WIDE_GRANT_GOVERNOR_POINTS,Delta,ARGTYPE_IDENTITY,1,,
GOV_BUILDING_CONQUEST_GRANT_GOVERNOR_POINTS,Delta,ARGTYPE_IDENTITY,1,,
GOV_BUILDING_CITYSTATES_GRANT_GOVERNOR_POINTS,Delta,ARGTYPE_IDENTITY,1,,
GOV_BUILDING_FAITH_GRANT_GOVERNOR_POINTS,Delta,ARGTYPE_IDENTITY,1,,
GOV_BUILDING_SPIES_GRANT_GOVERNOR_POINTS,Delta,ARGTYPE_IDENTITY,1,,
GOV_BUILDING_MILITARY_GRANT_GOVERNOR_POINTS,Delta,ARGTYPE_IDENTITY,1,,
GOV_BUILDING_SCIENCE_GRANT_GOVERNOR_POINTS,Delta,ARGTYPE_IDENTITY,1,,
GOV_BUILDING_CULTURE_GRANT_GOVERNOR_POINTS,Delta,ARGTYPE_IDENTITY,1,,
CIVIC_GRANT_PLAYER_GOVERNOR_POINTS,Delta,ARGTYPE_IDENTITY,1,,
CONSERVATION_ARENA_TOURISM,Amount,ARGTYPE_IDENTITY,1,,
TRAIT_ALL_DIPLO_POLICY_ARE_WILDCARDS,ReplacedGovernmentSlotType,ARGTYPE_IDENTITY,SLOT_DIPLOMATIC,,
TRAIT_ALL_DIPLO_POLICY_ARE_WILDCARDS,AddedGovernmentSlotType,ARGTYPE_IDENTITY,SLOT_WILDCARD,,
TRAIT_ALL_DIPLO_POLICY_ARE_WILDCARDS,ReplacesAll,ARGTYPE_IDENTITY,1,,
TRAIT_MISSION_IDENTITY_PER_TURN_MODIFIER,Amount,ARGTYPE_IDENTITY,2,,
TRAIT_FLOODPLAINS_VALID_GOVERNMENT,DistrictType,ARGTYPE_IDENTITY,DISTRICT_GOVERNMENT,,
TRAIT_FLOODPLAINS_VALID_GOVERNMENT,FeatureType,ARGTYPE_IDENTITY,FEATURE_FLOODPLAINS,,
ROYAL_NAVY_DOCKYARD_IDENTITY_PER_TURN_MODIFIER,Amount,ARGTYPE_IDENTITY,4,,
GOVERNMENT_IDENTITY_PER_TURN_MODIFIER,Amount,ARGTYPE_IDENTITY,8,,
DISTRICT_GRANT_PLAYER_GOVERNOR_POINTS,Delta,ARGTYPE_IDENTITY,1,,
MILITARY_EMERGENCY_MEMBER_COMBAT_STRENGTH_ATTACK,Amount,ARGTYPE_IDENTITY,-2,,
MILITARY_EMERGENCY_MEMBER_COMBAT_STRENGTH_DEFEND,Amount,ARGTYPE_IDENTITY,-2,,
MILITARY_EMERGENCY_MEMBER_MOVEMENT_BUFF,Amount,ARGTYPE_IDENTITY,1,,
MILITARY_EMERGENCY_TARGET_CITY_STRIKE_REWARD,Amount,ARGTYPE_IDENTITY,2,,
MILITARY_EMERGENCY_MEMBER_HEALING_REWARD,Type,ARGTYPE_IDENTITY,ALL,,
MILITARY_EMERGENCY_MEMBER_HEALING_REWARD,Amount,ARGTYPE_IDENTITY,5,,
SETTLEMENT_EMERGENCY_MEMBER_MOVEMENT_BUFF,Amount,ARGTYPE_IDENTITY,1,,
SETTLEMENT_EMERGENCY_TARGET_MOVEMENT_BUFF,Amount,ARGTYPE_IDENTITY,1,,
SETTLEMENT_EMERGENCY_MEMBER_GPT_REWARD,Amount,ARGTYPE_IDENTITY,1,,
SETTLEMENT_EMERGENCY_MEMBER_GPT_REWARD,YieldType,ARGTYPE_IDENTITY,YIELD_GOLD,,
SETTLEMENT_EMERGENCY_TARGET_GPT_REWARD,Amount,ARGTYPE_IDENTITY,1,,
SETTLEMENT_EMERGENCY_TARGET_GPT_REWARD,YieldType,ARGTYPE_IDENTITY,YIELD_GOLD,,
CITY_STATE_EMERGENCY_TARGET_ENVOY_GOLD_REWARD,Amount,ARGTYPE_IDENTITY,2,,
CITY_STATE_EMERGENCY_TARGET_ENVOY_GOLD_REWARD,YieldType,ARGTYPE_IDENTITY,YIELD_GOLD,,
CITY_STATE_EMERGENCY_TARGET_ENVOY_GOLD_REWARD,AffectOrigin,ARGTYPE_IDENTITY,1,,
CITY_STATE_EMERGENCY_MEMBER_ENVOY_GOLD_REWARD,Amount,ARGTYPE_IDENTITY,1,,
CITY_STATE_EMERGENCY_MEMBER_ENVOY_GOLD_REWARD,YieldType,ARGTYPE_IDENTITY,YIELD_GOLD,,
RELIGIOUS_EMERGENCY_MEMBER_RELIC_REWARD,Amount,ARGTYPE_IDENTITY,1,,
RELIGIOUS_EMERGENCY_TARGET_PRESSURE_REWARD,Amount,ARGTYPE_IDENTITY,250,,
RELIGIOUS_EMERGENCY_TARGET_PRESSURE_REWARD,Range,ARGTYPE_IDENTITY,9,,
SPYING_EMERGENCY_MEMBER_ANTI_SPY_REWARD,Amount,ARGTYPE_IDENTITY,-10,,
SPYING_EMERGENCY_MEMBER_ANTI_SPY_REWARD,OperationType,ARGTYPE_IDENTITY,UNITOPERATION_SPY_GREAT_WORK_HEIST,,
SPYING_EMERGENCY_TARGET_GRANT_SPY_REWARD,UnitPromotionClassType,ARGTYPE_IDENTITY,PROMOTION_CLASS_SPY,,
NUCLEAR_EMERGENCY_MEMBER_COMBAT_STRENGTH_ATTACK,Amount,ARGTYPE_IDENTITY,-2,,
NUCLEAR_EMERGENCY_MEMBER_COMBAT_STRENGTH_DEFEND,Amount,ARGTYPE_IDENTITY,-2,,
NUCLEAR_EMERGENCY_MEMBER_MOVEMENT_BUFF,Amount,ARGTYPE_IDENTITY,1,,
NUCLEAR_EMERGENCY_MEMBER_COMBAT_STRENGTH_ATTACK_REWARD,Amount,ARGTYPE_IDENTITY,-3,,
NUCLEAR_EMERGENCY_MEMBER_COMBAT_STRENGTH_DEFEND_REWARD,Amount,ARGTYPE_IDENTITY,-3,,
NUCLEAR_EMERGENCY_TARGET_CULTURAL_IDENTITY_REWARD,Amount,ARGTYPE_IDENTITY,-1,,
BACKSTAB_EMERGENCY_MEMBER_COMBAT_STRENGTH_ATTACK,Amount,ARGTYPE_IDENTITY,-3,,
BACKSTAB_EMERGENCY_MEMBER_COMBAT_STRENGTH_DEFEND,Amount,ARGTYPE_IDENTITY,-3,,
BACKSTAB_EMERGENCY_MEMBER_MOVEMENT_BUFF,Amount,ARGTYPE_IDENTITY,1,,
BACKSTAB_EMERGENCY_MEMBER_TRADING_BUFF,Amount,ARGTYPE_IDENTITY,2,,
BACKSTAB_EMERGENCY_MEMBER_TRADING_BUFF,YieldType,ARGTYPE_IDENTITY,YIELD_PRODUCTION,,
BACKSTAB_EMERGENCY_MEMBER_TRADING_BUFF,AffectDestination,ARGTYPE_IDENTITY,1,,
BACKSTAB_EMERGENCY_MEMBER_TRADING_BUFF,AffectOrigin,ARGTYPE_IDENTITY,1,,
BACKSTAB_EMERGENCY_MEMBER_COMBAT_STRENGTH_ATTACK_REWARD,Amount,ARGTYPE_IDENTITY,-3,,
BACKSTAB_EMERGENCY_MEMBER_COMBAT_STRENGTH_DEFEND_REWARD,Amount,ARGTYPE_IDENTITY,-3,,
BACKSTAB_EMERGENCY_TARGET_WAR_WEARINESS_REWARD,Overall,ARGTYPE_IDENTITY,1,,
BACKSTAB_EMERGENCY_TARGET_WAR_WEARINESS_REWARD,Amount,ARGTYPE_IDENTITY,50,,
EMERGENCY_PREVENT_FREE_CITY_BUFF,Amount,ARGTYPE_IDENTITY,20,,
AUTOCRACY_WONDERS,BonusType,ARGTYPE_IDENTITY,GOVERNMENTBONUS_WONDER_CONSTRUCTION,,
AUTOCRACY_WONDERS,Amount,ARGTYPE_IDENTITY,10,,
OLIGARCHY_UNIT_EXPERIENCE,BonusType,ARGTYPE_IDENTITY,GOVERNMENTBONUS_COMBAT_EXPERIENCE,,
OLIGARCHY_UNIT_EXPERIENCE,Amount,ARGTYPE_IDENTITY,20,,
CLASSICAL_REPUBLIC_GREAT_PEOPLE,BonusType,ARGTYPE_IDENTITY,GOVERNMENTBONUS_GREAT_PEOPLE,,
CLASSICAL_REPUBLIC_GREAT_PEOPLE,Amount,ARGTYPE_IDENTITY,15,,
MONARCHY_ENVOYS,BonusType,ARGTYPE_IDENTITY,GOVERNMENTBONUS_ENVOYS,,
MONARCHY_ENVOYS,Amount,ARGTYPE_IDENTITY,50,,
THEOCRACY_FAITH_PURCHASE,BonusType,ARGTYPE_IDENTITY,GOVERNMENTBONUS_FAITH_PURCHASES,,
THEOCRACY_FAITH_PURCHASE,Amount,ARGTYPE_IDENTITY,15,,
MERCHANT_REPUBLIC_DISTRICTS,BonusType,ARGTYPE_IDENTITY,GOVERNMENTBONUS_DISTRICT_PRODUCTION,,
MERCHANT_REPUBLIC_DISTRICTS,Amount,ARGTYPE_IDENTITY,15,,
FASCISM_UNIT_PRODUCTION,BonusType,ARGTYPE_IDENTITY,GOVERNMENTBONUS_UNIT_PRODUCTION,,
FASCISM_UNIT_PRODUCTION,Amount,ARGTYPE_IDENTITY,50,,
DEMOCRACY_GOLD_PURCHASE,BonusType,ARGTYPE_IDENTITY,GOVERNMENTBONUS_GOLD_PURCHASES,,
DEMOCRACY_GOLD_PURCHASE,Amount,ARGTYPE_IDENTITY,15,,
AUTOCRACY_CAPITAL,Amount,ARGTYPE_IDENTITY,1,,
AUTOCRACY_TIER1,Amount,ARGTYPE_IDENTITY,1,,
AUTOCRACY_TIER2,Amount,ARGTYPE_IDENTITY,1,,
AUTOCRACY_TIER3,Amount,ARGTYPE_IDENTITY,1,,
THEOCRACY_RELIGIOUS_PEOPLE,Amount,ARGTYPE_IDENTITY,0.5,,
THEOCRACY_RELIGIOUS_PEOPLE,YieldType,ARGTYPE_IDENTITY,YIELD_FAITH,,
COMMUNISM_PRODUCTIVE_PEOPLE,Amount,ARGTYPE_IDENTITY,0.6,,
COMMUNISM_PRODUCTIVE_PEOPLE,YieldType,ARGTYPE_IDENTITY,YIELD_PRODUCTION,,
CLASSICAL_REPUBLIC_AMENITY,Amount,ARGTYPE_IDENTITY,1,,
CLASSICAL_REPUBLIC_HOUSING,Amount,ARGTYPE_IDENTITY,1,,
OLIGARCHY_MELEE,AbilityType,ARGTYPE_IDENTITY,ABILITY_OLIGARCHY_MELEE_BUFF,,
OLIGARCHY_LEGACY_MELEE,AbilityType,ARGTYPE_IDENTITY,ABILITY_OLIGARCHY_LEGACY_MELEE_BUFF,,
THEOCRACY_RELIGIOUS,AbilityType,ARGTYPE_IDENTITY,ABILITY_THEOCRACY_RELIGIOUS_BUFF,,
THEOCRACY_LEGACY_RELIGIOUS,AbilityType,ARGTYPE_IDENTITY,ABILITY_THEOCRACY_LEGACY_RELIGIOUS_BUFF,,
FASCISM_ATTACK,AbilityType,ARGTYPE_IDENTITY,ABILITY_FASCISM_ATTACK_BUFF,,
FASCISM_LEGACY_ATTACK,AbilityType,ARGTYPE_IDENTITY,ABILITY_FASCISM_LEGACY_ATTACK_BUFF,,
MERCHANT_REPUBLIC_GOLD_MODIFIER,YieldType,ARGTYPE_IDENTITY,YIELD_GOLD,,
MERCHANT_REPUBLIC_GOLD_MODIFIER,Amount,ARGTYPE_IDENTITY,10,,
FASCISM_WAR_WEARINESS,Amount,ARGTYPE_IDENTITY,20,,
FASCISM_WAR_WEARINESS,Overall,ARGTYPE_IDENTITY,1,,
DEFENDER_ADJUST_CITY_DEFENSE_STRENGTH,Amount,ARGTYPE_IDENTITY,5,,
CITY_DEFENDER_ADJUST_ATTACKS_PER_TURN,Amount,ARGTYPE_IDENTITY,1,,
CITY_DEFENDER_FREE_PROMOTIONS,Amount,ARGTYPE_IDENTITY,-1,,
GARRISON_COMMANDER_ADJUST_CITY_COMBAT_BONUS,Amount,ARGTYPE_IDENTITY,5,,
DEFENSE_LOGISTICS_SIEGE_PROTECTION,Protected,ARGTYPE_IDENTITY,1,,
DEFENSE_LOGISTICS_BONUS_STRATEGICS,Amount,ARGTYPE_IDENTITY,1,,
AIR_DEFENSE_INITIATIVE_ANTI_AIR_BONUS,Amount,ARGTYPE_IDENTITY,25,,
LOCAL_INFORMANTS_SPY_DEFENSE_BONUS,Amount,ARGTYPE_IDENTITY,3,,
MESSENGER_GRANT_FREE_ENVOYS,Amount,ARGTYPE_IDENTITY,2,,
EMISSARY_IDENTITY_PRESSURE_TO_FOREIGN_CITIES,Amount,ARGTYPE_IDENTITY,2,,
EMISSARY_IDENTITY_PRESSURE_TO_FOREIGN_CITIES,ForeignCities,ARGTYPE_IDENTITY,1,,
PRESTIGE_IDENTITY_PRESSURE_TO_DOMESTIC_CITIES,Amount,ARGTYPE_IDENTITY,4,,
PRESTIGE_IDENTITY_PRESSURE_TO_DOMESTIC_CITIES,DomesticCities,ARGTYPE_IDENTITY,1,,
AMBASSADOR_ADJUST_CITY_ENVOY_MODIFIER,Percent,ARGTYPE_IDENTITY,100,,
CARDINAL_BISHOP_PRESSURE,Amount,ARGTYPE_IDENTITY,100,,
CARDINAL_BISHOP_FAITH_DISTRICT,YieldType,ARGTYPE_IDENTITY,YIELD_FAITH,,
CARDINAL_BISHOP_FAITH_DISTRICT,Amount,ARGTYPE_IDENTITY,2,,
CARDINAL_GRAND_INQUISITOR_COMBAT,Amount,ARGTYPE_IDENTITY,10,,
CARDINAL_FAITH_PURCHASE_DISTRICT,CanPurchase,ARGTYPE_IDENTITY,1,,
CARDINAL_LAYING_ON_OF_HANDS_RELIGIOUS_HEAL,Amount,ARGTYPE_IDENTITY,100,,
CARDINAL_LAYING_ON_OF_HANDS_HEAL,Amount,ARGTYPE_IDENTITY,100,,
CARDINAL_CITADEL_OF_GOD_PRESSURE,Enable,ARGTYPE_IDENTITY,1,,
CARDINAL_CITADEL_OF_GOD_COMBAT,Enable,ARGTYPE_IDENTITY,1,,
CARDINAL_CITADEL_OF_GOD_FAITH_FINISH_BUILDINGS,YieldType,ARGTYPE_IDENTITY,YIELD_FAITH,,
CARDINAL_CITADEL_OF_GOD_FAITH_FINISH_BUILDINGS,BuildingProductionPercent,ARGTYPE_IDENTITY,25,,
CARDINAL_CITADEL_OF_GOD_FAITH_FINISH_BUILDINGS,IncludeWonder,ARGTYPE_IDENTITY,0,,
CARDINAL_PATRON_SAINT_PROMOTION,Amount,ARGTYPE_IDENTITY,1,,
GROUNDBREAKER_BONUS_HARVEST_YIELDS,Amount,ARGTYPE_IDENTITY,50,,
SURPLUS_LOGISTICS_EXTRA_GROWTH,Amount,ARGTYPE_IDENTITY,20,,
SURPLUS_LOGISTICS_TRADE_ROUTE_FOOD,YieldType,ARGTYPE_IDENTITY,YIELD_FOOD,,
SURPLUS_LOGISTICS_TRADE_ROUTE_FOOD,Amount,ARGTYPE_IDENTITY,2,,
SURPLUS_LOGISTICS_TRADE_ROUTE_FOOD,Domestic,ARGTYPE_IDENTITY,1,,
BLACK_MARKETEER_STRATEGIC_RESOURCE_COST_DISCOUNT,Amount,ARGTYPE_IDENTITY,80,,
EXPEDITION_ADJUST_SETTLERS_CONSUME_POPULATION,Enabled,ARGTYPE_IDENTITY,0,,
INDUSTRIALIST_NUCLEAR_POWER_PLANT_PRODUCTION,BuildingType,ARGTYPE_IDENTITY,BUILDING_POWER_PLANT,,
INDUSTRIALIST_NUCLEAR_POWER_PLANT_PRODUCTION,YieldType,ARGTYPE_IDENTITY,YIELD_PRODUCTION,,
INDUSTRIALIST_NUCLEAR_POWER_PLANT_PRODUCTION,Amount,ARGTYPE_IDENTITY,2,,
INDUSTRIALIST_OIL_POWER_PLANT_PRODUCTION,BuildingType,ARGTYPE_IDENTITY,BUILDING_FOSSIL_FUEL_POWER_PLANT,,
INDUSTRIALIST_OIL_POWER_PLANT_PRODUCTION,YieldType,ARGTYPE_IDENTITY,YIELD_PRODUCTION,,
INDUSTRIALIST_OIL_POWER_PLANT_PRODUCTION,Amount,ARGTYPE_IDENTITY,2,,
INDUSTRIALIST_COAL_POWER_PLANT_PRODUCTION,BuildingType,ARGTYPE_IDENTITY,BUILDING_COAL_POWER_PLANT,,
INDUSTRIALIST_COAL_POWER_PLANT_PRODUCTION,YieldType,ARGTYPE_IDENTITY,YIELD_PRODUCTION,,
INDUSTRIALIST_COAL_POWER_PLANT_PRODUCTION,Amount,ARGTYPE_IDENTITY,2,,
INDUSTRIALIST_RESOURCE_POWER_PROVIDED,Amount,ARGTYPE_IDENTITY,1,,
VERTICAL_INTEGRATION_PRODUCTION_REGIONAL_STACKING,YieldType,ARGTYPE_IDENTITY,YIELD_PRODUCTION,,
GUILDMASTER_ADDITIONAL_BUILDER_CHARGES,ModifierId,ARGTYPE_IDENTITY,GUILDMASTER_ADDITIONAL_BUILDER_CHARGES_UNIT_MODIFIER,,
REINFORCED_INFRASTRUCTURE_PREVENET_STRUCTURAL_DAMAGE,Prevent,ARGTYPE_IDENTITY,1,,
AQUACULTURE_CAN_BUILD_FISHERY,ImprovementType,ARGTYPE_IDENTITY,IMPROVEMENT_FISHERY,,
GUILDMASTER_ADDITIONAL_BUILDER_CHARGES_UNIT_MODIFIER,Amount,ARGTYPE_IDENTITY,1,,
ZONING_COMMISSIONER_FASTER_DISTRICT_CONSTRUCTION,Amount,ARGTYPE_IDENTITY,20,,
WATER_WORKS_NEIGHBORHOOD_HOUSING,Amount,ARGTYPE_IDENTITY,2,,
WATER_WORKS_AQUEDUCT_HOUSING,Amount,ARGTYPE_IDENTITY,2,,
WATER_WORKS_CANAL_AMENITY,Amount,ARGTYPE_IDENTITY,1,,
WATER_WORKS_DAM_AMENITY,Amount,ARGTYPE_IDENTITY,1,,
PARKS_RECREATION_CAN_BUILD_CITY_PARK,ImprovementType,ARGTYPE_IDENTITY,IMPROVEMENT_CITY_PARK,,
LIBRARIAN_SCIENCE_YIELD_BONUS,Amount,ARGTYPE_IDENTITY,15,,
LIBRARIAN_SCIENCE_YIELD_BONUS,YieldType,ARGTYPE_IDENTITY,YIELD_SCIENCE,,
LIBRARIAN_CULTURE_YIELD_BONUS,Amount,ARGTYPE_IDENTITY,15,,
LIBRARIAN_CULTURE_YIELD_BONUS,YieldType,ARGTYPE_IDENTITY,YIELD_CULTURE,,
CONNOISSEUR_CULTURE_CITIZEN,Amount,ARGTYPE_IDENTITY,1,,
CONNOISSEUR_CULTURE_CITIZEN,YieldType,ARGTYPE_IDENTITY,YIELD_CULTURE,,
RESEARCHER_SCIENCE_CITIZEN,Amount,ARGTYPE_IDENTITY,1,,
RESEARCHER_SCIENCE_CITIZEN,YieldType,ARGTYPE_IDENTITY,YIELD_SCIENCE,,
EDUCATOR_INCREASE_CITY_GREAT_PERSON_POINT_BONUS,Amount,ARGTYPE_IDENTITY,100,,
EDUCATOR_FASTER_MANHATTAN_PROJECT_RESEARCH,ProjectType,ARGTYPE_IDENTITY,PROJECT_MANHATTAN_PROJECT,,
EDUCATOR_FASTER_MANHATTAN_PROJECT_RESEARCH,Amount,ARGTYPE_IDENTITY,30,,
EDUCATOR_FASTER_OPERATION_IVY_RESEARCH,ProjectType,ARGTYPE_IDENTITY,PROJECT_OPERATION_IVY,,
EDUCATOR_FASTER_OPERATION_IVY_RESEARCH,Amount,ARGTYPE_IDENTITY,30,,
EDUCATOR_FASTER_NUCLEAR_DEVICE_PRODUCTION,ProjectType,ARGTYPE_IDENTITY,PROJECT_BUILD_NUCLEAR_DEVICE,,
EDUCATOR_FASTER_NUCLEAR_DEVICE_PRODUCTION,Amount,ARGTYPE_IDENTITY,30,,
EDUCATOR_FASTER_THERMONUCLEAR_DEVICE_PRODUCTION,ProjectType,ARGTYPE_IDENTITY,PROJECT_BUILD_THERMONUCLEAR_DEVICE,,
EDUCATOR_FASTER_THERMONUCLEAR_DEVICE_PRODUCTION,Amount,ARGTYPE_IDENTITY,30,,
EDUCATOR_FASTER_SPACE_RACE_PRODUCTION,Amount,ARGTYPE_IDENTITY,30,,
LAND_ACQUISITION_FASTER_PLOT_ANNEXING,Amount,ARGTYPE_IDENTITY,20,,
HARBORMASTER_BONUS_COMMERCIAL_HUB_ADJACENCY,YieldType,ARGTYPE_IDENTITY,YIELD_GOLD,,
HARBORMASTER_BONUS_COMMERCIAL_HUB_ADJACENCY,Amount,ARGTYPE_IDENTITY,100,,
HARBORMASTER_BONUS_HARBOR_ADJACENCY,YieldType,ARGTYPE_IDENTITY,YIELD_GOLD,,
HARBORMASTER_BONUS_HARBOR_ADJACENCY,Amount,ARGTYPE_IDENTITY,100,,
FOREIGN_EXCHANGE_GOLD_FROM_FOREIGN_TRADE_PASSING_THROUGH,YieldType,ARGTYPE_IDENTITY,YIELD_GOLD,,
FOREIGN_EXCHANGE_GOLD_FROM_FOREIGN_TRADE_PASSING_THROUGH,Amount,ARGTYPE_IDENTITY,3,,
TAX_COLLECTOR_ADJUST_CITIZEN_GPT,Amount,ARGTYPE_IDENTITY,2,,
CONTRACTOR_ENABLE_DISTRICT_PURCHASE,CanPurchase,ARGTYPE_IDENTITY,1,,
FORESTRY_MANAGEMENT_FEATURE_NO_IMPROVEMENT_APPEAL,Amount,ARGTYPE_IDENTITY,1,,
CURATOR_DOUBLE_SCULPTURE_TOURISM,GreatWorkObjectType,ARGTYPE_IDENTITY,GREATWORKOBJECT_SCULPTURE,,
CURATOR_DOUBLE_SCULPTURE_TOURISM,ScalingFactor,ARGTYPE_IDENTITY,200,,
CURATOR_DOUBLE_PORTRAIT_TOURISM,GreatWorkObjectType,ARGTYPE_IDENTITY,GREATWORKOBJECT_PORTRAIT,,
CURATOR_DOUBLE_PORTRAIT_TOURISM,ScalingFactor,ARGTYPE_IDENTITY,200,,
CURATOR_DOUBLE_LANDSCAPE_TOURISM,GreatWorkObjectType,ARGTYPE_IDENTITY,GREATWORKOBJECT_LANDSCAPE,,
CURATOR_DOUBLE_LANDSCAPE_TOURISM,ScalingFactor,ARGTYPE_IDENTITY,200,,
CURATOR_DOUBLE_RELIGIOUS_TOURISM,GreatWorkObjectType,ARGTYPE_IDENTITY,GREATWORKOBJECT_RELIGIOUS,,
CURATOR_DOUBLE_RELIGIOUS_TOURISM,ScalingFactor,ARGTYPE_IDENTITY,200,,
CURATOR_DOUBLE_WRITING_TOURISM,GreatWorkObjectType,ARGTYPE_IDENTITY,GREATWORKOBJECT_WRITING,,
CURATOR_DOUBLE_WRITING_TOURISM,ScalingFactor,ARGTYPE_IDENTITY,200,,
CURATOR_DOUBLE_MUSIC_TOURISM,GreatWorkObjectType,ARGTYPE_IDENTITY,GREATWORKOBJECT_MUSIC,,
CURATOR_DOUBLE_MUSIC_TOURISM,ScalingFactor,ARGTYPE_IDENTITY,200,,
RENEWABLE_ENERGY_IMPROVEMENT_PLOTS_GOLD,YieldType,ARGTYPE_IDENTITY,YIELD_GOLD,,
FORESTRY_MANAGEMENT_FEATURE_NO_IMPROVEMENT_GOLD,Amount,ARGTYPE_IDENTITY,2,,
FORESTRY_MANAGEMENT_FEATURE_NO_IMPROVEMENT_GOLD,YieldType,ARGTYPE_IDENTITY,YIELD_GOLD,,
RENEWABLE_ENERGY_IMPROVEMENT_PLOTS_GOLD,Amount,ARGTYPE_IDENTITY,2,,
RENEWABLE_ENERGY_IMPROVEMENT_BUILDING_GOLD,BuildingType,ARGTYPE_IDENTITY,BUILDING_HYDROELECTRIC_DAM,,
RENEWABLE_ENERGY_IMPROVEMENT_BUILDING_GOLD,YieldType,ARGTYPE_IDENTITY,YIELD_GOLD,,
RENEWABLE_ENERGY_IMPROVEMENT_BUILDING_GOLD,Amount,ARGTYPE_IDENTITY,2,,
GREATPERSON_TOGO_HEIHACHIRO_ACTIVE,Amount,ARGTYPE_IDENTITY,6,,
GREATPERSON_FERDINAND_MAGELLAN_ACTIVE,YieldType,ARGTYPE_IDENTITY,YIELD_GOLD,,
GREATPERSON_FERDINAND_MAGELLAN_ACTIVE,Amount,ScaleByGameSpeed,300,,
GREATPERSON_FERDINAND_MAGELLAN_GRANT_PLOT_RESOURCE,Amount,ARGTYPE_IDENTITY,1,,
GREATPERSON_CULTURE_BOMB_TRIGGER_INDUSTRIAL_ZONE,DistrictType,ARGTYPE_IDENTITY,DISTRICT_INDUSTRIAL_ZONE,,
GREATPERSON_AETHELFLAED_ACTIVE,Amount,ARGTYPE_IDENTITY,2,,
GREATPERSON_TIMUR_ACTIVE,Amount,ARGTYPE_IDENTITY,-1,,
GREATPERSON_TIMUR_ACTIVE_UNIT_BONUS,AbilityType,ARGTYPE_IDENTITY,ABILITY_TIMUR_BONUS_EXPERIENCE,,
GREATPERSON_SIMON_BOLIVAR_ACTIVE,Amount,ARGTYPE_IDENTITY,4,,
GREATPERSON_SAMORI_TURE_ACTIVE,UnitType,ARGTYPE_IDENTITY,UNIT_SPEC_OPS,,
GREATPERSON_SAMORI_TURE_ACTIVE,Experience,ARGTYPE_IDENTITY,-1,,
GREATPERSON_SAMORI_TURE_ACTIVE,UniqueOverride,ARGTYPE_IDENTITY,1,,
GREATPERSON_SUDIRMAN_ACTIVE,Amount,ARGTYPE_IDENTITY,6,,
GREATPERSON_GOVERNOR_POINTS,Delta,ARGTYPE_IDENTITY,1,,
FISHERY_GOVERNOR_PRODUCTION,YieldType,ARGTYPE_IDENTITY,YIELD_PRODUCTION,,
FISHERY_GOVERNOR_PRODUCTION,Amount,ARGTYPE_IDENTITY,1,,
CITY_PARK_GOVERNOR_CULTURE,YieldType,ARGTYPE_IDENTITY,YIELD_CULTURE,,
CITY_PARK_GOVERNOR_CULTURE,Amount,ARGTYPE_IDENTITY,3,,
CITY_PARK_WATER_AMENITY,Amount,ARGTYPE_IDENTITY,1,,
GOLDEN_AGE_CITY_IDENTITY,Amount,ARGTYPE_IDENTITY,0.5,,
DARK_AGE_CITY_IDENTITY,Amount,ARGTYPE_IDENTITY,-0.5,,
LOW_DIFFICULTY_HUMAN_MARTIAL_LAW,Amount,ARGTYPE_IDENTITY,7,,
HIGH_DIFFICULTY_HUMAN_MARTIAL_LAW,Amount,ARGTYPE_IDENTITY,-3,,
TRAIT_DELTA_DIPLO_VISIBILITY_COMBAT_MODIFIER,Amount,ARGTYPE_IDENTITY,3,,
TRAIT_DELTA_DIPLO_VISIBILITY_COMBAT_MODIFIER,DeltaWithOpponent,ARGTYPE_IDENTITY,1,,
STANDARD_DIPLOMATIC_BROKEN_PLEDGE,ModifierPerTransgression,ARGTYPE_IDENTITY,-6,,
STANDARD_DIPLOMATIC_BROKEN_PLEDGE,IncrementValue,ARGTYPE_IDENTITY,0,,
STANDARD_DIPLOMATIC_BROKEN_PLEDGE,ReductionValue,ARGTYPE_IDENTITY,1,,
STANDARD_DIPLOMATIC_BROKEN_PLEDGE,ReductionTurns,ARGTYPE_IDENTITY,15,,
STANDARD_DIPLOMATIC_BROKEN_PLEDGE,SimpleModifierDescription,ARGTYPE_IDENTITY,LOC_DIPLO_MODIFIER_BROKEN_PLEDGE,,
STANDARD_DIPLOMATIC_KEPT_PLEDGE,InitialValue,ARGTYPE_IDENTITY,0,,
STANDARD_DIPLOMATIC_KEPT_PLEDGE,ModifierPerKeptPledge,ARGTYPE_IDENTITY,4,,
STANDARD_DIPLOMATIC_KEPT_PLEDGE,IncrementValue,ARGTYPE_IDENTITY,0,,
STANDARD_DIPLOMATIC_KEPT_PLEDGE,ReductionValue,ARGTYPE_IDENTITY,1,,
STANDARD_DIPLOMATIC_KEPT_PLEDGE,ReductionTurns,ARGTYPE_IDENTITY,15,,
STANDARD_DIPLOMATIC_KEPT_PLEDGE,SimpleModifierDescription,ARGTYPE_IDENTITY,LOC_DIPLO_MODIFIER_KEPT_PLEDGE,,
STANDARD_DIPLOMATIC_NO_PLEDGE,ModifierPerTransgression,ARGTYPE_IDENTITY,-3,,
STANDARD_DIPLOMATIC_NO_PLEDGE,IncrementValue,ARGTYPE_IDENTITY,0,,
STANDARD_DIPLOMATIC_NO_PLEDGE,ReductionValue,ARGTYPE_IDENTITY,1,,
STANDARD_DIPLOMATIC_NO_PLEDGE,ReductionTurns,ARGTYPE_IDENTITY,10,,
STANDARD_DIPLOMATIC_NO_PLEDGE,SimpleModifierDescription,ARGTYPE_IDENTITY,LOC_DIPLO_MODIFIER_NO_PLEDGE,,
STANDARD_DIPLOMATIC_SHARED_EMERGENCY,InitialValue,ARGTYPE_IDENTITY,4,,
STANDARD_DIPLOMATIC_SHARED_EMERGENCY,ReductionTurns,ARGTYPE_IDENTITY,6,,
STANDARD_DIPLOMATIC_SHARED_EMERGENCY,ReductionValue,ARGTYPE_IDENTITY,-1,,
STANDARD_DIPLOMATIC_SHARED_EMERGENCY,SimpleModifierDescription,ARGTYPE_IDENTITY,LOC_DIPLO_MODIFIER_SHARED_EMERGENCY,,
TRAIT_LAND_CORPS_EARLY,Corps,ARGTYPE_IDENTITY,1,,
TRAIT_LAND_CORPS_EARLY,Domain,ARGTYPE_IDENTITY,DOMAIN_LAND,,
TRAIT_LAND_CORPS_EARLY,CivicType,ARGTYPE_IDENTITY,CIVIC_MERCENARIES,,
TRAIT_LAND_ARMIES_EARLY,Corps,ARGTYPE_IDENTITY,0,,
TRAIT_LAND_ARMIES_EARLY,Domain,ARGTYPE_IDENTITY,DOMAIN_LAND,,
TRAIT_LAND_ARMIES_EARLY,CivicType,ARGTYPE_IDENTITY,CIVIC_NATIONALISM,,
TRAIT_LAND_CORPS_COMBAT_STRENGTH,Corps,ARGTYPE_IDENTITY,1,,
TRAIT_LAND_CORPS_COMBAT_STRENGTH,Domain,ARGTYPE_IDENTITY,DOMAIN_LAND,,
TRAIT_LAND_CORPS_COMBAT_STRENGTH,Amount,ARGTYPE_IDENTITY,5,,
TRAIT_LAND_ARMIES_COMBAT_STRENGTH,Corps,ARGTYPE_IDENTITY,0,,
TRAIT_LAND_ARMIES_COMBAT_STRENGTH,Domain,ARGTYPE_IDENTITY,DOMAIN_LAND,,
TRAIT_LAND_ARMIES_COMBAT_STRENGTH,Amount,ARGTYPE_IDENTITY,5,,
TRAIT_TERRITORIAL_WAR_COMBAT,DiplomaticYieldSource,ARGTYPE_IDENTITY,TERRITORIAL_EXPANSION_WAR_INITIATED,,
TRAIT_TERRITORIAL_WAR_COMBAT,TurnsActive,ARGTYPE_IDENTITY,10,,
TRAIT_TERRITORIAL_WAR_COMBAT,Amount,ARGTYPE_IDENTITY,5,,
TRAIT_TERRITORIAL_WAR_COMBAT,ReligiousOnly,ARGTYPE_IDENTITY,0,,
TRAIT_TERRITORIAL_WAR_MOVEMENT,DiplomaticYieldSource,ARGTYPE_IDENTITY,TERRITORIAL_EXPANSION_WAR_INITIATED,,
TRAIT_TERRITORIAL_WAR_MOVEMENT,TurnsActive,ARGTYPE_IDENTITY,10,,
TRAIT_TERRITORIAL_WAR_MOVEMENT,Amount,ARGTYPE_IDENTITY,2,,
TRAIT_TERRITORIAL_WAR_PREREQ_OVERRIDE,DiplomaticAction,ARGTYPE_IDENTITY,DIPLOACTION_DECLARE_TERRITORIAL_WAR,,
TRAIT_TERRITORIAL_WAR_PREREQ_OVERRIDE,CivicType,ARGTYPE_IDENTITY,CIVIC_MILITARY_TRAINING,,
TRAIT_LIBERATION_WAR_PRODUCTION,DiplomaticYieldSource,ARGTYPE_IDENTITY,LIBERATION_WAR_INITIATED,,
TRAIT_LIBERATION_WAR_PRODUCTION,TurnsActive,ARGTYPE_IDENTITY,10,,
TRAIT_LIBERATION_WAR_PRODUCTION,YieldType,ARGTYPE_IDENTITY,YIELD_PRODUCTION,,
TRAIT_LIBERATION_WAR_PRODUCTION,Amount,ARGTYPE_IDENTITY,100,,
TRAIT_LIBERATION_WAR_MOVEMENT,DiplomaticYieldSource,ARGTYPE_IDENTITY,LIBERATION_WAR_INITIATED,,
TRAIT_LIBERATION_WAR_MOVEMENT,TurnsActive,ARGTYPE_IDENTITY,10,,
TRAIT_LIBERATION_WAR_MOVEMENT,Amount,ARGTYPE_IDENTITY,2,,
TRAIT_LIBERATION_WAR_PREREQ_OVERRIDE,DiplomaticAction,ARGTYPE_IDENTITY,DIPLOACTION_DECLARE_LIBERATION_WAR,,
TRAIT_LIBERATION_WAR_PREREQ_OVERRIDE,CivicType,ARGTYPE_IDENTITY,CIVIC_DEFENSIVE_TACTICS,,
TRAIT_ADJUST_CITY_CULTURE_PER_GOVERNOR_TITLE_MODIFIER,YieldType,ARGTYPE_IDENTITY,YIELD_CULTURE,,
TRAIT_ADJUST_CITY_CULTURE_PER_GOVERNOR_TITLE_MODIFIER,Amount,ARGTYPE_IDENTITY,3,,
TRAIT_ADJUST_CITY_SCIENCE_PER_GOVERNOR_TITLE_MODIFIER,YieldType,ARGTYPE_IDENTITY,YIELD_SCIENCE,,
TRAIT_ADJUST_CITY_SCIENCE_PER_GOVERNOR_TITLE_MODIFIER,Amount,ARGTYPE_IDENTITY,3,,
TRAIT_ALLIANCE_SHARED_VIS,ShareVis,ARGTYPE_IDENTITY,1,,
TRAIT_TRADE_FOOD_FROM_CAMPS,Amount,ARGTYPE_IDENTITY,1,,
TRAIT_TRADE_FOOD_FROM_CAMPS,ImprovementType,ARGTYPE_IDENTITY,IMPROVEMENT_CAMP,,
TRAIT_TRADE_FOOD_FROM_CAMPS,YieldType,ARGTYPE_IDENTITY,YIELD_FOOD,,
TRAIT_TRADE_FOOD_FROM_CAMPS,Origin,ARGTYPE_IDENTITY,1,,
TRAIT_TRADE_FOOD_FROM_PASTURES,Amount,ARGTYPE_IDENTITY,1,,
TRAIT_TRADE_FOOD_FROM_PASTURES,ImprovementType,ARGTYPE_IDENTITY,IMPROVEMENT_PASTURE,,
TRAIT_TRADE_FOOD_FROM_PASTURES,YieldType,ARGTYPE_IDENTITY,YIELD_FOOD,,
TRAIT_TRADE_FOOD_FROM_PASTURES,Origin,ARGTYPE_IDENTITY,1,,
TRAIT_TRADE_GOLD_FROM_CAMPS,Amount,ARGTYPE_IDENTITY,1,,
TRAIT_TRADE_GOLD_FROM_CAMPS,ImprovementType,ARGTYPE_IDENTITY,IMPROVEMENT_CAMP,,
TRAIT_TRADE_GOLD_FROM_CAMPS,YieldType,ARGTYPE_IDENTITY,YIELD_GOLD,,
TRAIT_TRADE_GOLD_FROM_CAMPS,Destination,ARGTYPE_IDENTITY,1,,
TRAIT_TRADE_GOLD_FROM_PASTURES,Amount,ARGTYPE_IDENTITY,1,,
TRAIT_TRADE_GOLD_FROM_PASTURES,ImprovementType,ARGTYPE_IDENTITY,IMPROVEMENT_PASTURE,,
TRAIT_TRADE_GOLD_FROM_PASTURES,YieldType,ARGTYPE_IDENTITY,YIELD_GOLD,,
TRAIT_TRADE_GOLD_FROM_PASTURES,Destination,ARGTYPE_IDENTITY,1,,
TRAIT_IDENTITY_FROM_DOMESTIC_TRADE_ROUTES,Amount,ARGTYPE_IDENTITY,2,,
TRAIT_CULTURE_FROM_INTERNATIONAL_TRADE_ROUTES,YieldType,ARGTYPE_IDENTITY,YIELD_CULTURE,,
TRAIT_CULTURE_FROM_INTERNATIONAL_TRADE_ROUTES,Amount,ARGTYPE_IDENTITY,2,,
TRAIT_CULTURE_FROM_INCOMING_TRADE_ROUTES,YieldType,ARGTYPE_IDENTITY,YIELD_CULTURE,,
TRAIT_CULTURE_FROM_INCOMING_TRADE_ROUTES,Amount,ARGTYPE_IDENTITY,2,,
TRAIT_DIMINISH_LOYALTY_IN_ENEMY_CITY,Amount,ARGTYPE_IDENTITY,-20,,
TRAIT_DIMINISH_LOYALTY_IN_ENEMY_CITY,AdditionalGoldenAge,ARGTYPE_IDENTITY,-20,,
TRAIT_DIMINISH_LOYALTY_IN_ENEMY_CITY,AffectLocal,ARGTYPE_IDENTITY,0,,
TRAIT_PILLAGE_DIMINISH_LOYALTY_IN_ENEMY_CITY,Amount,ARGTYPE_IDENTITY,-5,,
TRAIT_PILLAGE_DIMINISH_LOYALTY_IN_ENEMY_CITY,AffectLocal,ARGTYPE_IDENTITY,0,,
TRAIT_LEADER_FAITH_KILLS,YieldType,ARGTYPE_IDENTITY,YIELD_FAITH,,
TRAIT_LEADER_FAITH_KILLS,PercentDefeatedStrength,ARGTYPE_IDENTITY,50,,
TRAIT_PROTECTORATE_WAR_FAITH,DiplomaticYieldSource,ARGTYPE_IDENTITY,PROTECTORATE_WAR_INITIATED,,
TRAIT_PROTECTORATE_WAR_FAITH,TurnsActive,ARGTYPE_IDENTITY,10,,
TRAIT_PROTECTORATE_WAR_FAITH,YieldType,ARGTYPE_IDENTITY,YIELD_FAITH,,
TRAIT_PROTECTORATE_WAR_FAITH,Amount,ARGTYPE_IDENTITY,100,,
TRAIT_CITY_STATE_TOKEN_SAME_RELIGION,Amount,ARGTYPE_IDENTITY,1,,
TRAIT_COMBAT_BONUS_FOR_CAVALRY,AbilityType,ARGTYPE_IDENTITY,ABILITY_GENGHIS_KHAN_CAVALRY_BONUS,,
TRAIT_CAVALRY_CAPTURE_CAVALRY,ModifierId,ARGTYPE_IDENTITY,TRAIT_CAVALRY_CAPTURE_CAVALRY_MODIFIER,,
TRAIT_CAVALRY_CAPTURE_CAVALRY_MODIFIER,CanCapture,ARGTYPE_IDENTITY,1,,
TRAIT_ALLIANCE_POINTS_FROM_COMMON_FOE,Amount,ARGTYPE_IDENTITY,2,,
TRAIT_ATTACH_ALLIANCE_COMBAT_ADJUSTMENT,ModifierId,ARGTYPE_IDENTITY,TRAIT_ADJUST_ALLIANCE_ADJUST_COMBAT_STRENGTH,,
TRAIT_ADJUST_ALLIANCE_ADJUST_COMBAT_STRENGTH,Amount,ARGTYPE_IDENTITY,5,,
TRAIT_ALLIANCE_POINTS_FROM_TRADE,Amount,ARGTYPE_IDENTITY,1,,
MINOR_CIV_SCIENTIFIC_YIELD_FOR_LIBRARY,YieldType,ARGTYPE_IDENTITY,YIELD_SCIENCE,,
MINOR_CIV_SCIENTIFIC_YIELD_FOR_LIBRARY,BuildingType,ARGTYPE_IDENTITY,BUILDING_LIBRARY,,
MINOR_CIV_SCIENTIFIC_YIELD_FOR_LIBRARY,Amount,ARGTYPE_IDENTITY,2,,
MINOR_CIV_SCIENTIFIC_YIELD_FOR_LIBRARY,CityStatesOnly,ARGTYPE_IDENTITY,1,,
MINOR_CIV_SCIENTIFIC_YIELD_FOR_UNIVERSITY,YieldType,ARGTYPE_IDENTITY,YIELD_SCIENCE,,
MINOR_CIV_SCIENTIFIC_YIELD_FOR_UNIVERSITY,BuildingType,ARGTYPE_IDENTITY,BUILDING_UNIVERSITY,,
MINOR_CIV_SCIENTIFIC_YIELD_FOR_UNIVERSITY,Amount,ARGTYPE_IDENTITY,2,,
MINOR_CIV_SCIENTIFIC_YIELD_FOR_UNIVERSITY,CityStatesOnly,ARGTYPE_IDENTITY,1,,
MINOR_CIV_RELIGIOUS_YIELD_FOR_SHRINE,YieldType,ARGTYPE_IDENTITY,YIELD_FAITH,,
MINOR_CIV_RELIGIOUS_YIELD_FOR_SHRINE,BuildingType,ARGTYPE_IDENTITY,BUILDING_SHRINE,,
MINOR_CIV_RELIGIOUS_YIELD_FOR_SHRINE,Amount,ARGTYPE_IDENTITY,2,,
MINOR_CIV_RELIGIOUS_YIELD_FOR_SHRINE,CityStatesOnly,ARGTYPE_IDENTITY,1,,
MINOR_CIV_RELIGIOUS_YIELD_FOR_TEMPLE,YieldType,ARGTYPE_IDENTITY,YIELD_FAITH,,
MINOR_CIV_RELIGIOUS_YIELD_FOR_TEMPLE,BuildingType,ARGTYPE_IDENTITY,BUILDING_TEMPLE,,
MINOR_CIV_RELIGIOUS_YIELD_FOR_TEMPLE,Amount,ARGTYPE_IDENTITY,2,,
MINOR_CIV_RELIGIOUS_YIELD_FOR_TEMPLE,CityStatesOnly,ARGTYPE_IDENTITY,1,,
MINOR_CIV_TRADE_YIELD_FOR_MARKET,YieldType,ARGTYPE_IDENTITY,YIELD_GOLD,,
MINOR_CIV_TRADE_YIELD_FOR_MARKET,BuildingType,ARGTYPE_IDENTITY,BUILDING_MARKET,,
MINOR_CIV_TRADE_YIELD_FOR_MARKET,Amount,ARGTYPE_IDENTITY,2,,
MINOR_CIV_TRADE_YIELD_FOR_MARKET,CityStatesOnly,ARGTYPE_IDENTITY,1,,
MINOR_CIV_TRADE_YIELD_FOR_LIGHTHOUSE,YieldType,ARGTYPE_IDENTITY,YIELD_GOLD,,
MINOR_CIV_TRADE_YIELD_FOR_LIGHTHOUSE,BuildingType,ARGTYPE_IDENTITY,BUILDING_LIGHTHOUSE,,
MINOR_CIV_TRADE_YIELD_FOR_LIGHTHOUSE,Amount,ARGTYPE_IDENTITY,2,,
MINOR_CIV_TRADE_YIELD_FOR_LIGHTHOUSE,CityStatesOnly,ARGTYPE_IDENTITY,1,,
MINOR_CIV_TRADE_YIELD_FOR_BANK,YieldType,ARGTYPE_IDENTITY,YIELD_GOLD,,
MINOR_CIV_TRADE_YIELD_FOR_BANK,BuildingType,ARGTYPE_IDENTITY,BUILDING_BANK,,
MINOR_CIV_TRADE_YIELD_FOR_BANK,Amount,ARGTYPE_IDENTITY,2,,
MINOR_CIV_TRADE_YIELD_FOR_BANK,CityStatesOnly,ARGTYPE_IDENTITY,1,,
MINOR_CIV_TRADE_YIELD_FOR_SHIPYARD,YieldType,ARGTYPE_IDENTITY,YIELD_GOLD,,
MINOR_CIV_TRADE_YIELD_FOR_SHIPYARD,BuildingType,ARGTYPE_IDENTITY,BUILDING_SHIPYARD,,
MINOR_CIV_TRADE_YIELD_FOR_SHIPYARD,Amount,ARGTYPE_IDENTITY,2,,
MINOR_CIV_TRADE_YIELD_FOR_SHIPYARD,CityStatesOnly,ARGTYPE_IDENTITY,1,,
MINOR_CIV_CULTURAL_YIELD_FOR_AMPHITHEATER,YieldType,ARGTYPE_IDENTITY,YIELD_CULTURE,,
MINOR_CIV_CULTURAL_YIELD_FOR_AMPHITHEATER,BuildingType,ARGTYPE_IDENTITY,BUILDING_AMPHITHEATER,,
MINOR_CIV_CULTURAL_YIELD_FOR_AMPHITHEATER,Amount,ARGTYPE_IDENTITY,2,,
MINOR_CIV_CULTURAL_YIELD_FOR_AMPHITHEATER,CityStatesOnly,ARGTYPE_IDENTITY,1,,
MINOR_CIV_CULTURAL_YIELD_FOR_ART,YieldType,ARGTYPE_IDENTITY,YIELD_CULTURE,,
MINOR_CIV_CULTURAL_YIELD_FOR_ART,BuildingType,ARGTYPE_IDENTITY,BUILDING_MUSEUM_ART,,
MINOR_CIV_CULTURAL_YIELD_FOR_ART,Amount,ARGTYPE_IDENTITY,2,,
MINOR_CIV_CULTURAL_YIELD_FOR_ART,CityStatesOnly,ARGTYPE_IDENTITY,1,,
MINOR_CIV_CULTURAL_YIELD_FOR_ARTIFACT,YieldType,ARGTYPE_IDENTITY,YIELD_CULTURE,,
MINOR_CIV_CULTURAL_YIELD_FOR_ARTIFACT,BuildingType,ARGTYPE_IDENTITY,BUILDING_MUSEUM_ARTIFACT,,
MINOR_CIV_CULTURAL_YIELD_FOR_ARTIFACT,Amount,ARGTYPE_IDENTITY,2,,
MINOR_CIV_CULTURAL_YIELD_FOR_ARTIFACT,CityStatesOnly,ARGTYPE_IDENTITY,1,,
MINOR_CIV_MILITARISTIC_PRODUCTION_FOR_BARRACKS_STABLE,Amount,ARGTYPE_IDENTITY,2,,
MINOR_CIV_MILITARISTIC_PRODUCTION_FOR_ARMORY,Amount,ARGTYPE_IDENTITY,2,,
MINOR_CIV_INDUSTRIAL_BUILDING_PRODUCTION_FOR_WORKSHOP,Amount,ARGTYPE_IDENTITY,2,,
MINOR_CIV_INDUSTRIAL_DISTRICT_PRODUCTION_FOR_WORKSHOP,Amount,ARGTYPE_IDENTITY,2,,
MINOR_CIV_INDUSTRIAL_BUILDING_PRODUCTION_FOR_FACTORY,Amount,ARGTYPE_IDENTITY,2,,
MINOR_CIV_INDUSTRIAL_DISTRICT_PRODUCTION_FOR_FACTORY,Amount,ARGTYPE_IDENTITY,2,,
MINOR_CIV_ANTIOCH_UNIQUE_INFLUENCE_BONUS,ModifierId,ARGTYPE_IDENTITY,MINOR_CIV_ANTIOCH_LUXURY_TRADE_ROUTE_BONUS,,
MINOR_CIV_ANTIOCH_LUXURY_TRADE_ROUTE_BONUS,YieldType,ARGTYPE_IDENTITY,YIELD_GOLD,,
MINOR_CIV_ANTIOCH_LUXURY_TRADE_ROUTE_BONUS,Amount,ARGTYPE_IDENTITY,1,,
MINOR_CIV_BABYLON_WRITING_BONUS,ModifierId,ARGTYPE_IDENTITY,MINOR_CIV_BABYLON_GREAT_WORK_WRITING_SCIENCE,,
MINOR_CIV_BABYLON_GREAT_WORK_WRITING_SCIENCE,GreatWorkObjectType,ARGTYPE_IDENTITY,GREATWORKOBJECT_WRITING,,
MINOR_CIV_BABYLON_GREAT_WORK_WRITING_SCIENCE,YieldType,ARGTYPE_IDENTITY,YIELD_SCIENCE,,
MINOR_CIV_BABYLON_GREAT_WORK_WRITING_SCIENCE,YieldChange,ARGTYPE_IDENTITY,2,,
MINOR_CIV_BABYLON_ARTIFACT_BONUS,ModifierId,ARGTYPE_IDENTITY,MINOR_CIV_BABYLON_GREAT_WORK_ARTIFACT_SCIENCE,,
MINOR_CIV_BABYLON_GREAT_WORK_ARTIFACT_SCIENCE,GreatWorkObjectType,ARGTYPE_IDENTITY,GREATWORKOBJECT_ARTIFACT,,
MINOR_CIV_BABYLON_GREAT_WORK_ARTIFACT_SCIENCE,YieldType,ARGTYPE_IDENTITY,YIELD_SCIENCE,,
MINOR_CIV_BABYLON_GREAT_WORK_ARTIFACT_SCIENCE,YieldChange,ARGTYPE_IDENTITY,1,,
MINOR_CIV_BABYLON_RELIC_BONUS,ModifierId,ARGTYPE_IDENTITY,MINOR_CIV_BABYLON_GREAT_WORK_RELIC_SCIENCE,,
MINOR_CIV_BABYLON_GREAT_WORK_RELIC_SCIENCE,GreatWorkObjectType,ARGTYPE_IDENTITY,GREATWORKOBJECT_RELIC,,
MINOR_CIV_BABYLON_GREAT_WORK_RELIC_SCIENCE,YieldType,ARGTYPE_IDENTITY,YIELD_SCIENCE,,
MINOR_CIV_BABYLON_GREAT_WORK_RELIC_SCIENCE,YieldChange,ARGTYPE_IDENTITY,1,,
MINOR_CIV_CARTHAGE_UNIQUE_INFLUENCE_BARRACKS_STABLE_PURCHASE_BONUS,ModifierId,ARGTYPE_IDENTITY,MINOR_CIV_CARTHAGE_BARRACKS_STABLE_PURCHASE_BONUS,,
MINOR_CIV_CARTHAGE_BARRACKS_STABLE_PURCHASE_BONUS,Amount,ARGTYPE_IDENTITY,20,,
MINOR_CIV_CARTHAGE_BARRACKS_STABLE_PURCHASE_BONUS,UnitDomain,ARGTYPE_IDENTITY,DOMAIN_LAND,,
MINOR_CIV_CARTHAGE_UNIQUE_INFLUENCE_ARMORY_PURCHASE_BONUS,ModifierId,ARGTYPE_IDENTITY,MINOR_CIV_CARTHAGE_ARMORY_PURCHASE_BONUS,,
MINOR_CIV_CARTHAGE_ARMORY_PURCHASE_BONUS,Amount,ARGTYPE_IDENTITY,20,,
MINOR_CIV_CARTHAGE_ARMORY_PURCHASE_BONUS,UnitDomain,ARGTYPE_IDENTITY,DOMAIN_LAND,,
MINOR_CIV_CARTHAGE_UNIQUE_INFLUENCE_MILITARY_ACADEMY_PURCHASE_BONUS,ModifierId,ARGTYPE_IDENTITY,MINOR_CIV_CARTHAGE_MILITARY_ACADEMY_PURCHASE_BONUS,,
MINOR_CIV_CARTHAGE_MILITARY_ACADEMY_PURCHASE_BONUS,Amount,ARGTYPE_IDENTITY,20,,
MINOR_CIV_CARTHAGE_MILITARY_ACADEMY_PURCHASE_BONUS,UnitDomain,ARGTYPE_IDENTITY,DOMAIN_LAND,,
MINOR_CIV_JERUSALEM_UNIQUE_INFLUENCE_BONUS,ModifierId,ARGTYPE_IDENTITY,MINOR_CIV_JERUSALEM_HOLY_SITE_UPGRADE,,
MINOR_CIV_JERUSALEM_HOLY_SITE_UPGRADE,Value,ARGTYPE_IDENTITY,1,,
MINOR_CIV_PRESLAV_UNIQUE_INFLUENCE_BARRACKS_STABLE_IDENTITY_BONUS,ModifierId,ARGTYPE_IDENTITY,MINOR_CIV_PRESLAV_BARRACKS_STABLE_IDENTITY_BONUS,,
MINOR_CIV_PRESLAV_BARRACKS_STABLE_IDENTITY_BONUS,Amount,ARGTYPE_IDENTITY,2,,
MINOR_CIV_PRESLAV_UNIQUE_INFLUENCE_ARMORY_IDENTITY_BONUS,ModifierId,ARGTYPE_IDENTITY,MINOR_CIV_PRESLAV_ARMORY_IDENTITY_BONUS,,
MINOR_CIV_PRESLAV_ARMORY_IDENTITY_BONUS,Amount,ARGTYPE_IDENTITY,2,,
MINOR_CIV_PRESLAV_UNIQUE_INFLUENCE_MILITARY_ACADEMY_IDENTITY_BONUS,ModifierId,ARGTYPE_IDENTITY,MINOR_CIV_PRESLAV_MILITARY_ACADEMY_IDENTITY_BONUS,,
MINOR_CIV_PRESLAV_MILITARY_ACADEMY_IDENTITY_BONUS,Amount,ARGTYPE_IDENTITY,2,,
MINOR_CIV_STOCKHOLM_UNIQUE_INFLUENCE_GREAT_GENERAL_POINTS_BONUS,ModifierId,ARGTYPE_IDENTITY,MINOR_CIV_STOCKHOLM_GREAT_GENERAL_POINTS_BONUS,,
MINOR_CIV_STOCKHOLM_GREAT_GENERAL_POINTS_BONUS,GreatPersonClassType,ARGTYPE_IDENTITY,GREAT_PERSON_CLASS_GENERAL,,
MINOR_CIV_STOCKHOLM_GREAT_GENERAL_POINTS_BONUS,Amount,ARGTYPE_IDENTITY,1,,
MINOR_CIV_STOCKHOLM_UNIQUE_INFLUENCE_GREAT_ADMIRAL_POINTS_BONUS,ModifierId,ARGTYPE_IDENTITY,MINOR_CIV_STOCKHOLM_GREAT_ADMIRAL_POINTS_BONUS,,
MINOR_CIV_STOCKHOLM_GREAT_ADMIRAL_POINTS_BONUS,GreatPersonClassType,ARGTYPE_IDENTITY,GREAT_PERSON_CLASS_ADMIRAL,,
MINOR_CIV_STOCKHOLM_GREAT_ADMIRAL_POINTS_BONUS,Amount,ARGTYPE_IDENTITY,1,,
MINOR_CIV_STOCKHOLM_UNIQUE_INFLUENCE_GREAT_ENGINEER_POINTS_BONUS,ModifierId,ARGTYPE_IDENTITY,MINOR_CIV_STOCKHOLM_GREAT_ENGINEER_POINTS_BONUS,,
MINOR_CIV_STOCKHOLM_GREAT_ENGINEER_POINTS_BONUS,GreatPersonClassType,ARGTYPE_IDENTITY,GREAT_PERSON_CLASS_ENGINEER,,
MINOR_CIV_STOCKHOLM_GREAT_ENGINEER_POINTS_BONUS,Amount,ARGTYPE_IDENTITY,1,,
MINOR_CIV_STOCKHOLM_UNIQUE_INFLUENCE_GREAT_MERCHANT_POINTS_BONUS,ModifierId,ARGTYPE_IDENTITY,MINOR_CIV_STOCKHOLM_GREAT_MERCHANT_POINTS_BONUS,,
MINOR_CIV_STOCKHOLM_GREAT_MERCHANT_POINTS_BONUS,GreatPersonClassType,ARGTYPE_IDENTITY,GREAT_PERSON_CLASS_MERCHANT,,
MINOR_CIV_STOCKHOLM_GREAT_MERCHANT_POINTS_BONUS,Amount,ARGTYPE_IDENTITY,1,,
MINOR_CIV_STOCKHOLM_UNIQUE_INFLUENCE_GREAT_PROPHET_POINTS_BONUS,ModifierId,ARGTYPE_IDENTITY,MINOR_CIV_STOCKHOLM_GREAT_PROPHET_POINTS_BONUS,,
MINOR_CIV_STOCKHOLM_GREAT_PROPHET_POINTS_BONUS,GreatPersonClassType,ARGTYPE_IDENTITY,GREAT_PERSON_CLASS_PROPHET,,
MINOR_CIV_STOCKHOLM_GREAT_PROPHET_POINTS_BONUS,Amount,ARGTYPE_IDENTITY,1,,
MINOR_CIV_STOCKHOLM_UNIQUE_INFLUENCE_GREAT_SCIENTIST_POINTS_BONUS,ModifierId,ARGTYPE_IDENTITY,MINOR_CIV_STOCKHOLM_GREAT_SCIENTIST_POINTS_BONUS,,
MINOR_CIV_STOCKHOLM_GREAT_SCIENTIST_POINTS_BONUS,GreatPersonClassType,ARGTYPE_IDENTITY,GREAT_PERSON_CLASS_SCIENTIST,,
MINOR_CIV_STOCKHOLM_GREAT_SCIENTIST_POINTS_BONUS,Amount,ARGTYPE_IDENTITY,1,,
MINOR_CIV_STOCKHOLM_UNIQUE_INFLUENCE_GREAT_WRITER_POINTS_BONUS,ModifierId,ARGTYPE_IDENTITY,MINOR_CIV_STOCKHOLM_GREAT_WRITER_POINTS_BONUS,,
MINOR_CIV_STOCKHOLM_GREAT_WRITER_POINTS_BONUS,GreatPersonClassType,ARGTYPE_IDENTITY,GREAT_PERSON_CLASS_WRITER,,
MINOR_CIV_STOCKHOLM_GREAT_WRITER_POINTS_BONUS,Amount,ARGTYPE_IDENTITY,1,,
MINOR_CIV_STOCKHOLM_UNIQUE_INFLUENCE_GREAT_ARTIST_POINTS_BONUS,ModifierId,ARGTYPE_IDENTITY,MINOR_CIV_STOCKHOLM_GREAT_ARTIST_POINTS_BONUS,,
MINOR_CIV_STOCKHOLM_GREAT_ARTIST_POINTS_BONUS,GreatPersonClassType,ARGTYPE_IDENTITY,GREAT_PERSON_CLASS_ARTIST,,
MINOR_CIV_STOCKHOLM_GREAT_ARTIST_POINTS_BONUS,Amount,ARGTYPE_IDENTITY,1,,
MINOR_CIV_STOCKHOLM_UNIQUE_INFLUENCE_GREAT_MUSICIAN_POINTS_BONUS,ModifierId,ARGTYPE_IDENTITY,MINOR_CIV_STOCKHOLM_GREAT_MUSICIAN_POINTS_BONUS,,
MINOR_CIV_STOCKHOLM_GREAT_MUSICIAN_POINTS_BONUS,GreatPersonClassType,ARGTYPE_IDENTITY,GREAT_PERSON_CLASS_MUSICIAN,,
MINOR_CIV_STOCKHOLM_GREAT_MUSICIAN_POINTS_BONUS,Amount,ARGTYPE_IDENTITY,1,,
MINOR_CIV_VILNIUS_UNIQUE_INFLUENCE_ALLIANCE_LEVEL_1,ModifierId,ARGTYPE_IDENTITY,MINOR_CIV_VILNIUS_ALLIANCE_LEVEL_1,,
MINOR_CIV_VILNIUS_ALLIANCE_LEVEL_1,YieldType,ARGTYPE_IDENTITY,YIELD_CULTURE,,
MINOR_CIV_VILNIUS_ALLIANCE_LEVEL_1,Amount,ARGTYPE_IDENTITY,50,,
MINOR_CIV_VILNIUS_UNIQUE_INFLUENCE_ALLIANCE_LEVEL_2,ModifierId,ARGTYPE_IDENTITY,MINOR_CIV_VILNIUS_ALLIANCE_LEVEL_2,,
MINOR_CIV_VILNIUS_ALLIANCE_LEVEL_2,YieldType,ARGTYPE_IDENTITY,YIELD_CULTURE,,
MINOR_CIV_VILNIUS_ALLIANCE_LEVEL_2,Amount,ARGTYPE_IDENTITY,50,,
MINOR_CIV_VILNIUS_UNIQUE_INFLUENCE_ALLIANCE_LEVEL_3,ModifierId,ARGTYPE_IDENTITY,MINOR_CIV_VILNIUS_ALLIANCE_LEVEL_3,,
MINOR_CIV_VILNIUS_ALLIANCE_LEVEL_3,YieldType,ARGTYPE_IDENTITY,YIELD_CULTURE,,
MINOR_CIV_VILNIUS_ALLIANCE_LEVEL_3,Amount,ARGTYPE_IDENTITY,50,,
COMMEMORATION_CULTURAL_GA_BOOSTS,Amount,ARGTYPE_IDENTITY,10,,
COMMEMORATION_CULTURAL_DISTRICTCULTURE,YieldType,ARGTYPE_IDENTITY,YIELD_CULTURE,,
COMMEMORATION_CULTURAL_DISTRICTCULTURE,Amount,ARGTYPE_IDENTITY,1,,
COMMEMORATION_ECONOMIC_GA_TRADE_ROUTE_YIELDS,YieldType,ARGTYPE_IDENTITY,YIELD_GOLD,,
COMMEMORATION_ECONOMIC_GA_TRADE_ROUTE_YIELDS,Amount,ARGTYPE_IDENTITY,3,,
COMMEMORATION_ECONOMIC_GA_PLUNDER_IMMUNITY_MODIFIER,AbilityType,ARGTYPE_IDENTITY,ABILITY_ECONOMIC_GOLDEN_AGE_PLUNDER_IMMUNITY,,
COMMEMORATION_EXPLORATION_GA_SEA_MOVEMENT,Amount,ARGTYPE_IDENTITY,2,,
COMMEMORATION_EXPLORATION_GA_EMBARKED_MOVEMENT,Amount,ARGTYPE_IDENTITY,2,,
COMMEMORATION_EXPLORATION_GA_NEW_CITY_POPULATION,Amount,ARGTYPE_IDENTITY,3,,
COMMEMORATION_EXPLORATION_GA_FOREIGNIDENTITY,Amount,ARGTYPE_IDENTITY,2,,
COMMEMORATION_INDUSTRIAL_GA_INDUSTRIALINFORMATION,Amount,ARGTYPE_IDENTITY,10,,
COMMEMORATION_INDUSTRIAL_GA_INDUSTRIALINFORMATION,IsWonder,ARGTYPE_IDENTITY,1,,
COMMEMORATION_INDUSTRIAL_GA_INDUSTRIALINFORMATION,StartEra,ARGTYPE_IDENTITY,ERA_INDUSTRIAL,,
COMMEMORATION_INDUSTRIAL_GA_INDUSTRIALINFORMATION,EndEra,ARGTYPE_IDENTITY,ERA_INFORMATION,,
COMMEMORATION_INUDSTRIAL_GA_CAMPUS,ModifierId,ARGTYPE_IDENTITY,COMMEMORATION_INUDSTRIAL_GA_CAMPUS_MODIFIER,,
COMMEMORATION_INUDSTRIAL_GA_CAMPUS_MODIFIER,YieldTypeToMirror,ARGTYPE_IDENTITY,YIELD_SCIENCE,,
COMMEMORATION_INUDSTRIAL_GA_CAMPUS_MODIFIER,YieldTypeToGrant,ARGTYPE_IDENTITY,YIELD_PRODUCTION,,
COMMEMORATION_INFRASTRUCTURE_GA_PURCHASE_CIVILIAN,Tag,ARGTYPE_IDENTITY,CLASS_LANDCIVILIAN,,
COMMEMORATION_INFRASTRUCTURE_GA_MOVEMENT,Amount,ARGTYPE_IDENTITY,2,,
COMMEMORATION_INFRASTRUCTURE_BUILDER_DISCOUNT_MODIFIER,UnitType,ARGTYPE_IDENTITY,UNIT_BUILDER,,
COMMEMORATION_INFRASTRUCTURE_BUILDER_DISCOUNT_MODIFIER,Amount,ARGTYPE_IDENTITY,30,,
COMMEMORATION_INFRASTRUCTURE_SETTLER_DISCOUNT_MODIFIER,UnitType,ARGTYPE_IDENTITY,UNIT_SETTLER,,
COMMEMORATION_INFRASTRUCTURE_SETTLER_DISCOUNT_MODIFIER,Amount,ARGTYPE_IDENTITY,30,,
COMMEMORATION_MILITARY_GA_PRODUCTION,Amount,ARGTYPE_IDENTITY,15,,
COMMEMORATION_RELIGIOUS_GA_CHARGES,ModifierId,ARGTYPE_IDENTITY,COMMEMORATION_RELIGIOUS_GA_CHARGES_MODIFIER,,
COMMEMORATION_RELIGIOUS_GA_CHARGES_MODIFIER,Amount,ARGTYPE_IDENTITY,2,,
COMMEMORATION_RELIGIOUS_GA_MOVEMENT,Amount,ARGTYPE_IDENTITY,2,,
COMMEMORATION_RELIGIOUS_GA_GREAT_PROPHET_POINTS,GreatPersonClassType,ARGTYPE_IDENTITY,GREAT_PERSON_CLASS_PROPHET,,
COMMEMORATION_RELIGIOUS_GA_GREAT_PROPHET_POINTS,Amount,ARGTYPE_IDENTITY,4,,
COMMEMORATION_SCIENTIFIC_GA_BOOSTS,Amount,ARGTYPE_IDENTITY,10,,
COMMEMORATION_SCIENTIFIC_GA_HARBOR,ModifierId,ARGTYPE_IDENTITY,COMMEMORATION_SCIENTIFIC_GA_HARBOR_MODIFIER,,
COMMEMORATION_SCIENTIFIC_GA_HARBOR_MODIFIER,YieldTypeToMirror,ARGTYPE_IDENTITY,YIELD_GOLD,,
COMMEMORATION_SCIENTIFIC_GA_HARBOR_MODIFIER,YieldTypeToGrant,ARGTYPE_IDENTITY,YIELD_SCIENCE,,
COMMEMORATION_SCIENTIFIC_GA_COMMERCIAL_HUB,ModifierId,ARGTYPE_IDENTITY,COMMEMORATION_SCIENTIFIC_GA_COMMERCIAL_HUB_MODIFIER,,
COMMEMORATION_SCIENTIFIC_GA_COMMERCIAL_HUB_MODIFIER,YieldTypeToMirror,ARGTYPE_IDENTITY,YIELD_GOLD,,
COMMEMORATION_SCIENTIFIC_GA_COMMERCIAL_HUB_MODIFIER,YieldTypeToGrant,ARGTYPE_IDENTITY,YIELD_SCIENCE,,
COMMEMORATION_TOURISM_GA_NATIONAL_PARKS,Amount,ARGTYPE_IDENTITY,100,,
COMMEMORATION_TOURISM_GA_WONDERS,BoostsWonders,ARGTYPE_IDENTITY,1,,
COMMEMORATION_TOURISM_GA_WONDERS,ScalingFactor,ARGTYPE_IDENTITY,150,,
COMMEMORATION_ESPIONAGE_GA_ESTABLISH,ReductionPercent,ARGTYPE_IDENTITY,100,,
COMMEMORATION_ESPIONAGE_GA_REDUCTION,ReductionPercent,ARGTYPE_IDENTITY,25,,
COMMEMORATION_AERONAUTICAL_GA_ADVANCED_FLIGHT,TechType,ARGTYPE_IDENTITY,TECH_ADVANCED_FLIGHT,,
COMMEMORATION_AERONAUTICAL_GA_NUCLEAR_FISSION,TechType,ARGTYPE_IDENTITY,TECH_NUCLEAR_FISSION,,
COMMEMORATION_AERONAUTICAL_GA_ROCKETRY,TechType,ARGTYPE_IDENTITY,TECH_ROCKETRY,,
COMMEMORATION_AERONAUTICAL_GA_SATELLITES,TechType,ARGTYPE_IDENTITY,TECH_SATELLITES,,
COMMEMORATION_AERONAUTICAL_GA_NUCLEAR_FUSION,TechType,ARGTYPE_IDENTITY,TECH_NUCLEAR_FUSION,,
COMMEMORATION_AERONAUTICAL_GA_NANOTECHNOLOGY,TechType,ARGTYPE_IDENTITY,TECH_NANOTECHNOLOGY,,
COMMEMORATION_AERONAUTICAL_GA_SMART_MATERIALS,TechType,ARGTYPE_IDENTITY,TECH_SMART_MATERIALS,,
COMMEMORATION_AERONAUTICAL_GA_PREDICTIVE_SYSTEMS,TechType,ARGTYPE_IDENTITY,TECH_PREDICTIVE_SYSTEMS,,
COMMEMORATION_AERONAUTICAL_GA_OFFWORLD_MISSION,TechType,ARGTYPE_IDENTITY,TECH_OFFWORLD_MISSION,,
COMMEMORATION_AERONAUTICAL_GA_ALUMINUM,ResourceType,ARGTYPE_IDENTITY,RESOURCE_ALUMINUM,,
COMMEMORATION_AERONAUTICAL_GA_ALUMINUM,Amount,ARGTYPE_IDENTITY,2,,
COMMEMORATION_AERONAUTICAL_GA_AIR,Amount,ARGTYPE_IDENTITY,100,,
COMMEMORATION_AERONAUTICAL_BUILDING_QUEST,Amount,ARGTYPE_IDENTITY,1,,
COMMEMORATION_AERONAUTICAL_GREAT_PERSON_QUEST,Amount,ARGTYPE_IDENTITY,1,,
COMMEMORATION_CULTURAL_QUEST,Amount,ARGTYPE_IDENTITY,1,,
COMMEMORATION_CULTURAL_BUILDING_QUEST,Amount,ARGTYPE_IDENTITY,1,,
COMMEMORATION_ECONOMIC_QUEST,Amount,ARGTYPE_IDENTITY,1,,
COMMEMORATION_ESPIONAGE_QUEST,Amount,ARGTYPE_IDENTITY,1,,
COMMEMORATION_EXPLORATION_CONTINENT_QUEST,Amount,ARGTYPE_IDENTITY,3,,
COMMEMORATION_EXPLORATION_NATURAL_WONDER_QUEST,Amount,ARGTYPE_IDENTITY,3,,
COMMEMORATION_EXPLORATION_NAVAL_UNIT_QUEST,Amount,ARGTYPE_IDENTITY,1,,
COMMEMORATION_INDUSTRIAL_QUEST,Amount,ARGTYPE_IDENTITY,1,,
COMMEMORATION_INFRASTRUCTURE_QUEST,Amount,ARGTYPE_IDENTITY,1,,
COMMEMORATION_MILITARY_QUEST_CORPS,Amount,ARGTYPE_IDENTITY,1,,
COMMEMORATION_MILITARY_QUEST_ARMY,Amount,ARGTYPE_IDENTITY,2,,
COMMEMORATION_RELIGIOUS_QUEST,Amount,ARGTYPE_IDENTITY,2,,
COMMEMORATION_SCIENTIFIC_QUEST,Amount,ARGTYPE_IDENTITY,1,,
COMMEMORATION_SCIENTIFIC_BUILDING_QUEST,Amount,ARGTYPE_IDENTITY,1,,
COMMEMORATION_TOURISM_QUEST,Amount,ARGTYPE_IDENTITY,1,,
AFTERACTIONREPORTS_EXPERIENCE,Amount,ARGTYPE_IDENTITY,50,,
ARSENALOFDEMOCRACY_TRADEROUTEFOODTOALLY,YieldType,ARGTYPE_IDENTITY,YIELD_FOOD,,
ARSENALOFDEMOCRACY_TRADEROUTEFOODTOALLY,Amount,ARGTYPE_IDENTITY,4,,
ARSENALOFDEMOCRACY_TRADEROUTEPRODUCTIONTOALLY,YieldType,ARGTYPE_IDENTITY,YIELD_PRODUCTION,,
ARSENALOFDEMOCRACY_TRADEROUTEPRODUCTIONTOALLY,Amount,ARGTYPE_IDENTITY,4,,
ARSENALOFDEMOCRACY_TRADEROUTEFOODFROMALLY,YieldType,ARGTYPE_IDENTITY,YIELD_FOOD,,
ARSENALOFDEMOCRACY_TRADEROUTEFOODFROMALLY,Amount,ARGTYPE_IDENTITY,4,,
ARSENALOFDEMOCRACY_TRADEROUTEPRODUCTIONFROMALLY,YieldType,ARGTYPE_IDENTITY,YIELD_PRODUCTION,,
ARSENALOFDEMOCRACY_TRADEROUTEPRODUCTIONFROMALLY,Amount,ARGTYPE_IDENTITY,4,,
ARSENALOFDEMOCRACY_ALLIANCEPOINTS,Amount,ARGTYPE_IDENTITY,1,,
CIVILPRESTIGE_GOVHOUSING,Amount,ARGTYPE_IDENTITY,2,,
CIVILPRESTIGE_GOVAMENITY,Amount,ARGTYPE_IDENTITY,1,,
COLONIALOFFICES_FOREIGNIDENTITY,Amount,ARGTYPE_IDENTITY,3,,
COLONIALTAXES_FOREIGNPRODUCTION,YieldType,ARGTYPE_IDENTITY,YIELD_PRODUCTION,,
COLONIALTAXES_FOREIGNPRODUCTION,Amount,ARGTYPE_IDENTITY,10,,
FREEMARKET_BUILDING_YIELDS_HIGH_ADJACENCY,DistrictType,ARGTYPE_IDENTITY,DISTRICT_COMMERCIAL_HUB,,
FREEMARKET_BUILDING_YIELDS_HIGH_ADJACENCY,YieldType,ARGTYPE_IDENTITY,YIELD_GOLD,,
FREEMARKET_BUILDING_YIELDS_HIGH_ADJACENCY,Amount,ARGTYPE_IDENTITY,50,,
FREEMARKET_BUILDING_YIELDS_HIGH_POP,DistrictType,ARGTYPE_IDENTITY,DISTRICT_COMMERCIAL_HUB,,
FREEMARKET_BUILDING_YIELDS_HIGH_POP,YieldType,ARGTYPE_IDENTITY,YIELD_GOLD,,
FREEMARKET_BUILDING_YIELDS_HIGH_POP,Amount,ARGTYPE_IDENTITY,50,,
GRANDOPERA_BUILDING_YIELDS_HIGH_ADJACENCY,DistrictType,ARGTYPE_IDENTITY,DISTRICT_THEATER,,
GRANDOPERA_BUILDING_YIELDS_HIGH_ADJACENCY,YieldType,ARGTYPE_IDENTITY,YIELD_CULTURE,,
GRANDOPERA_BUILDING_YIELDS_HIGH_ADJACENCY,Amount,ARGTYPE_IDENTITY,50,,
GRANDOPERA_BUILDING_YIELDS_HIGH_POP,DistrictType,ARGTYPE_IDENTITY,DISTRICT_THEATER,,
GRANDOPERA_BUILDING_YIELDS_HIGH_POP,YieldType,ARGTYPE_IDENTITY,YIELD_CULTURE,,
GRANDOPERA_BUILDING_YIELDS_HIGH_POP,Amount,ARGTYPE_IDENTITY,50,,
LIMES_TSIKHEPRODUCTION,BuildingType,ARGTYPE_IDENTITY,BUILDING_TSIKHE,,
LIMES_TSIKHEPRODUCTION,Amount,ARGTYPE_IDENTITY,100,,
LIMITANEI_GARRISONIDENTITY,Amount,ARGTYPE_IDENTITY,2,,
MARTIALLAW_GARRISONIDENTITY,Amount,ARGTYPE_IDENTITY,4,,
POLICESTATE_LOSEIDENTITY,Amount,ARGTYPE_IDENTITY,-2,,
PRAETORIUM_GOVERNORIDENTITY,Amount,ARGTYPE_IDENTITY,2,,
RATIONALISM_BUILDING_YIELDS_HIGH_ADJACENCY,DistrictType,ARGTYPE_IDENTITY,DISTRICT_CAMPUS,,
RATIONALISM_BUILDING_YIELDS_HIGH_ADJACENCY,YieldType,ARGTYPE_IDENTITY,YIELD_SCIENCE,,
RATIONALISM_BUILDING_YIELDS_HIGH_ADJACENCY,Amount,ARGTYPE_IDENTITY,50,,
RATIONALISM_BUILDING_YIELDS_HIGH_POP,DistrictType,ARGTYPE_IDENTITY,DISTRICT_CAMPUS,,
RATIONALISM_BUILDING_YIELDS_HIGH_POP,YieldType,ARGTYPE_IDENTITY,YIELD_SCIENCE,,
RATIONALISM_BUILDING_YIELDS_HIGH_POP,Amount,ARGTYPE_IDENTITY,50,,
SECONDSTRIKE_MAINTENANCEWMDS,Amount,ARGTYPE_IDENTITY,50,,
SIMULTANEUM_BUILDING_YIELDS_HIGH_ADJACENCY,DistrictType,ARGTYPE_IDENTITY,DISTRICT_HOLY_SITE,,
SIMULTANEUM_BUILDING_YIELDS_HIGH_ADJACENCY,YieldType,ARGTYPE_IDENTITY,YIELD_FAITH,,
SIMULTANEUM_BUILDING_YIELDS_HIGH_ADJACENCY,Amount,ARGTYPE_IDENTITY,50,,
SIMULTANEUM_BUILDING_YIELDS_HIGH_POP,DistrictType,ARGTYPE_IDENTITY,DISTRICT_HOLY_SITE,,
SIMULTANEUM_BUILDING_YIELDS_HIGH_POP,YieldType,ARGTYPE_IDENTITY,YIELD_FAITH,,
SIMULTANEUM_BUILDING_YIELDS_HIGH_POP,Amount,ARGTYPE_IDENTITY,50,,
WISSELBANKEN_TRADEROUTEFOODTOALLY,YieldType,ARGTYPE_IDENTITY,YIELD_FOOD,,
WISSELBANKEN_TRADEROUTEFOODTOALLY,Amount,ARGTYPE_IDENTITY,2,,
WISSELBANKEN_TRADEROUTEPRODUCTIONTOALLY,YieldType,ARGTYPE_IDENTITY,YIELD_PRODUCTION,,
WISSELBANKEN_TRADEROUTEPRODUCTIONTOALLY,Amount,ARGTYPE_IDENTITY,2,,
WISSELBANKEN_TRADEROUTEFOODFROMALLY,YieldType,ARGTYPE_IDENTITY,YIELD_FOOD,,
WISSELBANKEN_TRADEROUTEFOODFROMALLY,Amount,ARGTYPE_IDENTITY,2,,
WISSELBANKEN_TRADEROUTEPRODUCTIONFROMALLY,YieldType,ARGTYPE_IDENTITY,YIELD_PRODUCTION,,
WISSELBANKEN_TRADEROUTEPRODUCTIONFROMALLY,Amount,ARGTYPE_IDENTITY,2,,
WISSELBANKEN_TRADEROUTEFOODTOSUZERAIN,YieldType,ARGTYPE_IDENTITY,YIELD_FOOD,,
WISSELBANKEN_TRADEROUTEFOODTOSUZERAIN,Amount,ARGTYPE_IDENTITY,2,,
WISSELBANKEN_TRADEROUTEPRODUCTIONTOSUZERAIN,YieldType,ARGTYPE_IDENTITY,YIELD_PRODUCTION,,
WISSELBANKEN_TRADEROUTEPRODUCTIONTOSUZERAIN,Amount,ARGTYPE_IDENTITY,2,,
WISSELBANKEN_TRADEROUTEFOODFROMSUZERAIN,YieldType,ARGTYPE_IDENTITY,YIELD_FOOD,,
WISSELBANKEN_TRADEROUTEFOODFROMSUZERAIN,Amount,ARGTYPE_IDENTITY,2,,
WISSELBANKEN_TRADEROUTEPRODUCTIONFROMSUZERAIN,YieldType,ARGTYPE_IDENTITY,YIELD_PRODUCTION,,
WISSELBANKEN_TRADEROUTEPRODUCTIONFROMSUZERAIN,Amount,ARGTYPE_IDENTITY,2,,
WISSELBANKEN_ALLIANCEPOINTS,Amount,ARGTYPE_IDENTITY,1,,
COMMUNICATIONS_OFFICE_GOVERNOR_IDENTITY_PER_TITLE,Amount,ARGTYPE_IDENTITY,1,,
MACHIAVELLIANISM_OFFENSIVESPYTIME,ReductionPercent,ARGTYPE_IDENTITY,25,,
MILITARYRESEARCH_MILITARY_ACADEMY_SCIENCE_MODIFIER,BuildingType,ARGTYPE_IDENTITY,BUILDING_MILITARY_ACADEMY,,
MILITARYRESEARCH_MILITARY_ACADEMY_SCIENCE_MODIFIER,YieldType,ARGTYPE_IDENTITY,YIELD_SCIENCE,,
MILITARYRESEARCH_MILITARY_ACADEMY_SCIENCE_MODIFIER,Amount,ARGTYPE_IDENTITY,2,,
MILITARYRESEARCH_SEAPORT_SCIENCE_MODIFIER,BuildingType,ARGTYPE_IDENTITY,BUILDING_SEAPORT,,
MILITARYRESEARCH_SEAPORT_SCIENCE_MODIFIER,YieldType,ARGTYPE_IDENTITY,YIELD_SCIENCE,,
MILITARYRESEARCH_SEAPORT_SCIENCE_MODIFIER,Amount,ARGTYPE_IDENTITY,2,,
MILITARYRESEARCH_RENAISSANCE_WALLS_SCIENCE_MODIFIER,BuildingType,ARGTYPE_IDENTITY,BUILDING_STAR_FORT,,
MILITARYRESEARCH_RENAISSANCE_WALLS_SCIENCE_MODIFIER,YieldType,ARGTYPE_IDENTITY,YIELD_SCIENCE,,
MILITARYRESEARCH_RENAISSANCE_WALLS_SCIENCE_MODIFIER,Amount,ARGTYPE_IDENTITY,2,,
PUBLICTRANSPORT_FARMREPLACEGOLD,DistrictType,ARGTYPE_IDENTITY,DISTRICT_NEIGHBORHOOD,,
PUBLICTRANSPORT_FARMREPLACEGOLD,Amount,ARGTYPE_IDENTITY,100,,
PUBLICTRANSPORT_FARMREPLACEGOLD,YieldType,ARGTYPE_IDENTITY,YIELD_GOLD,,
PUBLICTRANSPORT_FARMREPLACEGOLD,YieldBasedOnAppeal,ARGTYPE_IDENTITY,1,,
PUBLICTRANSPORT_FARMREPLACEGOLD,MustReplaceImprovement,ARGTYPE_IDENTITY,1,,
PUBLICTRANSPORT_FARMREPLACEGOLD,ImprovementType,ARGTYPE_IDENTITY,IMPROVEMENT_FARM,,
ECOMMERCE_TRADEROUTEPRODUCTION,YieldType,ARGTYPE_IDENTITY,YIELD_PRODUCTION,,
ECOMMERCE_TRADEROUTEPRODUCTION,Amount,ARGTYPE_IDENTITY,2,,
ECOMMERCE_TRADEROUTEGOLD,YieldType,ARGTYPE_IDENTITY,YIELD_GOLD,,
ECOMMERCE_TRADEROUTEGOLD,Amount,ARGTYPE_IDENTITY,5,,
TOTAL_WAR_PLUNDER_BONUS,Amount,ARGTYPE_IDENTITY,50,,
MONASTICISM_HOLYSITE_SCIENCE,YieldType,ARGTYPE_IDENTITY,YIELD_SCIENCE,,
MONASTICISM_HOLYSITE_SCIENCE,Amount,ARGTYPE_IDENTITY,75,,
MONASTICISM_CULTURE_MODIFIER,YieldType,ARGTYPE_IDENTITY,YIELD_CULTURE,,
MONASTICISM_CULTURE_MODIFIER,Amount,ARGTYPE_IDENTITY,-25,,
TWILIGHTVALOR_NO_FOREIGN_HEAL,Disable,ARGTYPE_IDENTITY,1,,
TWILIGHTVALOR_NO_FOREIGN_HEAL,Foreign,ARGTYPE_IDENTITY,1,,
TWILIGHTVALOR_NO_NEUTRAL_HEAL,Disable,ARGTYPE_IDENTITY,1,,
TWILIGHTVALOR_NO_NEUTRAL_HEAL,Foreign,ARGTYPE_IDENTITY,0,,
TWILIGHTVALOR_MELEE_ATTACK_BONUS,AbilityType,ARGTYPE_IDENTITY,ABILITY_TWILIGHT_VALOR_ATTACK_BONUS,,
INQUISITION_FRIENDLY_TERRITORY_COMBAT,AbilityType,ARGTYPE_IDENTITY,ABILITY_INQUISITION_FRIENDLY_TERRITORY_BONUS,,
INQUISITION_REDUCE_START_CHARGES,Amount,ARGTYPE_IDENTITY,1,,
INQUISITION_SCIENCE_MODIFIER,YieldType,ARGTYPE_IDENTITY,YIELD_SCIENCE,,
INQUISITION_SCIENCE_MODIFIER,Amount,ARGTYPE_IDENTITY,-25,,
ISOLATIONISM_DOMESTIC_TRADE_ROUTE_FODD,YieldType,ARGTYPE_IDENTITY,YIELD_FOOD,,
ISOLATIONISM_DOMESTIC_TRADE_ROUTE_FODD,Amount,ARGTYPE_IDENTITY,2,,
ISOLATIONISM_DOMESTIC_TRADE_ROUTE_FODD,Intercontinental,ARGTYPE_IDENTITY,0,,
ISOLATIONISM_DOMESTIC_TRADE_ROUTE_PRODUCTION,YieldType,ARGTYPE_IDENTITY,YIELD_PRODUCTION,,
ISOLATIONISM_DOMESTIC_TRADE_ROUTE_PRODUCTION,Amount,ARGTYPE_IDENTITY,2,,
ISOLATIONISM_DOMESTIC_TRADE_ROUTE_PRODUCTION,Intercontinental,ARGTYPE_IDENTITY,0,,
ISOLATIONISM_DISABLE_SETTLING,Disabled,ARGTYPE_IDENTITY,1,,
ISOLATIONISM_DISABLE_BUILD_SETTLER,UnitType,ARGTYPE_IDENTITY,UNIT_SETTLER,,
LETTEROFMARQUE_ANCIENT_NAVAL_RAIDER_PRODUCTION,UnitPromotionClass,ARGTYPE_IDENTITY,PROMOTION_CLASS_NAVAL_RAIDER,,
LETTEROFMARQUE_ANCIENT_NAVAL_RAIDER_PRODUCTION,EraType,ARGTYPE_IDENTITY,ERA_ANCIENT,,
LETTEROFMARQUE_ANCIENT_NAVAL_RAIDER_PRODUCTION,Amount,ARGTYPE_IDENTITY,100,,
LETTEROFMARQUE_CLASSICAL_NAVAL_RAIDER_PRODUCTION,UnitPromotionClass,ARGTYPE_IDENTITY,PROMOTION_CLASS_NAVAL_RAIDER,,
LETTEROFMARQUE_CLASSICAL_NAVAL_RAIDER_PRODUCTION,EraType,ARGTYPE_IDENTITY,ERA_CLASSICAL,,
LETTEROFMARQUE_CLASSICAL_NAVAL_RAIDER_PRODUCTION,Amount,ARGTYPE_IDENTITY,100,,
LETTEROFMARQUE_MEDIEVAL_NAVAL_RAIDER_PRODUCTION,UnitPromotionClass,ARGTYPE_IDENTITY,PROMOTION_CLASS_NAVAL_RAIDER,,
LETTEROFMARQUE_MEDIEVAL_NAVAL_RAIDER_PRODUCTION,EraType,ARGTYPE_IDENTITY,ERA_MEDIEVAL,,
LETTEROFMARQUE_MEDIEVAL_NAVAL_RAIDER_PRODUCTION,Amount,ARGTYPE_IDENTITY,100,,
LETTEROFMARQUE_RENAISSANCE_NAVAL_RAIDER_PRODUCTION,UnitPromotionClass,ARGTYPE_IDENTITY,PROMOTION_CLASS_NAVAL_RAIDER,,
LETTEROFMARQUE_RENAISSANCE_NAVAL_RAIDER_PRODUCTION,EraType,ARGTYPE_IDENTITY,ERA_RENAISSANCE,,
LETTEROFMARQUE_RENAISSANCE_NAVAL_RAIDER_PRODUCTION,Amount,ARGTYPE_IDENTITY,100,,
LETTEROFMARQUE_INDUSTRIAL_NAVAL_RAIDER_PRODUCTION,UnitPromotionClass,ARGTYPE_IDENTITY,PROMOTION_CLASS_NAVAL_RAIDER,,
LETTEROFMARQUE_INDUSTRIAL_NAVAL_RAIDER_PRODUCTION,EraType,ARGTYPE_IDENTITY,ERA_INDUSTRIAL,,
LETTEROFMARQUE_INDUSTRIAL_NAVAL_RAIDER_PRODUCTION,Amount,ARGTYPE_IDENTITY,100,,
LETTEROFMARQUE_MODERN_NAVAL_RAIDER_PRODUCTION,UnitPromotionClass,ARGTYPE_IDENTITY,PROMOTION_CLASS_NAVAL_RAIDER,,
LETTEROFMARQUE_MODERN_NAVAL_RAIDER_PRODUCTION,EraType,ARGTYPE_IDENTITY,ERA_MODERN,,
LETTEROFMARQUE_MODERN_NAVAL_RAIDER_PRODUCTION,Amount,ARGTYPE_IDENTITY,100,,
LETTEROFMARQUE_ATOMIC_NAVAL_RAIDER_PRODUCTION,UnitPromotionClass,ARGTYPE_IDENTITY,PROMOTION_CLASS_NAVAL_RAIDER,,
LETTEROFMARQUE_ATOMIC_NAVAL_RAIDER_PRODUCTION,EraType,ARGTYPE_IDENTITY,ERA_ATOMIC,,
LETTEROFMARQUE_ATOMIC_NAVAL_RAIDER_PRODUCTION,Amount,ARGTYPE_IDENTITY,100,,
LETTEROFMARQUE_INFORMATION_NAVAL_RAIDER_PRODUCTION,UnitPromotionClass,ARGTYPE_IDENTITY,PROMOTION_CLASS_NAVAL_RAIDER,,
LETTEROFMARQUE_INFORMATION_NAVAL_RAIDER_PRODUCTION,EraType,ARGTYPE_IDENTITY,ERA_INFORMATION,,
LETTEROFMARQUE_INFORMATION_NAVAL_RAIDER_PRODUCTION,Amount,ARGTYPE_IDENTITY,100,,
LETTEROFMARQUE_RAIDER_MOVEMENT,Amount,ARGTYPE_IDENTITY,2,,
LETTEROFMARQUE_PLUNDER_BONUS,Amount,ARGTYPE_IDENTITY,100,,
LETTEROFMARQUE_TRADE_ROUTE_YIELD_DROP_DEST_CULTURE,YieldType,ARGTYPE_IDENTITY,YIELD_CULTURE,,
LETTEROFMARQUE_TRADE_ROUTE_YIELD_DROP_DEST_CULTURE,Amount,ARGTYPE_IDENTITY,-50,,
LETTEROFMARQUE_TRADE_ROUTE_YIELD_DROP_DEST_CULTURE,Destination,ARGTYPE_IDENTITY,1,,
LETTEROFMARQUE_TRADE_ROUTE_YIELD_DROP_DEST_FAITH,YieldType,ARGTYPE_IDENTITY,YIELD_FAITH,,
LETTEROFMARQUE_TRADE_ROUTE_YIELD_DROP_DEST_FAITH,Amount,ARGTYPE_IDENTITY,-50,,
LETTEROFMARQUE_TRADE_ROUTE_YIELD_DROP_DEST_FAITH,Destination,ARGTYPE_IDENTITY,1,,
LETTEROFMARQUE_TRADE_ROUTE_YIELD_DROP_DEST_FOOD,YieldType,ARGTYPE_IDENTITY,YIELD_FOOD,,
LETTEROFMARQUE_TRADE_ROUTE_YIELD_DROP_DEST_FOOD,Amount,ARGTYPE_IDENTITY,-50,,
LETTEROFMARQUE_TRADE_ROUTE_YIELD_DROP_DEST_FOOD,Destination,ARGTYPE_IDENTITY,1,,
LETTEROFMARQUE_TRADE_ROUTE_YIELD_DROP_DEST_GOLD,YieldType,ARGTYPE_IDENTITY,YIELD_GOLD,,
LETTEROFMARQUE_TRADE_ROUTE_YIELD_DROP_DEST_GOLD,Amount,ARGTYPE_IDENTITY,-50,,
LETTEROFMARQUE_TRADE_ROUTE_YIELD_DROP_DEST_GOLD,Destination,ARGTYPE_IDENTITY,1,,
LETTEROFMARQUE_TRADE_ROUTE_YIELD_DROP_DEST_PRODUCTION,YieldType,ARGTYPE_IDENTITY,YIELD_PRODUCTION,,
LETTEROFMARQUE_TRADE_ROUTE_YIELD_DROP_DEST_PRODUCTION,Amount,ARGTYPE_IDENTITY,-50,,
LETTEROFMARQUE_TRADE_ROUTE_YIELD_DROP_DEST_PRODUCTION,Destination,ARGTYPE_IDENTITY,1,,
LETTEROFMARQUE_TRADE_ROUTE_YIELD_DROP_DEST_SCIENCE,YieldType,ARGTYPE_IDENTITY,YIELD_SCIENCE,,
LETTEROFMARQUE_TRADE_ROUTE_YIELD_DROP_DEST_SCIENCE,Amount,ARGTYPE_IDENTITY,-50,,
LETTEROFMARQUE_TRADE_ROUTE_YIELD_DROP_DEST_SCIENCE,Destination,ARGTYPE_IDENTITY,1,,
LETTEROFMARQUE_TRADE_ROUTE_YIELD_DROP_ORIG_CULTURE,YieldType,ARGTYPE_IDENTITY,YIELD_CULTURE,,
LETTEROFMARQUE_TRADE_ROUTE_YIELD_DROP_ORIG_CULTURE,Amount,ARGTYPE_IDENTITY,-50,,
LETTEROFMARQUE_TRADE_ROUTE_YIELD_DROP_ORIG_CULTURE,Origin,ARGTYPE_IDENTITY,1,,
LETTEROFMARQUE_TRADE_ROUTE_YIELD_DROP_ORIG_FAITH,YieldType,ARGTYPE_IDENTITY,YIELD_FAITH,,
LETTEROFMARQUE_TRADE_ROUTE_YIELD_DROP_ORIG_FAITH,Amount,ARGTYPE_IDENTITY,-50,,
LETTEROFMARQUE_TRADE_ROUTE_YIELD_DROP_ORIG_FAITH,Origin,ARGTYPE_IDENTITY,1,,
LETTEROFMARQUE_TRADE_ROUTE_YIELD_DROP_ORIG_FOOD,YieldType,ARGTYPE_IDENTITY,YIELD_FOOD,,
LETTEROFMARQUE_TRADE_ROUTE_YIELD_DROP_ORIG_FOOD,Amount,ARGTYPE_IDENTITY,-50,,
LETTEROFMARQUE_TRADE_ROUTE_YIELD_DROP_ORIG_FOOD,Origin,ARGTYPE_IDENTITY,1,,
LETTEROFMARQUE_TRADE_ROUTE_YIELD_DROP_ORIG_GOLD,YieldType,ARGTYPE_IDENTITY,YIELD_GOLD,,
LETTEROFMARQUE_TRADE_ROUTE_YIELD_DROP_ORIG_GOLD,Amount,ARGTYPE_IDENTITY,-50,,
LETTEROFMARQUE_TRADE_ROUTE_YIELD_DROP_ORIG_GOLD,Origin,ARGTYPE_IDENTITY,1,,
LETTEROFMARQUE_TRADE_ROUTE_YIELD_DROP_ORIG_PRODUCTION,YieldType,ARGTYPE_IDENTITY,YIELD_PRODUCTION,,
LETTEROFMARQUE_TRADE_ROUTE_YIELD_DROP_ORIG_PRODUCTION,Amount,ARGTYPE_IDENTITY,-50,,
LETTEROFMARQUE_TRADE_ROUTE_YIELD_DROP_ORIG_PRODUCTION,Origin,ARGTYPE_IDENTITY,1,,
LETTEROFMARQUE_TRADE_ROUTE_YIELD_DROP_ORIG_SCIENCE,YieldType,ARGTYPE_IDENTITY,YIELD_SCIENCE,,
LETTEROFMARQUE_TRADE_ROUTE_YIELD_DROP_ORIG_SCIENCE,Amount,ARGTYPE_IDENTITY,-50,,
LETTEROFMARQUE_TRADE_ROUTE_YIELD_DROP_ORIG_SCIENCE,Origin,ARGTYPE_IDENTITY,1,,
ROBBERBARONS_FACTORY_PRODUCTION,YieldType,ARGTYPE_IDENTITY,YIELD_PRODUCTION,,
ROBBERBARONS_FACTORY_PRODUCTION,Amount,ARGTYPE_IDENTITY,25,,
ROBBERBARONS_STOCKEXCHANGE_GOLD,YieldType,ARGTYPE_IDENTITY,YIELD_GOLD,,
ROBBERBARONS_STOCKEXCHANGE_GOLD,Amount,ARGTYPE_IDENTITY,50,,
ROBBERBARONS_AMENITIES_LOST,Amount,ARGTYPE_IDENTITY,-2,,
ELITEFORCES_EXPERIENCE_BOOST,Amount,ARGTYPE_IDENTITY,100,,
ELITEFORCES_EXTRA_MAINTENANCE,Amount,ARGTYPE_IDENTITY,-2,,
COLLECTIVISM_FARM_FOOD,ModifierId,ARGTYPE_IDENTITY,COLLECTIVISM_FARM_FOOD_MODIFIER,,
COLLECTIVISM_FARM_FOOD_MODIFIER,YieldType,ARGTYPE_IDENTITY,YIELD_FOOD,,
COLLECTIVISM_FARM_FOOD_MODIFIER,Amount,ARGTYPE_IDENTITY,1,,
COLLECTIVISM_ADD_HOUSING,Amount,ARGTYPE_IDENTITY,2,,
COLLECTIVISM_INDUSTRIAL_ADJACENCY,YieldType,ARGTYPE_IDENTITY,YIELD_PRODUCTION,,
COLLECTIVISM_INDUSTRIAL_ADJACENCY,Amount,ARGTYPE_IDENTITY,100,,
COLLECTIVISM_REDUCE_GPP_RATE,Amount,ARGTYPE_IDENTITY,-50,,
ROGUESTATE_MANHATTANPROJECT_PRODUCTION,ProjectType,ARGTYPE_IDENTITY,PROJECT_MANHATTAN_PROJECT,,
ROGUESTATE_MANHATTANPROJECT_PRODUCTION,Amount,ARGTYPE_IDENTITY,50,,
ROGUESTATE_PROJECTIVY_PRODUCTION,ProjectType,ARGTYPE_IDENTITY,PROJECT_OPERATION_IVY,,
ROGUESTATE_PROJECTIVY_PRODUCTION,Amount,ARGTYPE_IDENTITY,50,,
ROGUESTATE_NUCLEARDEVICE_PRODUCTION,ProjectType,ARGTYPE_IDENTITY,PROJECT_BUILD_NUCLEAR_DEVICE,,
ROGUESTATE_NUCLEARDEVICE_PRODUCTION,Amount,ARGTYPE_IDENTITY,50,,
ROGUESTATE_THERMONUCLEARDEVICE_PRODUCTION,ProjectType,ARGTYPE_IDENTITY,PROJECT_BUILD_THERMONUCLEAR_DEVICE,,
ROGUESTATE_THERMONUCLEARDEVICE_PRODUCTION,Amount,ARGTYPE_IDENTITY,50,,
ROGUESTATE_DISABLE_INFLUENCE,Disable,ARGTYPE_IDENTITY,1,,
PROJECT_COMPLETION_LOYALTY,Amount,ARGTYPE_IDENTITY,20,,
ALPINE_TRAINING_IGNORE_HILLS,Ignore,ARGTYPE_IDENTITY,1,,
ALPINE_TRAINING_IGNORE_HILLS,Type,ARGTYPE_IDENTITY,HILLS,,
ALPINE_TRAINING_COMBAT_HILLS,Amount,ARGTYPE_IDENTITY,3,,
ORDU_TRAINED_XP,Amount,ARGTYPE_IDENTITY,25,,
ORDU_ADJUST_MOVEMENT,Amount,ARGTYPE_IDENTITY,1,,
ECONOMIC_GOLDEN_AGE_PLUNDER_IMMUNITY_LAND,DomainType,ARGTYPE_IDENTITY,DOMAIN_LAND,,
ECONOMIC_GOLDEN_AGE_PLUNDER_IMMUNITY_SEA,DomainType,ARGTYPE_IDENTITY,DOMAIN_SEA,,
TWILIGHT_VALOR_ATTACK_BONUS,Amount,ARGTYPE_IDENTITY,5,,
INQUISITION_FRIENDLY_TERRITORY_BONUS,Amount,ARGTYPE_IDENTITY,15,,
SPEC_OPS_PARADROP_ABILITY,CanDrop,ARGTYPE_IDENTITY,1,,
BOMBARD_STR_BUFF_FROM_DRONE,Amount,ARGTYPE_IDENTITY,5,,
HIGHLANDER_COMBAT_BONUS_FOREST_AND_HILLS,Amount,ARGTYPE_IDENTITY,5,,
ZEVEN_PROVINCIEN_BONUS_VS_DEF_DISTRICTS,Amount,ARGTYPE_IDENTITY,7,,
KHEVSURETI_HILLS_BUFF,Amount,ARGTYPE_IDENTITY,7,,
KHEVSURETI_IGNORE_HILLS,Ignore,ARGTYPE_IDENTITY,1,,
KHEVSURETI_IGNORE_HILLS,Type,ARGTYPE_IDENTITY,HILLS,,
MALON_RAIDER_TERRITORY_COMBAT_BONUS,Amount,ARGTYPE_IDENTITY,5,,
MALON_RAIDER_LESS_MOVEMENT_PILLAGE,UseAdvancedPillaging,ARGTYPE_IDENTITY,1,,
OKIHTCITAW_FREE_PROMOTION,Amount,ARGTYPE_IDENTITY,-1,,
IMPI_FASTER_COMBAT_XP,Amount,ARGTYPE_IDENTITY,25,,
IMPI_INCREASED_FLANKING_BONUS,Percent,ARGTYPE_IDENTITY,100,,
OLIGARCHY_LEGACY_MELEE_BUFF,Amount,ARGTYPE_IDENTITY,4,,
THEOCRACY_LEGACY_RELIGIOUS_BUFF,Amount,ARGTYPE_IDENTITY,5,,
FASCISM_LEGACY_ATTACK_BUFF,Amount,ARGTYPE_IDENTITY,5,,
SUPPLY_CONVOY_BONUS_MOVEMENT,Amount,ARGTYPE_IDENTITY,1,,
TOQUI_GOVERNOR_UNIT_EXPERIENCE,Amount,ARGTYPE_IDENTITY,10,,
TOQUI_GOVERNOR_UNIT_EXPERIENCE_NOT_FOUNDED,Amount,ARGTYPE_IDENTITY,30,,
TOQUI_COMBAT_BUFF_VS_GOLDEN_AGE,Amount,ARGTYPE_IDENTITY,10,,
TIMUR_BONUS_EXPERIENCE,Amount,ARGTYPE_IDENTITY,25,,
GENGHIS_KHAN_CAVALRY_BONUS,Amount,ARGTYPE_IDENTITY,3,,
SPY_SMEAR_CAMPAIGN,OperationType,ARGTYPE_IDENTITY,UNITOPERATION_SPY_FABRICATE_SCANDAL,,
SPY_SMEAR_CAMPAIGN,Offensive,ARGTYPE_IDENTITY,1,,
SPY_SMEAR_CAMPAIGN,Amount,ARGTYPE_IDENTITY,2,,
SPY_COVERT_ACTION,OperationType,ARGTYPE_IDENTITY,UNITOPERATION_SPY_FOMENT_UNREST,,
SPY_COVERT_ACTION,Offensive,ARGTYPE_IDENTITY,1,,
SPY_COVERT_ACTION,Amount,ARGTYPE_IDENTITY,2,,
SPY_LICENSE_TO_KILL,OperationType,ARGTYPE_IDENTITY,UNITOPERATION_SPY_NEUTRALIZE_GOVERNOR,,
SPY_LICENSE_TO_KILL,Offensive,ARGTYPE_IDENTITY,1,,
SPY_LICENSE_TO_KILL,Amount,ARGTYPE_IDENTITY,2,,
AGENDA_ENVIRONMENT,StatementKey,ARGTYPE_IDENTITY,AGENDA_KAITIAKITANGA_WARNING,,
AGENDA_ENVIRONMENT,TopPercentage,ARGTYPE_IDENTITY,60,,
AGENDA_ENVIRONMENT,BottomPercentage,ARGTYPE_IDENTITY,40,,
AGENDA_ENVIRONMENT,TopRankingDiploMod,ARGTYPE_IDENTITY,6,,
AGENDA_ENVIRONMENT,BottomRankingDiploMod,ARGTYPE_IDENTITY,-6,,
AGENDA_ENVIRONMENT,HiddenAgenda,ARGTYPE_IDENTITY,1,,
AGENDA_MONEY_GRUBBER,StatementKey,ARGTYPE_IDENTITY,AGENDA_LORD_OF_MINES_WARNING,,
AGENDA_MONEY_GRUBBER,TopPercentage,ARGTYPE_IDENTITY,65,,
AGENDA_MONEY_GRUBBER,BottomPercentage,ARGTYPE_IDENTITY,30,,
AGENDA_MONEY_GRUBBER,TopRankingDiploMod,ARGTYPE_IDENTITY,6,,
AGENDA_MONEY_GRUBBER,BottomRankingDiploMod,ARGTYPE_IDENTITY,-6,,
AGENDA_MONEY_GRUBBER,HiddenAgenda,ARGTYPE_IDENTITY,1,,
AGENDA_EXPANSIONIST,StatementKey,ARGTYPE_IDENTITY,AGENDA_EXPANSIONIST_WARNING,,
AGENDA_EXPANSIONIST,TopTerritoryBonus,ARGTYPE_IDENTITY,6,,
AGENDA_EXPANSIONIST,BetterTerritoryBonus,ARGTYPE_IDENTITY,4,,
AGENDA_EXPANSIONIST,HiddenAgenda,ARGTYPE_IDENTITY,1,,
AGENDA_EXPANSIONIST,SimpleModifierDescription,ARGTYPE_IDENTITY,LOC_DIPLO_MODIFIER_DESCRIPTION_EXPANSIONIST,,
AGENDA_GREAT_WHITE_FLEET,StatementKey,ARGTYPE_IDENTITY,AGENDA_GREAT_WHITE_FLEET_WARNING,,
AGENDA_GREAT_WHITE_FLEET,TopMilitaryBonus,ARGTYPE_IDENTITY,6,,
AGENDA_GREAT_WHITE_FLEET,BetterMilitaryBonus,ARGTYPE_IDENTITY,4,,
AGENDA_GREAT_WHITE_FLEET,HiddenAgenda,ARGTYPE_IDENTITY,1,,
AGENDA_GREAT_WHITE_FLEET,SimpleModifierDescription,ARGTYPE_IDENTITY,LOC_DIPLO_MODIFIER_DESCRIPTION_GREAT_WHITE_FLEET,,
AGENDA_FLAT_EARTHER,StatementKey,ARGTYPE_IDENTITY,AGENDA_FLAT_EARTHER_WARNING,,
AGENDA_FLAT_EARTHER,TopRankingDiploMod,ARGTYPE_IDENTITY,8,,
AGENDA_FLAT_EARTHER,DiploModForCircumnavigation,ARGTYPE_IDENTITY,-2,,
AGENDA_FLAT_EARTHER,DiploModPerSpaceport,ARGTYPE_IDENTITY,-1,,
AGENDA_FLAT_EARTHER,DiploModPerSpaceProject,ARGTYPE_IDENTITY,-1,,
AGENDA_FLAT_EARTHER,HiddenAgenda,ARGTYPE_IDENTITY,1,,
AGENDA_FLAT_EARTHER,SimpleModifierDescription,ARGTYPE_IDENTITY,LOC_DIPLO_MODIFIER_DESCRIPTION_FLAT_EARTHER,,
AGENDA_INTOLERANT_SAME_RELIGION,InitialValue,ARGTYPE_IDENTITY,6,,
AGENDA_INTOLERANT_SAME_RELIGION,StatementKey,ARGTYPE_IDENTITY,LOC_DIPLO_KUDO_LEADER_ANY_REASON_AGENDA_INTOLERANT_SAME_RELIGION,,
AGENDA_INTOLERANT_SAME_RELIGION,SimpleModifierDescription,ARGTYPE_IDENTITY,LOC_DIPLO_MODIFIER_INTOLERANT_SAME,,
AGENDA_INTOLERANT_SAME_RELIGION,HiddenAgenda,ARGTYPE_IDENTITY,1,,
AGENDA_INTOLERANT_ENCROACHING_RELIGION,InitialValue,ARGTYPE_IDENTITY,-8,,
AGENDA_INTOLERANT_ENCROACHING_RELIGION,StatementKey,ARGTYPE_IDENTITY,LOC_DIPLO_WARNING_LEADER_ANY_REASON_AGENDA_INTOLERANT_ENCROACHING_RELIGION,,
AGENDA_INTOLERANT_ENCROACHING_RELIGION,SimpleModifierDescription,ARGTYPE_IDENTITY,LOC_DIPLO_MODIFIER_INTOLERANT_ENCROACHING,,
AGENDA_INTOLERANT_ENCROACHING_RELIGION,HiddenAgenda,ARGTYPE_IDENTITY,1,,
AGENDA_TURTLER,SimpleModifierDescription,ARGTYPE_IDENTITY,AGENDA_TURTLER_WARNING,,
AGENDA_TURTLER,TopRankingDiploMod,ARGTYPE_IDENTITY,4,,
AGENDA_TURTLER,BottomRankingDiploMod,ARGTYPE_IDENTITY,-6,,
AGENDA_TURTLER,HiddenAgenda,ARGTYPE_IDENTITY,1,,
AGENDA_ZEALOT,StatementKey,ARGTYPE_IDENTITY,AGENDA_ZEALOT_WARNING,,
AGENDA_ZEALOT,TopRankingDiploMod,ARGTYPE_IDENTITY,6,,
AGENDA_ZEALOT,BottomRankingDiploMod,ARGTYPE_IDENTITY,-6,,
AGENDA_ZEALOT,HiddenAgenda,ARGTYPE_IDENTITY,1,,
AGENDA_HIGH_DIPLOVP,InitialValue,ARGTYPE_IDENTITY,-6,,
AGENDA_HIGH_DIPLOVP,StatementKey,ARGTYPE_IDENTITY,LOC_DIPLO_WARNING_LEADER_ANY_REASON_AGENDA_HIGH_DIPLOVP,,
AGENDA_HIGH_DIPLOVP,SimpleModifierDescription,ARGTYPE_IDENTITY,LOC_DIPLO_MODIFIER_DESCRIPTION_HIGH_DIPLOVP,,
AGENDA_HIGH_DIPLOVP,HiddenAgenda,ARGTYPE_IDENTITY,1,,
AGENDA_LOW_DIPLOVP,InitialValue,ARGTYPE_IDENTITY,6,,
AGENDA_LOW_DIPLOVP,StatementKey,ARGTYPE_IDENTITY,LOC_DIPLO_KUDO_LEADER_ANY_REASON_AGENDA_LOW_DIPLOVP,,
AGENDA_LOW_DIPLOVP,SimpleModifierDescription,ARGTYPE_IDENTITY,LOC_DIPLO_MODIFIER_DESCRIPTION_LOW_DIPLOVP,,
AGENDA_LOW_DIPLOVP,HiddenAgenda,ARGTYPE_IDENTITY,1,,
AGENDA_HIGH_FAVOR,InitialValue,ARGTYPE_IDENTITY,-6,,
AGENDA_HIGH_FAVOR,StatementKey,ARGTYPE_IDENTITY,LOC_DIPLO_WARNING_LEADER_ANY_REASON_AGENDA_HIGH_FAVOR,,
AGENDA_HIGH_FAVOR,SimpleModifierDescription,ARGTYPE_IDENTITY,LOC_DIPLO_MODIFIER_DESCRIPTION_HIGH_FAVOR,,
AGENDA_HIGH_FAVOR,HiddenAgenda,ARGTYPE_IDENTITY,1,,
AGENDA_LOW_FAVOR,InitialValue,ARGTYPE_IDENTITY,6,,
AGENDA_LOW_FAVOR,StatementKey,ARGTYPE_IDENTITY,LOC_DIPLO_KUDO_LEADER_ANY_REASON_AGENDA_LOW_FAVOR,,
AGENDA_LOW_FAVOR,SimpleModifierDescription,ARGTYPE_IDENTITY,LOC_DIPLO_MODIFIER_DESCRIPTION_LOW_FAVOR,,
AGENDA_LOW_FAVOR,HiddenAgenda,ARGTYPE_IDENTITY,1,,
AGENDA_HIGH_TOURISM,InitialValue,ARGTYPE_IDENTITY,-6,,
AGENDA_HIGH_TOURISM,StatementKey,ARGTYPE_IDENTITY,LOC_DIPLO_WARNING_LEADER_ANY_REASON_AGENDA_HIGH_TOURISM,,
AGENDA_HIGH_TOURISM,SimpleModifierDescription,ARGTYPE_IDENTITY,LOC_DIPLO_MODIFIER_DESCRIPTION_HIGH_TOURISM,,
AGENDA_HIGH_TOURISM,HiddenAgenda,ARGTYPE_IDENTITY,1,,
AGENDA_LOW_TOURISM,InitialValue,ARGTYPE_IDENTITY,6,,
AGENDA_LOW_TOURISM,StatementKey,ARGTYPE_IDENTITY,LOC_DIPLO_KUDO_LEADER_ANY_REASON_AGENDA_LOW_TOURISM,,
AGENDA_LOW_TOURISM,SimpleModifierDescription,ARGTYPE_IDENTITY,LOC_DIPLO_MODIFIER_DESCRIPTION_LOW_TOURISM,,
AGENDA_LOW_TOURISM,HiddenAgenda,ARGTYPE_IDENTITY,1,,
AGENDA_HIGH_PILLAGE,InitialValue,ARGTYPE_IDENTITY,6,,
AGENDA_HIGH_PILLAGE,StatementKey,ARGTYPE_IDENTITY,LOC_DIPLO_KUDO_LEADER_ANY_REASON_AGENDA_HIGH_PILLAGE,,
AGENDA_HIGH_PILLAGE,SimpleModifierDescription,ARGTYPE_IDENTITY,LOC_DIPLO_MODIFIER_DESCRIPTION_HIGH_PILLAGE,,
AGENDA_HIGH_PILLAGE,HiddenAgenda,ARGTYPE_IDENTITY,1,,
AGENDA_LOW_PILLAGE,InitialValue,ARGTYPE_IDENTITY,-6,,
AGENDA_LOW_PILLAGE,StatementKey,ARGTYPE_IDENTITY,LOC_DIPLO_WARNING_LEADER_ANY_REASON_AGENDA_LOW_PILLAGE,,
AGENDA_LOW_PILLAGE,SimpleModifierDescription,ARGTYPE_IDENTITY,LOC_DIPLO_MODIFIER_DESCRIPTION_LOW_PILLAGE,,
AGENDA_LOW_PILLAGE,HiddenAgenda,ARGTYPE_IDENTITY,1,,
LADY_OF_THE_REEDS_PRODUCTION2,ModifierId,ARGTYPE_IDENTITY,LADY_OF_THE_REEDS_PRODUCTION2_MODIFIER,,
LADY_OF_THE_REEDS_PRODUCTION2_MODIFIER,YieldType,ARGTYPE_IDENTITY,YIELD_PRODUCTION,,
LADY_OF_THE_REEDS_PRODUCTION2_MODIFIER,Amount,ARGTYPE_IDENTITY,2,,
RIVER_GODDESS_HOLY_SITE_AMENITIES,ModifierId,ARGTYPE_IDENTITY,RIVER_GODDESS_HOLY_SITE_AMENITIES_MODIFIER,,
RIVER_GODDESS_HOLY_SITE_AMENITIES_MODIFIER,Amount,ARGTYPE_IDENTITY,2,,
RIVER_GODDESS_HOLY_SITE_HOUSING,ModifierId,ARGTYPE_IDENTITY,RIVER_GODDESS_HOLY_SITE_HOUSING_MODIFIER,,
RIVER_GODDESS_HOLY_SITE_HOUSING_MODIFIER,Amount,ARGTYPE_IDENTITY,2,,
GODDESS_OF_FIRE_FEATURES_FAITH,ModifierId,ARGTYPE_IDENTITY,GODDESS_OF_FIRE_FEATURES_FAITH_MODIFIER,,
GODDESS_OF_FIRE_FEATURES_FAITH_MODIFIER,YieldType,ARGTYPE_IDENTITY,YIELD_FAITH,,
GODDESS_OF_FIRE_FEATURES_FAITH_MODIFIER,Amount,ARGTYPE_IDENTITY,2,,
DIVINE_SPARK_SCIENTIST,ModifierId,ARGTYPE_IDENTITY,DIVINE_SPARK_SCIENTIST_MODIFIER,,
DIVINE_SPARK_SCIENTIST_MODIFIER,GreatPersonClassType,ARGTYPE_IDENTITY,GREAT_PERSON_CLASS_SCIENTIST,,
DIVINE_SPARK_SCIENTIST_MODIFIER,Amount,ARGTYPE_IDENTITY,1,,
DIVINE_SPARK_WRITER,ModifierId,ARGTYPE_IDENTITY,DIVINE_SPARK_WRITER_MODIFIER,,
DIVINE_SPARK_WRITER_MODIFIER,GreatPersonClassType,ARGTYPE_IDENTITY,GREAT_PERSON_CLASS_WRITER,,
DIVINE_SPARK_WRITER_MODIFIER,Amount,ARGTYPE_IDENTITY,1,,
GODDESS_OF_FESTIVALS_PLANTATION_CULTURE,ModifierId,ARGTYPE_IDENTITY,GODDESS_OF_FESTIVALS_PLANTATION_CULTURE_MODIFIER,,
GODDESS_OF_FESTIVALS_PLANTATION_CULTURE_MODIFIER,YieldType,ARGTYPE_IDENTITY,YIELD_CULTURE,,
GODDESS_OF_FESTIVALS_PLANTATION_CULTURE_MODIFIER,Amount,ARGTYPE_IDENTITY,1,,
FERTILITY_RITES_BUILDER,ModifierId,ARGTYPE_IDENTITY,FERTILITY_RITES_BUILDER_MODIFIER,,
FERTILITY_RITES_BUILDER_MODIFIER,UnitType,ARGTYPE_IDENTITY,UNIT_BUILDER,,
FERTILITY_RITES_BUILDER_MODIFIER,Amount,ARGTYPE_IDENTITY,1,,
FERTILITY_RITES_BUILDER_MODIFIER,AllowUniqueOverride,ARGTYPE_IDENTITY,0,,
RELIGIOUS_SETTLEMENTS_SETTLER,ModifierId,ARGTYPE_IDENTITY,RELIGIOUS_SETTLEMENTS_SETTLER_MODIFIER,,
RELIGIOUS_SETTLEMENTS_SETTLER_MODIFIER,UnitType,ARGTYPE_IDENTITY,UNIT_SETTLER,,
RELIGIOUS_SETTLEMENTS_SETTLER_MODIFIER,Amount,ARGTYPE_IDENTITY,1,,
RELIGIOUS_SETTLEMENTS_SETTLER_MODIFIER,AllowUniqueOverride,ARGTYPE_IDENTITY,0,,
EARTH_GODDESS_APPEAL_FAITH,ModifierId,ARGTYPE_IDENTITY,EARTH_GODDESS_APPEAL_FAITH_MODIFIER,,
EARTH_GODDESS_APPEAL_FAITH_MODIFIER,YieldType,ARGTYPE_IDENTITY,YIELD_FAITH,,
EARTH_GODDESS_APPEAL_FAITH_MODIFIER,Amount,ARGTYPE_IDENTITY,1,,
INITIATION_RITES_HEALING_DISPERSAL,ModifierId,ARGTYPE_IDENTITY,INITIATION_RITES_HEALING_DISPERSAL_MODIFIER,,
INITIATION_RITES_HEALING_DISPERSAL_MODIFIER,Amount,ARGTYPE_IDENTITY,100,,
GODDESS_OF_THE_HUNT_CAMP_PRODUCTION,ModifierId,ARGTYPE_IDENTITY,GODDESS_OF_THE_HUNT_CAMP_PRODUCTION_MODIFIER,,
GODDESS_OF_THE_HUNT_CAMP_PRODUCTION_MODIFIER,YieldType,ARGTYPE_IDENTITY,YIELD_PRODUCTION,,
GODDESS_OF_THE_HUNT_CAMP_PRODUCTION_MODIFIER,Amount,ARGTYPE_IDENTITY,1,,
GOD_OF_CRAFTSMEN_STRATEGIC_IMPROVED_PRODUCTION,ModifierId,ARGTYPE_IDENTITY,GOD_OF_CRAFTSMEN_STRATEGIC_IMPROVED_PRODUCTION_MODIFIER,,
GOD_OF_CRAFTSMEN_STRATEGIC_IMPROVED_PRODUCTION_MODIFIER,YieldType,ARGTYPE_IDENTITY,YIELD_PRODUCTION,,
GOD_OF_CRAFTSMEN_STRATEGIC_IMPROVED_PRODUCTION_MODIFIER,Amount,ARGTYPE_IDENTITY,1,,
GOD_OF_CRAFTSMEN_STRATEGIC_IMPROVED_FAITH,ModifierId,ARGTYPE_IDENTITY,GOD_OF_CRAFTSMEN_STRATEGIC_IMPROVED_FAITH_MODIFIER,,
GOD_OF_CRAFTSMEN_STRATEGIC_IMPROVED_FAITH_MODIFIER,YieldType,ARGTYPE_IDENTITY,YIELD_FAITH,,
GOD_OF_CRAFTSMEN_STRATEGIC_IMPROVED_FAITH_MODIFIER,Amount,ARGTYPE_IDENTITY,1,,
HOLY_WATERS_HEALING,ModifierId,ARGTYPE_IDENTITY,HOLY_WATERS_HEALING_MODIFIER,,
HOLY_WATERS_HEALING_MODIFIER,Amount,ARGTYPE_IDENTITY,10,,
HOLY_WATERS_HEALING_MODIFIER,Type,ARGTYPE_IDENTITY,ALL,,
FEED_THE_WORLD_SHRINE_FOOD3,ModifierId,ARGTYPE_IDENTITY,FEED_THE_WORLD_SHRINE_FOOD3_MODIFIER,,
FEED_THE_WORLD_SHRINE_FOOD3_MODIFIER,BuildingType,ARGTYPE_IDENTITY,BUILDING_SHRINE,,
FEED_THE_WORLD_SHRINE_FOOD3_MODIFIER,YieldType,ARGTYPE_IDENTITY,YIELD_FOOD,,
FEED_THE_WORLD_SHRINE_FOOD3_MODIFIER,Amount,ARGTYPE_IDENTITY,3,,
FEED_THE_WORLD_TEMPLE_FOOD3,ModifierId,ARGTYPE_IDENTITY,FEED_THE_WORLD_TEMPLE_FOOD3_MODIFIER,,
FEED_THE_WORLD_TEMPLE_FOOD3_MODIFIER,BuildingType,ARGTYPE_IDENTITY,BUILDING_TEMPLE,,
FEED_THE_WORLD_TEMPLE_FOOD3_MODIFIER,YieldType,ARGTYPE_IDENTITY,YIELD_FOOD,,
FEED_THE_WORLD_TEMPLE_FOOD3_MODIFIER,Amount,ARGTYPE_IDENTITY,3,,
FEED_THE_WORLD_SHRINE_HOUSING,ModifierId,ARGTYPE_IDENTITY,FEED_THE_WORLD_SHRINE_HOUSING_MODIFIER,,
FEED_THE_WORLD_SHRINE_HOUSING_MODIFIER,Amount,ARGTYPE_IDENTITY,2,,
FEED_THE_WORLD_TEMPLE_HOUSING,ModifierId,ARGTYPE_IDENTITY,FEED_THE_WORLD_TEMPLE_HOUSING_MODIFIER,,
FEED_THE_WORLD_TEMPLE_HOUSING_MODIFIER,Amount,ARGTYPE_IDENTITY,2,,
RELIGIOUS_COMMUNITY_HOLY_SITE_TRADING,ModifierId,ARGTYPE_IDENTITY,RELIGIOUS_COMMUNITY_HOLY_SITE_TRADING_MODIFIER,,
RELIGIOUS_COMMUNITY_HOLY_SITE_TRADING_MODIFIER,YieldType,ARGTYPE_IDENTITY,YIELD_GOLD,,
RELIGIOUS_COMMUNITY_HOLY_SITE_TRADING_MODIFIER,Amount,ARGTYPE_IDENTITY,2,,
RELIGIOUS_COMMUNITY_SHRINE_TRADING,ModifierId,ARGTYPE_IDENTITY,RELIGIOUS_COMMUNITY_SHRINE_TRADING_MODIFIER,,
RELIGIOUS_COMMUNITY_SHRINE_TRADING_MODIFIER,YieldType,ARGTYPE_IDENTITY,YIELD_GOLD,,
RELIGIOUS_COMMUNITY_SHRINE_TRADING_MODIFIER,Amount,ARGTYPE_IDENTITY,2,,
RELIGIOUS_COMMUNITY_TEMPLE_TRADING,ModifierId,ARGTYPE_IDENTITY,RELIGIOUS_COMMUNITY_TEMPLE_TRADING_MODIFIER,,
RELIGIOUS_COMMUNITY_TEMPLE_TRADING_MODIFIER,YieldType,ARGTYPE_IDENTITY,YIELD_GOLD,,
RELIGIOUS_COMMUNITY_TEMPLE_TRADING_MODIFIER,Amount,ARGTYPE_IDENTITY,2,,
RELIGIOUS_COMMUNITY_TIER3_TRADING,ModifierId,ARGTYPE_IDENTITY,RELIGIOUS_COMMUNITY_TIER3_TRADING_MODIFIER,,
RELIGIOUS_COMMUNITY_TIER3_TRADING_MODIFIER,YieldType,ARGTYPE_IDENTITY,YIELD_GOLD,,
RELIGIOUS_COMMUNITY_TIER3_TRADING_MODIFIER,Amount,ARGTYPE_IDENTITY,2,,
WORK_ETHIC_ADJACENCY_PRODUCTION_2,YieldTypeToMirror,ARGTYPE_IDENTITY,YIELD_FAITH,,
WORK_ETHIC_ADJACENCY_PRODUCTION_2,YieldTypeToGrant,ARGTYPE_IDENTITY,YIELD_PRODUCTION,,
WORK_ETHIC_ADJACENCY_PRODUCTION,ModifierId,ARGTYPE_IDENTITY,WORK_ETHIC_ADJACENCY_PRODUCTION_MODIFIER,,
WORK_ETHIC_ADJACENCY_PRODUCTION_MODIFIER,YieldTypeToMirror,ARGTYPE_IDENTITY,YIELD_FAITH,,
WORK_ETHIC_ADJACENCY_PRODUCTION_MODIFIER,YieldTypeToGrant,ARGTYPE_IDENTITY,YIELD_PRODUCTION,,
CROSS_CULTURAL_DIALOGUE_SCIENCE_FOLLOWER,ModifierId,ARGTYPE_IDENTITY,CROSS_CULTURAL_DIALOGUE_SCIENCE_FOLLOWER_MODIFIER,,
CROSS_CULTURAL_DIALOGUE_SCIENCE_FOLLOWER_MODIFIER,BeliefYieldType,ARGTYPE_IDENTITY,BELIEF_YIELD_PER_FOLLOWER,,
CROSS_CULTURAL_DIALOGUE_SCIENCE_FOLLOWER_MODIFIER,YieldType,ARGTYPE_IDENTITY,YIELD_SCIENCE,,
CROSS_CULTURAL_DIALOGUE_SCIENCE_FOLLOWER_MODIFIER,Amount,ARGTYPE_IDENTITY,1,,
CROSS_CULTURAL_DIALOGUE_SCIENCE_FOLLOWER_MODIFIER,PerXItems,ARGTYPE_IDENTITY,4,,
PILGRIMAGE_FAITH_CITY,ModifierId,ARGTYPE_IDENTITY,PILGRIMAGE_FAITH_CITY_MODIFIER,,
PILGRIMAGE_FAITH_CITY_MODIFIER,BeliefYieldType,ARGTYPE_IDENTITY,BELIEF_YIELD_PER_CITY,,
PILGRIMAGE_FAITH_CITY_MODIFIER,YieldType,ARGTYPE_IDENTITY,YIELD_FAITH,,
PILGRIMAGE_FAITH_CITY_MODIFIER,Amount,ARGTYPE_IDENTITY,2,,
PILGRIMAGE_FAITH_CITY_MODIFIER,PerXItems,ARGTYPE_IDENTITY,1,,
SACRED_PLACES_FAITH_WONDER_CITY,ModifierId,ARGTYPE_IDENTITY,SACRED_PLACES_FAITH_WONDER_CITY_MODIFIER,,
SACRED_PLACES_FAITH_WONDER_CITY_MODIFIER,BeliefYieldType,ARGTYPE_IDENTITY,BELIEF_YIELD_PER_CITY_WITH_WONDER,,
SACRED_PLACES_FAITH_WONDER_CITY_MODIFIER,YieldType,ARGTYPE_IDENTITY,YIELD_FAITH,,
SACRED_PLACES_FAITH_WONDER_CITY_MODIFIER,Amount,ARGTYPE_IDENTITY,2,,
SACRED_PLACES_FAITH_WONDER_CITY_MODIFIER,PerXItems,ARGTYPE_IDENTITY,1,,
SACRED_PLACES_CULTURE_WONDER_CITY,ModifierId,ARGTYPE_IDENTITY,SACRED_PLACES_CULTURE_WONDER_CITY_MODIFIER,,
SACRED_PLACES_CULTURE_WONDER_CITY_MODIFIER,BeliefYieldType,ARGTYPE_IDENTITY,BELIEF_YIELD_PER_CITY_WITH_WONDER,,
SACRED_PLACES_CULTURE_WONDER_CITY_MODIFIER,YieldType,ARGTYPE_IDENTITY,YIELD_CULTURE,,
SACRED_PLACES_CULTURE_WONDER_CITY_MODIFIER,Amount,ARGTYPE_IDENTITY,2,,
SACRED_PLACES_CULTURE_WONDER_CITY_MODIFIER,PerXItems,ARGTYPE_IDENTITY,1,,
SACRED_PLACES_SCIENCE_WONDER_CITY,ModifierId,ARGTYPE_IDENTITY,SACRED_PLACES_SCIENCE_WONDER_CITY_MODIFIER,,
SACRED_PLACES_SCIENCE_WONDER_CITY_MODIFIER,BeliefYieldType,ARGTYPE_IDENTITY,BELIEF_YIELD_PER_CITY_WITH_WONDER,,
SACRED_PLACES_SCIENCE_WONDER_CITY_MODIFIER,YieldType,ARGTYPE_IDENTITY,YIELD_SCIENCE,,
SACRED_PLACES_SCIENCE_WONDER_CITY_MODIFIER,Amount,ARGTYPE_IDENTITY,2,,
SACRED_PLACES_SCIENCE_WONDER_CITY_MODIFIER,PerXItems,ARGTYPE_IDENTITY,1,,
SACRED_PLACES_GOLD_WONDER_CITY,ModifierId,ARGTYPE_IDENTITY,SACRED_PLACES_GOLD_WONDER_CITY_MODIFIER,,
SACRED_PLACES_GOLD_WONDER_CITY_MODIFIER,BeliefYieldType,ARGTYPE_IDENTITY,BELIEF_YIELD_PER_CITY_WITH_WONDER,,
SACRED_PLACES_GOLD_WONDER_CITY_MODIFIER,YieldType,ARGTYPE_IDENTITY,YIELD_GOLD,,
SACRED_PLACES_GOLD_WONDER_CITY_MODIFIER,Amount,ARGTYPE_IDENTITY,2,,
SACRED_PLACES_GOLD_WONDER_CITY_MODIFIER,PerXItems,ARGTYPE_IDENTITY,1,,
WORLD_CHURCH_CULTURE_FOLLOWER,ModifierId,ARGTYPE_IDENTITY,WORLD_CHURCH_CULTURE_FOLLOWER_MODIFIER,,
WORLD_CHURCH_CULTURE_FOLLOWER_MODIFIER,BeliefYieldType,ARGTYPE_IDENTITY,BELIEF_YIELD_PER_FOLLOWER,,
WORLD_CHURCH_CULTURE_FOLLOWER_MODIFIER,YieldType,ARGTYPE_IDENTITY,YIELD_CULTURE,,
WORLD_CHURCH_CULTURE_FOLLOWER_MODIFIER,Amount,ARGTYPE_IDENTITY,1,,
WORLD_CHURCH_CULTURE_FOLLOWER_MODIFIER,PerXItems,ARGTYPE_IDENTITY,4,,
TITHE_GOLD_CITY,ModifierId,ARGTYPE_IDENTITY,TITHE_GOLD_CITY_MODIFIER,,
TITHE_GOLD_CITY_MODIFIER,BeliefYieldType,ARGTYPE_IDENTITY,BELIEF_YIELD_PER_CITY,,
TITHE_GOLD_CITY_MODIFIER,YieldType,ARGTYPE_IDENTITY,YIELD_GOLD,,
TITHE_GOLD_CITY_MODIFIER,Amount,ARGTYPE_IDENTITY,3,,
TITHE_GOLD_CITY_MODIFIER,PerXItems,ARGTYPE_IDENTITY,1,,
WARRIOR_MONKS_CULTURE_BOMB_TRIGGER_HOLY_SITE,ModifierId,ARGTYPE_IDENTITY,WARRIOR_MONKS_CULTURE_BOMB_TRIGGER_HOLY_SITE_MODIFIER,,
WARRIOR_MONKS_CULTURE_BOMB_TRIGGER_HOLY_SITE_MODIFIER,DistrictType,ARGTYPE_IDENTITY,DISTRICT_HOLY_SITE,,
HYDROELECTRIC_DAM_FREE_POWER,Amount,ARGTYPE_IDENTITY,6,,
HYDROELECTRIC_DAM_FREE_POWER,SourceType,ARGTYPE_IDENTITY,FREE_POWER_SOURCE_WATER,,
BIG_BEN_INCREASE_GOLD,Amount,ARGTYPE_IDENTITY,50,,
MAHABODHI_DIPLOVP,Amount,ARGTYPE_IDENTITY,2,,
MAHABODHI_DIPLOVP,Tooltip,ARGTYPE_IDENTITY,LOC_DVP_TOOLTIP_OTHER_SOURCES,,
POTALA_DIPLOVP,Amount,ARGTYPE_IDENTITY,1,,
POTALA_DIPLOVP,Tooltip,ARGTYPE_IDENTITY,LOC_DVP_TOOLTIP_OTHER_SOURCES,,
MERCHANT_RENEWABLE_ENERGY_HYDROELECTRIC_DAM_FREE_POWER,Amount,ARGTYPE_IDENTITY,2,,
MERCHANT_RENEWABLE_ENERGY_HYDROELECTRIC_DAM_FREE_POWER,SourceType,ARGTYPE_IDENTITY,FREE_POWER_SOURCE_WATER,,
BARRACKS_ADJUST_RESOURCE_STOCKPILE_CAP,Amount,ARGTYPE_IDENTITY,10,,
STABLE_ADJUST_RESOURCE_STOCKPILE_CAP,Amount,ARGTYPE_IDENTITY,10,,
ARMORY_ADJUST_RESOURCE_STOCKPILE_CAP,Amount,ARGTYPE_IDENTITY,10,,
MILITARY_ACADEMY_ADJUST_RESOURCE_STOCKPILE_CAP,Amount,ARGTYPE_IDENTITY,10,,
LIGHTHOUSE_COASTAL_CITY_HOUSING,Amount,ARGTYPE_IDENTITY,2,,
SHIPYARD_UNIMPROVED_COAST_PRODUCTION,YieldType,ARGTYPE_IDENTITY,YIELD_PRODUCTION,,
SHIPYARD_UNIMPROVED_COAST_PRODUCTION,Amount,ARGTYPE_IDENTITY,1,,
GOVCITYSTATES_ADJUST_FAVOR,Amount,ARGTYPE_IDENTITY,3,,
PAGODA_ADJUST_FAVOR,Amount,ARGTYPE_IDENTITY,1,,
ENVIRONMENTALISM_BOOST_ALL_TOURISM,Amount,ARGTYPE_IDENTITY,25,,
CIVIC_GRANT_FAVOR,Amount,ARGTYPE_IDENTITY,50,,
CIVIC_MITIGATION_GRANT_DIPLOVP,Amount,ARGTYPE_IDENTITY,1,,
CIVIC_MITIGATION_GRANT_DIPLOVP,Tooltip,ARGTYPE_IDENTITY,LOC_DVP_TOOLTIP_OTHER_SOURCES,,
TRAIT_WILD_CARD_FAVOR,GovernmentSlotType,ARGTYPE_IDENTITY,SLOT_WILDCARD,,
TRAIT_WILD_CARD_FAVOR,Amount,ARGTYPE_IDENTITY,1,,
TRAIT_POWERED_BUILDINGS_MORE_CULTURE,YieldType,ARGTYPE_IDENTITY,YIELD_CULTURE,,
TRAIT_POWERED_BUILDINGS_MORE_CULTURE,Amount,ARGTYPE_IDENTITY,4,,
TRAIT_POWERED_BUILDINGS_MORE_GOLD,YieldType,ARGTYPE_IDENTITY,YIELD_GOLD,,
TRAIT_POWERED_BUILDINGS_MORE_GOLD,Amount,ARGTYPE_IDENTITY,4,,
TRAIT_POWERED_BUILDINGS_MORE_PRODUCTION,YieldType,ARGTYPE_IDENTITY,YIELD_PRODUCTION,,
TRAIT_POWERED_BUILDINGS_MORE_PRODUCTION,Amount,ARGTYPE_IDENTITY,4,,
TRAIT_POWERED_BUILDINGS_MORE_SCIENCE,YieldType,ARGTYPE_IDENTITY,YIELD_SCIENCE,,
TRAIT_POWERED_BUILDINGS_MORE_SCIENCE,Amount,ARGTYPE_IDENTITY,4,,
TRAIT_POWERED_BUILDINGS_MORE_FOOD,YieldType,ARGTYPE_IDENTITY,YIELD_FOOD,,
TRAIT_POWERED_BUILDINGS_MORE_FOOD,Amount,ARGTYPE_IDENTITY,4,,
TRAIT_ACCUMULATE_MORE_COAL,ResourceType,ARGTYPE_IDENTITY,RESOURCE_COAL,,
TRAIT_ACCUMULATE_MORE_COAL,Amount,ARGTYPE_IDENTITY,2,,
TRAIT_ACCUMULATE_MORE_IRON,ResourceType,ARGTYPE_IDENTITY,RESOURCE_IRON,,
TRAIT_ACCUMULATE_MORE_IRON,Amount,ARGTYPE_IDENTITY,2,,
TRAIT_ADJUST_MILITARY_ENGINEER_PRODUCTION,UnitType,ARGTYPE_IDENTITY,UNIT_MILITARY_ENGINEER,,
TRAIT_ADJUST_MILITARY_ENGINEER_PRODUCTION,Amount,ARGTYPE_IDENTITY,100,,
TRAIT_ADJUST_MILITARY_ENGINEER_BUILDCHARGES,Amount,ARGTYPE_IDENTITY,2,,
TRAIT_ADJUST_INDUSTRIAL_ZONE_BUILDINGS_PRODUCTION,DistrictType,ARGTYPE_IDENTITY,DISTRICT_INDUSTRIAL_ZONE,,
TRAIT_ADJUST_INDUSTRIAL_ZONE_BUILDINGS_PRODUCTION,Amount,ARGTYPE_IDENTITY,20,,
TRAIT_ADJUST_LIGHTHOUSE_STOCKPILE_CAP,Amount,ARGTYPE_IDENTITY,10,,
TRAIT_ADJUST_SHIPYARD_STOCKPILE_CAP,Amount,ARGTYPE_IDENTITY,10,,
TRAIT_ADJUST_SEAPORT_STOCKPILE_CAP,Amount,ARGTYPE_IDENTITY,10,,
TRAIT_AVOID_MODERATE_FLOOD,RandomEventType,ARGTYPE_IDENTITY,RANDOM_EVENT_FLOOD_MODERATE,,
TRAIT_AVOID_MAJOR_FLOOD,RandomEventType,ARGTYPE_IDENTITY,RANDOM_EVENT_FLOOD_MAJOR,,
TRAIT_AVOID_THOUSAND_FLOOD,RandomEventType,ARGTYPE_IDENTITY,RANDOM_EVENT_FLOOD_1000_YEAR,,
TRAIT_MISSIONARY_SPREADS,Amount,ARGTYPE_IDENTITY,2,,
TRAIT_AMENITIES_FOR_MIN_FOLLOWERS,Amenities,ARGTYPE_IDENTITY,1,,
TRAIT_AMENITIES_FOR_MIN_FOLLOWERS,Followers,ARGTYPE_IDENTITY,1,,
TRAIT_ORIGIN_DESTINATION_RELIGIOUS_PRESSURE,Origin,ARGTYPE_IDENTITY,1,,
TRAIT_ORIGIN_DESTINATION_RELIGIOUS_PRESSURE,Destination,ARGTYPE_IDENTITY,1,,
TRAIT_ORIGIN_DESTINATION_RELIGIOUS_PRESSURE,Amount,ARGTYPE_IDENTITY,100,,
TRAIT_BLIZZARD_PREVENTION_SIGNIFICANT,RandomEventType,ARGTYPE_IDENTITY,RANDOM_EVENT_BLIZZARD_SIGNIFICANT,,
TRAIT_BLIZZARD_PREVENTION_SIGNIFICANT,NoDamage,ARGTYPE_IDENTITY,1,,
TRAIT_BLIZZARD_PREVENTION_CRIPPLING,RandomEventType,ARGTYPE_IDENTITY,RANDOM_EVENT_BLIZZARD_CRIPPLING,,
TRAIT_BLIZZARD_PREVENTION_CRIPPLING,NoDamage,ARGTYPE_IDENTITY,1,,
TRAIT_BLIZZARD_DOUBLE_DAMAGE_SIGNIFICANT,RandomEventType,ARGTYPE_IDENTITY,RANDOM_EVENT_BLIZZARD_SIGNIFICANT,,
TRAIT_BLIZZARD_DOUBLE_DAMAGE_SIGNIFICANT,Amount,ARGTYPE_IDENTITY,100,,
TRAIT_BLIZZARD_DOUBLE_DAMAGE_CRIPPLING,RandomEventType,ARGTYPE_IDENTITY,RANDOM_EVENT_BLIZZARD_CRIPPLING,,
TRAIT_BLIZZARD_DOUBLE_DAMAGE_CRIPPLING,Amount,ARGTYPE_IDENTITY,100,,
APPLY_INCREASED_DIPLO_VP_TO_PLAYER,ModifierId,ARGTYPE_IDENTITY,ADD_DIPLOMATIC_VICTORY_POINTS,,
APPLY_DECREASED_DIPLO_VP_TO_PLAYER,ModifierId,ARGTYPE_IDENTITY,SUBTRACT_DIPLOMATIC_VICTORY_POINTS,,
ADD_DIPLOMATIC_VICTORY_POINTS,Amount,ARGTYPE_IDENTITY,2,,
ADD_DIPLOMATIC_VICTORY_POINTS,Tooltip,ARGTYPE_IDENTITY,LOC_DVP_TOOLTIP_DVP_RESOLUTION,,
ADD_DIPLOMATIC_VICTORY_POINTS,VictoryResolution,ARGTYPE_IDENTITY,1,,
SUBTRACT_DIPLOMATIC_VICTORY_POINTS,Amount,ARGTYPE_IDENTITY,-2,,
SUBTRACT_DIPLOMATIC_VICTORY_POINTS,Tooltip,ARGTYPE_IDENTITY,LOC_DVP_TOOLTIP_DVP_RESOLUTION,,
SUBTRACT_DIPLOMATIC_VICTORY_POINTS,VictoryResolution,ARGTYPE_IDENTITY,1,,
APPLY_TARGET_FREE_TRADE_ROUTE,ModifierId,ARGTYPE_IDENTITY,TARGET_ADD_TRADE_ROUTE,,
TARGET_ADD_TRADE_ROUTE,Amount,ARGTYPE_IDENTITY,1,,
APPLY_INCREASES_TRADE_TO_GOLD_TO_PLAYER,ModifierId,ARGTYPE_IDENTITY,INCREASES_TRADE_TO_GOLD,,
INCREASES_TRADE_TO_GOLD,YieldType,ARGTYPE_IDENTITY,YIELD_GOLD,,
INCREASES_TRADE_TO_GOLD,Amount,ARGTYPE_IDENTITY,4,,
APPLY_INTERNATIONAL_MAJOR_TRADE_ROUTES_DISABLED,ModifierId,ARGTYPE_IDENTITY,INTERNATIONAL_MAJOR_TRADE_ROUTES_DISABLED,,
INTERNATIONAL_MAJOR_TRADE_ROUTES_DISABLED,InternationalMajors,ARGTYPE_IDENTITY,1,,
INTERNATIONAL_MAJOR_TRADE_ROUTES_DISABLED,InternationalMinors,ARGTYPE_IDENTITY,0,,
INTERNATIONAL_MAJOR_TRADE_ROUTES_DISABLED,Domestic,ARGTYPE_IDENTITY,0,,
ANYONE_CONDEMNS_FOR_FAVOR,Amount,ARGTYPE_IDENTITY,25,,
ADD_TOURISM_FROM_GREAT_WORK_OBJECT,Amount,ARGTYPE_IDENTITY,100,,
NO_TOURISM_FROM_GREAT_WORK_OBJECT,NoTourism,ARGTYPE_IDENTITY,1,,
WC_RES_DEFORESTATION_BAN,NoRemove,ARGTYPE_IDENTITY,1,,
WC_RES_DEFORESTATION_GOLD,YieldType,ARGTYPE_IDENTITY,YIELD_GOLD,,
WC_RES_DEFORESTATION_GOLD,Amount,ARGTYPE_IDENTITY,100,,
WC_RES_RELIGIOUS_UNITS_STRENGTH,Amount,ARGTYPE_IDENTITY,10,,
WC_RES_MEET_WMD_TARGET,ModifierId,ARGTYPE_IDENTITY,PLAYERS_EQUALIZE_WMD_COUNTS,,
WC_RES_WMD_BAN,ModifierId,ARGTYPE_IDENTITY,PLAYER_TARGET_WMD_BAN,,
PLAYER_TARGET_WMD_BAN,TargetOnly,ARGTYPE_IDENTITY,1,,
PLAYER_TARGET_WMD_BAN,Amount,ARGTYPE_IDENTITY,0,,
GOVT_ADD_WILDCARD_SLOT,GovernmentSlotType,ARGTYPE_IDENTITY,SLOT_WILDCARD,,
GOVT_ADD_WILDCARD_SLOT,Amount,ARGTYPE_IDENTITY,1,,
GOVT_LOSE_WILDCARD_SLOT,GovernmentSlotType,ARGTYPE_IDENTITY,SLOT_WILDCARD,,
GOVT_LOSE_WILDCARD_SLOT,Amount,ARGTYPE_IDENTITY,-1,,
APPLY_NO_CULTURE_BORDER_EXPANSION_TO_PLAYER,ModifierId,ARGTYPE_IDENTITY,NO_CULTURE_BORDER_EXPANSION,,
APPLY_ALL_DISTRICTS_CULTURE_BOMB_TO_PLAYER,ModifierId,ARGTYPE_IDENTITY,ALL_DISTRICTS_CULTURE_BOMB,,
DECREASE_PROJECT_PRODUCTION,Amount,ARGTYPE_IDENTITY,-50,,
INCREASE_PROJECT_PRODUCTION,Amount,ARGTYPE_IDENTITY,100,,
INCREASE_DISTRICT_BUILDING_PRODUCTION,Amount,ARGTYPE_IDENTITY,100,,
BAN_DISTRICT_BUILDING,BanDistrictBuildings,ARGTYPE_IDENTITY,1,,
INCREASE_GREAT_PERSON_POINTS,Amount,ARGTYPE_IDENTITY,100,,
WC_RES_BUILDING_PRODUCTION_BUFF,Amount,ARGTYPE_IDENTITY,100,,
WC_RES_MODIFY_CITY_STATE_TRADE_YIELD,Amount,ARGTYPE_IDENTITY,100,,
APPLY_DISABLE_UNIQUE_SUZERAIN_BONUS_TO_MINORCIVTYPES,ModifierId,ARGTYPE_IDENTITY,WC_RES_DISABLE_UNIQUE_SUZERAIN_BONUS,,
APPLY_GROWTH_BONUS_TO_PLAYER,ModifierId,ARGTYPE_IDENTITY,WC_RES_CITY_GROWTH_BONUS,,
WC_RES_CITY_GROWTH_BONUS,Amount,ARGTYPE_IDENTITY,20,,
APPLY_LOYALTY_PENALTY_TO_PLAYER,ModifierId,ARGTYPE_IDENTITY,WC_RES_CITY_LOYALTY_PENALTY,,
WC_RES_CITY_LOYALTY_PENALTY,Amount,ARGTYPE_IDENTITY,-5,,
APPLY_GROWTH_PENALTY_TO_PLAYER,ModifierId,ARGTYPE_IDENTITY,WC_RES_CITY_GROWTH_PENALTY,,
WC_RES_CITY_GROWTH_PENALTY,Amount,ARGTYPE_IDENTITY,-20,,
APPLY_LOYALTY_BONUS_TO_PLAYER,ModifierId,ARGTYPE_IDENTITY,WC_RES_CITY_LOYALTY_BONUS,,
WC_RES_CITY_LOYALTY_BONUS,Amount,ARGTYPE_IDENTITY,5,,
WC_RES_UNIT_PRODUCTION_YIELD_BUFF,Amount,ARGTYPE_IDENTITY,50,,
WC_RES_UNIT_PRODUCTION_YIELD_DEBUFF,Amount,ARGTYPE_IDENTITY,-100,,
APPLY_PLAYER_GRIEVANCES_BUFF,ModifierId,ARGTYPE_IDENTITY,WC_RES_PLAYER_GRIEVANCES_BUFF,,
APPLY_PLAYER_GRIEVANCES_DEBUFF,ModifierId,ARGTYPE_IDENTITY,WC_RES_PLAYER_GRIEVANCES_DEBUFF,,
WC_RES_PLAYER_GRIEVANCES_BUFF,Amount,ARGTYPE_IDENTITY,100,,
WC_RES_PLAYER_GRIEVANCES_DEBUFF,Amount,ARGTYPE_IDENTITY,-50,,
WC_RES_OPERATION_CHANCE_BUFF,Amount,ARGTYPE_IDENTITY,2,,
APPLY_RES_UNIT_COMBAT_BUFF,ModifierId,ARGTYPE_IDENTITY,WC_RES_UNIT_COMBAT_BUFF,,
APPLY_RES_UNIT_COMBAT_DEBUFF,Amount,ARGTYPE_IDENTITY,WC_RES_UNIT_COMBAT_DEBUFF,,
WC_RES_UNIT_COMBAT_BUFF,Amount,ARGTYPE_IDENTITY,5,,
WC_RES_UNIT_COMBAT_DEBUFF,Amount,ARGTYPE_IDENTITY,-5,,
AQUEDUCT_ADDAMENITIES,Amount,ARGTYPE_IDENTITY,1,,
BATH_ADDAMENITIES,Amount,ARGTYPE_IDENTITY,1,,
COTHON_HEALFRIENDLY,Amount,ARGTYPE_IDENTITY,100,,
COTHON_HEALFRIENDLY,Type,ARGTYPE_IDENTITY,FRIENDLY,,
COTHON_NAVAL_UNIT_PRODUCTION,Domain,ARGTYPE_IDENTITY,DOMAIN_SEA,,
COTHON_NAVAL_UNIT_PRODUCTION,Amount,ARGTYPE_IDENTITY,50,,
COTHON_SETTLER_PRODUCTION,UnitType,ARGTYPE_IDENTITY,UNIT_SETTLER,,
COTHON_SETTLER_PRODUCTION,Amount,ARGTYPE_IDENTITY,50,,
SUGUBA_CHEAPER_BUILDING_PURCHASE,Amount,ARGTYPE_IDENTITY,20,,
SUGUBA_CHEAPER_DISTRICT_PURCHASE,Amount,ARGTYPE_IDENTITY,20,,
SUGUBA_CHEAPER_UNIT_PURCHASE,Amount,ARGTYPE_IDENTITY,20,,
SUGUBA_CHEAPER_UNIT_PURCHASE,IncludeCivilian,ARGTYPE_IDENTITY,1,,
AID_REQUEST_GRANT_PROJECT,ProjectType,ARGTYPE_IDENTITY,PROJECT_SEND_AID,,
WORLD_GAMES_GRANT_PROJECT,ProjectType,ARGTYPE_IDENTITY,PROJECT_TRAIN_ATHLETES,,
ISS_GRANT_PROJECT,ProjectType,ARGTYPE_IDENTITY,PROJECT_TRAIN_ASTRONAUTS,,
CLIMATE_ACCORDS_GRANT_DECOMMISSION_COAL_POWER_PLANT_PROJECT,ProjectType,ARGTYPE_IDENTITY,PROJECT_DECOMMISSION_COAL_POWER_PLANT,,
CLIMATE_ACCORDS_GRANT_DECOMMISSION_OIL_POWER_PLANT_PROJECT,ProjectType,ARGTYPE_IDENTITY,PROJECT_DECOMMISSION_OIL_POWER_PLANT,,
CLIMATE_ACCORDS_GRANT_DECOMMISSION_NUCLEAR_POWER_PLANT_PROJECT,ProjectType,ARGTYPE_IDENTITY,PROJECT_DECOMMISSION_NUCLEAR_POWER_PLANT,,
NON_EMERGENCY_FIRST_PLACE_VICTORY_POINT,Amount,ARGTYPE_IDENTITY,1,,
NON_EMERGENCY_FIRST_PLACE_VICTORY_POINT,Tooltip,ARGTYPE_IDENTITY,LOC_DVP_TOOLTIP_SCORED_COMPETITIONS,,
AID_REQUEST_FIRST_PLACE_VICTORY_POINT,Amount,ARGTYPE_IDENTITY,2,,
AID_REQUEST_FIRST_PLACE_VICTORY_POINT,Tooltip,ARGTYPE_IDENTITY,LOC_DVP_TOOLTIP_SCORED_COMPETITIONS,,
AID_REQUEST_TOP_TIER_FAVOR,Amount,ARGTYPE_IDENTITY,100,,
AID_REQUEST_BOTTOM_TIER_FAVOR,Amount,ARGTYPE_IDENTITY,50,,
WORLD_FAIR_FIRST_PLACE_GREAT_PERSON_POINTS,Amount,ARGTYPE_IDENTITY,100,,
WORLD_FAIR_TOP_TIER_FAVOR,Amount,ARGTYPE_IDENTITY,50,,
WORLD_FAIR_TOP_TIER_CULTURE,Amount,ARGTYPE_IDENTITY,2,,
WORLD_FAIR_TOP_TIER_CULTURE,StartEraType,ARGTYPE_IDENTITY,ERA_INDUSTRIAL,,
WORLD_FAIR_TOP_TIER_CULTURE,EndEraType,ARGTYPE_IDENTITY,ERA_INFORMATION,,
WORLD_FAIR_BOTTOM_TIER_CULTURE,Amount,ARGTYPE_IDENTITY,1,,
WORLD_FAIR_BOTTOM_TIER_CULTURE,StartEraType,ARGTYPE_IDENTITY,ERA_INDUSTRIAL,,
WORLD_FAIR_BOTTOM_TIER_CULTURE,EndEraType,ARGTYPE_IDENTITY,ERA_INFORMATION,,
WORLD_GAMES_FIRST_PLACE_CAMPUS_TOURISM,Amount,ARGTYPE_IDENTITY,2,,
WORLD_GAMES_TOP_TIER_FAVOR,Amount,ARGTYPE_IDENTITY,50,,
WORLD_GAMES_TOP_TIER_STADIUMS_TOURISM,Amount,ARGTYPE_IDENTITY,2,,
WORLD_GAMES_TOP_TIER_AQUATIC_CENTERS_TOURISM,Amount,ARGTYPE_IDENTITY,2,,
WORLD_GAMES_BOTTOM_TIER_STADIUMS_TOURISM,Amount,ARGTYPE_IDENTITY,1,,
WORLD_GAMES_BOTTOM_TIER_AQUATIC_CENTERS_TOURISM,Amount,ARGTYPE_IDENTITY,1,,
ISS_FIRST_PLACE_SPACESHIP_SPEED_ATTACH_MODIFIER,ModifierId,ARGTYPE_IDENTITY,ISS_FIRST_PLACE_SPACESHIP_SPEED,,
ISS_FIRST_PLACE_SPACESHIP_SPEED,Amount,ARGTYPE_IDENTITY,3,,
ISS_TOP_TIER_FAVOR,Amount,ARGTYPE_IDENTITY,50,,
ISS_TOP_TIER_SPACE_RACE_PRODUCTION,Amount,ARGTYPE_IDENTITY,40,,
ISS_BOTTOM_TIER_SPACE_RACE_PRODUCTION,Amount,ARGTYPE_IDENTITY,20,,
CLIMATE_ACCORDS_FIRST_PLACE_VICTORY_POINT,Amount,ARGTYPE_IDENTITY,2,,
CLIMATE_ACCORDS_FIRST_PLACE_VICTORY_POINT,Tooltip,ARGTYPE_IDENTITY,LOC_DVP_TOOLTIP_SCORED_COMPETITIONS,,
CLIMATE_ACCORDS_TOP_TIER_FAVOR,Amount,ARGTYPE_IDENTITY,100,,
CLIMATE_ACCORDS_BOTTOM_TIER_FAVOR,Amount,ARGTYPE_IDENTITY,50,,
NOBEL_PRIZE_LIT_FIRST_PLACE_ROCK_BAND_CHEAPER,UnitType,ARGTYPE_IDENTITY,UNIT_ROCK_BAND,,
NOBEL_PRIZE_LIT_FIRST_PLACE_ROCK_BAND_CHEAPER,Amount,ARGTYPE_IDENTITY,20,,
NOBEL_PRIZE_LIT_FIRST_PLACE_ROCK_BAND_BUFF,Amount,ARGTYPE_IDENTITY,50,,
NOBEL_PRIZE_LIT_TOP_TIER_ROCK_BAND_BUFF,Amount,ARGTYPE_IDENTITY,75,,
NOBEL_PRIZE_LIT_BOTTOM_TIER_ROCK_BAND_BUFF,Amount,ARGTYPE_IDENTITY,25,,
NOBEL_PRIZE_PHY_FIRST_PLACE_TECH_BOOST,Amount,ARGTYPE_IDENTITY,1,,
NOBEL_PRIZE_PHY_FIRST_PLACE_TECH_BOOST,StartEraType,ARGTYPE_IDENTITY,ERA_INDUSTRIAL,,
NOBEL_PRIZE_PHY_FIRST_PLACE_TECH_BOOST,EndEraType,ARGTYPE_IDENTITY,ERA_FUTURE,,
NOBEL_PRIZE_PHY_FIRST_PLACE_UNIVERSITY_RESOURCES,Amount,ARGTYPE_IDENTITY,1,,
NOBEL_PRIZE_PHY_TOP_TIER_TECH_BOOST,Amount,ARGTYPE_IDENTITY,1,,
NOBEL_PRIZE_PHY_TOP_TIER_TECH_BOOST,StartEraType,ARGTYPE_IDENTITY,ERA_INDUSTRIAL,,
NOBEL_PRIZE_PHY_TOP_TIER_TECH_BOOST,EndEraType,ARGTYPE_IDENTITY,ERA_INFORMATION,,
NOBEL_PRIZE_PHY_TOP_TIER_RESEARCH_LAB_RESOURCES,Amount,ARGTYPE_IDENTITY,1,,
NOBEL_PRIZE_PHY_BOTTOM_TIER_TECH_BOOST,Amount,ARGTYPE_IDENTITY,1,,
NOBEL_PRIZE_PHY_BOTTOM_TIER_TECH_BOOST,StartEraType,ARGTYPE_IDENTITY,ERA_INDUSTRIAL,,
NOBEL_PRIZE_PHY_BOTTOM_TIER_TECH_BOOST,EndEraType,ARGTYPE_IDENTITY,ERA_INFORMATION,,
NOBEL_PRIZE_PEACE_FIRST_PLACE_GREAT_MUSICIAN,GreatPersonClassType,ARGTYPE_IDENTITY,GREAT_PERSON_CLASS_MUSICIAN,,
NOBEL_PRIZE_PEACE_FIRST_PLACE_GREAT_MUSICIAN,Amount,ARGTYPE_IDENTITY,1,,
NOBEL_PRIZE_PEACE_FIRST_PLACE_GREAT_SCIENTIST,GreatPersonClassType,ARGTYPE_IDENTITY,GREAT_PERSON_CLASS_SCIENTIST,,
NOBEL_PRIZE_PEACE_FIRST_PLACE_GREAT_SCIENTIST,Amount,ARGTYPE_IDENTITY,1,,
NOBEL_PRIZE_PEACE_TOP_TIER_GREAT_ENGINEER,GreatPersonClassType,ARGTYPE_IDENTITY,GREAT_PERSON_CLASS_ENGINEER,,
NOBEL_PRIZE_PEACE_TOP_TIER_GREAT_ENGINEER,Amount,ARGTYPE_IDENTITY,1,,
NOBEL_PRIZE_PEACE_TOP_TIER_GREAT_ARTIST,GreatPersonClassType,ARGTYPE_IDENTITY,GREAT_PERSON_CLASS_ARTIST,,
NOBEL_PRIZE_PEACE_TOP_TIER_GREAT_ARTIST,Amount,ARGTYPE_IDENTITY,1,,
NOBEL_PRIZE_PEACE_BOTTOM_TIER_GREAT_ARTIST,GreatPersonClassType,ARGTYPE_IDENTITY,GREAT_PERSON_CLASS_ARTIST,,
NOBEL_PRIZE_PEACE_BOTTOM_TIER_GREAT_ARTIST,Amount,ARGTYPE_IDENTITY,1,,
HOSTILE_EMERGENCY_GRANT_FAVOR_TO_MEMBERS,Amount,ARGTYPE_IDENTITY,100,,
HOSTILE_EMERGENCY_GRANT_FAVOR_TO_TARGET,Amount,ARGTYPE_IDENTITY,200,,
IKKIL_PRODUCTION_WONDER,Amount,ARGTYPE_IDENTITY,50,,
IKKIL_PRODUCTION_WONDER,FeatureType,ARGTYPE_IDENTITY,FEATURE_IKKIL,,
IKKIL_PRODUCTION_DISTRICT,Amount,ARGTYPE_IDENTITY,50,,
IKKIL_PRODUCTION_DISTRICT,FeatureType,ARGTYPE_IDENTITY,FEATURE_IKKIL,,
PAMUKKALE_AMENITY,Amount,ARGTYPE_IDENTITY,1,,
PAMUKKALE_AMENITY_ENTERTAINMENT_COMPLEX,Amount,ARGTYPE_IDENTITY,1,,
GOODY_DIPLOMACY_GRANT_GOVERNOR_TITLE,Delta,ARGTYPE_IDENTITY,1,,
GOODY_DIPLOMACY_GRANT_ENVOY,Amount,ARGTYPE_IDENTITY,1,,
GOODY_DIPLOMACY_GRANT_FAVOR,Amount,ARGTYPE_IDENTITY,20,,
GOODY_MILITARY_ADJUST_STRATEGIC_RESOURCES,Amount,ScaleByGameSpeed,20,,
DEMOCRACY_TRADEROUTEFOODTOALLY,YieldType,ARGTYPE_IDENTITY,YIELD_FOOD,,
DEMOCRACY_TRADEROUTEFOODTOALLY,Amount,ARGTYPE_IDENTITY,4,,
DEMOCRACY_TRADEROUTEPRODUCTIONTOALLY,YieldType,ARGTYPE_IDENTITY,YIELD_PRODUCTION,,
DEMOCRACY_TRADEROUTEPRODUCTIONTOALLY,Amount,ARGTYPE_IDENTITY,4,,
DEMOCRACY_TRADEROUTEFOODFROMALLY,YieldType,ARGTYPE_IDENTITY,YIELD_FOOD,,
DEMOCRACY_TRADEROUTEFOODFROMALLY,Amount,ARGTYPE_IDENTITY,4,,
DEMOCRACY_TRADEROUTEPRODUCTIONFROMALLY,YieldType,ARGTYPE_IDENTITY,YIELD_PRODUCTION,,
DEMOCRACY_TRADEROUTEPRODUCTIONFROMALLY,Amount,ARGTYPE_IDENTITY,4,,
DEMOCRACY_TRADEROUTEFOODTOSUZERAIN,YieldType,ARGTYPE_IDENTITY,YIELD_FOOD,,
DEMOCRACY_TRADEROUTEFOODTOSUZERAIN,Amount,ARGTYPE_IDENTITY,4,,
DEMOCRACY_TRADEROUTEPRODUCTIONTOSUZERAIN,YieldType,ARGTYPE_IDENTITY,YIELD_PRODUCTION,,
DEMOCRACY_TRADEROUTEPRODUCTIONTOSUZERAIN,Amount,ARGTYPE_IDENTITY,4,,
DEMOCRACY_TRADEROUTEFOODFROMSUZERAIN,YieldType,ARGTYPE_IDENTITY,YIELD_FOOD,,
DEMOCRACY_TRADEROUTEFOODFROMSUZERAIN,Amount,ARGTYPE_IDENTITY,4,,
DEMOCRACY_TRADEROUTEPRODUCTIONFROMSUZERAIN,YieldType,ARGTYPE_IDENTITY,YIELD_PRODUCTION,,
DEMOCRACY_TRADEROUTEPRODUCTIONFROMSUZERAIN,Amount,ARGTYPE_IDENTITY,4,,
DEMOCRACY_ALLIANCEPOINTS,Amount,ARGTYPE_IDENTITY,1,,
COMMUNISM_SCIENCE,YieldType,ARGTYPE_IDENTITY,YIELD_SCIENCE,,
COMMUNISM_SCIENCE,Amount,ARGTYPE_IDENTITY,10,,
CORPORATE_LIBERTARIANISM_RESOURCE_EXTRACTION,Amount,ARGTYPE_IDENTITY,1,,
CORPORATE_LIBERTARIANISM_COMMERCIAL_HUB_PRODUCTION,YieldType,ARGTYPE_IDENTITY,YIELD_PRODUCTION,,
CORPORATE_LIBERTARIANISM_COMMERCIAL_HUB_PRODUCTION,Amount,ARGTYPE_IDENTITY,10,,
CORPORATE_LIBERTARIANISM_ENCAMPMENT_PRODUCTION,YieldType,ARGTYPE_IDENTITY,YIELD_PRODUCTION,,
CORPORATE_LIBERTARIANISM_ENCAMPMENT_PRODUCTION,Amount,ARGTYPE_IDENTITY,10,,
CORPORATE_LIBERTARIANISM_SCIENCE_PENALTY,YieldType,ARGTYPE_IDENTITY,YIELD_SCIENCE,,
CORPORATE_LIBERTARIANISM_SCIENCE_PENALTY,Amount,ARGTYPE_IDENTITY,-10,,
DIGITAL_DEMOCRACY_CITY_AMENITIES,Amount,ARGTYPE_IDENTITY,2,,
DIGITAL_DEMOCRACY_DISTRICT_CULTURE,YieldType,ARGTYPE_IDENTITY,YIELD_CULTURE,,
DIGITAL_DEMOCRACY_DISTRICT_CULTURE,Amount,ARGTYPE_IDENTITY,2,,
DIGITAL_DEMOCRACY_COMBAT_STRENGTH_PENALTY,AbilityType,ARGTYPE_IDENTITY,ABILITY_DIGITAL_DEMOCRACY_DEBUFF,,
SYNTHETIC_TECHNOCRACY_CITY_POWER,Amount,ARGTYPE_IDENTITY,3,,
SYNTHETIC_TECHNOCRACY_CITY_POWER,SourceType,ARGTYPE_IDENTITY,FREE_POWER_SOURCE_MISC,,
SYNTHETIC_TECHNOCRACY_CITY_PROJECT_PRODUCTION,Amount,ARGTYPE_IDENTITY,30,,
SYNTHETIC_TECHNOCRACY_TOURISM_PENALTY,Amount,ARGTYPE_IDENTITY,-10,,
MONARCHY_STARFORT_FAVOR,Amount,ARGTYPE_IDENTITY,2,,
PASHA_BONUS_UNIT_PRODUCTION,Amount,ARGTYPE_IDENTITY,20,,
SERASKER_ADJUST_GOVERNOR_COMBAT_DISTRICT,Amount,ARGTYPE_IDENTITY,10,,
HEAD_FALCONER_ADJUST_CITY_COMBAT_BONUS,Amount,ARGTYPE_IDENTITY,5,,
KHASS_ODA_BASHI_ADJUST_ALLIANCE_POINTS,Amount,ARGTYPE_IDENTITY,2,,
CAPOU_AGHA_ADJUST_GRIEVANCES,Score,ARGTYPE_IDENTITY,1,,
CAPOU_AGHA_ADJUST_GRIEVANCES,Turns,ARGTYPE_IDENTITY,1,,
GRAND_VIZIER_ADJUST_IGNORE_CULTURAL_IDENTITY,Ignore,ARGTYPE_IDENTITY,1,,
GREATPERSON_GRANT_1_COAL_PER_TURN,ResourceType,ARGTYPE_IDENTITY,RESOURCE_COAL,,
GREATPERSON_GRANT_1_COAL_PER_TURN,Amount,ARGTYPE_IDENTITY,1,,
GREATPERSON_RAJENDRA_CHOLA_ACTIVE,AbilityType,ARGTYPE_IDENTITY,ABILITY_CHOLA_NAVAL_COMBAT,,
GREATPERSON_LEIF_ERIKSON_SIGHT_BONUS,AbilityType,ARGTYPE_IDENTITY,ABILITY_ERIKSON_NAVAL_SIGHT,,
GREATPERSON_ZHENG_HE_GOLD_TO_INCOMING_FOREIGN_ROUTES,YieldType,ARGTYPE_IDENTITY,YIELD_GOLD,,
GREATPERSON_ZHENG_HE_GOLD_TO_INCOMING_FOREIGN_ROUTES,Amount,ARGTYPE_IDENTITY,2,,
GREATPERSON_ZHENG_HE_GOLD_FROM_INCOMING_FOREIGN_ROUTES,YieldType,ARGTYPE_IDENTITY,YIELD_GOLD,,
GREATPERSON_ZHENG_HE_GOLD_FROM_INCOMING_FOREIGN_ROUTES,Amount,ARGTYPE_IDENTITY,2,,
GREATPERSON_ZHENG_HE_FREE_TRADER_UNIT,UnitType,ARGTYPE_IDENTITY,UNIT_TRADER,,
GREATPERSON_ZHENG_HE_FREE_TRADER_UNIT,Amount,ARGTYPE_IDENTITY,1,,
GREATPERSON_ZHENG_HE_ACTIVE,Amount,ARGTYPE_IDENTITY,1,,
GREATPERSON_CHING_SHIH_ACTIVE,YieldType,ARGTYPE_IDENTITY,YIELD_GOLD,,
GREATPERSON_CHING_SHIH_ACTIVE,Amount,ScaleByGameSpeed,500,,
GREATPERSON_CHESTER_NIMITZ_UNIT_PROMOTION,UnitType,ARGTYPE_IDENTITY,UNIT_SUBMARINE,,
GREATPERSON_CHESTER_NIMITZ_UNIT_PROMOTION,Experience,ARGTYPE_IDENTITY,-1,,
GREATPERSON_CHESTER_NIMITZ_UNIT_PROMOTION,UniqueOverride,ARGTYPE_IDENTITY,1,,
GREATPERSON_CHESTER_NIMITZ_ACTIVE,Amount,ARGTYPE_IDENTITY,20,,
GREATPERSON_CHESTER_NIMITZ_ACTIVE,PromotionClass,ARGTYPE_IDENTITY,PROMOTION_CLASS_NAVAL_RAIDER,,
GREATPERSON_FRANCIS_DRAKE_ACTIVE,UnitType,ARGTYPE_IDENTITY,UNIT_PRIVATEER,,
GREATPERSON_FRANCIS_DRAKE_ACTIVE,Experience,ARGTYPE_IDENTITY,-1,,
GREATPERSON_FRANCIS_DRAKE_ACTIVE,UniqueOverride,ARGTYPE_IDENTITY,1,,
GREATPERSON_THEMISTOCLES_NAVAL_RANGED,Amount,ARGTYPE_IDENTITY,20,,
GREATPERSON_THEMISTOCLES_NAVAL_RANGED,PromotionClass,ARGTYPE_IDENTITY,PROMOTION_CLASS_NAVAL_RANGED,,
GREATPERSON_HORATIO_NELSON_LIGHTHOUSE,BuildingType,ARGTYPE_IDENTITY,BUILDING_LIGHTHOUSE,,
GREATPERSON_HORATIO_NELSON_SHIPYARD,BuildingType,ARGTYPE_IDENTITY,BUILDING_SHIPYARD,,
GREATPERSON_HORATIO_NELSON_ACTIVE,AbilityType,ARGTYPE_IDENTITY,ABILITY_HORATIO_NELSON_FLANKING_BONUS,,
GREATPERSON_GRACE_HOPPER_ACTIVE,Amount,ARGTYPE_IDENTITY,2,,
GREATPERSON_GRANT_1_OIL_PER_TURN,ResourceType,ARGTYPE_IDENTITY,RESOURCE_OIL,,
GREATPERSON_GRANT_1_OIL_PER_TURN,Amount,ARGTYPE_IDENTITY,1,,
GREATPERSON_GRANT_3_OIL_PER_TURN,ResourceType,ARGTYPE_IDENTITY,RESOURCE_OIL,,
GREATPERSON_GRANT_3_OIL_PER_TURN,Amount,ARGTYPE_IDENTITY,3,,
SOLAR_FARM_GENERATE_POWER,Amount,ARGTYPE_IDENTITY,2,,
SOLAR_FARM_GENERATE_POWER,SourceType,ARGTYPE_IDENTITY,FREE_POWER_SOURCE_SOLAR,,
WIND_FARM_GENERATE_POWER,Amount,ARGTYPE_IDENTITY,2,,
WIND_FARM_GENERATE_POWER,SourceType,ARGTYPE_IDENTITY,FREE_POWER_SOURCE_WIND,,
OFFSHORE_WIND_FARM_GENERATE_POWER,Amount,ARGTYPE_IDENTITY,2,,
OFFSHORE_WIND_FARM_GENERATE_POWER,SourceType,ARGTYPE_IDENTITY,FREE_POWER_SOURCE_WIND,,
GEOTHERMAL_GENERATE_POWER,Amount,ARGTYPE_IDENTITY,4,,
GEOTHERMAL_GENERATE_POWER,SourceType,ARGTYPE_IDENTITY,FREE_POWER_SOURCE_GEOTHERMAL,,
MOAI_COASTADJACENCY_CULTURE,YieldType,ARGTYPE_IDENTITY,YIELD_CULTURE,,
MOAI_COASTADJACENCY_CULTURE,Amount,ARGTYPE_IDENTITY,1,,
MOAI_VOLCANICADJACENCY_CULTURE,YieldType,ARGTYPE_IDENTITY,YIELD_CULTURE,,
MOAI_VOLCANICADJACENCY_CULTURE,Amount,ARGTYPE_IDENTITY,2,,
NAZCA_LINE_ADJACENCY_FAITH,YieldType,ARGTYPE_IDENTITY,YIELD_FAITH,,
NAZCA_LINE_ADJACENCY_FAITH,Amount,ARGTYPE_IDENTITY,1,,
NAZCA_LINE_ADJACENCY_FAITH_RESOURCE,YieldType,ARGTYPE_IDENTITY,YIELD_FAITH,,
NAZCA_LINE_ADJACENCY_FAITH_RESOURCE,Amount,ARGTYPE_IDENTITY,1,,
NAZCA_LINE_ADJACENCY_FOOD_DESERT_CIVIL_SERVICE,YieldType,ARGTYPE_IDENTITY,YIELD_FOOD,,
NAZCA_LINE_ADJACENCY_FOOD_DESERT_CIVIL_SERVICE,Amount,ARGTYPE_IDENTITY,1,,
NAZCA_LINE_ADJACENCY_FOOD_DESERT_HILLS_CIVIL_SERVICE,YieldType,ARGTYPE_IDENTITY,YIELD_FOOD,,
NAZCA_LINE_ADJACENCY_FOOD_DESERT_HILLS_CIVIL_SERVICE,Amount,ARGTYPE_IDENTITY,1,,
NAZCA_LINE_ADJACENCY_PRODUCTION_FLAT_MASS_PRODUCTION,YieldType,ARGTYPE_IDENTITY,YIELD_PRODUCTION,,
NAZCA_LINE_ADJACENCY_PRODUCTION_FLAT_MASS_PRODUCTION,Amount,ARGTYPE_IDENTITY,1,,
MOUND_AMENITY_MAX_ONE,Amount,ARGTYPE_IDENTITY,1,,
MOUND_AMENITY_MAX_TWO,Amount,ARGTYPE_IDENTITY,1,,
MOUND_HOUSING,Amount,ARGTYPE_IDENTITY,1,,
SKI_RESORT_AMENITY,Amount,ARGTYPE_IDENTITY,1,,
SPHINX_FLOODPLAINS_CULTURE,YieldType,ARGTYPE_IDENTITY,YIELD_CULTURE,,
SPHINX_FLOODPLAINS_CULTURE,Amount,ARGTYPE_IDENTITY,1,,
MERCHANT_RENEWABLE_ENERGY_SOLAR_FARM_GENERATE_POWER,Amount,ARGTYPE_IDENTITY,2,,
MERCHANT_RENEWABLE_ENERGY_SOLAR_FARM_GENERATE_POWER,SourceType,ARGTYPE_IDENTITY,FREE_POWER_SOURCE_SOLAR,,
MERCHANT_RENEWABLE_ENERGY_WIND_FARM_GENERATE_POWER,Amount,ARGTYPE_IDENTITY,2,,
MERCHANT_RENEWABLE_ENERGY_WIND_FARM_GENERATE_POWER,SourceType,ARGTYPE_IDENTITY,FREE_POWER_SOURCE_WIND,,
MERCHANT_RENEWABLE_ENERGY_OFFSHORE_WIND_FARM_GENERATE_POWER,Amount,ARGTYPE_IDENTITY,2,,
MERCHANT_RENEWABLE_ENERGY_OFFSHORE_WIND_FARM_GENERATE_POWER,SourceType,ARGTYPE_IDENTITY,FREE_POWER_SOURCE_WIND,,
MERCHANT_RENEWABLE_ENERGY_GEOTHERMAL_GENERATE_POWER,Amount,ARGTYPE_IDENTITY,2,,
MERCHANT_RENEWABLE_ENERGY_GEOTHERMAL_GENERATE_POWER,SourceType,ARGTYPE_IDENTITY,FREE_POWER_SOURCE_GEOTHERMAL,,
TRAIT_FOREIGN_CONTINENT_TRADE_ROUTE,Amount,ARGTYPE_IDENTITY,1,,
TRAIT_ROYAL_NAVY_DOCKYARD_NAVAL_UNIT,DistrictType,ARGTYPE_IDENTITY,DISTRICT_ROYAL_NAVY_DOCKYARD,,
TRAIT_FOREIGN_CONTINENT_MELEE_UNIT,UnitPromotionClassType,ARGTYPE_IDENTITY,PROMOTION_CLASS_MELEE,,
TRAIT_HURRICANE_PREVENTION_CAT_4,RandomEventType,ARGTYPE_IDENTITY,RANDOM_EVENT_HURRICANE_CAT_4,,
TRAIT_HURRICANE_PREVENTION_CAT_4,NoDamage,ARGTYPE_IDENTITY,1,,
TRAIT_HURRICANE_PREVENTION_CAT_5,RandomEventType,ARGTYPE_IDENTITY,RANDOM_EVENT_HURRICANE_CAT_5,,
TRAIT_HURRICANE_PREVENTION_CAT_5,NoDamage,ARGTYPE_IDENTITY,1,,
TRAIT_HURRICANE_DOUBLE_DAMAGE_CAT_4,RandomEventType,ARGTYPE_IDENTITY,RANDOM_EVENT_HURRICANE_CAT_4,,
TRAIT_HURRICANE_DOUBLE_DAMAGE_CAT_4,Amount,ARGTYPE_IDENTITY,100,,
TRAIT_HURRICANE_DOUBLE_DAMAGE_CAT_5,RandomEventType,ARGTYPE_IDENTITY,RANDOM_EVENT_HURRICANE_CAT_5,,
TRAIT_HURRICANE_DOUBLE_DAMAGE_CAT_5,Amount,ARGTYPE_IDENTITY,100,,
TRAIT_INQUISITORS_FULL_EVICT,Amount,ARGTYPE_IDENTITY,25,,
TRAIT_LEADER_PILLAGE_SCIENCE_MINES,PlunderType,ARGTYPE_IDENTITY,PLUNDER_SCIENCE,,
TRAIT_LEADER_PILLAGE_SCIENCE_MINES,ImprovementType,ARGTYPE_IDENTITY,IMPROVEMENT_MINE,,
TRAIT_LEADER_PILLAGE_SCIENCE_MINES,Amount,ARGTYPE_IDENTITY,15,,
TRAIT_LEADER_PILLAGE_CULTURE_QUARRIES,PlunderType,ARGTYPE_IDENTITY,PLUNDER_CULTURE,,
TRAIT_LEADER_PILLAGE_CULTURE_QUARRIES,ImprovementType,ARGTYPE_IDENTITY,IMPROVEMENT_QUARRY,,
TRAIT_LEADER_PILLAGE_CULTURE_QUARRIES,Amount,ARGTYPE_IDENTITY,15,,
TRAIT_LEADER_PILLAGE_CULTURE_PLANTATIONS,PlunderType,ARGTYPE_IDENTITY,PLUNDER_CULTURE,,
TRAIT_LEADER_PILLAGE_CULTURE_PLANTATIONS,ImprovementType,ARGTYPE_IDENTITY,IMPROVEMENT_PLANTATION,,
TRAIT_LEADER_PILLAGE_CULTURE_PLANTATIONS,Amount,ARGTYPE_IDENTITY,15,,
TRAIT_LEADER_PILLAGE_CULTURE_PASTURES,PlunderType,ARGTYPE_IDENTITY,PLUNDER_CULTURE,,
TRAIT_LEADER_PILLAGE_CULTURE_PASTURES,ImprovementType,ARGTYPE_IDENTITY,IMPROVEMENT_PASTURE,,
TRAIT_LEADER_PILLAGE_CULTURE_PASTURES,Amount,ARGTYPE_IDENTITY,15,,
TRAIT_LEADER_PILLAGE_CULTURE_CAMPS,PlunderType,ARGTYPE_IDENTITY,PLUNDER_CULTURE,,
TRAIT_LEADER_PILLAGE_CULTURE_CAMPS,ImprovementType,ARGTYPE_IDENTITY,IMPROVEMENT_CAMP,,
TRAIT_LEADER_PILLAGE_CULTURE_CAMPS,Amount,ARGTYPE_IDENTITY,15,,
TRAIT_WITH_SHIELD_GRIEVANCE_DECAY,Amount,ARGTYPE_IDENTITY,100,,
MINOR_CIV_AKKAD_UNIQUE_INFLUENCE_BONUS_MELEE,ModifierId,ARGTYPE_IDENTITY,MINOR_CIV_AKKAD_ENABLE_WALL_ATTACK_WHOLE_GAME_MELEE,,
MINOR_CIV_AKKAD_ENABLE_WALL_ATTACK_WHOLE_GAME_MELEE,PromotionClass,ARGTYPE_IDENTITY,PROMOTION_CLASS_MELEE,,
MINOR_CIV_AKKAD_UNIQUE_INFLUENCE_BONUS_ANTI_CAVALRY,ModifierId,ARGTYPE_IDENTITY,MINOR_CIV_AKKAD_ENABLE_WALL_ATTACK_WHOLE_GAME_ANTI_CAVALRY,,
MINOR_CIV_AKKAD_ENABLE_WALL_ATTACK_WHOLE_GAME_ANTI_CAVALRY,PromotionClass,ARGTYPE_IDENTITY,PROMOTION_CLASS_ANTI_CAVALRY,,
MINOR_CIV_BOLOGNA_UNIQUE_INFLUENCE_GREAT_GENERAL_POINTS_BONUS,ModifierId,ARGTYPE_IDENTITY,MINOR_CIV_BOLOGNA_GREAT_GENERAL_POINTS_BONUS,,
MINOR_CIV_BOLOGNA_GREAT_GENERAL_POINTS_BONUS,GreatPersonClassType,ARGTYPE_IDENTITY,GREAT_PERSON_CLASS_GENERAL,,
MINOR_CIV_BOLOGNA_GREAT_GENERAL_POINTS_BONUS,Amount,ARGTYPE_IDENTITY,1,,
MINOR_CIV_BOLOGNA_UNIQUE_INFLUENCE_GREAT_ADMIRAL_POINTS_BONUS,ModifierId,ARGTYPE_IDENTITY,MINOR_CIV_BOLOGNA_GREAT_ADMIRAL_POINTS_BONUS,,
MINOR_CIV_BOLOGNA_GREAT_ADMIRAL_POINTS_BONUS,GreatPersonClassType,ARGTYPE_IDENTITY,GREAT_PERSON_CLASS_ADMIRAL,,
MINOR_CIV_BOLOGNA_GREAT_ADMIRAL_POINTS_BONUS,Amount,ARGTYPE_IDENTITY,1,,
MINOR_CIV_BOLOGNA_UNIQUE_INFLUENCE_GREAT_ENGINEER_POINTS_BONUS,ModifierId,ARGTYPE_IDENTITY,MINOR_CIV_BOLOGNA_GREAT_ENGINEER_POINTS_BONUS,,
MINOR_CIV_BOLOGNA_GREAT_ENGINEER_POINTS_BONUS,GreatPersonClassType,ARGTYPE_IDENTITY,GREAT_PERSON_CLASS_ENGINEER,,
MINOR_CIV_BOLOGNA_GREAT_ENGINEER_POINTS_BONUS,Amount,ARGTYPE_IDENTITY,1,,
MINOR_CIV_BOLOGNA_UNIQUE_INFLUENCE_GREAT_MERCHANT_POINTS_BONUS,ModifierId,ARGTYPE_IDENTITY,MINOR_CIV_BOLOGNA_GREAT_MERCHANT_POINTS_BONUS,,
MINOR_CIV_BOLOGNA_GREAT_MERCHANT_POINTS_BONUS,GreatPersonClassType,ARGTYPE_IDENTITY,GREAT_PERSON_CLASS_MERCHANT,,
MINOR_CIV_BOLOGNA_GREAT_MERCHANT_POINTS_BONUS,Amount,ARGTYPE_IDENTITY,1,,
MINOR_CIV_BOLOGNA_UNIQUE_INFLUENCE_GREAT_PROPHET_POINTS_BONUS,ModifierId,ARGTYPE_IDENTITY,MINOR_CIV_BOLOGNA_GREAT_PROPHET_POINTS_BONUS,,
MINOR_CIV_BOLOGNA_GREAT_PROPHET_POINTS_BONUS,GreatPersonClassType,ARGTYPE_IDENTITY,GREAT_PERSON_CLASS_PROPHET,,
MINOR_CIV_BOLOGNA_GREAT_PROPHET_POINTS_BONUS,Amount,ARGTYPE_IDENTITY,1,,
MINOR_CIV_BOLOGNA_UNIQUE_INFLUENCE_GREAT_SCIENTIST_POINTS_BONUS,ModifierId,ARGTYPE_IDENTITY,MINOR_CIV_BOLOGNA_GREAT_SCIENTIST_POINTS_BONUS,,
MINOR_CIV_BOLOGNA_GREAT_SCIENTIST_POINTS_BONUS,GreatPersonClassType,ARGTYPE_IDENTITY,GREAT_PERSON_CLASS_SCIENTIST,,
MINOR_CIV_BOLOGNA_GREAT_SCIENTIST_POINTS_BONUS,Amount,ARGTYPE_IDENTITY,1,,
MINOR_CIV_BOLOGNA_UNIQUE_INFLUENCE_GREAT_WRITER_POINTS_BONUS,ModifierId,ARGTYPE_IDENTITY,MINOR_CIV_BOLOGNA_GREAT_WRITER_POINTS_BONUS,,
MINOR_CIV_BOLOGNA_GREAT_WRITER_POINTS_BONUS,GreatPersonClassType,ARGTYPE_IDENTITY,GREAT_PERSON_CLASS_WRITER,,
MINOR_CIV_BOLOGNA_GREAT_WRITER_POINTS_BONUS,Amount,ARGTYPE_IDENTITY,1,,
MINOR_CIV_BOLOGNA_UNIQUE_INFLUENCE_GREAT_ARTIST_POINTS_BONUS,ModifierId,ARGTYPE_IDENTITY,MINOR_CIV_BOLOGNA_GREAT_ARTIST_POINTS_BONUS,,
MINOR_CIV_BOLOGNA_GREAT_ARTIST_POINTS_BONUS,GreatPersonClassType,ARGTYPE_IDENTITY,GREAT_PERSON_CLASS_ARTIST,,
MINOR_CIV_BOLOGNA_GREAT_ARTIST_POINTS_BONUS,Amount,ARGTYPE_IDENTITY,1,,
MINOR_CIV_BOLOGNA_UNIQUE_INFLUENCE_GREAT_MUSICIAN_POINTS_BONUS,ModifierId,ARGTYPE_IDENTITY,MINOR_CIV_BOLOGNA_GREAT_MUSICIAN_POINTS_BONUS,,
MINOR_CIV_BOLOGNA_GREAT_MUSICIAN_POINTS_BONUS,GreatPersonClassType,ARGTYPE_IDENTITY,GREAT_PERSON_CLASS_MUSICIAN,,
MINOR_CIV_BOLOGNA_GREAT_MUSICIAN_POINTS_BONUS,Amount,ARGTYPE_IDENTITY,1,,
MINOR_CIV_CAHOKIA_UNIQUE_INFLUENCE_BONUS,ModifierId,ARGTYPE_IDENTITY,MINOR_CIV_CAHOKIA_CAN_MOUND,,
MINOR_CIV_CAHOKIA_CAN_MOUND,ImprovementType,ARGTYPE_IDENTITY,IMPROVEMENT_MOUND,,
MINOR_CIV_CARDIFF_UNIQUE_INFLUENCE_POWER_LIGHTHOUSE,ModifierId,ARGTYPE_IDENTITY,MINOR_CIV_CARDIFF_POWER_LIGHTHOUSE,,
MINOR_CIV_CARDIFF_POWER_LIGHTHOUSE,Amount,ARGTYPE_IDENTITY,2,,
MINOR_CIV_CARDIFF_POWER_LIGHTHOUSE,SourceType,ARGTYPE_IDENTITY,FREE_POWER_SOURCE_MISC,,
MINOR_CIV_CARDIFF_UNIQUE_INFLUENCE_POWER_SHIPYARD,ModifierId,ARGTYPE_IDENTITY,MINOR_CIV_CARDIFF_POWER_SHIPYARD,,
MINOR_CIV_CARDIFF_POWER_SHIPYARD,Amount,ARGTYPE_IDENTITY,2,,
MINOR_CIV_CARDIFF_POWER_SHIPYARD,SourceType,ARGTYPE_IDENTITY,FREE_POWER_SOURCE_MISC,,
MINOR_CIV_CARDIFF_UNIQUE_INFLUENCE_POWER_SEAPORT,ModifierId,ARGTYPE_IDENTITY,MINOR_CIV_CARDIFF_POWER_SEAPORT,,
MINOR_CIV_CARDIFF_POWER_SEAPORT,Amount,ARGTYPE_IDENTITY,2,,
MINOR_CIV_CARDIFF_POWER_SEAPORT,SourceType,ARGTYPE_IDENTITY,FREE_POWER_SOURCE_MISC,,
MINOR_CIV_HATTUSA_UNIQUE_INFLUENCE_ALUMINUM_RESOURCE_XP2,ModifierId,ARGTYPE_IDENTITY,MINOR_CIV_HATTUSA_ALUMINUM_RESOURCE_XP2,,
MINOR_CIV_HATTUSA_ALUMINUM_RESOURCE_XP2,ResourceType,ARGTYPE_IDENTITY,RESOURCE_ALUMINUM,,
MINOR_CIV_HATTUSA_ALUMINUM_RESOURCE_XP2,Amount,ARGTYPE_IDENTITY,2,,
MINOR_CIV_HATTUSA_UNIQUE_INFLUENCE_COAL_RESOURCE_XP2,ModifierId,ARGTYPE_IDENTITY,MINOR_CIV_HATTUSA_COAL_RESOURCE_XP2,,
MINOR_CIV_HATTUSA_COAL_RESOURCE_XP2,ResourceType,ARGTYPE_IDENTITY,RESOURCE_COAL,,
MINOR_CIV_HATTUSA_COAL_RESOURCE_XP2,Amount,ARGTYPE_IDENTITY,2,,
MINOR_CIV_HATTUSA_UNIQUE_INFLUENCE_HORSES_RESOURCE_XP2,ModifierId,ARGTYPE_IDENTITY,MINOR_CIV_HATTUSA_HORSES_RESOURCE_XP2,,
MINOR_CIV_HATTUSA_HORSES_RESOURCE_XP2,ResourceType,ARGTYPE_IDENTITY,RESOURCE_HORSES,,
MINOR_CIV_HATTUSA_HORSES_RESOURCE_XP2,Amount,ARGTYPE_IDENTITY,2,,
MINOR_CIV_HATTUSA_UNIQUE_INFLUENCE_IRON_RESOURCE_XP2,ModifierId,ARGTYPE_IDENTITY,MINOR_CIV_HATTUSA_IRON_RESOURCE_XP2,,
MINOR_CIV_HATTUSA_IRON_RESOURCE_XP2,ResourceType,ARGTYPE_IDENTITY,RESOURCE_IRON,,
MINOR_CIV_HATTUSA_IRON_RESOURCE_XP2,Amount,ARGTYPE_IDENTITY,2,,
MINOR_CIV_HATTUSA_UNIQUE_INFLUENCE_NITER_RESOURCE_XP2,ModifierId,ARGTYPE_IDENTITY,MINOR_CIV_HATTUSA_NITER_RESOURCE_XP2,,
MINOR_CIV_HATTUSA_NITER_RESOURCE_XP2,ResourceType,ARGTYPE_IDENTITY,RESOURCE_NITER,,
MINOR_CIV_HATTUSA_NITER_RESOURCE_XP2,Amount,ARGTYPE_IDENTITY,2,,
MINOR_CIV_HATTUSA_UNIQUE_INFLUENCE_OIL_RESOURCE_XP2,ModifierId,ARGTYPE_IDENTITY,MINOR_CIV_HATTUSA_OIL_RESOURCE_XP2,,
MINOR_CIV_HATTUSA_OIL_RESOURCE_XP2,ResourceType,ARGTYPE_IDENTITY,RESOURCE_OIL,,
MINOR_CIV_HATTUSA_OIL_RESOURCE_XP2,Amount,ARGTYPE_IDENTITY,2,,
MINOR_CIV_HATTUSA_UNIQUE_INFLUENCE_URANIUM_RESOURCE_XP2,ModifierId,ARGTYPE_IDENTITY,MINOR_CIV_HATTUSA_URANIUM_RESOURCE_XP2,,
MINOR_CIV_HATTUSA_URANIUM_RESOURCE_XP2,ResourceType,ARGTYPE_IDENTITY,RESOURCE_URANIUM,,
MINOR_CIV_HATTUSA_URANIUM_RESOURCE_XP2,Amount,ARGTYPE_IDENTITY,2,,
MINOR_CIV_FEZ_UNIQUE_INFLUENCE_BONUS,ModifierId,ARGTYPE_IDENTITY,MINOR_CIV_FEZ_INITIATION_SCIENCE_POPULATION,,
MINOR_CIV_FEZ_INITIATION_SCIENCE_POPULATION,YieldType,ARGTYPE_IDENTITY,YIELD_SCIENCE,,
MINOR_CIV_FEZ_INITIATION_SCIENCE_POPULATION,Amount,ARGTYPE_IDENTITY,20,,
MINOR_CIV_MEXICO_CITY_UNIQUE_INFLUENCE_BONUS,ModifierId,ARGTYPE_IDENTITY,MINOR_CIV_MEXICO_CITY_REGIONAL_RANGE_BONUS,,
MINOR_CIV_MEXICO_CITY_REGIONAL_RANGE_BONUS,Amount,ARGTYPE_IDENTITY,3,,
MINOR_CIV_NAZCA_UNIQUE_INFLUENCE_BONUS,ModifierId,ARGTYPE_IDENTITY,MINOR_CIV_NAZCA_CAN_NAZCA_LINE,,
MINOR_CIV_NAZCA_CAN_NAZCA_LINE,ImprovementType,ARGTYPE_IDENTITY,IMPROVEMENT_NAZCA_LINE,,
MINOR_CIV_NGAZARGAMU_UNIQUE_INFLUENCE_BARRACKS_STABLE_PURCHASE_BONUS,ModifierId,ARGTYPE_IDENTITY,MINOR_CIV_NGAZARGAMU_BARRACKS_STABLE_PURCHASE_BONUS,,
MINOR_CIV_NGAZARGAMU_BARRACKS_STABLE_PURCHASE_BONUS,Amount,ARGTYPE_IDENTITY,20,,
MINOR_CIV_NGAZARGAMU_BARRACKS_STABLE_PURCHASE_BONUS,UnitDomain,ARGTYPE_IDENTITY,DOMAIN_LAND,,
MINOR_CIV_NGAZARGAMU_UNIQUE_INFLUENCE_ARMORY_PURCHASE_BONUS,ModifierId,ARGTYPE_IDENTITY,MINOR_CIV_NGAZARGAMU_ARMORY_PURCHASE_BONUS,,
MINOR_CIV_NGAZARGAMU_ARMORY_PURCHASE_BONUS,Amount,ARGTYPE_IDENTITY,20,,
MINOR_CIV_NGAZARGAMU_ARMORY_PURCHASE_BONUS,UnitDomain,ARGTYPE_IDENTITY,DOMAIN_LAND,,
MINOR_CIV_NGAZARGAMU_UNIQUE_INFLUENCE_MILITARY_ACADEMY_PURCHASE_BONUS,ModifierId,ARGTYPE_IDENTITY,MINOR_CIV_NGAZARGAMU_MILITARY_ACADEMY_PURCHASE_BONUS,,
MINOR_CIV_NGAZARGAMU_MILITARY_ACADEMY_PURCHASE_BONUS,Amount,ARGTYPE_IDENTITY,20,,
MINOR_CIV_NGAZARGAMU_MILITARY_ACADEMY_PURCHASE_BONUS,UnitDomain,ARGTYPE_IDENTITY,DOMAIN_LAND,,
MINOR_CIV_RAPA_NUI_UNIQUE_INFLUENCE_BONUS,ModifierId,ARGTYPE_IDENTITY,MINOR_CIV_RAPA_NUI_CAN_MOAI,,
MINOR_CIV_RAPA_NUI_CAN_MOAI,ImprovementType,ARGTYPE_IDENTITY,IMPROVEMENT_MOAI,,
STANDARD_DIPLOMATIC_WARMONGER,LowerLimit,ARGTYPE_IDENTITY,-60,,
STANDARD_DIPLOMATIC_WARMONGER,PercentOfGrievances,ARGTYPE_IDENTITY,20,,
STANDARD_DIPLOMATIC_THIRD_PARTY_WARMONGER,LowerLimit,ARGTYPE_IDENTITY,-40,,
STANDARD_DIPLOMATIC_THIRD_PARTY_WARMONGER,PercentOfGrievancesDelta,ARGTYPE_IDENTITY,10,,
COMMEMORATION_AUTOMATON_GA_URANIUM_MINES,ResourceType,ARGTYPE_IDENTITY,RESOURCE_URANIUM,,
COMMEMORATION_AUTOMATON_GA_URANIUM_MINES,Amount,ARGTYPE_IDENTITY,1,,
COMMEMORATION_AUTOMATON_GA_FREE_GDR,UnitType,ARGTYPE_IDENTITY,UNIT_GIANT_DEATH_ROBOT,,
COMMEMORATION_AUTOMATON_GA_FREE_GDR,Amount,ARGTYPE_IDENTITY,1,,
COMMEMORATION_AUTOMATON_GA_FREE_GDR,AllowUniqueOverride,ARGTYPE_IDENTITY,0,,
COMMEMORATION_AUTOMATON_GA_FREE_URANIUM,ResourceType,ARGTYPE_IDENTITY,RESOURCE_URANIUM,,
COMMEMORATION_AUTOMATON_GA_FREE_URANIUM,Amount,ARGTYPE_IDENTITY,3,,
COMMEMORATION_AUTOMATON_QUEST,Amount,ARGTYPE_IDENTITY,1,,
FUTURE_VICTORY_SCIENCE_SPACEPORT_POWER,ModifierId,ARGTYPE_IDENTITY,FUTURE_VICTORY_SCIENCE_SPACEPORT_POWER_IN_CITY,,
FUTURE_VICTORY_SCIENCE_SPACEPORT_POWER_IN_CITY,Amount,ARGTYPE_IDENTITY,3,,
FUTURE_VICTORY_SCIENCE_SPACEPORT_POWER_IN_CITY,SourceType,ARGTYPE_IDENTITY,FREE_POWER_SOURCE_MISC,,
FUTURE_VICTORY_SCIENCE_SPACEPORT_ALUMINUM,ModifierId,ARGTYPE_IDENTITY,FUTURE_VICTORY_SCIENCE_SPACEPORT_ALUMINUM_IN_CITY,,
FUTURE_VICTORY_SCIENCE_SPACEPORT_ALUMINUM_IN_CITY,Amount,ARGTYPE_IDENTITY,3,,
FUTURE_VICTORY_SCIENCE_SPACEPORT_ALUMINUM_IN_CITY,ResourceType,ARGTYPE_IDENTITY,RESOURCE_ALUMINUM,,
FUTURE_COUNTER_CULTURE_TOURISM_REDUCTION,Modifier,ARGTYPE_IDENTITY,20,,
FUTURE_VICTORY_CULTURE_ROCK_BAND_PROMOTIONS,UnitType,ARGTYPE_IDENTITY,UNIT_ROCK_BAND,,
FUTURE_COUNTER_SCIENCE_SPY_PROMOTIONS,UnitType,ARGTYPE_IDENTITY,UNIT_SPY,,
FUTURE_VICTORY_DOMINATION_GDR_PRODUCTION,UnitType,ARGTYPE_IDENTITY,UNIT_GIANT_DEATH_ROBOT,,
FUTURE_VICTORY_DOMINATION_GDR_PRODUCTION,Amount,ARGTYPE_IDENTITY,50,,
FUTURE_VICTORY_DOMINATION_ENEMY_TERRITORY_MOVEMENT,Amount,ARGTYPE_IDENTITY,1,,
FUTURE_COUNTER_DIPLOMATIC_REFUND_VP_RESOLUTION,ResolutionType,ARGTYPE_IDENTITY,WC_RES_DIPLOVICTORY,,
FUTURE_COUNTER_DIPLOMATIC_REFUND_VP_RESOLUTION,WhichEffect,ARGTYPE_IDENTITY,2,,
FUTURE_COUNTER_DIPLOMATIC_REFUND_VP_RESOLUTION,Percent,ARGTYPE_IDENTITY,50,,
FUTURE_COUNTER_DIPLOMATIC_FAVOR_PER_TURN,Amount,ARGTYPE_IDENTITY,1,,
FUTURE_VICTORY_DIPLOMATIC_FAVOR_PER_TURN,Amount,ARGTYPE_IDENTITY,4,,
FUTURE_COUNTER_DOMINATION_FRIENDLY_TERRITORY_STRENGTH,AbilityType,ARGTYPE_IDENTITY,ABILITY_GLOBAL_COALITION_FRIENDLY_TERRITORY,,
EQUESTRIAN_ORDERS_ADDITIONAL_HORSES_EXTRACTION,Amount,ARGTYPE_IDENTITY,1,,
EQUESTRIAN_ORDERS_ADDITIONAL_HORSES_EXTRACTION,ResourceType,ARGTYPE_IDENTITY,RESOURCE_HORSES,,
EQUESTRIAN_ORDERS_ADDITIONAL_IRON_EXTRACTION,Amount,ARGTYPE_IDENTITY,1,,
EQUESTRIAN_ORDERS_ADDITIONAL_IRON_EXTRACTION,ResourceType,ARGTYPE_IDENTITY,RESOURCE_IRON,,
DRILL_MANUALS_ADDITIONAL_NITER_EXTRACTION,Amount,ARGTYPE_IDENTITY,1,,
DRILL_MANUALS_ADDITIONAL_NITER_EXTRACTION,ResourceType,ARGTYPE_IDENTITY,RESOURCE_NITER,,
DRILL_MANUALS_ADDITIONAL_COAL_EXTRACTION,Amount,ARGTYPE_IDENTITY,1,,
DRILL_MANUALS_ADDITIONAL_COAL_EXTRACTION,ResourceType,ARGTYPE_IDENTITY,RESOURCE_COAL,,
MUSIC_CENSORSHIP_BLOCK_ROCK_BAND_ENTRY,UnitType,ARGTYPE_IDENTITY,UNIT_ROCK_BAND,,
MUSIC_CENSORSHIP_AMENITY_LOSS,Amount,ARGTYPE_IDENTITY,-1,,
FLOWER_POWER_ROCKBAND_DISCOUNT,UnitType,ARGTYPE_IDENTITY,UNIT_ROCK_BAND,,
FLOWER_POWER_ROCKBAND_DISCOUNT,Amount,ARGTYPE_IDENTITY,100,,
FLOWER_POWER_PRODUCTION_INCREASE,Amount,ARGTYPE_IDENTITY,-100,,
FLOWER_POWER_PURCHASE_INCREASE,Amount,ARGTYPE_IDENTITY,-100,,
FLOWER_POWER_PURCHASE_INCREASE,IncludeCivilian,ARGTYPE_IDENTITY,1,,
FLOWER_POWER_PURCHASE_INCREASE,UnitDomain,ARGTYPE_IDENTITY,DOMAIN_ALL,,
FLOWER_POWER_TOURISM_BOMB_CONCERT_VALUE,Amount,ARGTYPE_IDENTITY,50,,
CYBER_WARFARE_COMBAT_BONUS,AbilityType,ARGTYPE_IDENTITY,ABILITY_CYBER_WARFARE_COMBAT_BONUS,,
CYBER_WARFARE_DISABLE_GRIEVANCE_DECAY,Disable,ARGTYPE_IDENTITY,1,,
AUTOMATED_WORKFORCE_PROJECT_PRODUCTION,Amount,ARGTYPE_IDENTITY,20,,
AUTOMATED_WORKFORCE_AMENITY_LOSS,Amount,ARGTYPE_IDENTITY,-1,,
AUTOMATED_WORKFORCE_LOYALTY_LOSS,Amount,ARGTYPE_IDENTITY,-5,,
DISINFORMATION_CAMPAIGN_BROADCAST_FAVOR,BuildingType,ARGTYPE_IDENTITY,BUILDING_BROADCAST_CENTER,,
DISINFORMATION_CAMPAIGN_BROADCAST_FAVOR,Favor,ARGTYPE_IDENTITY,3,,
DISINFORMATION_CAMPAIGN_SCIENCE_REDUCTION,YieldType,ARGTYPE_IDENTITY,YIELD_SCIENCE,,
DISINFORMATION_CAMPAIGN_SCIENCE_REDUCTION,Amount,ARGTYPE_IDENTITY,-10,,
DISINFORMATION_CAMPAIGN_CULTURE_REDUCTION,YieldType,ARGTYPE_IDENTITY,YIELD_CULTURE,,
DISINFORMATION_CAMPAIGN_CULTURE_REDUCTION,Amount,ARGTYPE_IDENTITY,-10,,
PROFESSIONAL_ARMY_UPGRADE_RESOURCE_DISCOUNT,Amount,ARGTYPE_IDENTITY,50,,
RESOURCE_MANAGEMENT_ADDITIONAL_ALUMINUM_EXTRACTION,Amount,ARGTYPE_IDENTITY,1,,
RESOURCE_MANAGEMENT_ADDITIONAL_ALUMINUM_EXTRACTION,ResourceType,ARGTYPE_IDENTITY,RESOURCE_ALUMINUM,,
RESOURCE_MANAGEMENT_ADDITIONAL_OIL_EXTRACTION,Amount,ARGTYPE_IDENTITY,1,,
RESOURCE_MANAGEMENT_ADDITIONAL_OIL_EXTRACTION,ResourceType,ARGTYPE_IDENTITY,RESOURCE_OIL,,
FINEST_HOUR_FRIENDLY_TERRITORY,AbilityType,ARGTYPE_IDENTITY,ABILITY_FINEST_HOUR_FRIENDLY_TERRITORY,,
THIRDALTERNATIVE_MILITARY_ACADEMY_CULTURE_MODIFIER,BuildingType,ARGTYPE_IDENTITY,BUILDING_MILITARY_ACADEMY,,
THIRDALTERNATIVE_MILITARY_ACADEMY_CULTURE_MODIFIER,YieldType,ARGTYPE_IDENTITY,YIELD_CULTURE,,
THIRDALTERNATIVE_MILITARY_ACADEMY_CULTURE_MODIFIER,Amount,ARGTYPE_IDENTITY,2,,
THIRDALTERNATIVE_RESEARCH_LAB_CULTURE_MODIFIER,BuildingType,ARGTYPE_IDENTITY,BUILDING_RESEARCH_LAB,,
THIRDALTERNATIVE_RESEARCH_LAB_CULTURE_MODIFIER,YieldType,ARGTYPE_IDENTITY,YIELD_CULTURE,,
THIRDALTERNATIVE_RESEARCH_LAB_CULTURE_MODIFIER,Amount,ARGTYPE_IDENTITY,2,,
THIRDALTERNATIVE_COAL_POWER_PLANT_CULTURE_MODIFIER,BuildingType,ARGTYPE_IDENTITY,BUILDING_COAL_POWER_PLANT,,
THIRDALTERNATIVE_COAL_POWER_PLANT_CULTURE_MODIFIER,YieldType,ARGTYPE_IDENTITY,YIELD_CULTURE,,
THIRDALTERNATIVE_COAL_POWER_PLANT_CULTURE_MODIFIER,Amount,ARGTYPE_IDENTITY,2,,
THIRDALTERNATIVE_FOSSIL_FUEL_POWER_PLANT_CULTURE_MODIFIER,BuildingType,ARGTYPE_IDENTITY,BUILDING_FOSSIL_FUEL_POWER_PLANT,,
THIRDALTERNATIVE_FOSSIL_FUEL_POWER_PLANT_CULTURE_MODIFIER,YieldType,ARGTYPE_IDENTITY,YIELD_CULTURE,,
THIRDALTERNATIVE_FOSSIL_FUEL_POWER_PLANT_CULTURE_MODIFIER,Amount,ARGTYPE_IDENTITY,2,,
THIRDALTERNATIVE_POWER_PLANT_CULTURE_MODIFIER,BuildingType,ARGTYPE_IDENTITY,BUILDING_POWER_PLANT,,
THIRDALTERNATIVE_POWER_PLANT_CULTURE_MODIFIER,YieldType,ARGTYPE_IDENTITY,YIELD_CULTURE,,
THIRDALTERNATIVE_POWER_PLANT_CULTURE_MODIFIER,Amount,ARGTYPE_IDENTITY,2,,
THIRDALTERNATIVE_COAL_POWER_PLANT_GOLD_MODIFIER,BuildingType,ARGTYPE_IDENTITY,BUILDING_COAL_POWER_PLANT,,
THIRDALTERNATIVE_COAL_POWER_PLANT_GOLD_MODIFIER,YieldType,ARGTYPE_IDENTITY,YIELD_GOLD,,
THIRDALTERNATIVE_COAL_POWER_PLANT_GOLD_MODIFIER,Amount,ARGTYPE_IDENTITY,4,,
THIRDALTERNATIVE_FOSSIL_FUEL_POWER_PLANT_GOLD_MODIFIER,BuildingType,ARGTYPE_IDENTITY,BUILDING_FOSSIL_FUEL_POWER_PLANT,,
THIRDALTERNATIVE_FOSSIL_FUEL_POWER_PLANT_GOLD_MODIFIER,YieldType,ARGTYPE_IDENTITY,YIELD_GOLD,,
THIRDALTERNATIVE_FOSSIL_FUEL_POWER_PLANT_GOLD_MODIFIER,Amount,ARGTYPE_IDENTITY,4,,
COLLECTIVIZATION_INTERNAL_TRADE_PRODUCTION,YieldType,ARGTYPE_IDENTITY,YIELD_PRODUCTION,,
COLLECTIVIZATION_INTERNAL_TRADE_PRODUCTION,Amount,ARGTYPE_IDENTITY,2,,
DEFENSEOFMOTHERLAND_MODERN_SUPPORT_PRODUCTION,UnitPromotionClass,ARGTYPE_IDENTITY,PROMOTION_CLASS_SUPPORT,-1,
DEFENSEOFMOTHERLAND_MODERN_SUPPORT_PRODUCTION,EraType,ARGTYPE_IDENTITY,ERA_MODERN,-1,
DEFENSEOFMOTHERLAND_MODERN_SUPPORT_PRODUCTION,Amount,ARGTYPE_IDENTITY,100,-1,
DEFENSEOFMOTHERLAND_ATOMIC_SUPPORT_PRODUCTION,UnitPromotionClass,ARGTYPE_IDENTITY,PROMOTION_CLASS_SUPPORT,-1,
DEFENSEOFMOTHERLAND_ATOMIC_SUPPORT_PRODUCTION,EraType,ARGTYPE_IDENTITY,ERA_ATOMIC,-1,
DEFENSEOFMOTHERLAND_ATOMIC_SUPPORT_PRODUCTION,Amount,ARGTYPE_IDENTITY,100,-1,
DEFENSEOFMOTHERLAND_INFORMATION_SUPPORT_PRODUCTION,UnitPromotionClass,ARGTYPE_IDENTITY,PROMOTION_CLASS_SUPPORT,-1,
DEFENSEOFMOTHERLAND_INFORMATION_SUPPORT_PRODUCTION,EraType,ARGTYPE_IDENTITY,ERA_INFORMATION,-1,
DEFENSEOFMOTHERLAND_INFORMATION_SUPPORT_PRODUCTION,Amount,ARGTYPE_IDENTITY,100,-1,
VETERANCY_HARBOR_PRODUCTION,DistrictType,ARGTYPE_IDENTITY,DISTRICT_HARBOR,,
VETERANCY_HARBOR_PRODUCTION,Amount,ARGTYPE_IDENTITY,30,,
VETERANCY_HARBOR_BUILDINGS_PRODUCTION,DistrictType,ARGTYPE_IDENTITY,DISTRICT_HARBOR,,
VETERANCY_HARBOR_BUILDINGS_PRODUCTION,Amount,ARGTYPE_IDENTITY,30,,
RAJ_CITY_TRADE_ROUTE_GOLD,YieldType,ARGTYPE_IDENTITY,YIELD_GOLD,,
RAJ_CITY_TRADE_ROUTE_GOLD,Amount,ARGTYPE_IDENTITY,2,,
PUBLICTRANSPORT_NEIGHBORHOOD_GOLD,YieldType,ARGTYPE_IDENTITY,YIELD_GOLD,,
PUBLICTRANSPORT_NEIGHBORHOOD_GOLD,Amount,ARGTYPE_IDENTITY,1,,
PUBLICTRANSPORT_CHARMING_NEIGHBORHOOD_FOOD,YieldType,ARGTYPE_IDENTITY,YIELD_FOOD,,
PUBLICTRANSPORT_CHARMING_NEIGHBORHOOD_FOOD,Amount,ARGTYPE_IDENTITY,3,,
PUBLICTRANSPORT_CHARMING_NEIGHBORHOOD_PRODUCTION,YieldType,ARGTYPE_IDENTITY,YIELD_PRODUCTION,,
PUBLICTRANSPORT_CHARMING_NEIGHBORHOOD_PRODUCTION,Amount,ARGTYPE_IDENTITY,1,,
PUBLICTRANSPORT_BREATHTAKING_NEIGHBORHOOD_FOOD,YieldType,ARGTYPE_IDENTITY,YIELD_FOOD,,
PUBLICTRANSPORT_BREATHTAKING_NEIGHBORHOOD_FOOD,Amount,ARGTYPE_IDENTITY,1,,
PUBLICTRANSPORT_BREATHTAKING_NEIGHBORHOOD_PRODUCTION,YieldType,ARGTYPE_IDENTITY,YIELD_PRODUCTION,,
PUBLICTRANSPORT_BREATHTAKING_NEIGHBORHOOD_PRODUCTION,Amount,ARGTYPE_IDENTITY,1,,
FRESCOES_ARTIST_ARTMUSEUM,GreatPersonClassType,ARGTYPE_IDENTITY,GREAT_PERSON_CLASS_ARTIST,,
FRESCOES_ARTIST_ARTMUSEUM,Amount,ARGTYPE_IDENTITY,2,,
SYMPHONIES_MUSICIAN_BROADCASTCENTER,GreatPersonClassType,ARGTYPE_IDENTITY,GREAT_PERSON_CLASS_MUSICIAN,,
SYMPHONIES_MUSICIAN_BROADCASTCENTER,Amount,ARGTYPE_IDENTITY,4,,
INVENTION_ENGINEER_WORKSHOP,GreatPersonClassType,ARGTYPE_IDENTITY,GREAT_PERSON_CLASS_ENGINEER,,
INVENTION_ENGINEER_WORKSHOP,Amount,ARGTYPE_IDENTITY,2,,
INVENTION_GREATENGINEERPOINTS,GreatPersonClassType,ARGTYPE_IDENTITY,GREAT_PERSON_CLASS_ENGINEER,,
INVENTION_GREATENGINEERPOINTS,Amount,ARGTYPE_IDENTITY,4,,
LAISSEZFAIRE_MERCHANT_BANK,GreatPersonClassType,ARGTYPE_IDENTITY,GREAT_PERSON_CLASS_MERCHANT,,
LAISSEZFAIRE_MERCHANT_BANK,Amount,ARGTYPE_IDENTITY,2,,
LAISSEZFAIRE_MERCHANT_STOCKEXCHANGE,GreatPersonClassType,ARGTYPE_IDENTITY,GREAT_PERSON_CLASS_MERCHANT,,
LAISSEZFAIRE_MERCHANT_STOCKEXCHANGE,Amount,ARGTYPE_IDENTITY,4,,
LAISSEZFAIRE_ADMIRAL_SHIPYARD,GreatPersonClassType,ARGTYPE_IDENTITY,GREAT_PERSON_CLASS_ADMIRAL,,
LAISSEZFAIRE_ADMIRAL_SHIPYARD,Amount,ARGTYPE_IDENTITY,2,,
LAISSEZFAIRE_ADMIRAL_SEAPORT,GreatPersonClassType,ARGTYPE_IDENTITY,GREAT_PERSON_CLASS_ADMIRAL,,
LAISSEZFAIRE_ADMIRAL_SEAPORT,Amount,ARGTYPE_IDENTITY,4,,
SCIENCEFOUNDATION_SCIENTIST_UNIVERSITY,GreatPersonClassType,ARGTYPE_IDENTITY,GREAT_PERSON_CLASS_SCIENTIST,,
SCIENCEFOUNDATION_SCIENTIST_UNIVERSITY,Amount,ARGTYPE_IDENTITY,2,,
SCIENCEFOUNDATION_SCIENTIST_RESEARCHLAB,GreatPersonClassType,ARGTYPE_IDENTITY,GREAT_PERSON_CLASS_SCIENTIST,,
SCIENCEFOUNDATION_SCIENTIST_RESEARCHLAB,Amount,ARGTYPE_IDENTITY,4,,
SCIENCEFOUNDATION_ENGINEER_FACTORY,GreatPersonClassType,ARGTYPE_IDENTITY,GREAT_PERSON_CLASS_ENGINEER,,
SCIENCEFOUNDATION_ENGINEER_FACTORY,Amount,ARGTYPE_IDENTITY,2,,
SCIENCEFOUNDATION_ENGINEER_POWERPLANT,GreatPersonClassType,ARGTYPE_IDENTITY,GREAT_PERSON_CLASS_ENGINEER,,
SCIENCEFOUNDATION_ENGINEER_POWERPLANT,Amount,ARGTYPE_IDENTITY,4,,
MILITARYORGANIZATION_GREATGENERAL_ARMORY,GreatPersonClassType,ARGTYPE_IDENTITY,GREAT_PERSON_CLASS_GENERAL,,
MILITARYORGANIZATION_GREATGENERAL_ARMORY,Amount,ARGTYPE_IDENTITY,2,,
MILITARYORGANIZATION_GREATGENERAL_MILITARYACADEMY,GreatPersonClassType,ARGTYPE_IDENTITY,GREAT_PERSON_CLASS_GENERAL,,
MILITARYORGANIZATION_GREATGENERAL_MILITARYACADEMY,Amount,ARGTYPE_IDENTITY,4,,
MILITARYORGANIZATION_GREATGENERAL_MOVEMENT,AbilityType,ARGTYPE_IDENTITY,ABILITY_MILITARYORGANIZATION_MOVEMENT,,
PROJECT_COMPLETION_SEND_AID_TO_AID_REQUESTS,Amount,ARGTYPE_IDENTITY,200,,
PROJECT_COMPLETION_SEND_AID_TO_AID_REQUESTS,EmergencyType,ARGTYPE_IDENTITY,EMERGENCY_SEND_AID,,
PROJECT_COMPLETION_SEND_AID_TO_MILITARY_AID_REQUESTS,Amount,ARGTYPE_IDENTITY,200,,
PROJECT_COMPLETION_SEND_AID_TO_MILITARY_AID_REQUESTS,EmergencyType,ARGTYPE_IDENTITY,EMERGENCY_SEND_MILITARY_AID,,
PROJECT_COMPLETION_FAVOR_SEQUESTRATION,Amount,ARGTYPE_IDENTITY,30,,
PROJECT_COMPLETION_CARBON_SEQUESTRATION,Amount,ARGTYPE_IDENTITY,50000,,
PROJECT_COMPLETION_EXOPLANET_SCIENCE_VP,Amount,ARGTYPE_IDENTITY,1,,
PROJECT_COMPLETION_ORBITAL_LASER_SCIENCE_VP,Amount,ARGTYPE_IDENTITY,1,,
PROJECT_COMPLETION_TERRESTRIAL_LASER_SCIENCE_VP,Amount,ARGTYPE_IDENTITY,1,,
PROJECT_COMPLETION_TERRESTRIAL_LASER_REQUIRED_POWER,Amount,ARGTYPE_IDENTITY,5,,
GDR_AA_DEFENSE_UPGRADE,PromotionType,ARGTYPE_IDENTITY,PROMOTION_GDR_AA_DEFENSE,,
GDR_SIEGE_LASER_UPGRADE,PromotionType,ARGTYPE_IDENTITY,PROMOTION_GDR_SIEGE_LASER,,
GDR_BONUS_MOVEMENT_UPGRADE,PromotionType,ARGTYPE_IDENTITY,PROMOTION_GDR_BONUS_MOVEMENT,,
GDR_ARMOR_UPGRADE,PromotionType,ARGTYPE_IDENTITY,PROMOTION_GDR_ARMOR_UPGRADE,,
UNIT_CO2_REDUCTION,Amount,ARGTYPE_IDENTITY,50,,
UNIT_CO2_REDUCTION,ResourceUsageType,ARGTYPE_IDENTITY,RESOURCE_USAGE_UNIT,,
TECH_SEASTEADS_DIPLOVP,Amount,ARGTYPE_IDENTITY,1,,
TECH_SEASTEADS_DIPLOVP,Tooltip,ARGTYPE_IDENTITY,LOC_DVP_TOOLTIP_OTHER_SOURCES,,
FUTURE_TECH_PROJECT_PRODUCTION,Amount,ARGTYPE_IDENTITY,5,,
GUIDE_MOVEMENT_AOE_RELIGIOUS_XP2,AbilityType,ARGTYPE_IDENTITY,ABILITY_GURU_MOVEMENT,,
SAGE_COMBAT_AOE_RELIGIOUS_XP2,AbilityType,ARGTYPE_IDENTITY,ABILITY_GURU_STRENGTH,,
GURU_MOVEMENT_XP2,Amount,ARGTYPE_IDENTITY,1,,
GURU_STRENGTH_XP2,Amount,ARGTYPE_IDENTITY,5,,
GDR_WMD_RESISTANCE,Blast,ARGTYPE_IDENTITY,50,,
GDR_WMD_RESISTANCE,Fallout,ARGTYPE_IDENTITY,100,,
GDR_FIGHT_WHILE_EMBARKED,CanFight,ARGTYPE_IDENTITY,1,,
GDR_VETERAN_NAME,Amount,ARGTYPE_IDENTITY,2,,
FINEST_HOUR_FRIENDLY_BUFF,Amount,ARGTYPE_IDENTITY,5,,
DIGITAL_DEMOCRACY_DEBUFF,Amount,ARGTYPE_IDENTITY,-3,,
GLOBAL_COALITION_FRIENDLY_TERRITORY,Amount,ARGTYPE_IDENTITY,7,,
CYBER_WARFARE_INFO_FUTURE_BUFF,Amount,ARGTYPE_IDENTITY,10,,
VARU_NEGATIVE_COMBAT,ModifierId,ARGTYPE_IDENTITY,VARU_NEGATIVE_COMBAT_MODIFIER,,
VARU_NEGATIVE_COMBAT_MODIFIER,Amount,ARGTYPE_IDENTITY,-5,,
ENABLE_WALL_ATTACK_MELEE,PromotionClass,ARGTYPE_IDENTITY,PROMOTION_CLASS_MELEE,,
ENABLE_WALL_ATTACK_ANTI_CAVALRY,PromotionClass,ARGTYPE_IDENTITY,PROMOTION_CLASS_ANTI_CAVALRY,,
BYPASS_WALLS_MELEE,PromotionClass,ARGTYPE_IDENTITY,PROMOTION_CLASS_MELEE,,
BYPASS_WALLS_ANTI_CAVALRY,PromotionClass,ARGTYPE_IDENTITY,PROMOTION_CLASS_ANTI_CAVALRY,,
CHOLA_NAVAL_UNITS_COMBAT_STRENGTH,Amount,ARGTYPE_IDENTITY,3,,
ERIKSON_NAVAL_UNITS_SIGHT_RANGE,Amount,ARGTYPE_IDENTITY,1,,
MILITARYORGANIZATION_MOVEMENT,Amount,ARGTYPE_IDENTITY,2,,
ROCKBAND_ALBUM_COVER_ART,DistrictType,ARGTYPE_IDENTITY,DISTRICT_WONDER,,
ROCKBAND_ALBUM_COVER_ART,Amount,ARGTYPE_IDENTITY,1,,
ROCKBAND_ARENA_ROCK,DistrictType,ARGTYPE_IDENTITY,DISTRICT_ENTERTAINMENT_COMPLEX,,
ROCKBAND_ARENA_ROCK,Amount,ARGTYPE_IDENTITY,2,,
ROCKBAND_ARENA_ROCK_CARNIVAL,DistrictType,ARGTYPE_IDENTITY,DISTRICT_STREET_CARNIVAL,,
ROCKBAND_ARENA_ROCK_CARNIVAL,Amount,ARGTYPE_IDENTITY,2,,
ROCKBAND_GLAM_ROCK,DistrictType,ARGTYPE_IDENTITY,DISTRICT_THEATER,,
ROCKBAND_GLAM_ROCK,Amount,ARGTYPE_IDENTITY,2,,
ROCKBAND_GLAM_ROCK_ACROPOLIS,DistrictType,ARGTYPE_IDENTITY,DISTRICT_ACROPOLIS,,
ROCKBAND_GLAM_ROCK_ACROPOLIS,Amount,ARGTYPE_IDENTITY,2,,
ROCKBAND_GOES_TO,Modifier,ARGTYPE_IDENTITY,-50,,
ROCKBAND_GOES_TO,Range,ARGTYPE_IDENTITY,10,,
ROCKBAND_INDIE,Amount,ARGTYPE_IDENTITY,-40,,
ROCKBAND_MUSIC_FESTIVAL_TOURISM_BOMB,Amount,ARGTYPE_IDENTITY,1000,,
ROCKBAND_MUSIC_FESTIVAL_LEVEL,Amount,ARGTYPE_IDENTITY,1,,
ROCKBAND_MUSIC_FESTIVAL_TOURISM_BOMB_NATURAL_WONDER,Amount,ARGTYPE_IDENTITY,1000,,
ROCKBAND_MUSIC_FESTIVAL_LEVEL_NATURAL_WONDER,Amount,ARGTYPE_IDENTITY,1,,
ROCKBAND_POP,YieldType,ARGTYPE_IDENTITY,YIELD_GOLD,,
ROCKBAND_POP,Amount,ARGTYPE_IDENTITY,-75,,
ROCKBAND_REGGAE_ROCK,DistrictType,ARGTYPE_IDENTITY,DISTRICT_WATER_ENTERTAINMENT_COMPLEX,,
ROCKBAND_REGGAE_ROCK,Amount,ARGTYPE_IDENTITY,2,,
ROCKBAND_REGGAE_ROCK_CARNIVAL,DistrictType,ARGTYPE_IDENTITY,DISTRICT_WATER_STREET_CARNIVAL,,
ROCKBAND_REGGAE_ROCK_CARNIVAL,Amount,ARGTYPE_IDENTITY,2,,
ROCKBAND_RELIGIOUS_ROCK,Convert,ARGTYPE_IDENTITY,1,,
ROCKBAND_ROADIES,Amount,ARGTYPE_IDENTITY,4,,
ROCKBAND_SPACE_ROCK_TOURISM_BOMB,DistrictType,ARGTYPE_IDENTITY,DISTRICT_SPACEPORT,,
ROCKBAND_SPACE_ROCK_TOURISM_BOMB,Amount,ARGTYPE_IDENTITY,500,,
ROCKBAND_SPACE_ROCK_LEVEL,DistrictType,ARGTYPE_IDENTITY,DISTRICT_SPACEPORT,,
ROCKBAND_SPACE_ROCK_LEVEL,Amount,ARGTYPE_IDENTITY,1,,
ROCKBAND_SPACE_ROCK_CAMPUS,DistrictType,ARGTYPE_IDENTITY,DISTRICT_CAMPUS,,
ROCKBAND_SPACE_ROCK_CAMPUS,Amount,ARGTYPE_IDENTITY,1,,
ROCKBAND_SPACE_ROCK_CAMPUS_MODIFIER,DistrictType,ARGTYPE_IDENTITY,DISTRICT_CAMPUS,,
ROCKBAND_SPACE_ROCK_CAMPUS_MODIFIER,Amount,ARGTYPE_IDENTITY,500,,
ROCKBAND_SURF_ROCK_TOURISM_BOMB,ImprovementType,ARGTYPE_IDENTITY,IMPROVEMENT_BEACH_RESORT,,
ROCKBAND_SURF_ROCK_TOURISM_BOMB,Amount,ARGTYPE_IDENTITY,500,,
ROCKBAND_SURF_ROCK_LEVEL,ImprovementType,ARGTYPE_IDENTITY,IMPROVEMENT_BEACH_RESORT,,
ROCKBAND_SURF_ROCK_LEVEL,Amount,ARGTYPE_IDENTITY,1,,
ROCKBAND_SURF_ROCK_HARBOR,DistrictType,ARGTYPE_IDENTITY,DISTRICT_HARBOR,,
ROCKBAND_SURF_ROCK_HARBOR,Amount,ARGTYPE_IDENTITY,1,,
ROCKBAND_SURF_ROCK_ROYAL_NAVY_DOCKYARD,DistrictType,ARGTYPE_IDENTITY,DISTRICT_ROYAL_NAVY_DOCKYARD,,
ROCKBAND_SURF_ROCK_ROYAL_NAVY_DOCKYARD,Amount,ARGTYPE_IDENTITY,1,,
ROCKBAND_SURF_ROCK_HARBOR_MODIFIER,DistrictType,ARGTYPE_IDENTITY,DISTRICT_HARBOR,,
ROCKBAND_SURF_ROCK_HARBOR_MODIFIER,Amount,ARGTYPE_IDENTITY,500,,
ROCKBAND_SURF_ROCK_ROYAL_NAVY_DOCKYARD_MODIFIER,DistrictType,ARGTYPE_IDENTITY,DISTRICT_ROYAL_NAVY_DOCKYARD,,
ROCKBAND_SURF_ROCK_ROYAL_NAVY_DOCKYARD_MODIFIER,Amount,ARGTYPE_IDENTITY,500,,
SPY_SATCHEL_CHARGES,OperationType,ARGTYPE_IDENTITY,UNITOPERATION_SPY_BREACH_DAM,,
SPY_SATCHEL_CHARGES,Offensive,ARGTYPE_IDENTITY,1,,
SPY_SATCHEL_CHARGES,Amount,ARGTYPE_IDENTITY,2,,
SPY_SURVEILLANCE_ENTIRE_CITY,EntireCity,ARGTYPE_IDENTITY,1,,
SPY_SURVEILLANCE_ADJACENT_LEVEL,Amount,ARGTYPE_IDENTITY,1,,
SPY_POLYGRAPH,Amount,ARGTYPE_IDENTITY,1,,
SPY_POLYGRAPH,Defense,ARGTYPE_IDENTITY,1,,
GDR_AA_DEFENSE,Amount,ARGTYPE_IDENTITY,40,,
GDR_SIEGE_LASER,Ignore,ARGTYPE_IDENTITY,1,,
GDR_SIEGE_LASER_RANGE_STR,Amount,ARGTYPE_IDENTITY,30,,
GDR_BONUS_MOVEMENT,Amount,ARGTYPE_IDENTITY,3,,
GDR_JUMP_ABILITY,Range,ARGTYPE_IDENTITY,5,,
GDR_ARMOR_DEFENSES,Amount,ARGTYPE_IDENTITY,10,,
AGENDA_ANGEVIN_EMPIRE,StatementKey,ARGTYPE_IDENTITY,AGENDA_ANGEVIN_EMPIRE_WARNING,,
AGENDA_ANGEVIN_EMPIRE,HighPopulationThreshold,ARGTYPE_IDENTITY,110,,
AGENDA_ANGEVIN_EMPIRE,LowPopulationThreshold,ARGTYPE_IDENTITY,70,,
AGENDA_ANGEVIN_EMPIRE,TopRankingDiploMod,ARGTYPE_IDENTITY,8,,
AGENDA_ANGEVIN_EMPIRE,BottomRankingDiploMod,ARGTYPE_IDENTITY,-8,,
AGENDA_CANADIAN_EXPEDITIONARY,StatementKey,ARGTYPE_IDENTITY,AGENDA_CANADIAN_EXPEDITIONARY_WARNING,,
AGENDA_CANADIAN_EXPEDITIONARY,TopPercentage,ARGTYPE_IDENTITY,65,,
AGENDA_CANADIAN_EXPEDITIONARY,BottomPercentage,ARGTYPE_IDENTITY,30,,
AGENDA_CANADIAN_EXPEDITIONARY,TopRankingDiploMod,ARGTYPE_IDENTITY,8,,
AGENDA_CANADIAN_EXPEDITIONARY,BottomRankingDiploMod,ARGTYPE_IDENTITY,-8,,
AGENDA_KAITIAKITANGA,StatementKey,ARGTYPE_IDENTITY,AGENDA_KAITIAKITANGA_WARNING,,
AGENDA_KAITIAKITANGA,TopPercentage,ARGTYPE_IDENTITY,60,,
AGENDA_KAITIAKITANGA,BottomPercentage,ARGTYPE_IDENTITY,40,,
AGENDA_KAITIAKITANGA,TopRankingDiploMod,ARGTYPE_IDENTITY,8,,
AGENDA_KAITIAKITANGA,BottomRankingDiploMod,ARGTYPE_IDENTITY,-8,,
AGENDA_LAWGIVER,StatementKey,ARGTYPE_IDENTITY,AGENDA_LAWGIVER_WARNING,,
AGENDA_LAWGIVER,TopPercentage,ARGTYPE_IDENTITY,65,,
AGENDA_LAWGIVER,BottomPercentage,ARGTYPE_IDENTITY,30,,
AGENDA_LAWGIVER,TopRankingDiploMod,ARGTYPE_IDENTITY,8,,
AGENDA_LAWGIVER,BottomRankingDiploMod,ARGTYPE_IDENTITY,-8,,
AGENDA_LAWGIVER,BonusIfNotOriginalOwner,ARGTYPE_IDENTITY,50,,
AGENDA_LORD_OF_MINES,StatementKey,ARGTYPE_IDENTITY,AGENDA_LORD_OF_MINES_WARNING,,
AGENDA_LORD_OF_MINES,TopPercentage,ARGTYPE_IDENTITY,65,,
AGENDA_LORD_OF_MINES,BottomPercentage,ARGTYPE_IDENTITY,30,,
AGENDA_LORD_OF_MINES,TopRankingDiploMod,ARGTYPE_IDENTITY,8,,
AGENDA_LORD_OF_MINES,BottomRankingDiploMod,ARGTYPE_IDENTITY,-8,,
AGENDA_PATRON_OF_ARTS,StatementKey,ARGTYPE_IDENTITY,AGENDA_PATRON_OF_ARTS_WARNING,,
AGENDA_PATRON_OF_ARTS,TopPercentage,ARGTYPE_IDENTITY,65,,
AGENDA_PATRON_OF_ARTS,BottomPercentage,ARGTYPE_IDENTITY,30,,
AGENDA_PATRON_OF_ARTS,TopRankingDiploMod,ARGTYPE_IDENTITY,-8,,
AGENDA_PATRON_OF_ARTS,BottomRankingDiploMod,ARGTYPE_IDENTITY,8,,
AGENDA_RAVEN_BANNER,StatementKey,ARGTYPE_IDENTITY,AGENDA_RAVEN_BANNER_WARNING,,
AGENDA_RAVEN_BANNER,TopPercentage,ARGTYPE_IDENTITY,65,,
AGENDA_RAVEN_BANNER,BottomPercentage,ARGTYPE_IDENTITY,30,,
AGENDA_RAVEN_BANNER,TopRankingDiploMod,ARGTYPE_IDENTITY,8,,
AGENDA_RAVEN_BANNER,BottomRankingDiploMod,ARGTYPE_IDENTITY,-8,,
AGENDA_SAPA_INCA_LOW_MOUNTAIN_CITIES,InitialValue,ARGTYPE_IDENTITY,8,,
AGENDA_SAPA_INCA_LOW_MOUNTAIN_CITIES,StatementKey,ARGTYPE_IDENTITY,LOC_DIPLO_KUDO_LEADER_PACHACUTI_REASON_ANY,,
AGENDA_SAPA_INCA_LOW_MOUNTAIN_CITIES,SimpleModifierDescription,ARGTYPE_IDENTITY,LOC_DIPLO_MODIFIER_SAPA_INCA_LOW_MOUNTAIN_CITIES,,
AGENDA_SAPA_INCA_HIGH_MOUNTAIN_CITIES,InitialValue,ARGTYPE_IDENTITY,-8,,
AGENDA_SAPA_INCA_HIGH_MOUNTAIN_CITIES,StatementKey,ARGTYPE_IDENTITY,LOC_DIPLO_WARNING_LEADER_PACHACUTI_REASON_ANY,,
AGENDA_SAPA_INCA_HIGH_MOUNTAIN_CITIES,SimpleModifierDescription,ARGTYPE_IDENTITY,LOC_DIPLO_MODIFIER_SAPA_INCA_HIGH_MOUNTAIN_CITIES,,
AGENDA_SICILIAN_WARS_LOW_COASTAL_CITES,InitialValue,ARGTYPE_IDENTITY,8,,
AGENDA_SICILIAN_WARS_LOW_COASTAL_CITES,StatementKey,ARGTYPE_IDENTITY,LOC_DIPLO_KUDO_LEADER_DIDO_REASON_ANY,,
AGENDA_SICILIAN_WARS_LOW_COASTAL_CITES,SimpleModifierDescription,ARGTYPE_IDENTITY,LOC_DIPLO_MODIFIER_SICILIAN_WARS_LOW_COASTAL_CITES,,
AGENDA_SICILIAN_WARS_HIGH_COASTAL_CITIES,InitialValue,ARGTYPE_IDENTITY,-8,,
AGENDA_SICILIAN_WARS_HIGH_COASTAL_CITIES,StatementKey,ARGTYPE_IDENTITY,LOC_DIPLO_WARNING_LEADER_DIDO_REASON_ANY,,
AGENDA_SICILIAN_WARS_HIGH_COASTAL_CITIES,SimpleModifierDescription,ARGTYPE_IDENTITY,LOC_DIPLO_MODIFIER_SICILIAN_WARS_HIGH_COASTAL_CITIES,,
QUEENS_BIBLIOTHEQUE_GRANT_GOVERNOR_POINTS,Delta,ARGTYPE_IDENTITY,1,,
THERMALBATH_ADDTOURISM,Amount,ARGTYPE_IDENTITY,3,,
THERMALBATH_ADDAMENITIES,Amount,ARGTYPE_IDENTITY,2,,
MARAE_FAITH_FEATURES,YieldType,ARGTYPE_IDENTITY,YIELD_FAITH,,
MARAE_FAITH_FEATURES,Amount,ARGTYPE_IDENTITY,1,,
MARAE_CULTURE_FEATURES,YieldType,ARGTYPE_IDENTITY,YIELD_CULTURE,,
MARAE_CULTURE_FEATURES,Amount,ARGTYPE_IDENTITY,1,,
MARAE_TOURISM_FEATURES,Amount,ARGTYPE_IDENTITY,1,,
GRANDBAZAAR_AMENITIES_LUXURIES,Amount,ARGTYPE_IDENTITY,1,,
GRANDBAZAAR_ACCUMULATION_STRATEGICS,Amount,ARGTYPE_IDENTITY,1,,
GOLDENGATE_CITYAPPEAL,Amount,ARGTYPE_IDENTITY,4,,
GOLDENGATE_GRANT_ROUTES,RouteType,ARGTYPE_IDENTITY,ROUTE_MODERN_ROAD,,
GOLDENGATE_GRANT_ROUTES,Radius,ARGTYPE_IDENTITY,1,,
GOLDENGATE_IMPROVEMENT_TOURISM,Amount,ARGTYPE_IDENTITY,100,,
GOLDENGATE_NATIONAL_PARK_TOURISM,Amount,ARGTYPE_IDENTITY,100,,
GOLDENGATE_REMOVE_CLIFFS,Radius,ARGTYPE_IDENTITY,1,,
GREATBATH_FLOODFAITH,YieldType,ARGTYPE_IDENTITY,YIELD_FAITH,,
GREATBATH_FLOODFAITH,Amount,ARGTYPE_IDENTITY,1,,
MACHUPICCHU_COMMERCIALHUB_GRASSMOUNTAIN_GOLD,DistrictType,ARGTYPE_IDENTITY,DISTRICT_COMMERCIAL_HUB,,
MACHUPICCHU_COMMERCIALHUB_GRASSMOUNTAIN_GOLD,TerrainType,ARGTYPE_IDENTITY,TERRAIN_GRASS_MOUNTAIN,,
MACHUPICCHU_COMMERCIALHUB_GRASSMOUNTAIN_GOLD,YieldType,ARGTYPE_IDENTITY,YIELD_GOLD,,
MACHUPICCHU_COMMERCIALHUB_GRASSMOUNTAIN_GOLD,Amount,ARGTYPE_IDENTITY,1,,
MACHUPICCHU_COMMERCIALHUB_GRASSMOUNTAIN_GOLD,Description,ARGTYPE_IDENTITY,LOC_BUILDING_MACHU_PICCHU_GOLD,,
MACHUPICCHU_COMMERCIALHUB_PLAINSMOUNTAIN_GOLD,DistrictType,ARGTYPE_IDENTITY,DISTRICT_COMMERCIAL_HUB,,
MACHUPICCHU_COMMERCIALHUB_PLAINSMOUNTAIN_GOLD,TerrainType,ARGTYPE_IDENTITY,TERRAIN_PLAINS_MOUNTAIN,,
MACHUPICCHU_COMMERCIALHUB_PLAINSMOUNTAIN_GOLD,YieldType,ARGTYPE_IDENTITY,YIELD_GOLD,,
MACHUPICCHU_COMMERCIALHUB_PLAINSMOUNTAIN_GOLD,Amount,ARGTYPE_IDENTITY,1,,
MACHUPICCHU_COMMERCIALHUB_PLAINSMOUNTAIN_GOLD,Description,ARGTYPE_IDENTITY,LOC_BUILDING_MACHU_PICCHU_GOLD,,
MACHUPICCHU_COMMERCIALHUB_DESERTMOUNTAIN_GOLD,DistrictType,ARGTYPE_IDENTITY,DISTRICT_COMMERCIAL_HUB,,
MACHUPICCHU_COMMERCIALHUB_DESERTMOUNTAIN_GOLD,TerrainType,ARGTYPE_IDENTITY,TERRAIN_DESERT_MOUNTAIN,,
MACHUPICCHU_COMMERCIALHUB_DESERTMOUNTAIN_GOLD,YieldType,ARGTYPE_IDENTITY,YIELD_GOLD,,
MACHUPICCHU_COMMERCIALHUB_DESERTMOUNTAIN_GOLD,Amount,ARGTYPE_IDENTITY,1,,
MACHUPICCHU_COMMERCIALHUB_DESERTMOUNTAIN_GOLD,Description,ARGTYPE_IDENTITY,LOC_BUILDING_MACHU_PICCHU_GOLD,,
MACHUPICCHU_COMMERCIALHUB_TUNDRAMOUNTAIN_GOLD,DistrictType,ARGTYPE_IDENTITY,DISTRICT_COMMERCIAL_HUB,,
MACHUPICCHU_COMMERCIALHUB_TUNDRAMOUNTAIN_GOLD,TerrainType,ARGTYPE_IDENTITY,TERRAIN_TUNDRA_MOUNTAIN,,
MACHUPICCHU_COMMERCIALHUB_TUNDRAMOUNTAIN_GOLD,YieldType,ARGTYPE_IDENTITY,YIELD_GOLD,,
MACHUPICCHU_COMMERCIALHUB_TUNDRAMOUNTAIN_GOLD,Amount,ARGTYPE_IDENTITY,1,,
MACHUPICCHU_COMMERCIALHUB_TUNDRAMOUNTAIN_GOLD,Description,ARGTYPE_IDENTITY,LOC_BUILDING_MACHU_PICCHU_GOLD,,
MACHUPICCHU_COMMERCIALHUB_SNOWMOUNTAIN_GOLD,DistrictType,ARGTYPE_IDENTITY,DISTRICT_COMMERCIAL_HUB,,
MACHUPICCHU_COMMERCIALHUB_SNOWMOUNTAIN_GOLD,TerrainType,ARGTYPE_IDENTITY,TERRAIN_SNOW_MOUNTAIN,,
MACHUPICCHU_COMMERCIALHUB_SNOWMOUNTAIN_GOLD,YieldType,ARGTYPE_IDENTITY,YIELD_GOLD,,
MACHUPICCHU_COMMERCIALHUB_SNOWMOUNTAIN_GOLD,Amount,ARGTYPE_IDENTITY,1,,
MACHUPICCHU_COMMERCIALHUB_SNOWMOUNTAIN_GOLD,Description,ARGTYPE_IDENTITY,LOC_BUILDING_MACHU_PICCHU_GOLD,,
MACHUPICCHU_INDUSTRIALZONE_GRASSMOUNTAIN_PRODUCTION,DistrictType,ARGTYPE_IDENTITY,DISTRICT_INDUSTRIAL_ZONE,,
MACHUPICCHU_INDUSTRIALZONE_GRASSMOUNTAIN_PRODUCTION,TerrainType,ARGTYPE_IDENTITY,TERRAIN_GRASS_MOUNTAIN,,
MACHUPICCHU_INDUSTRIALZONE_GRASSMOUNTAIN_PRODUCTION,YieldType,ARGTYPE_IDENTITY,YIELD_PRODUCTION,,
MACHUPICCHU_INDUSTRIALZONE_GRASSMOUNTAIN_PRODUCTION,Amount,ARGTYPE_IDENTITY,1,,
MACHUPICCHU_INDUSTRIALZONE_GRASSMOUNTAIN_PRODUCTION,Description,ARGTYPE_IDENTITY,LOC_BUILDING_MACHU_PICCHU_PRODUCTION,,
MACHUPICCHU_INDUSTRIALZONE_PLAINSMOUNTAIN_PRODUCTION,DistrictType,ARGTYPE_IDENTITY,DISTRICT_INDUSTRIAL_ZONE,,
MACHUPICCHU_INDUSTRIALZONE_PLAINSMOUNTAIN_PRODUCTION,TerrainType,ARGTYPE_IDENTITY,TERRAIN_PLAINS_MOUNTAIN,,
MACHUPICCHU_INDUSTRIALZONE_PLAINSMOUNTAIN_PRODUCTION,YieldType,ARGTYPE_IDENTITY,YIELD_PRODUCTION,,
MACHUPICCHU_INDUSTRIALZONE_PLAINSMOUNTAIN_PRODUCTION,Amount,ARGTYPE_IDENTITY,1,,
MACHUPICCHU_INDUSTRIALZONE_PLAINSMOUNTAIN_PRODUCTION,Description,ARGTYPE_IDENTITY,LOC_BUILDING_MACHU_PICCHU_PRODUCTION,,
MACHUPICCHU_INDUSTRIALZONE_DESERTMOUNTAIN_PRODUCTION,DistrictType,ARGTYPE_IDENTITY,DISTRICT_INDUSTRIAL_ZONE,,
MACHUPICCHU_INDUSTRIALZONE_DESERTMOUNTAIN_PRODUCTION,TerrainType,ARGTYPE_IDENTITY,TERRAIN_DESERT_MOUNTAIN,,
MACHUPICCHU_INDUSTRIALZONE_DESERTMOUNTAIN_PRODUCTION,YieldType,ARGTYPE_IDENTITY,YIELD_PRODUCTION,,
MACHUPICCHU_INDUSTRIALZONE_DESERTMOUNTAIN_PRODUCTION,Amount,ARGTYPE_IDENTITY,1,,
MACHUPICCHU_INDUSTRIALZONE_DESERTMOUNTAIN_PRODUCTION,Description,ARGTYPE_IDENTITY,LOC_BUILDING_MACHU_PICCHU_PRODUCTION,,
MACHUPICCHU_INDUSTRIALZONE_TUNDRAMOUNTAIN_PRODUCTION,DistrictType,ARGTYPE_IDENTITY,DISTRICT_INDUSTRIAL_ZONE,,
MACHUPICCHU_INDUSTRIALZONE_TUNDRAMOUNTAIN_PRODUCTION,TerrainType,ARGTYPE_IDENTITY,TERRAIN_TUNDRA_MOUNTAIN,,
MACHUPICCHU_INDUSTRIALZONE_TUNDRAMOUNTAIN_PRODUCTION,YieldType,ARGTYPE_IDENTITY,YIELD_PRODUCTION,,
MACHUPICCHU_INDUSTRIALZONE_TUNDRAMOUNTAIN_PRODUCTION,Amount,ARGTYPE_IDENTITY,1,,
MACHUPICCHU_INDUSTRIALZONE_TUNDRAMOUNTAIN_PRODUCTION,Description,ARGTYPE_IDENTITY,LOC_BUILDING_MACHU_PICCHU_PRODUCTION,,
MACHUPICCHU_INDUSTRIALZONE_SNOWMOUNTAIN_PRODUCTION,DistrictType,ARGTYPE_IDENTITY,DISTRICT_INDUSTRIAL_ZONE,,
MACHUPICCHU_INDUSTRIALZONE_SNOWMOUNTAIN_PRODUCTION,TerrainType,ARGTYPE_IDENTITY,TERRAIN_SNOW_MOUNTAIN,,
MACHUPICCHU_INDUSTRIALZONE_SNOWMOUNTAIN_PRODUCTION,YieldType,ARGTYPE_IDENTITY,YIELD_PRODUCTION,,
MACHUPICCHU_INDUSTRIALZONE_SNOWMOUNTAIN_PRODUCTION,Amount,ARGTYPE_IDENTITY,1,,
MACHUPICCHU_INDUSTRIALZONE_SNOWMOUNTAIN_PRODUCTION,Description,ARGTYPE_IDENTITY,LOC_BUILDING_MACHU_PICCHU_PRODUCTION,,
MACHUPICCHU_THEATER_GRASSMOUNTAIN_CULTURE,DistrictType,ARGTYPE_IDENTITY,DISTRICT_THEATER,,
MACHUPICCHU_THEATER_GRASSMOUNTAIN_CULTURE,TerrainType,ARGTYPE_IDENTITY,TERRAIN_GRASS_MOUNTAIN,,
MACHUPICCHU_THEATER_GRASSMOUNTAIN_CULTURE,YieldType,ARGTYPE_IDENTITY,YIELD_CULTURE,,
MACHUPICCHU_THEATER_GRASSMOUNTAIN_CULTURE,Amount,ARGTYPE_IDENTITY,1,,
MACHUPICCHU_THEATER_GRASSMOUNTAIN_CULTURE,Description,ARGTYPE_IDENTITY,LOC_BUILDING_MACHU_PICCHU_CULTURE,,
MACHUPICCHU_THEATER_PLAINSMOUNTAIN_CULTURE,DistrictType,ARGTYPE_IDENTITY,DISTRICT_THEATER,,
MACHUPICCHU_THEATER_PLAINSMOUNTAIN_CULTURE,TerrainType,ARGTYPE_IDENTITY,TERRAIN_PLAINS_MOUNTAIN,,
MACHUPICCHU_THEATER_PLAINSMOUNTAIN_CULTURE,YieldType,ARGTYPE_IDENTITY,YIELD_CULTURE,,
MACHUPICCHU_THEATER_PLAINSMOUNTAIN_CULTURE,Amount,ARGTYPE_IDENTITY,1,,
MACHUPICCHU_THEATER_PLAINSMOUNTAIN_CULTURE,Description,ARGTYPE_IDENTITY,LOC_BUILDING_MACHU_PICCHU_CULTURE,,
MACHUPICCHU_THEATER_DESERTMOUNTAIN_CULTURE,DistrictType,ARGTYPE_IDENTITY,DISTRICT_THEATER,,
MACHUPICCHU_THEATER_DESERTMOUNTAIN_CULTURE,TerrainType,ARGTYPE_IDENTITY,TERRAIN_DESERT_MOUNTAIN,,
MACHUPICCHU_THEATER_DESERTMOUNTAIN_CULTURE,YieldType,ARGTYPE_IDENTITY,YIELD_CULTURE,,
MACHUPICCHU_THEATER_DESERTMOUNTAIN_CULTURE,Amount,ARGTYPE_IDENTITY,1,,
MACHUPICCHU_THEATER_DESERTMOUNTAIN_CULTURE,Description,ARGTYPE_IDENTITY,LOC_BUILDING_MACHU_PICCHU_CULTURE,,
MACHUPICCHU_THEATER_TUNDRAMOUNTAIN_CULTURE,DistrictType,ARGTYPE_IDENTITY,DISTRICT_THEATER,,
MACHUPICCHU_THEATER_TUNDRAMOUNTAIN_CULTURE,TerrainType,ARGTYPE_IDENTITY,TERRAIN_TUNDRA_MOUNTAIN,,
MACHUPICCHU_THEATER_TUNDRAMOUNTAIN_CULTURE,YieldType,ARGTYPE_IDENTITY,YIELD_CULTURE,,
MACHUPICCHU_THEATER_TUNDRAMOUNTAIN_CULTURE,Amount,ARGTYPE_IDENTITY,1,,
MACHUPICCHU_THEATER_TUNDRAMOUNTAIN_CULTURE,Description,ARGTYPE_IDENTITY,LOC_BUILDING_MACHU_PICCHU_CULTURE,,
MACHUPICCHU_THEATER_SNOWMOUNTAIN_CULTURE,DistrictType,ARGTYPE_IDENTITY,DISTRICT_THEATER,,
MACHUPICCHU_THEATER_SNOWMOUNTAIN_CULTURE,TerrainType,ARGTYPE_IDENTITY,TERRAIN_SNOW_MOUNTAIN,,
MACHUPICCHU_THEATER_SNOWMOUNTAIN_CULTURE,YieldType,ARGTYPE_IDENTITY,YIELD_CULTURE,,
MACHUPICCHU_THEATER_SNOWMOUNTAIN_CULTURE,Amount,ARGTYPE_IDENTITY,1,,
MACHUPICCHU_THEATER_SNOWMOUNTAIN_CULTURE,Description,ARGTYPE_IDENTITY,LOC_BUILDING_MACHU_PICCHU_CULTURE,,
MEENAKSHITEMPLE_FREE_GURU,UnitType,ARGTYPE_IDENTITY,UNIT_GURU,,
MEENAKSHITEMPLE_FREE_GURU,Amount,ARGTYPE_IDENTITY,2,,
MEENAKSHITEMPLE_RELIGIOUS_UNITS_MOVEMENT,AbilityType,ARGTYPE_IDENTITY,ABILITY_GUIDE_MOVEMENT_AOE_RELIGIOUS,,
MEENAKSHITEMPLE_RELIGIOUS_UNITS_COMBAT,AbilityType,ARGTYPE_IDENTITY,ABILITY_SAGE_COMBAT_AOE_RELIGIOUS,,
MEENAKSHITEMPLE_GURU_DISCOUNT,UnitType,ARGTYPE_IDENTITY,UNIT_GURU,,
MEENAKSHITEMPLE_GURU_DISCOUNT,Amount,ARGTYPE_IDENTITY,30,,
ORSZAGHAZ_DOUBLE_FAVOR_SUZERAIN,Amount,ARGTYPE_IDENTITY,100,,
SANKORE_TRADE_OFFER_SCIENCE,Amount,ARGTYPE_IDENTITY,1,,
SANKORE_TRADE_OFFER_SCIENCE,YieldType,ARGTYPE_IDENTITY,YIELD_SCIENCE,,
SANKORE_TRADE_OFFER_GOLD,Amount,ARGTYPE_IDENTITY,1,,
SANKORE_TRADE_OFFER_GOLD,YieldType,ARGTYPE_IDENTITY,YIELD_GOLD,,
SANKORE_TRADE_GAIN_SCIENCE,Amount,ARGTYPE_IDENTITY,2,,
SANKORE_TRADE_GAIN_SCIENCE,YieldType,ARGTYPE_IDENTITY,YIELD_SCIENCE,,
SANKORE_TRADE_GAIN_SCIENCE,Domestic,ARGTYPE_IDENTITY,0,,
SANKORE_TRADE_DOMESTIC_SCIENCE,Amount,ARGTYPE_IDENTITY,2,,
SANKORE_TRADE_DOMESTIC_SCIENCE,YieldType,ARGTYPE_IDENTITY,YIELD_SCIENCE,,
SANKORE_TRADE_DOMESTIC_SCIENCE,Domestic,ARGTYPE_IDENTITY,1,,
SANKORE_TRADE_DOMESTIC_FAITH,Amount,ARGTYPE_IDENTITY,1,,
SANKORE_TRADE_DOMESTIC_FAITH,YieldType,ARGTYPE_IDENTITY,YIELD_FAITH,,
SANKORE_TRADE_DOMESTIC_FAITH,Domestic,ARGTYPE_IDENTITY,1,,
TRAIT_NO_SUPRISE_WAR_FOR_CANADA,Banned,ARGTYPE_IDENTITY,1,,
TRAIT_NO_SUPRISE_WAR_FOR_CANADA,DiplomaticActionType,ARGTYPE_IDENTITY,DIPLOACTION_DECLARE_SURPRISE_WAR,,
TRAIT_NO_SUPRISE_WAR_ON_CANADA,CivilizationType,ARGTYPE_IDENTITY,CIVILIZATION_CANADA,,
TRAIT_NO_SUPRISE_WAR_ON_CANADA,DiplomaticActionType,ARGTYPE_IDENTITY,DIPLOACTION_DECLARE_SURPRISE_WAR,,
TRAIT_TOURISM_INTO_FAVOR,Tourism,ARGTYPE_IDENTITY,100,,
TRAIT_TOURISM_INTO_FAVOR,Favor,ARGTYPE_IDENTITY,1,,
TRAIT_EMERGENCY_FAVOR_MODIFIER,Amount,ARGTYPE_IDENTITY,100,,
TRAIT_EMERGENCY_FAVOR_MODIFIER,Member,ARGTYPE_IDENTITY,1,,
TRAIT_CITY_ADJACENT_RIVER_BUILDING_PRODUCTION,Amount,ARGTYPE_IDENTITY,50,,
TRAIT_CITY_ADJACENT_RIVER_DISTRICT_PRODUCTION,Amount,ARGTYPE_IDENTITY,50,,
TRAIT_WORK_GRASS_MOUNTAIN,Ignore,ARGTYPE_IDENTITY,1,,
TRAIT_WORK_GRASS_MOUNTAIN,TerrainType,ARGTYPE_IDENTITY,TERRAIN_GRASS_MOUNTAIN,,
TRAIT_WORK_PLAINS_MOUNTAIN,Ignore,ARGTYPE_IDENTITY,1,,
TRAIT_WORK_PLAINS_MOUNTAIN,TerrainType,ARGTYPE_IDENTITY,TERRAIN_PLAINS_MOUNTAIN,,
TRAIT_WORK_DESERT_MOUNTAIN,Ignore,ARGTYPE_IDENTITY,1,,
TRAIT_WORK_DESERT_MOUNTAIN,TerrainType,ARGTYPE_IDENTITY,TERRAIN_DESERT_MOUNTAIN,,
TRAIT_WORK_TUNDRA_MOUNTAIN,Ignore,ARGTYPE_IDENTITY,1,,
TRAIT_WORK_TUNDRA_MOUNTAIN,TerrainType,ARGTYPE_IDENTITY,TERRAIN_TUNDRA_MOUNTAIN,,
TRAIT_WORK_SNOW_MOUNTAIN,Ignore,ARGTYPE_IDENTITY,1,,
TRAIT_WORK_SNOW_MOUNTAIN,TerrainType,ARGTYPE_IDENTITY,TERRAIN_SNOW_MOUNTAIN,,
TRAIT_PRODUCTION_MOUNTAIN,YieldType,ARGTYPE_IDENTITY,YIELD_PRODUCTION,,
TRAIT_PRODUCTION_MOUNTAIN,Amount,ARGTYPE_IDENTITY,2,,
TRAIT_PRODUCTION_MOUNTAIN_LATE,YieldType,ARGTYPE_IDENTITY,YIELD_PRODUCTION,,
TRAIT_PRODUCTION_MOUNTAIN_LATE,Amount,ARGTYPE_IDENTITY,1,,
TRAIT_TERRACE_GRASS_MOUNTAIN,TerrainType,ARGTYPE_IDENTITY,TERRAIN_GRASS_MOUNTAIN,,
TRAIT_TERRACE_GRASS_MOUNTAIN,ImprovementType,ARGTYPE_IDENTITY,IMPROVEMENT_TERRACE_FARM,,
TRAIT_TERRACE_GRASS_MOUNTAIN,YieldType,ARGTYPE_IDENTITY,YIELD_FOOD,,
TRAIT_TERRACE_GRASS_MOUNTAIN,Amount,ARGTYPE_IDENTITY,1,,
TRAIT_TERRACE_PLAINS_MOUNTAIN,TerrainType,ARGTYPE_IDENTITY,TERRAIN_PLAINS_MOUNTAIN,,
TRAIT_TERRACE_PLAINS_MOUNTAIN,ImprovementType,ARGTYPE_IDENTITY,IMPROVEMENT_TERRACE_FARM,,
TRAIT_TERRACE_PLAINS_MOUNTAIN,YieldType,ARGTYPE_IDENTITY,YIELD_FOOD,,
TRAIT_TERRACE_PLAINS_MOUNTAIN,Amount,ARGTYPE_IDENTITY,1,,
TRAIT_TERRACE_DESERT_MOUNTAIN,TerrainType,ARGTYPE_IDENTITY,TERRAIN_DESERT_MOUNTAIN,,
TRAIT_TERRACE_DESERT_MOUNTAIN,ImprovementType,ARGTYPE_IDENTITY,IMPROVEMENT_TERRACE_FARM,,
TRAIT_TERRACE_DESERT_MOUNTAIN,YieldType,ARGTYPE_IDENTITY,YIELD_FOOD,,
TRAIT_TERRACE_DESERT_MOUNTAIN,Amount,ARGTYPE_IDENTITY,1,,
TRAIT_TERRACE_TUNDRA_MOUNTAIN,TerrainType,ARGTYPE_IDENTITY,TERRAIN_TUNDRA_MOUNTAIN,,
TRAIT_TERRACE_TUNDRA_MOUNTAIN,ImprovementType,ARGTYPE_IDENTITY,IMPROVEMENT_TERRACE_FARM,,
TRAIT_TERRACE_TUNDRA_MOUNTAIN,YieldType,ARGTYPE_IDENTITY,YIELD_FOOD,,
TRAIT_TERRACE_TUNDRA_MOUNTAIN,Amount,ARGTYPE_IDENTITY,1,,
TRAIT_TERRACE_SNOW_MOUNTAIN,TerrainType,ARGTYPE_IDENTITY,TERRAIN_SNOW_MOUNTAIN,,
TRAIT_TERRACE_SNOW_MOUNTAIN,ImprovementType,ARGTYPE_IDENTITY,IMPROVEMENT_TERRACE_FARM,,
TRAIT_TERRACE_SNOW_MOUNTAIN,YieldType,ARGTYPE_IDENTITY,YIELD_FOOD,,
TRAIT_TERRACE_SNOW_MOUNTAIN,Amount,ARGTYPE_IDENTITY,1,,
TRAIT_DESERT_CITY_CENTER_FAITH,Description,ARGTYPE_IDENTITY,LOC_DISTRICT_DESERT_FAITH,,
TRAIT_DESERT_CITY_CENTER_FAITH,DistrictType,ARGTYPE_IDENTITY,DISTRICT_CITY_CENTER,,
TRAIT_DESERT_CITY_CENTER_FAITH,TerrainType,ARGTYPE_IDENTITY,TERRAIN_DESERT,,
TRAIT_DESERT_CITY_CENTER_FAITH,YieldType,ARGTYPE_IDENTITY,YIELD_FAITH,,
TRAIT_DESERT_CITY_CENTER_FAITH,Amount,ARGTYPE_IDENTITY,1,,
TRAIT_DESERT_HILLS_CITY_CENTER_FAITH,Description,ARGTYPE_IDENTITY,LOC_DISTRICT_DESERT_HILLS_FAITH,,
TRAIT_DESERT_HILLS_CITY_CENTER_FAITH,DistrictType,ARGTYPE_IDENTITY,DISTRICT_CITY_CENTER,,
TRAIT_DESERT_HILLS_CITY_CENTER_FAITH,TerrainType,ARGTYPE_IDENTITY,TERRAIN_DESERT_HILLS,,
TRAIT_DESERT_HILLS_CITY_CENTER_FAITH,YieldType,ARGTYPE_IDENTITY,YIELD_FAITH,,
TRAIT_DESERT_HILLS_CITY_CENTER_FAITH,Amount,ARGTYPE_IDENTITY,1,,
TRAIT_DESERT_CITY_CENTER_FOOD,Description,ARGTYPE_IDENTITY,LOC_DISTRICT_DESERT_FOOD,,
TRAIT_DESERT_CITY_CENTER_FOOD,DistrictType,ARGTYPE_IDENTITY,DISTRICT_CITY_CENTER,,
TRAIT_DESERT_CITY_CENTER_FOOD,TerrainType,ARGTYPE_IDENTITY,TERRAIN_DESERT,,
TRAIT_DESERT_CITY_CENTER_FOOD,YieldType,ARGTYPE_IDENTITY,YIELD_FOOD,,
TRAIT_DESERT_CITY_CENTER_FOOD,Amount,ARGTYPE_IDENTITY,1,,
TRAIT_DESERT_HILLS_CITY_CENTER_FOOD,Description,ARGTYPE_IDENTITY,LOC_DISTRICT_DESERT_HILLS_FOOD,,
TRAIT_DESERT_HILLS_CITY_CENTER_FOOD,DistrictType,ARGTYPE_IDENTITY,DISTRICT_CITY_CENTER,,
TRAIT_DESERT_HILLS_CITY_CENTER_FOOD,TerrainType,ARGTYPE_IDENTITY,TERRAIN_DESERT_HILLS,,
TRAIT_DESERT_HILLS_CITY_CENTER_FOOD,YieldType,ARGTYPE_IDENTITY,YIELD_FOOD,,
TRAIT_DESERT_HILLS_CITY_CENTER_FOOD,Amount,ARGTYPE_IDENTITY,1,,
TRAIT_MALI_MINES_PRODUCTION,YieldType,ARGTYPE_IDENTITY,YIELD_PRODUCTION,,
TRAIT_MALI_MINES_PRODUCTION,Amount,ARGTYPE_IDENTITY,-1,,
TRAIT_MALI_MINES_GOLD,YieldType,ARGTYPE_IDENTITY,YIELD_GOLD,,
TRAIT_MALI_MINES_GOLD,Amount,ARGTYPE_IDENTITY,4,,
TRAIT_PURCHASE_COMMERCIAL_HUB_BUILDINGS_FAITH,DistrictType,ARGTYPE_IDENTITY,DISTRICT_COMMERCIAL_HUB,,
TRAIT_LESS_BUILDING_PRODUCTION,Amount,ARGTYPE_IDENTITY,-30,,
TRAIT_LESS_BUILDING_PRODUCTION,IsWonder,ARGTYPE_IDENTITY,0,,
TRAIT_LESS_UNIT_PRODUCTION,Amount,ARGTYPE_IDENTITY,-30,,
TRAIT_MAORI_MANA_OCEAN,TerrainType,ARGTYPE_IDENTITY,TERRAIN_OCEAN,,
TRAIT_MAORI_MANA_OCEAN,Valid,ARGTYPE_IDENTITY,1,,
TRAIT_MAORI_MANA_SAILING,TechType,ARGTYPE_IDENTITY,TECH_SAILING,,
TRAIT_MAORI_MANA_SHIPBUILDING,TechType,ARGTYPE_IDENTITY,TECH_SHIPBUILDING,,
TRAIT_MAORI_EMBARKED_ABILITY,AbilityType,ARGTYPE_IDENTITY,ABILITY_MANA,,
TRAIT_MAORI_PREVENT_HARVEST,Enable,ARGTYPE_IDENTITY,1,,
TRAIT_MAORI_PRODUCTION_WOODS,YieldType,ARGTYPE_IDENTITY,YIELD_PRODUCTION,,
TRAIT_MAORI_PRODUCTION_WOODS,Amount,ARGTYPE_IDENTITY,1,,
TRAIT_MAORI_PRODUCTION_RAINFOREST,YieldType,ARGTYPE_IDENTITY,YIELD_PRODUCTION,,
TRAIT_MAORI_PRODUCTION_RAINFOREST,Amount,ARGTYPE_IDENTITY,1,,
TRAIT_MAORI_PRODUCTION_RAINFOREST_MERCANTILISM,YieldType,ARGTYPE_IDENTITY,YIELD_PRODUCTION,,
TRAIT_MAORI_PRODUCTION_RAINFOREST_MERCANTILISM,Amount,ARGTYPE_IDENTITY,1,,
TRAIT_MAORI_PRODUCTION_WOODS_MERCANTILISM,YieldType,ARGTYPE_IDENTITY,YIELD_PRODUCTION,,
TRAIT_MAORI_PRODUCTION_WOODS_MERCANTILISM,Amount,ARGTYPE_IDENTITY,1,,
TRAIT_MAORI_PRODUCTION_RAINFOREST_CONSERVATION,YieldType,ARGTYPE_IDENTITY,YIELD_PRODUCTION,,
TRAIT_MAORI_PRODUCTION_RAINFOREST_CONSERVATION,Amount,ARGTYPE_IDENTITY,2,,
TRAIT_MAORI_PRODUCTION_WOODS_CONSERVATION,YieldType,ARGTYPE_IDENTITY,YIELD_PRODUCTION,,
TRAIT_MAORI_PRODUCTION_WOODS_CONSERVATION,Amount,ARGTYPE_IDENTITY,2,,
TRAIT_MAORI_FISHING_BOAT_FOOD,YieldType,ARGTYPE_IDENTITY,YIELD_FOOD,,
TRAIT_MAORI_FISHING_BOAT_FOOD,Amount,ARGTYPE_IDENTITY,1,,
TRAIT_MAORI_FISHING_BOAT_CULTURE_BOMB,ImprovementType,ARGTYPE_IDENTITY,IMPROVEMENT_FISHING_BOATS,,
TRAIT_MEDITERRANEAN_COLONIES_GRANT_SETTLERS_ABILITY,AbilityType,ARGTYPE_IDENTITY,ABILITY_MEDITERRANEAN_COLONIES,,
TRAIT_FREE_TECH_BOOST_WRITING,TechType,ARGTYPE_IDENTITY,TECH_WRITING,,
TRAIT_CAPTURED_AMENITY,Amount,ARGTYPE_IDENTITY,1,,
TRAIT_CAPTURED_LOYALTY,Amount,ARGTYPE_IDENTITY,4,,
TRAIT_CAPTURED_NO_POPULATION_LOSS,Percent,ARGTYPE_IDENTITY,100,,
TRAIT_SIEGE_ABILITY,AbilityType,ARGTYPE_IDENTITY,ABILITY_GREAT_TURKISH_BOMBARD,,
TRAIT_SIEGE_PRODUCTION,UnitPromotionClass,ARGTYPE_IDENTITY,PROMOTION_CLASS_SIEGE,,
TRAIT_SIEGE_PRODUCTION,EraType,ARGTYPE_IDENTITY,NO_ERA,,
TRAIT_SIEGE_PRODUCTION,Amount,ARGTYPE_IDENTITY,50,,
TRAIT_GREATPERSON_FAVOR_MODIFIER,Amount,ARGTYPE_IDENTITY,50,,
TRAIT_GREAT_SCIENTIST_UNIVERSITY_MODIFIER,GreatPersonClassType,ARGTYPE_IDENTITY,GREAT_PERSON_CLASS_SCIENTIST,,
TRAIT_GREAT_SCIENTIST_UNIVERSITY_MODIFIER,Amount,ARGTYPE_IDENTITY,1,,
TRAIT_GREAT_ENGINEER_FACTORY_MODIFIER,GreatPersonClassType,ARGTYPE_IDENTITY,GREAT_PERSON_CLASS_ENGINEER,,
TRAIT_GREAT_ENGINEER_FACTORY_MODIFIER,Amount,ARGTYPE_IDENTITY,1,,
ICEHOCKEYRINK_AMENITY,Amount,ARGTYPE_IDENTITY,1,,
ICEHOCKEYRINK_CULTURE_STADIUM,YieldType,ARGTYPE_IDENTITY,YIELD_CULTURE,,
ICEHOCKEYRINK_CULTURE_STADIUM,Amount,ARGTYPE_IDENTITY,4,,
TERRACE_FARM_PRODUCTION_FRESH_WATER_NO_AQUEDUCT,YieldType,ARGTYPE_IDENTITY,YIELD_PRODUCTION,,
TERRACE_FARM_PRODUCTION_FRESH_WATER_NO_AQUEDUCT,Amount,ARGTYPE_IDENTITY,1,,
OPEN_AIR_MUSEUM_LOYALTY,Amount,ARGTYPE_IDENTITY,2,,
OPEN_AIR_MUSEUM_CULTURE_FOR_TERRAIN_CLASS_CITIES,Amount,ARGTYPE_IDENTITY,2,,
OPEN_AIR_MUSEUM_CULTURE_FOR_TERRAIN_CLASS_CITIES,YieldType,ARGTYPE_IDENTITY,YIELD_CULTURE,,
OPEN_AIR_MUSEUM_CULTURE_FOR_TERRAIN_CLASS_CITIES,ImprovementType,ARGTYPE_IDENTITY,IMPROVEMENT_OPEN_AIR_MUSEUM,,
TRADE_ROUTE_GOVERNMENT_DISTRICT,Amount,ARGTYPE_IDENTITY,1,,
TRADE_ROUTE_GOVERNMENT_TIER_1_BUILDING,Amount,ARGTYPE_IDENTITY,1,,
TRADE_ROUTE_GOVERNMENT_TIER_2_BUILDING,Amount,ARGTYPE_IDENTITY,1,,
TRADE_ROUTE_GOVERNMENT_TIER_3_BUILDING,Amount,ARGTYPE_IDENTITY,1,,
PRODUCTION_GOVERNMENT_DISTRICT,Amount,ARGTYPE_IDENTITY,50,,
DISTRICT_COMPLETE_MOVE_CAPITAL,ProjectType,ARGTYPE_IDENTITY,PROJECT_COTHON_CAPITAL_MOVE,,
LEVY_MILITARY_TWO_FREE_ENVOYS,Amount,ARGTYPE_IDENTITY,2,,
LEVY_UNITS_GRANT_ABILITY,AbilityType,ARGTYPE_IDENTITY,ABILITY_THE_RAVEN_KING,,
LEVY_UNITUPGRADEDISCOUNT,Amount,ARGTYPE_IDENTITY,75,,
TRADE_ROUTE_GOLD_DESERT_ORIGIN,Origin,ARGTYPE_IDENTITY,1,,
TRADE_ROUTE_GOLD_DESERT_ORIGIN,Amount,ARGTYPE_IDENTITY,1,,
TRADE_ROUTE_GOLD_DESERT_ORIGIN,TerrainType,ARGTYPE_IDENTITY,TERRAIN_DESERT,,
TRADE_ROUTE_GOLD_DESERT_ORIGIN,YieldType,ARGTYPE_IDENTITY,YIELD_GOLD,,
GOLDEN_AGE_TRADE_ROUTE,Amount,ARGTYPE_IDENTITY,1,,
AUTO_THEME_AT_LEAST_3_SLOTS,Amount,ARGTYPE_IDENTITY,3,,
AUTO_THEME_AT_LEAST_3_SLOTS,IsWonder,ARGTYPE_IDENTITY,0,,
AUTO_THEME_AT_LEAST_2_SLOTS,Amount,ARGTYPE_IDENTITY,2,,
AUTO_THEME_AT_LEAST_2_SLOTS,IsWonder,ARGTYPE_IDENTITY,1,,
THEMED_YIELD_MODIFIER,Amount,ARGTYPE_IDENTITY,100,,
THEMED_TOURISM_MODIFIER,Amount,ARGTYPE_IDENTITY,100,,
SCIENCE_PRESETTLEMENT,YieldType,ARGTYPE_IDENTITY,YIELD_SCIENCE,,
SCIENCE_PRESETTLEMENT,Amount,ARGTYPE_IDENTITY,2,,
CULTURE_PRESETTLEMENT,YieldType,ARGTYPE_IDENTITY,YIELD_CULTURE,,
CULTURE_PRESETTLEMENT,Amount,ARGTYPE_IDENTITY,2,,
BUILDER_PRESETTLEMENT,Amount,ARGTYPE_IDENTITY,1,,
BUILDER_PRESETTLEMENT,UnitType,ARGTYPE_IDENTITY,UNIT_BUILDER,,
POPULATION_PRESETTLEMENT,Amount,ARGTYPE_IDENTITY,1,,
CAPITAL_HOUSING,Amount,ARGTYPE_IDENTITY,3,,
CAPITAL_ENTERTAINMENT,Amount,ARGTYPE_IDENTITY,1,,
SKIP_FREE_CITY,Skip,ARGTYPE_IDENTITY,1,,
IDENTITY_NEARBY_GREATWORKS,Amount,ARGTYPE_IDENTITY,1,,
IDENTITY_NEARBY_GREATWORKS,ForeignCities,ARGTYPE_IDENTITY,1,,
TUNDRA_FARMS,ImprovementType,ARGTYPE_IDENTITY,IMPROVEMENT_FARM,,
TUNDRA_FARMS,TerrainType,ARGTYPE_IDENTITY,TERRAIN_TUNDRA,,
TUNDRA_HILLS_FARMS,ImprovementType,ARGTYPE_IDENTITY,IMPROVEMENT_FARM,,
TUNDRA_HILLS_FARMS,TerrainType,ARGTYPE_IDENTITY,TERRAIN_TUNDRA_HILLS,,
TUNDRA_PLOT_COST,TerrainType,ARGTYPE_IDENTITY,TERRAIN_TUNDRA,,
TUNDRA_PLOT_COST,Amount,ARGTYPE_IDENTITY,-50,,
TUNDRA_HILLS_PLOT_COST,TerrainType,ARGTYPE_IDENTITY,TERRAIN_TUNDRA_HILLS,,
TUNDRA_HILLS_PLOT_COST,Amount,ARGTYPE_IDENTITY,-50,,
SNOW_PLOT_COST,TerrainType,ARGTYPE_IDENTITY,TERRAIN_SNOW,,
SNOW_PLOT_COST,Amount,ARGTYPE_IDENTITY,-50,,
SNOW_HILLS_PLOT_COST,TerrainType,ARGTYPE_IDENTITY,TERRAIN_SNOW_HILLS,,
SNOW_HILLS_PLOT_COST,Amount,ARGTYPE_IDENTITY,-50,,
TUNDRA_RESOURCE_EXTRACTION,TerrainType,ARGTYPE_IDENTITY,TERRAIN_TUNDRA,,
TUNDRA_RESOURCE_EXTRACTION,Amount,ARGTYPE_IDENTITY,100,,
TUNDRA_HILLS_RESOURCE_EXTRACTION,TerrainType,ARGTYPE_IDENTITY,TERRAIN_TUNDRA_HILLS,,
TUNDRA_HILLS_RESOURCE_EXTRACTION,Amount,ARGTYPE_IDENTITY,100,,
SNOW_RESOURCE_EXTRACTION,TerrainType,ARGTYPE_IDENTITY,TERRAIN_SNOW,,
SNOW_RESOURCE_EXTRACTION,Amount,ARGTYPE_IDENTITY,100,,
SNOW_HILLS_RESOURCE_EXTRACTION,TerrainType,ARGTYPE_IDENTITY,TERRAIN_SNOW_HILLS,,
SNOW_HILLS_RESOURCE_EXTRACTION,Amount,ARGTYPE_IDENTITY,100,,
TUNDRA_MINES_PRODUCTION,YieldType,ARGTYPE_IDENTITY,YIELD_PRODUCTION,,
TUNDRA_MINES_PRODUCTION,Amount,ARGTYPE_IDENTITY,2,,
TUNDRA_HILLS_MINES_PRODUCTION,YieldType,ARGTYPE_IDENTITY,YIELD_PRODUCTION,,
TUNDRA_HILLS_MINES_PRODUCTION,Amount,ARGTYPE_IDENTITY,2,,
SNOW_MINES_PRODUCTION,YieldType,ARGTYPE_IDENTITY,YIELD_PRODUCTION,,
SNOW_MINES_PRODUCTION,Amount,ARGTYPE_IDENTITY,2,,
SNOW_HILLS_MINES_PRODUCTION,YieldType,ARGTYPE_IDENTITY,YIELD_PRODUCTION,,
SNOW_HILLS_MINES_PRODUCTION,Amount,ARGTYPE_IDENTITY,2,,
TUNDRA_CAMPS_FOOD,YieldType,ARGTYPE_IDENTITY,YIELD_FOOD,,
TUNDRA_CAMPS_FOOD,Amount,ARGTYPE_IDENTITY,2,,
TUNDRA_HILLS_CAMPS_FOOD,YieldType,ARGTYPE_IDENTITY,YIELD_FOOD,,
TUNDRA_HILLS_CAMPS_FOOD,Amount,ARGTYPE_IDENTITY,2,,
SNOW_CAMPS_FOOD,YieldType,ARGTYPE_IDENTITY,YIELD_FOOD,,
SNOW_CAMPS_FOOD,Amount,ARGTYPE_IDENTITY,2,,
SNOW_HILLS_CAMPS_FOOD,YieldType,ARGTYPE_IDENTITY,YIELD_FOOD,,
SNOW_HILLS_CAMPS_FOOD,Amount,ARGTYPE_IDENTITY,2,,
TUNDRA_FARMS_FOOD,YieldType,ARGTYPE_IDENTITY,YIELD_FOOD,,
TUNDRA_FARMS_FOOD,Amount,ARGTYPE_IDENTITY,2,,
TUNDRA_HILLS_FARMS_FOOD,YieldType,ARGTYPE_IDENTITY,YIELD_FOOD,,
TUNDRA_HILLS_FARMS_FOOD,Amount,ARGTYPE_IDENTITY,2,,
SNOW_FARMS_FOOD,YieldType,ARGTYPE_IDENTITY,YIELD_FOOD,,
SNOW_FARMS_FOOD,Amount,ARGTYPE_IDENTITY,2,,
SNOW_HILLS_FARMS_FOOD,YieldType,ARGTYPE_IDENTITY,YIELD_FOOD,,
SNOW_HILLS_FARMS_FOOD,Amount,ARGTYPE_IDENTITY,2,,
TUNDRA_LUMBER_MILLS_PRODUCTION,YieldType,ARGTYPE_IDENTITY,YIELD_PRODUCTION,,
TUNDRA_LUMBER_MILLS_PRODUCTION,Amount,ARGTYPE_IDENTITY,2,,
TUNDRA_HILLS_LUMBER_MILLS_PRODUCTION,YieldType,ARGTYPE_IDENTITY,YIELD_PRODUCTION,,
TUNDRA_HILLS_LUMBER_MILLS_PRODUCTION,Amount,ARGTYPE_IDENTITY,2,,
SNOW_LUMBER_MILLS_PRODUCTION,YieldType,ARGTYPE_IDENTITY,YIELD_PRODUCTION,,
SNOW_LUMBER_MILLS_PRODUCTION,Amount,ARGTYPE_IDENTITY,2,,
SNOW_HILLS_LUMBER_MILLS_PRODUCTION,YieldType,ARGTYPE_IDENTITY,YIELD_PRODUCTION,,
SNOW_HILLS_LUMBER_MILLS_PRODUCTION,Amount,ARGTYPE_IDENTITY,2,,
DOMESTIC_TRADE_ROUTE_FOOD_GRASS_MOUNTAIN_ORIGIN,Origin,ARGTYPE_IDENTITY,1,,
DOMESTIC_TRADE_ROUTE_FOOD_GRASS_MOUNTAIN_ORIGIN,Amount,ARGTYPE_IDENTITY,1,,
DOMESTIC_TRADE_ROUTE_FOOD_GRASS_MOUNTAIN_ORIGIN,TerrainType,ARGTYPE_IDENTITY,TERRAIN_GRASS_MOUNTAIN,,
DOMESTIC_TRADE_ROUTE_FOOD_GRASS_MOUNTAIN_ORIGIN,YieldType,ARGTYPE_IDENTITY,YIELD_FOOD,,
DOMESTIC_TRADE_ROUTE_FOOD_PLAINS_MOUNTAIN_ORIGIN,Origin,ARGTYPE_IDENTITY,1,,
DOMESTIC_TRADE_ROUTE_FOOD_PLAINS_MOUNTAIN_ORIGIN,Amount,ARGTYPE_IDENTITY,1,,
DOMESTIC_TRADE_ROUTE_FOOD_PLAINS_MOUNTAIN_ORIGIN,TerrainType,ARGTYPE_IDENTITY,TERRAIN_PLAINS_MOUNTAIN,,
DOMESTIC_TRADE_ROUTE_FOOD_PLAINS_MOUNTAIN_ORIGIN,YieldType,ARGTYPE_IDENTITY,YIELD_FOOD,,
DOMESTIC_TRADE_ROUTE_FOOD_DESERT_MOUNTAIN_ORIGIN,Origin,ARGTYPE_IDENTITY,1,,
DOMESTIC_TRADE_ROUTE_FOOD_DESERT_MOUNTAIN_ORIGIN,Amount,ARGTYPE_IDENTITY,1,,
DOMESTIC_TRADE_ROUTE_FOOD_DESERT_MOUNTAIN_ORIGIN,TerrainType,ARGTYPE_IDENTITY,TERRAIN_DESERT_MOUNTAIN,,
DOMESTIC_TRADE_ROUTE_FOOD_DESERT_MOUNTAIN_ORIGIN,YieldType,ARGTYPE_IDENTITY,YIELD_FOOD,,
DOMESTIC_TRADE_ROUTE_FOOD_TUNDRA_MOUNTAIN_ORIGIN,Origin,ARGTYPE_IDENTITY,1,,
DOMESTIC_TRADE_ROUTE_FOOD_TUNDRA_MOUNTAIN_ORIGIN,Amount,ARGTYPE_IDENTITY,1,,
DOMESTIC_TRADE_ROUTE_FOOD_TUNDRA_MOUNTAIN_ORIGIN,TerrainType,ARGTYPE_IDENTITY,TERRAIN_TUNDRA_MOUNTAIN,,
DOMESTIC_TRADE_ROUTE_FOOD_TUNDRA_MOUNTAIN_ORIGIN,YieldType,ARGTYPE_IDENTITY,YIELD_FOOD,,
DOMESTIC_TRADE_ROUTE_FOOD_SNOW_MOUNTAIN_ORIGIN,Origin,ARGTYPE_IDENTITY,1,,
DOMESTIC_TRADE_ROUTE_FOOD_SNOW_MOUNTAIN_ORIGIN,Amount,ARGTYPE_IDENTITY,1,,
DOMESTIC_TRADE_ROUTE_FOOD_SNOW_MOUNTAIN_ORIGIN,TerrainType,ARGTYPE_IDENTITY,TERRAIN_SNOW_MOUNTAIN,,
DOMESTIC_TRADE_ROUTE_FOOD_SNOW_MOUNTAIN_ORIGIN,YieldType,ARGTYPE_IDENTITY,YIELD_FOOD,,
TRAIT_CANAL_UNLOCK_MASONRY,DistrictType,ARGTYPE_IDENTITY,DISTRICT_CANAL,,
TRAIT_CANAL_UNLOCK_MASONRY,TechType,ARGTYPE_IDENTITY,TECH_MASONRY,,
SULEIMAN_GOVERNOR_POINTS,Delta,ARGTYPE_IDENTITY,1,,
MEDITERRANEAN_COLONIES_IGNORE_EMBARK_DISEMBARK_COST,Ignore,ARGTYPE_IDENTITY,1,,
MEDITERRANEAN_COLONIES_EXTRA_MOVEMENT,Amount,ARGTYPE_IDENTITY,2,,
MEDITERRANEAN_COLONIES_EXTRA_SIGHT,Amount,ARGTYPE_IDENTITY,2,,
BIREME_GRANT_TRADER_IMMUNITY,AbilityType,ARGTYPE_IDENTITY,ABILITY_TRADER_PROTECTED_BY_BIREME,,
TRADE_ROUTE_PLUNDER_IMMUNITY_SEA_NEAR_BIREME,DomainType,ARGTYPE_IDENTITY,DOMAIN_SEA,,
RAVEN_LEVY_MOVEMENT,Amount,ARGTYPE_IDENTITY,2,,
RAVEN_LEVY_COMBAT,Amount,ARGTYPE_IDENTITY,5,,
BLACK_ARMY_ADJACENT_LEVY,Amount,ARGTYPE_IDENTITY,3,,
HUSZAR_ALLIES_COMBAT_BONUS,Amount,ARGTYPE_IDENTITY,3,,
ALL_PARK_COMBAT_BONUS,Amount,ARGTYPE_IDENTITY,5,,
OWNER_PARK_COMBAT_BONUS,Amount,ARGTYPE_IDENTITY,5,,
MANDEKALU_GRANT_TRADER_IMMUNITY,AbilityType,ARGTYPE_IDENTITY,ABILITY_TRADER_PROTECTED_BY_MANDEKALU,,
TRADE_ROUTE_PLUNDER_IMMUNITY_LAND_NEAR_MANDEKALU,DomainType,ARGTYPE_IDENTITY,DOMAIN_LAND,,
MANDEKALU_POST_COMBAT_GOLD,PercentDefeatedStrength,ARGTYPE_IDENTITY,100,,
MANDEKALU_POST_COMBAT_GOLD,YieldType,ARGTYPE_IDENTITY,YIELD_GOLD,,
CORBACI_FREE_PROMOTION,Amount,ARGTYPE_IDENTITY,-1,,
GREAT_TURKISH_BOMBARD_STRENGTH,Amount,ARGTYPE_IDENTITY,5,,
TOA_NEGATIVE_COMBAT,ModifierId,ARGTYPE_IDENTITY,TOA_NEGATIVE_COMBAT_MODIFIER,,
TOA_NEGATIVE_COMBAT_MODIFIER,Amount,ARGTYPE_IDENTITY,-5,,
CAROLEAN_UNUSED_MOVEMENT_COMBAT,Amount,ARGTYPE_IDENTITY,3,,
MANA_EMBARKED_EXTRA_MOVEMENT,Amount,ARGTYPE_IDENTITY,2,,
CORSAIR_LESS_MOVEMENT_RAID,UseAdvancedCoastalRaid,ARGTYPE_IDENTITY,1,,
ROCKBAND_SURF_ROCK_COTHON,DistrictType,ARGTYPE_IDENTITY,DISTRICT_COTHON,,
ROCKBAND_SURF_ROCK_COTHON,Amount,ARGTYPE_IDENTITY,1,,
ROCKBAND_SURF_ROCK_COTHON_MODIFIER,DistrictType,ARGTYPE_IDENTITY,DISTRICT_COTHON,,
ROCKBAND_SURF_ROCK_COTHON_MODIFIER,Amount,ARGTYPE_IDENTITY,500,,
JANISSARY_LOSE_POPULATION_IN_FOUNDED_CITIES,Amount,ARGTYPE_IDENTITY,-1,,
JANISSARY_LOSE_POPULATION_IN_FOUNDED_CITIES,UnitType,ARGTYPE_IDENTITY,UNIT_SULEIMAN_JANISSARY,,
TRAIT_ANTIQUES_AND_PARKS_CULTURE_FORESTS_OR_WONDERS,YieldType,ARGTYPE_IDENTITY,YIELD_CULTURE,,
TRAIT_ANTIQUES_AND_PARKS_CULTURE_FORESTS_OR_WONDERS,Amount,ARGTYPE_IDENTITY,2,,
TRAIT_ANTIQUES_AND_PARKS_SCIENCE_NATIONAL_WONDERS_OR_MOUNTAINS,YieldType,ARGTYPE_IDENTITY,YIELD_SCIENCE,,
TRAIT_ANTIQUES_AND_PARKS_SCIENCE_NATIONAL_WONDERS_OR_MOUNTAINS,Amount,ARGTYPE_IDENTITY,2,,
TRAIT_ROOSEVELT_COROLLARY_TRADE_ROUTE_TOKEN,Amount,ARGTYPE_IDENTITY,1,,
AGENDA_BULL_MOOSE,StatementKey,ARGTYPE_IDENTITY,LOC_PLACEHOLDER,,
ELIZABETH_TRADE_ROUTES_MODIFIER,Amount,ARGTYPE_IDENTITY,2,,
ELIZABETH_TRADE_ROUTES_YIELDS,YieldType,ARGTYPE_IDENTITY,YIELD_GOLD,,
ELIZABETH_TRADE_ROUTES_YIELDS,Amount,ARGTYPE_IDENTITY,3,,
ELIZABETH_PLUNDER_ABILITY,AbilityType,ARGTYPE_IDENTITY,ABILITY_ELIZABETH_PLUNDER_BONUS,,
ELIZABETH_PLUNDER_BONUS,Amount,ARGTYPE_IDENTITY,100,,
AGENDA_TRADE_AGREEMENT,TradeBonus,ARGTYPE_IDENTITY,3,,
AGENDA_TRADE_AGREEMENT,NoTradePenalty,ARGTYPE_IDENTITY,12,,
AGENDA_TRADE_AGREEMENT,BonusPerRoute,ARGTYPE_IDENTITY,1,,
AGENDA_TRADE_AGREEMENT,OnlyInboundTrade,ARGTYPE_IDENTITY,1,,
AGENDA_TRADE_AGREEMENT,StatementKey,ARGTYPE_IDENTITY,LOC_DIPLO_KUDO_LEADER_ELIZABETH_REASON_ANY,,
AGENDA_TRADE_AGREEMENT,SimpleModifierDescription,ARGTYPE_IDENTITY,LOC_DIPLO_MODIFIER_WILHELMINA_BILLIONAIRE_TRADE,,
HARALD_LEVY_DISCOUNT,Percent,ARGTYPE_IDENTITY,75,,
HARALD_MAINTENANCE_DISCOUNT,Amount,ARGTYPE_IDENTITY,2,,
STAVE_CHURCH_INFLUENCEPOINTS,Amount,ARGTYPE_IDENTITY,1,,
AGENDA_SAGA_HIGH_PROTECT_CITY_STATES,InitialValue,ARGTYPE_IDENTITY,6,,
AGENDA_SAGA_HIGH_PROTECT_CITY_STATES,StatementKey,ARGTYPE_IDENTITY,LOC_DIPLO_KUDO_LEADER_ANY_REASON_AGENDA_PROTECTS_CITY_STATES,,
AGENDA_SAGA_HIGH_PROTECT_CITY_STATES,SimpleModifierDescription,ARGTYPE_IDENTITY,LOC_DIPLO_MODIFIER_DESCRIPTION_HIGH_CITY_STATE_PROTECTION,,
AGENDA_SAGA_MED_PROTECT_CITY_STATES,InitialValue,ARGTYPE_IDENTITY,3,,
AGENDA_SAGA_MED_PROTECT_CITY_STATES,StatementKey,ARGTYPE_IDENTITY,LOC_DIPLO_KUDO_LEADER_ANY_REASON_AGENDA_PROTECTS_CITY_STATES,,
AGENDA_SAGA_MED_PROTECT_CITY_STATES,SimpleModifierDescription,ARGTYPE_IDENTITY,LOC_DIPLO_MODIFIER_DESCRIPTION_MED_CITY_STATE_PROTECTION,,
AGENDA_SAGA_MED_ATTACK_CITY_STATES,InitialValue,ARGTYPE_IDENTITY,-3,,
AGENDA_SAGA_MED_ATTACK_CITY_STATES,StatementKey,ARGTYPE_IDENTITY,LOC_DIPLO_WARNING_LEADER_ANY_REASON_AGENDA_ATTACKS_CITY_STATES,,
AGENDA_SAGA_MED_ATTACK_CITY_STATES,SimpleModifierDescription,ARGTYPE_IDENTITY,LOC_DIPLO_MODIFIER_DESCRIPTION_MED_CITY_STATE_AGGRESSION,,
AGENDA_SAGA_HIGH_ATTACK_CITY_STATES,InitialValue,ARGTYPE_IDENTITY,-6,,
AGENDA_SAGA_HIGH_ATTACK_CITY_STATES,StatementKey,ARGTYPE_IDENTITY,LOC_DIPLO_WARNING_LEADER_ANY_REASON_AGENDA_ATTACKS_CITY_STATES,,
AGENDA_SAGA_HIGH_ATTACK_CITY_STATES,SimpleModifierDescription,ARGTYPE_IDENTITY,LOC_DIPLO_MODIFIER_DESCRIPTION_HIGH_CITY_STATE_AGGRESSION,,
VICTORIA_PRODUCTION_WORKSHOP,Amount,ARGTYPE_IDENTITY,10,,
VICTORIA_PRODUCTION_WORKSHOP,YieldType,ARGTYPE_IDENTITY,YIELD_PRODUCTION,,
VICTORIA_PRODUCTION_FACTORY,Amount,ARGTYPE_IDENTITY,10,,
VICTORIA_PRODUCTION_FACTORY,YieldType,ARGTYPE_IDENTITY,YIELD_PRODUCTION,,
VICTORIA_PRODUCTION_POWER_PLANT,Amount,ARGTYPE_IDENTITY,10,,
VICTORIA_PRODUCTION_POWER_PLANT,YieldType,ARGTYPE_IDENTITY,YIELD_PRODUCTION,,
VICTORIA_STRATEGIC_RESOURCE,YieldType,ARGTYPE_IDENTITY,YIELD_PRODUCTION,,
VICTORIA_STRATEGIC_RESOURCE,Amount,ARGTYPE_IDENTITY,2,,
AGENDA_HIGH_INDUSTRY_ENGLAND,InitialValue,ARGTYPE_IDENTITY,6,,
AGENDA_HIGH_INDUSTRY_ENGLAND,StatementKey,ARGTYPE_IDENTITY,LOC_DIPLO_KUDO_LEADER_ANY_REASON_AGENDA_HIGH_INDUSTRY,,
AGENDA_HIGH_INDUSTRY_ENGLAND,SimpleModifierDescription,ARGTYPE_IDENTITY,LOC_DIPLO_MODIFIER_DESCRIPTION_HIGH_INDUSTRY,,
AGENDA_LOW_INDUSTRY_ENGLAND,InitialValue,ARGTYPE_IDENTITY,-6,,
AGENDA_LOW_INDUSTRY_ENGLAND,StatementKey,ARGTYPE_IDENTITY,LOC_DIPLO_WARNING_LEADER_ANY_REASON_AGENDA_LOW_INDUSTRY,,
AGENDA_LOW_INDUSTRY_ENGLAND,SimpleModifierDescription,ARGTYPE_IDENTITY,LOC_DIPLO_MODIFIER_DESCRIPTION_LOW_INDUSTRY,,
HARALD_LEVY_UNITS_GRANT_ABILITY,AbilityType,ARGTYPE_IDENTITY,ABILITY_LEVIED_HARALD,,
HARALD_LEVIED_UNITS_FAITH,PercentDefeatedStrength,ARGTYPE_IDENTITY,50,,
HARALD_LEVIED_UNITS_FAITH,YieldType,ARGTYPE_IDENTITY,YIELD_FAITH,,
HARALD_LEVIED_UNITS_SCIENCE,PercentDefeatedStrength,ARGTYPE_IDENTITY,50,,
HARALD_LEVIED_UNITS_SCIENCE,YieldType,ARGTYPE_IDENTITY,YIELD_SCIENCE,,
HARALD_LEVIED_UNITS_CULTURE,PercentDefeatedStrength,ARGTYPE_IDENTITY,50,,
HARALD_LEVIED_UNITS_CULTURE,YieldType,ARGTYPE_IDENTITY,YIELD_CULTURE,,
TRAIT_LINCOLN_INDUSTRIAL_ZONE_FREE_MELEE_UNIT,DistrictType,ARGTYPE_IDENTITY,DISTRICT_INDUSTRIAL_ZONE,,
TRAIT_LINCOLN_INDUSTRIAL_ZONE_FREE_MELEE_UNIT,UnitPromotionClass,ARGTYPE_IDENTITY,PROMOTION_CLASS_MELEE,,
TRAIT_LINCOLN_INDUSTRIAL_ZONE_FREE_MELEE_UNIT,UnitAbilityType,ARGTYPE_IDENTITY,ABILITY_LINCOLN_MELEE_UNITS,,
LINCOLN_MELEE_BUFF,Amount,ARGTYPE_IDENTITY,5,,
INDUSTRIAL_ZONE_ADDAMENITIES,Amount,ARGTYPE_IDENTITY,2,,
AGENDA_ADJUST_GOVERNMENT_INTOLERANCE_LINCOLN,IntoleranceMultiplier,ARGTYPE_IDENTITY,2,,
AGENDA_ADJUST_GOVERNMENT_INTOLERANCE_LINCOLN,SameEraIntoleranceFlatBonus,ARGTYPE_IDENTITY,-6,,
AGENDA_SAME_GOVERNMENT_LINCOLN,InitialValue,ARGTYPE_IDENTITY,6,,
AGENDA_SAME_GOVERNMENT_LINCOLN,StatementKey,ARGTYPE_IDENTITY,LOC_DIPLO_KUDO_LEADER_ANY_REASON_AGENDA_SAME_GOVERNMENT,,
AGENDA_SAME_GOVERNMENT_LINCOLN,SimpleModifierDescription,ARGTYPE_IDENTITY,LOC_DIPLO_MODIFIER_DESCRIPTION_SAME_GOVERNMENT,,
AGENDA_DIFFERENT_GOVERNMENT_LINCOLN,InitialValue,ARGTYPE_IDENTITY,-6,,
AGENDA_DIFFERENT_GOVERNMENT_LINCOLN,StatementKey,ARGTYPE_IDENTITY,LOC_DIPLO_WARNING_LEADER_ANY_REASON_AGENDA_DIFFERENT_GOVERNMENT,,
AGENDA_DIFFERENT_GOVERNMENT_LINCOLN,SimpleModifierDescription,ARGTYPE_IDENTITY,LOC_DIPLO_MODIFIER_DESCRIPTION_DIFFERENT_GOVERNMENT,,
SALADIN_ALT_FLANKING_ABILITY,AbilityType,ARGTYPE_IDENTITY,ABILITY_SALADIN_FLANKING_UNITS,,
SALADIN_FLANKING_BONUS_UNITS,Percent,ARGTYPE_IDENTITY,100,,
SALADIN_SUPPORT_BONUS_UNITS,Percent,ARGTYPE_IDENTITY,100,,
AGENDA_SULTAN_RELIGION_NOT_RECEIVED,InitialValue,ARGTYPE_IDENTITY,7,,
AGENDA_SULTAN_RELIGION_NOT_RECEIVED,StatementKey,ARGTYPE_IDENTITY,LOC_DIPLO_KUDOS_LEADER_SALADIN_ALT_REASON_ANY,,
AGENDA_SULTAN_RELIGION_NOT_RECEIVED,SimpleModifierDescription,ARGTYPE_IDENTITY,LOC_DIPLO_MODIFIER_SULTAN_NOT_RECEIVED,,
AGENDA_SULTAN_RELIGION_RECEIVED,InitialValue,ARGTYPE_IDENTITY,-12,,
AGENDA_SULTAN_RELIGION_RECEIVED,StatementKey,ARGTYPE_IDENTITY,LOC_DIPLO_WARNING_LEADER_SALADIN_ALT_REASON_ANY,,
AGENDA_SULTAN_RELIGION_RECEIVED,SimpleModifierDescription,ARGTYPE_IDENTITY,LOC_DIPLO_MODIFIER_SULTAN_RECEIVED,,
TRAIT_FOREIGN_CONTINENT_YIELD,YieldType,ARGTYPE_IDENTITY,"YIELD_PRODUCTION, YIELD_FOOD, YIELD_SCIENCE, YIELD_CULTURE, YIELD_GOLD, YIELD_FAITH",,
TRAIT_FOREIGN_CONTINENT_YIELD,Amount,ARGTYPE_IDENTITY,"-15, -15, -15, -15, -15, -15",,
TRAIT_SAME_CONTINENT_YIELD,YieldType,ARGTYPE_IDENTITY,"YIELD_PRODUCTION, YIELD_FOOD, YIELD_SCIENCE, YIELD_CULTURE, YIELD_GOLD, YIELD_FAITH",,
TRAIT_SAME_CONTINENT_YIELD,Amount,ARGTYPE_IDENTITY,"10, 10, 10, 10, 10,10",,
AGENDA_DECOLONIZATION_HOME_CONTINENT,InitialValue,ARGTYPE_IDENTITY,-12,,
AGENDA_DECOLONIZATION_HOME_CONTINENT,StatementKey,ARGTYPE_IDENTITY,LOC_DIPLO_WARNING_LEADER_VICTORIA_REASON_ANY,,
AGENDA_DECOLONIZATION_HOME_CONTINENT,SimpleModifierDescription,ARGTYPE_IDENTITY,LOC_DIPLO_MODIFIER_DECOLONIZATION_HOME_CONTINENT,,
AGENDA_DECOLONIZATION_NEW_CONTINENT,InitialValue,ARGTYPE_IDENTITY,5,,
AGENDA_DECOLONIZATION_NEW_CONTINENT,StatementKey,ARGTYPE_IDENTITY,LOC_DIPLO_KUDO_LEADER_VICTORIA_REASON_ANY,,
AGENDA_DECOLONIZATION_NEW_CONTINENT,SimpleModifierDescription,ARGTYPE_IDENTITY,LOC_DIPLO_MODIFIER_DECOLONIZATION_NEW_CONTINENT,,
LINCOLN_RESOURCE_FREE_UNITS,Ignore,ARGTYPE_IDENTITY,1,,
PLANTATION_NEGATIVE_LOYALTY,Amount,ARGTYPE_IDENTITY,-2,,
TRAIT_LINCOLN_INDUSTRIAL_ZONE_LOYALTY,Amount,ARGTYPE_IDENTITY,3,,
QIN_MELEE_UNIT_ABILITY,AbilityType,ARGTYPE_IDENTITY,ABILITY_QIN_MELEE_UNITS,,
QIN_MELEE_UNIT_SPREAD_CHARGE,Amount,ARGTYPE_IDENTITY,1,,
QIN_MELEE_UNIT_CONVERT_BARBS,Converts,ARGTYPE_IDENTITY,1,,
AGENDA_SIHAI_CLEARS_BARBARIAN_CAMPS,InitialValue,ARGTYPE_IDENTITY,-6,,
AGENDA_SIHAI_CLEARS_BARBARIAN_CAMPS,StatementKey,ARGTYPE_IDENTITY,LOC_DIPLO_WARNING_LEADER_ANY_REASON_AGENDA_ATTACKS_BARBARIANS,,
AGENDA_SIHAI_CLEARS_BARBARIAN_CAMPS,SimpleModifierDescription,ARGTYPE_IDENTITY,LOC_DIPLO_MODIFIER_DESCRIPTION_SIHAI_ATTACKS_BARBARIANS,,
AGENDA_SIHAI_IGNORES_BARBARIAN_CAMPS,InitialValue,ARGTYPE_IDENTITY,6,,
AGENDA_SIHAI_IGNORES_BARBARIAN_CAMPS,StatementKey,ARGTYPE_IDENTITY,LOC_DIPLO_KUDOS_LEADER_ANY_REASON_AGENDA_IGNORES_BARBARIANS,,
AGENDA_SIHAI_IGNORES_BARBARIAN_CAMPS,SimpleModifierDescription,ARGTYPE_IDENTITY,LOC_DIPLO_MODIFIER_DESCRIPTION_SIHAI_IGNORES_BARBARIANS,,
YONGLE_FAITH_PROJECT,ProjectType,ARGTYPE_IDENTITY,PROJECT_LIJIA_FAITH,,
YONGLE_FOOD_PROJECT,ProjectType,ARGTYPE_IDENTITY,PROJECT_LIJIA_FOOD,,
YONGLE_GOLD_PROJECT,ProjectType,ARGTYPE_IDENTITY,PROJECT_LIJIA_GOLD,,
AGENDA_YINDING_POSITIVE_INCOME,InitialValue,ARGTYPE_IDENTITY,3,,
AGENDA_YINDING_POSITIVE_INCOME,StatementKey,ARGTYPE_IDENTITY,LOC_DIPLO_KUDO_LEADER_ANY_REASON_AGENDA_POSITIVE_INCOME,,
AGENDA_YINDING_POSITIVE_INCOME,SimpleModifierDescription,ARGTYPE_IDENTITY,LOC_DIPLO_MODIFIER_DESCRIPTION_POSITIVE_INCOME,,
AGENDA_YINDING_NEGATIVE_INCOME,InitialValue,ARGTYPE_IDENTITY,-12,,
AGENDA_YINDING_NEGATIVE_INCOME,StatementKey,ARGTYPE_IDENTITY,LOC_DIPLO_WARNING_LEADER_ANY_REASON_AGENDA_NEGATIVE_INCOME,,
AGENDA_YINDING_NEGATIVE_INCOME,SimpleModifierDescription,ARGTYPE_IDENTITY,LOC_DIPLO_MODIFIER_DESCRIPTION_NEGATIVE_INCOME,,
WU_ZETIAN_FREE_SPY_CAPACITY,Amount,ARGTYPE_IDENTITY,1,,
WU_ZETIAN_FREE_SPY,UnitType,ARGTYPE_IDENTITY,UNIT_SPY,,
WU_ZETIAN_FREE_SPY,Amount,ARGTYPE_IDENTITY,1,,
WU_ZETIAN_FREE_SPY,AllowUniqueOverride,ARGTYPE_IDENTITY,0,,
WU_ZETIAN_OFFENSIVE_SPY_BETTER,Offense,ARGTYPE_IDENTITY,1,,
WU_ZETIAN_OFFENSIVE_SPY_BETTER,Amount,ARGTYPE_IDENTITY,1,,
WU_ZETIAN_OFFENSIVE_SPY_SCIENCE,YieldType,ARGTYPE_IDENTITY,YIELD_SCIENCE,,
WU_ZETIAN_OFFENSIVE_SPY_SCIENCE,Percent,ARGTYPE_IDENTITY,100,,
WU_ZETIAN_OFFENSIVE_SPY_CULTURE,YieldType,ARGTYPE_IDENTITY,YIELD_CULTURE,,
WU_ZETIAN_OFFENSIVE_SPY_CULTURE,Percent,ARGTYPE_IDENTITY,100,,
WU_ZETIAN_OFFENSIVE_SPY_FAITH,YieldType,ARGTYPE_IDENTITY,YIELD_FAITH,,
WU_ZETIAN_OFFENSIVE_SPY_FAITH,Percent,ARGTYPE_IDENTITY,100,,
WU_ZETIAN_PURCHASE_SPY,Tag,ARGTYPE_IDENTITY,CLASS_SPY,,
AGENDA_COURT_INTRIGUE,StatementKey,ARGTYPE_IDENTITY,AGENDA_PARANOID_WARNING,,
YONGLE_SCIENCE_POPULATION,Amount,ARGTYPE_IDENTITY,1,,
YONGLE_SCIENCE_POPULATION,YieldType,ARGTYPE_IDENTITY,YIELD_SCIENCE,,
YONGLE_CULTURE_POPULATION,Amount,ARGTYPE_IDENTITY,1,,
YONGLE_CULTURE_POPULATION,YieldType,ARGTYPE_IDENTITY,YIELD_CULTURE,,
YONGLE_GOLD_POPULATION,Amount,ARGTYPE_IDENTITY,2,,
YONGLE_GOLD_POPULATION,YieldType,ARGTYPE_IDENTITY,YIELD_GOLD,,
RAMSES_CULTURE_POSITIVE_WONDERS_BUILDINGS,YieldType,ARGTYPE_IDENTITY,YIELD_CULTURE,,
RAMSES_CULTURE_POSITIVE_WONDERS_BUILDINGS,BuildingProductionPercent,ARGTYPE_IDENTITY,30,,
RAMSES_CULTURE_POSITIVE_WONDERS_BUILDINGS,IncludeWonder,ARGTYPE_IDENTITY,1,,
RAMSES_CULTURE_NEGATIVE_BUILDINGS,YieldType,ARGTYPE_IDENTITY,YIELD_CULTURE,,
RAMSES_CULTURE_NEGATIVE_BUILDINGS,BuildingProductionPercent,ARGTYPE_IDENTITY,-15,,
RAMSES_CULTURE_NEGATIVE_BUILDINGS,IncludeWonder,ARGTYPE_IDENTITY,0,,
AGENDA_MAAT,InitialValue,ARGTYPE_IDENTITY,0,,
AGENDA_MAAT,IncrementValue,ARGTYPE_IDENTITY,0,,
AGENDA_MAAT,StatementKey,ARGTYPE_IDENTITY,LOC_DIPLO_KUDO_LEADER_ANY_REASON_AGENDA_EXPLOITATION,,
AGENDA_MAAT,SimpleModifierDescription,ARGTYPE_IDENTITY,LOC_DIPLO_MODIFIER_DESCRIPTION_EXPLOITATION,,
AGENDA_MAAT,TileImprovementHighThreshold,ARGTYPE_IDENTITY,75,,
AGENDA_MAAT,TileImprovementLowThreshold,ARGTYPE_IDENTITY,35,,
AGENDA_MAAT,PlotFeatureRemovalValue,ARGTYPE_IDENTITY,1,,
AGENDA_MAAT,NationalParkConstructionValue,ARGTYPE_IDENTITY,10,,
AGENDA_MAAT,TileImprovementPreferenceValue,ARGTYPE_IDENTITY,9,,
AGENDA_MAAT,MaxDiploModifierMagnitude,ARGTYPE_IDENTITY,10,,
AGENDA_MAAT,HighScoreThreshold,ARGTYPE_IDENTITY,15,,
AGENDA_MAAT,LowScoreThreshold,ARGTYPE_IDENTITY,-15,,
CLEOPATRA_FLOODPLAINS_APPEAL,FeatureType,ARGTYPE_IDENTITY,FEATURE_FLOODPLAINS,,
CLEOPATRA_FLOODPLAINS_APPEAL,Amount,ARGTYPE_IDENTITY,2,,
CLEOPATRA_FLOODPLAINS_RESOURCE_YIELD,YieldType,ARGTYPE_IDENTITY,"YIELD_FOOD, YIELD_CULTURE",,
CLEOPATRA_FLOODPLAINS_RESOURCE_YIELD,Amount,ARGTYPE_IDENTITY,"1, 1",,
AGENDA_HIGH_FOOD,InitialValue,ARGTYPE_IDENTITY,6,,
AGENDA_HIGH_FOOD,StatementKey,ARGTYPE_IDENTITY,LOC_DIPLO_KUDO_LEADER_ANY_REASON_AGENDA_HIGH_FOOD,,
AGENDA_HIGH_FOOD,SimpleModifierDescription,ARGTYPE_IDENTITY,LOC_DIPLO_MODIFIER_DESCRIPTION_HIGH_FOOD,,
AGENDA_LOW_FOOD,InitialValue,ARGTYPE_IDENTITY,-6,,
AGENDA_LOW_FOOD,StatementKey,ARGTYPE_IDENTITY,LOC_DIPLO_WARNING_LEADER_ANY_REASON_AGENDA_LOW_FOOD,,
AGENDA_LOW_FOOD,SimpleModifierDescription,ARGTYPE_IDENTITY,LOC_DIPLO_MODIFIER_DESCRIPTION_LOW_FOOD,,
CLEOPATRA_GRASS_FLOODPLAINS_APPEAL,FeatureType,ARGTYPE_IDENTITY,FEATURE_FLOODPLAINS_GRASSLAND,,
CLEOPATRA_GRASS_FLOODPLAINS_APPEAL,Amount,ARGTYPE_IDENTITY,2,,
CLEOPATRA_PLAINS_FLOODPLAINS_APPEAL,FeatureType,ARGTYPE_IDENTITY,FEATURE_FLOODPLAINS_PLAINS,,
CLEOPATRA_PLAINS_FLOODPLAINS_APPEAL,Amount,ARGTYPE_IDENTITY,2,,
SUNDIATA_KEITA_MARKET_GREAT_WRITING_SLOTS,BuildingType,ARGTYPE_IDENTITY,BUILDING_MARKET,,
SUNDIATA_KEITA_MARKET_GREAT_WRITING_SLOTS,GreatWorkSlotType,ARGTYPE_IDENTITY,GREATWORKSLOT_WRITING,,
SUNDIATA_KEITA_MARKET_GREAT_WRITING_SLOTS,Amount,ARGTYPE_IDENTITY,2,,
SUNDIATA_KEITA_PURCHASE_GREAT_PEOPLE,YieldType,ARGTYPE_IDENTITY,YIELD_GOLD,,
SUNDIATA_KEITA_PURCHASE_GREAT_PEOPLE,Amount,ARGTYPE_IDENTITY,20,,
SUNDIATA_KEITA_GREAT_WORK_GOLD_WRITING,GreatWorkObjectType,ARGTYPE_IDENTITY,GREATWORKOBJECT_WRITING,,
SUNDIATA_KEITA_GREAT_WORK_GOLD_WRITING,YieldType,ARGTYPE_IDENTITY,YIELD_GOLD,,
SUNDIATA_KEITA_GREAT_WORK_GOLD_WRITING,YieldChange,ARGTYPE_IDENTITY,4,,
SUNDIATA_KEITA_GREAT_WORK_PRODUCTION_WRITING,GreatWorkObjectType,ARGTYPE_IDENTITY,GREATWORKOBJECT_WRITING,,
SUNDIATA_KEITA_GREAT_WORK_PRODUCTION_WRITING,YieldType,ARGTYPE_IDENTITY,YIELD_PRODUCTION,,
SUNDIATA_KEITA_GREAT_WORK_PRODUCTION_WRITING,YieldChange,ARGTYPE_IDENTITY,2,,
AGENDA_HIGH_TOURISM_MALI,InitialValue,ARGTYPE_IDENTITY,-6,,
AGENDA_HIGH_TOURISM_MALI,StatementKey,ARGTYPE_IDENTITY,LOC_DIPLO_WARNING_LEADER_ANY_REASON_AGENDA_HIGH_TOURISM,,
AGENDA_HIGH_TOURISM_MALI,SimpleModifierDescription,ARGTYPE_IDENTITY,LOC_DIPLO_MODIFIER_DESCRIPTION_HIGH_TOURISM,,
AGENDA_LOW_TOURISM_MALI,InitialValue,ARGTYPE_IDENTITY,6,,
AGENDA_LOW_TOURISM_MALI,StatementKey,ARGTYPE_IDENTITY,LOC_DIPLO_KUDO_LEADER_ANY_REASON_AGENDA_LOW_TOURISM,,
AGENDA_LOW_TOURISM_MALI,SimpleModifierDescription,ARGTYPE_IDENTITY,LOC_DIPLO_MODIFIER_DESCRIPTION_LOW_TOURISM,,
LAHORE_NIHANG_BARRACKS_ABILITY,AbilityType,ARGTYPE_IDENTITY,ABILITY_NIHANG_BARRACKS_STRENGTH,,
LAHORE_NIHANG_ARMORY_ABILITY,AbilityType,ARGTYPE_IDENTITY,ABILITY_NIHANG_ARMORY_STRENGTH,,
LAHORE_NIHANG_ACADEMY_ABILITY,AbilityType,ARGTYPE_IDENTITY,ABILITY_NIHANG_ACADEMY_STRENGTH,,
WATERMILL_ADDMAIZEYIELD,Amount,ARGTYPE_IDENTITY,1,,
WATERMILL_ADDMAIZEYIELD,YieldType,ARGTYPE_IDENTITY,YIELD_FOOD,,
TRAIT_EJERCITO_PATRIOTA_EXTRA_MOVEMENT,AbilityType,ARGTYPE_IDENTITY,ABILITY_EJERCITO_PATRIOTA_EXTRA_MOVEMENT,,
EJERCITO_PATRIOTA_EXTRA_MOVEMENT,Amount,ARGTYPE_IDENTITY,1,,
TRAIT_PROMOTE_NO_FINISH_MOVES,NoFinishMoves,ARGTYPE_IDENTITY,1,,
TRAIT_NO_FRESH_WATER_HOUSING,NoHousing,ARGTYPE_IDENTITY,1,,
TRAIT_ADD_AMENITY_PER_ADJACENT_LUXURY,AddAmenity,ARGTYPE_IDENTITY,1,,
TRAIT_MAYA_FARMS_PRODUCTION,YieldType,ARGTYPE_IDENTITY,YIELD_GOLD,,
TRAIT_MAYA_FARMS_PRODUCTION,Amount,ARGTYPE_IDENTITY,1,,
FARM_HOUSING_WITH_MAYAB_TRAIT,Amount,ARGTYPE_IDENTITY,1,,
FOUNTAIN_OF_YOUTH_UNITS_GRANT_ABILITY,AbilityType,ARGTYPE_IDENTITY,ABILITY_WATER_OF_LIFE,,
WATER_OF_LIFE_HEAL_EVERYWHERE,Type,ARGTYPE_IDENTITY,ALL,,
WATER_OF_LIFE_HEAL_EVERYWHERE,Amount,ARGTYPE_IDENTITY,10,,
PAITITI_GOLD_FROM_INTERNATIONAL_TRADE_ROUTES,YieldType,ARGTYPE_IDENTITY,YIELD_GOLD,,
PAITITI_GOLD_FROM_INTERNATIONAL_TRADE_ROUTES,Amount,ARGTYPE_IDENTITY,4,,
BERMUDA_TRIANGLE_UNITS_GRANT_ABILITY,AbilityType,ARGTYPE_IDENTITY,ABILITY_MYSTERIOUS_CURRENTS,,
MYSTERIOUS_CURRENTS_MOVEMENT,Amount,ARGTYPE_IDENTITY,1,,
GREATPERSON_COMANDANTE_MOVEMENT_AOE_LAND,AbilityType,ARGTYPE_IDENTITY,ABILITY_COMANDANTE_AOE_MOVEMENT,,
COMANDANTE_AOE_MOVEMENT,Amount,ARGTYPE_IDENTITY,1,,
GREATPERSON_COMANDANTE_STRENGTH_AOE_LAND,AbilityType,ARGTYPE_IDENTITY,ABILITY_COMANDANTE_AOE_STRENGTH,,
COMANDANTE_AOE_STRENGTH,Amount,ARGTYPE_IDENTITY,5,,
GREAT_PERSON_JOSE_DE_SUCRE_SPAWN_UNIT,UnitDomain,ARGTYPE_IDENTITY,DOMAIN_LAND,,
GREAT_PERSON_INDIVIDUAL_COMMANDANTE_UNIT_PROMOTION,Amount,ARGTYPE_IDENTITY,-1,,
GREAT_PERSON_JOSE_DE_SUCRE_UNIT_NO_RESOURCE_MAINTENANCE,Ignore,ARGTYPE_IDENTITY,1,,
GREAT_PERSON_INDIVIDUAL_COMMANDANTE_RANDOM_CIVIC,Amount,ARGTYPE_IDENTITY,1,,
GREAT_PERSON_INDIVIDUAL_COMMANDANTE_GOVERNOR_TITLE,Delta,ARGTYPE_IDENTITY,1,,
GREAT_PERSON_INDIVIDUAL_COMMANDANTE_CAVALRY_BUFF,AbilityType,ARGTYPE_IDENTITY,ABILITY_COMMANDANTE_CAVALRY_BUFF,,
COMMANDANTE_CAVALRY_BUFF,Amount,ARGTYPE_IDENTITY,4,,
GREAT_PERSON_INDIVIDUAL_COMMANDANTE_MELEE_ANTICAV_BUFF,AbilityType,ARGTYPE_IDENTITY,ABILITY_COMMANDANTE_MELEE_ANTICAV_BUFF,,
COMMANDANTE_MELEE_ANTICAV_BUFF,Amount,ARGTYPE_IDENTITY,4,,
GREAT_PERSON_COMMANDANTE_MACGREGOR_UNIT_PROMOTION,Amount,ARGTYPE_IDENTITY,-1,,
GREAT_PERSON_INDIVIDUAL_COMMANDANTE_UNIT_GOLD,YieldType,ARGTYPE_IDENTITY,YIELD_GOLD,,
GREAT_PERSON_INDIVIDUAL_COMMANDANTE_UNIT_GOLD,UnitCostPercent,ARGTYPE_IDENTITY,50,,
GREAT_PERSON_INDIVIDUAL_COMMANDANTE_UNIT_STRENGTH,AbilityType,ARGTYPE_IDENTITY,ABILITY_COMMANDANTE_UNIT_STRENGTH_BUFF,,
COMMANDANTE_UNIT_STRENGTH_BUFF,Amount,ARGTYPE_IDENTITY,7,,
GREAT_PERSON_INDIVIDUAL_NARINO_TRADE_ROUTE,Amount,ARGTYPE_IDENTITY,1,,
GREAT_PERSON_INDIVIDUAL_NARINO_TRADE_UNIT,Amount,ARGTYPE_IDENTITY,1,,
GREAT_PERSON_INDIVIDUAL_NARINO_TRADE_UNIT,UnitType,ARGTYPE_IDENTITY,UNIT_TRADER,,
GREAT_PERSON_INDIVIDUAL_MONTILLA_UNIT_STR_VS_DISTRICTS,AbilityType,ARGTYPE_IDENTITY,ABILITY_COMMANDANTE_UNIT_STR_VS_DISTRICTS,,
COMMANDANTE_UNIT_STR_VS_DISTRICTS,Amount,ARGTYPE_IDENTITY,4,,
GREAT_PERSON_INDIVIDUAL_RIBAS_DAMAGE_NEARBY_UNITS,Amount,ARGTYPE_IDENTITY,30,,
COMMANDANTE_HEAL_LLANERO_ON_RETIRE,Amount,ARGTYPE_IDENTITY,-100,,
TRAIT_LEADER_COMANDANTE_GENERAL_GUARANTEE_CLASSICAL,GreatPersonClassType,ARGTYPE_IDENTITY,GREAT_PERSON_CLASS_COMANDANTE_GENERAL,,
TRAIT_LEADER_COMANDANTE_GENERAL_GUARANTEE_CLASSICAL,EraType,ARGTYPE_IDENTITY,ERA_CLASSICAL,,
TRAIT_LEADER_COMANDANTE_GENERAL_GUARANTEE_MEDIEVAL,GreatPersonClassType,ARGTYPE_IDENTITY,GREAT_PERSON_CLASS_COMANDANTE_GENERAL,,
TRAIT_LEADER_COMANDANTE_GENERAL_GUARANTEE_MEDIEVAL,EraType,ARGTYPE_IDENTITY,ERA_MEDIEVAL,,
TRAIT_LEADER_COMANDANTE_GENERAL_GUARANTEE_RENAISSANCE,GreatPersonClassType,ARGTYPE_IDENTITY,GREAT_PERSON_CLASS_COMANDANTE_GENERAL,,
TRAIT_LEADER_COMANDANTE_GENERAL_GUARANTEE_RENAISSANCE,EraType,ARGTYPE_IDENTITY,ERA_RENAISSANCE,,
TRAIT_LEADER_COMANDANTE_GENERAL_GUARANTEE_INDUSTRIAL,GreatPersonClassType,ARGTYPE_IDENTITY,GREAT_PERSON_CLASS_COMANDANTE_GENERAL,,
TRAIT_LEADER_COMANDANTE_GENERAL_GUARANTEE_INDUSTRIAL,EraType,ARGTYPE_IDENTITY,ERA_INDUSTRIAL,,
TRAIT_LEADER_COMANDANTE_GENERAL_GUARANTEE_MODERN,GreatPersonClassType,ARGTYPE_IDENTITY,GREAT_PERSON_CLASS_COMANDANTE_GENERAL,,
TRAIT_LEADER_COMANDANTE_GENERAL_GUARANTEE_MODERN,EraType,ARGTYPE_IDENTITY,ERA_MODERN,,
TRAIT_LEADER_COMANDANTE_GENERAL_GUARANTEE_ATOMIC,GreatPersonClassType,ARGTYPE_IDENTITY,GREAT_PERSON_CLASS_COMANDANTE_GENERAL,,
TRAIT_LEADER_COMANDANTE_GENERAL_GUARANTEE_ATOMIC,EraType,ARGTYPE_IDENTITY,ERA_ATOMIC,,
TRAIT_LEADER_COMANDANTE_GENERAL_GUARANTEE_INFORMATION,GreatPersonClassType,ARGTYPE_IDENTITY,GREAT_PERSON_CLASS_COMANDANTE_GENERAL,,
TRAIT_LEADER_COMANDANTE_GENERAL_GUARANTEE_INFORMATION,EraType,ARGTYPE_IDENTITY,ERA_INFORMATION,,
TRAIT_LEADER_NEARBY_CITIES_GAIN_BUILDER,UnitType,ARGTYPE_IDENTITY,UNIT_BUILDER,,
TRAIT_LEADER_NEARBY_CITIES_GAIN_BUILDER,Amount,ARGTYPE_IDENTITY,1,,
TRAIT_LEADER_NEARBY_CITIES_GAIN_YIELDS,YieldType,ARGTYPE_IDENTITY,"YIELD_PRODUCTION, YIELD_FOOD, YIELD_SCIENCE, YIELD_CULTURE, YIELD_GOLD, YIELD_FAITH",,
TRAIT_LEADER_NEARBY_CITIES_GAIN_YIELDS,Amount,ARGTYPE_IDENTITY,"10, 10, 10, 10, 10, 10",,
TRAIT_LEADER_NEARBY_CITIES_LOSE_YIELDS,YieldType,ARGTYPE_IDENTITY,"YIELD_PRODUCTION, YIELD_FOOD, YIELD_SCIENCE, YIELD_CULTURE, YIELD_GOLD, YIELD_FAITH",,
TRAIT_LEADER_NEARBY_CITIES_LOSE_YIELDS,Amount,ARGTYPE_IDENTITY,"-15, -15, -15, -15, -15, -15",,
TRAIT_LEADER_NEARBY_CITIES_GAIN_ABILITY,AbilityType,ARGTYPE_IDENTITY,ABILITY_MUTAL_COMBAT_STRENGTH_NEAR_CAPITAL,,
MUTAL_NEAR_CAPITAL_COMBAT,Amount,ARGTYPE_IDENTITY,5,,
MINOR_CIV_CAGUANA_UNIQUE_INFLUENCE_BONUS,ModifierId,ARGTYPE_IDENTITY,MINOR_CIV_CAGUANA_CAN_BATEY,,
MINOR_CIV_CAGUANA_CAN_BATEY,ImprovementType,ARGTYPE_IDENTITY,IMPROVEMENT_BATEY,,
MINOR_CIV_HUNZA_UNIQUE_INFLUENCE_BONUS,ModifierId,ARGTYPE_IDENTITY,MINOR_CIV_HUNZA_GOLD_FROM_TRADE_ROUTE_LENGTH,,
MINOR_CIV_HUNZA_GOLD_FROM_TRADE_ROUTE_LENGTH,Amount,ARGTYPE_IDENTITY,0.2,,
MINOR_CIV_HUNZA_GOLD_FROM_TRADE_ROUTE_LENGTH,YieldType,ARGTYPE_IDENTITY,YIELD_GOLD,,
MINOR_CIV_LAHORE_UNIQUE_UNIT_UNLOCK,ModifierId,ARGTYPE_IDENTITY,MINOR_CIV_LAHORE_NIHANG_UNIQUE_UNIT,,
MINOR_CIV_LAHORE_NIHANG_UNIQUE_UNIT,UnitType,ARGTYPE_IDENTITY,UNIT_LAHORE_NIHANG,,
MINOR_CIV_SINGAPORE_UNIQUE_INFLUENCE_BONUS,ModifierId,ARGTYPE_IDENTITY,MINOR_CIV_SINGAPORE_PRODUCTION_PER_MAJOR_TRADE_PARTNER,,
MINOR_CIV_SINGAPORE_PRODUCTION_PER_MAJOR_TRADE_PARTNER,Amount,ARGTYPE_IDENTITY,2,,
MINOR_CIV_SINGAPORE_PRODUCTION_PER_MAJOR_TRADE_PARTNER,YieldType,ARGTYPE_IDENTITY,YIELD_PRODUCTION,,
MINOR_CIV_TARUGA_UNIQUE_INFLUENCE_ALUMINUM_RESOURCE,ModifierId,ARGTYPE_IDENTITY,MINOR_CIV_TARUGA_ALUMINUM_RESOURCE_SCIENCE,,
MINOR_CIV_TARUGA_ALUMINUM_RESOURCE_SCIENCE,YieldType,ARGTYPE_IDENTITY,YIELD_SCIENCE,,
MINOR_CIV_TARUGA_ALUMINUM_RESOURCE_SCIENCE,Amount,ARGTYPE_IDENTITY,5,,
MINOR_CIV_TARUGA_UNIQUE_INFLUENCE_COAL_RESOURCE,ModifierId,ARGTYPE_IDENTITY,MINOR_CIV_TARUGA_COAL_RESOURCE_SCIENCE,,
MINOR_CIV_TARUGA_COAL_RESOURCE_SCIENCE,YieldType,ARGTYPE_IDENTITY,YIELD_SCIENCE,,
MINOR_CIV_TARUGA_COAL_RESOURCE_SCIENCE,Amount,ARGTYPE_IDENTITY,5,,
MINOR_CIV_TARUGA_UNIQUE_INFLUENCE_HORSES_RESOURCE,ModifierId,ARGTYPE_IDENTITY,MINOR_CIV_TARUGA_HORSES_RESOURCE_SCIENCE,,
MINOR_CIV_TARUGA_HORSES_RESOURCE_SCIENCE,YieldType,ARGTYPE_IDENTITY,YIELD_SCIENCE,,
MINOR_CIV_TARUGA_HORSES_RESOURCE_SCIENCE,Amount,ARGTYPE_IDENTITY,5,,
MINOR_CIV_TARUGA_UNIQUE_INFLUENCE_IRON_RESOURCE,ModifierId,ARGTYPE_IDENTITY,MINOR_CIV_TARUGA_IRON_RESOURCE_SCIENCE,,
MINOR_CIV_TARUGA_IRON_RESOURCE_SCIENCE,YieldType,ARGTYPE_IDENTITY,YIELD_SCIENCE,,
MINOR_CIV_TARUGA_IRON_RESOURCE_SCIENCE,Amount,ARGTYPE_IDENTITY,5,,
MINOR_CIV_TARUGA_UNIQUE_INFLUENCE_NITER_RESOURCE,ModifierId,ARGTYPE_IDENTITY,MINOR_CIV_TARUGA_NITER_RESOURCE_SCIENCE,,
MINOR_CIV_TARUGA_NITER_RESOURCE_SCIENCE,YieldType,ARGTYPE_IDENTITY,YIELD_SCIENCE,,
MINOR_CIV_TARUGA_NITER_RESOURCE_SCIENCE,Amount,ARGTYPE_IDENTITY,5,,
MINOR_CIV_TARUGA_UNIQUE_INFLUENCE_OIL_RESOURCE,ModifierId,ARGTYPE_IDENTITY,MINOR_CIV_TARUGA_OIL_RESOURCE_SCIENCE,,
MINOR_CIV_TARUGA_OIL_RESOURCE_SCIENCE,YieldType,ARGTYPE_IDENTITY,YIELD_SCIENCE,,
MINOR_CIV_TARUGA_OIL_RESOURCE_SCIENCE,Amount,ARGTYPE_IDENTITY,5,,
MINOR_CIV_TARUGA_UNIQUE_INFLUENCE_URANIUM_RESOURCE,ModifierId,ARGTYPE_IDENTITY,MINOR_CIV_TARUGA_URANIUM_RESOURCE_SCIENCE,,
MINOR_CIV_TARUGA_URANIUM_RESOURCE_SCIENCE,YieldType,ARGTYPE_IDENTITY,YIELD_SCIENCE,,
MINOR_CIV_TARUGA_URANIUM_RESOURCE_SCIENCE,Amount,ARGTYPE_IDENTITY,5,,
MINOR_CIV_VATICAN_CITY_UNIQUE_INFLUENCE_BONUS,ModifierId,ARGTYPE_IDENTITY,MINOR_CIV_VATICAN_CITY_GREAT_PERSON_RELIGIOUS_PRESSURE,,
MINOR_CIV_VATICAN_CITY_GREAT_PERSON_RELIGIOUS_PRESSURE,Amount,ARGTYPE_IDENTITY,400,,
AGENDA_MODIFIER_LADY_SIX_SKY_NEIGHBORS,InitialValue,ARGTYPE_IDENTITY,-8,,
AGENDA_MODIFIER_LADY_SIX_SKY_NEIGHBORS,StatementKey,ARGTYPE_IDENTITY,LOC_DIPLO_WARNING_EXIT_LEADER_LADY_SIX_SKY_ANY,,
AGENDA_MODIFIER_LADY_SIX_SKY_NEIGHBORS,SimpleModifierDescription,ARGTYPE_IDENTITY,LOC_DIPLO_MODIFIER_LADY_SIX_SKY_NEIGHBOR,,
AGENDA_MODIFIER_LADY_SIX_SKY_NOT_NEIGHBORS,InitialValue,ARGTYPE_IDENTITY,8,,
AGENDA_MODIFIER_LADY_SIX_SKY_NOT_NEIGHBORS,StatementKey,ARGTYPE_IDENTITY,LOC_DIPLO_KUDO_EXIT_LEADER_LADY_SIX_SKY_ANY,,
AGENDA_MODIFIER_LADY_SIX_SKY_NOT_NEIGHBORS,SimpleModifierDescription,ARGTYPE_IDENTITY,LOC_DIPLO_MODIFIER_LADY_SIX_SKY_NOT_NEIGHBOR,,
AGENDA_MODIFIER_SIMON_BOLIVAR,MinPromotedUnits,ARGTYPE_IDENTITY,5,,
AGENDA_MODIFIER_SIMON_BOLIVAR,PercentageDifferencePerStep,ARGTYPE_IDENTITY,10,,
AGENDA_MODIFIER_SIMON_BOLIVAR,NumSteps,ARGTYPE_IDENTITY,4,,
AGENDA_MODIFIER_SIMON_BOLIVAR,ScorePerStep,ARGTYPE_IDENTITY,3,,
AGENDA_MODIFIER_SIMON_BOLIVAR,StatementKey,ARGTYPE_IDENTITY,LOC_DIPLO_KUDO_EXIT_LEADER_SIMON_BOLIVAR_ANY,,
AGENDA_MODIFIER_SIMON_BOLIVAR,SimpleModifierDescription,ARGTYPE_IDENTITY,LOC_DIPLO_MODIFIER_AGENDA_SIMON_BOLIVAR,,
NIHANG_FLANKED_BONUS,Amount,ARGTYPE_IDENTITY,7,,
NIHANG_FAITH_FOR_VICTORIES,PercentDefeatedStrength,ARGTYPE_IDENTITY,50,,
NIHANG_FAITH_FOR_VICTORIES,YieldType,ARGTYPE_IDENTITY,YIELD_FAITH,,
NIHANG_MOVEMENT_BONUS,Amount,ARGTYPE_IDENTITY,1,,
NIHANG_NO_WOUNDED_PENALTY,NoReduction,ARGTYPE_IDENTITY,1,,
NIHANG_SUZERAIN_COMBAT_BONUS,Amount,ARGTYPE_IDENTITY,10,,
HULCHE_BONUS_VS_WOUNDED_UNITS,Amount,ARGTYPE_IDENTITY,5,,
NIHANG_BARRACKS_STRENGTH,Amount,ARGTYPE_IDENTITY,15,,
NIHANG_ARMORY_STRENGTH,Amount,ARGTYPE_IDENTITY,15,,
NIHANG_ACADEMY_STRENGTH,Amount,ARGTYPE_IDENTITY,15,,
LLANERO_ADJACENCY_STRENGTH,Amount,ARGTYPE_IDENTITY,2,,
LLANERO_ADJACENCY_STRENGTH,UnitType,ARGTYPE_IDENTITY,UNIT_COLOMBIAN_LLANERO,,
ROCKBAND_SPACE_ROCK_OBSERVATORY,DistrictType,ARGTYPE_IDENTITY,DISTRICT_OBSERVATORY,,
ROCKBAND_SPACE_ROCK_OBSERVATORY,Amount,ARGTYPE_IDENTITY,1,,
ROCKBAND_SPACE_ROCK_OBSERVATORY_MODIFIER,DistrictType,ARGTYPE_IDENTITY,DISTRICT_OBSERVATORY,,
ROCKBAND_SPACE_ROCK_OBSERVATORY_MODIFIER,Amount,ARGTYPE_IDENTITY,500,,
TRAIT_LEADER_COMANDANTE_GENERAL_GUARANTEE_FUTURE,GreatPersonClassType,ARGTYPE_IDENTITY,GREAT_PERSON_CLASS_COMANDANTE_GENERAL,,
TRAIT_LEADER_COMANDANTE_GENERAL_GUARANTEE_FUTURE,EraType,ARGTYPE_IDENTITY,ERA_FUTURE,,
GOODY_METEOR_FREE_UNIT,UnitPromotionClassType,ARGTYPE_IDENTITY,PROMOTION_CLASS_HEAVY_CAVALRY,,
GOODY_METEOR_FREE_UNIT,ModifierId,ARGTYPE_IDENTITY,GOODY_METEOR_UNIT_REFUND_COST,,
GOODY_METEOR_UNIT_REFUND_COST,Ignore,ARGTYPE_IDENTITY,1,,
TRAIT_CAESAR_NO_XP_LIMIT,NoLimit,ARGTYPE_IDENTITY,1,,
TRAIT_CAESAR_BARB_COMBAT,Amount,ARGTYPE_IDENTITY,5,,
TRAIT_CAESAR_GOLD_CAPTURED_CITY,ModifierId,ARGTYPE_IDENTITY,TRAIT_CAESAR_GOLD_CAPTURED_CITY_MODIFIER,,
TRAIT_CAESAR_GOLD_CAPTURED_CITY_MODIFIER,YieldType,ARGTYPE_IDENTITY,YIELD_GOLD,,
TRAIT_CAESAR_GOLD_CAPTURED_CITY_MODIFIER,Amount,ScaleByGameSpeed,300,,
TRAIT_CAESAR_GOLD_CAPTURED_CITY_METAL_CASTING,ModifierId,ARGTYPE_IDENTITY,TRAIT_CAESAR_GOLD_CAPTURED_CITY_METAL_CASTING_MODIFIER,,
TRAIT_CAESAR_GOLD_CAPTURED_CITY_METAL_CASTING_MODIFIER,YieldType,ARGTYPE_IDENTITY,YIELD_GOLD,,
TRAIT_CAESAR_GOLD_CAPTURED_CITY_METAL_CASTING_MODIFIER,Amount,ScaleByGameSpeed,200,,
TRAIT_CAESAR_GOLD_CAPTURED_CITY_STEEL,ModifierId,ARGTYPE_IDENTITY,TRAIT_CAESAR_GOLD_CAPTURED_CITY_STEEL_MODIFIER,,
TRAIT_CAESAR_GOLD_CAPTURED_CITY_STEEL_MODIFIER,YieldType,ARGTYPE_IDENTITY,YIELD_GOLD,,
TRAIT_CAESAR_GOLD_CAPTURED_CITY_STEEL_MODIFIER,Amount,ScaleByGameSpeed,400,,
BARBARIAN_CAMP_GOLD_CAPTURED_CITY,Amount,ARGTYPE_IDENTITY,300,,
BARBARIAN_CAMP_GOLD_CAPTURED_CITY,Improvement,ARGTYPE_IDENTITY,IMPROVEMENT_BARBARIAN_CAMP,,
BARBARIAN_CAMP_GOLD_CAPTURED_CITY_METAL_CASTING,Amount,ARGTYPE_IDENTITY,200,,
BARBARIAN_CAMP_GOLD_CAPTURED_CITY_METAL_CASTING,Improvement,ARGTYPE_IDENTITY,IMPROVEMENT_BARBARIAN_CAMP,,
BARBARIAN_CAMP_GOLD_CAPTURED_CITY_STEEL,Amount,ARGTYPE_IDENTITY,400,,
BARBARIAN_CAMP_GOLD_CAPTURED_CITY_STEEL,Improvement,ARGTYPE_IDENTITY,IMPROVEMENT_BARBARIAN_CAMP,,
AGENDA_CLEARS_BARBARIAN_CAMPS_CAESAR,InitialValue,ARGTYPE_IDENTITY,6,,
AGENDA_CLEARS_BARBARIAN_CAMPS_CAESAR,StatementKey,ARGTYPE_IDENTITY,LOC_DIPLO_KUDO_LEADER_ANY_REASON_AGENDA_ATTACKS_BARBARIANS,,
AGENDA_CLEARS_BARBARIAN_CAMPS_CAESAR,SimpleModifierDescription,ARGTYPE_IDENTITY,LOC_DIPLO_MODIFIER_DESCRIPTION_ATTACKS_BARBARIANS,,
AGENDA_IGNORES_BARBARIAN_CAMPS_CAESAR,InitialValue,ARGTYPE_IDENTITY,-6,,
AGENDA_IGNORES_BARBARIAN_CAMPS_CAESAR,StatementKey,ARGTYPE_IDENTITY,LOC_DIPLO_WARNING_LEADER_ANY_REASON_AGENDA_IGNORES_BARBARIANS,,
AGENDA_IGNORES_BARBARIAN_CAMPS_CAESAR,SimpleModifierDescription,ARGTYPE_IDENTITY,LOC_DIPLO_MODIFIER_DESCRIPTION_IGNORES_BARBARIANS,,
STAUEZEUS_ANTI_CAVALRY_PRODUCTION,UnitPromotionClass,ARGTYPE_IDENTITY,PROMOTION_CLASS_ANTI_CAVALRY,,
STAUEZEUS_ANTI_CAVALRY_PRODUCTION,EraType,ARGTYPE_IDENTITY,NO_ERA,,
STAUEZEUS_ANTI_CAVALRY_PRODUCTION,Amount,ARGTYPE_IDENTITY,50,,
STAUEZEUS_GRANT_SPEARMEN,UnitType,ARGTYPE_IDENTITY,UNIT_SPEARMAN,,
STAUEZEUS_GRANT_SPEARMEN,Amount,ARGTYPE_IDENTITY,3,,
STAUEZEUS_GRANT_ARCHERS,UnitType,ARGTYPE_IDENTITY,UNIT_ARCHER,,
STAUEZEUS_GRANT_ARCHERS,Amount,ARGTYPE_IDENTITY,3,,
STAUEZEUS_GRANT_BATTERINGRAM,UnitType,ARGTYPE_IDENTITY,UNIT_BATTERING_RAM,,
STAUEZEUS_GRANT_BATTERINGRAM,Amount,ARGTYPE_IDENTITY,1,,
BIOSPHERE_ADJUST_APPEAL_RAINFOREST,FeatureType,ARGTYPE_IDENTITY,FEATURE_JUNGLE,,
BIOSPHERE_ADJUST_APPEAL_RAINFOREST,Amount,ARGTYPE_IDENTITY,1,,
BIOSPHERE_ADJUST_APPEAL_MARSH,FeatureType,ARGTYPE_IDENTITY,FEATURE_MARSH,,
BIOSPHERE_ADJUST_APPEAL_MARSH,Amount,ARGTYPE_IDENTITY,1,,
BYZANTIUM_PRESSURE_KILLS,LandVictorySpread,ARGTYPE_IDENTITY,1,,
BYZANTIUM_COMBAT_HOLY_CITIES,Amount,ARGTYPE_IDENTITY,3,,
BYZANTIUM_RELIGIOUS_COMBAT_HOLY_CITIES,Amount,ARGTYPE_IDENTITY,3,,
TRAIT_HOLY_CITIES_COMBAT,AbilityType,ARGTYPE_IDENTITY,ABILITY_BYZANTIUM_COMBAT_UNITS,,
TRAIT_HOLY_CITIES_RELIGIOUS_COMBAT,AbilityType,ARGTYPE_IDENTITY,ABILITY_BYZANTIUM_RELIGIOUS_UNITS,,
BYZANTIUM_GREATPROPHETPOINTS,GreatPersonClassType,ARGTYPE_IDENTITY,GREAT_PERSON_CLASS_PROPHET,,
BYZANTIUM_GREATPROPHETPOINTS,Amount,ARGTYPE_IDENTITY,1,,
GAUL_MINE_CULTURE_BOMB,ImprovementType,ARGTYPE_IDENTITY,IMPROVEMENT_MINE,,
GAUL_MINE_CULTURE_BOMB,CaptureOwnedTerritory,ARGTYPE_IDENTITY,0,,
GAUL_MINE_TOURISM,ImprovementType,ARGTYPE_IDENTITY,IMPROVEMENT_MINE,,
GAUL_MINE_TOURISM,ScalingFactor,ARGTYPE_IDENTITY,200,,
GAUL_MINE_CULTURE,YieldType,ARGTYPE_IDENTITY,YIELD_CULTURE,,
GAUL_MINE_CULTURE,Amount,ARGTYPE_IDENTITY,1,,
TRAIT_CIVILIZATION_GAUL_HOLYSITE_ADJACENCYFAITH,DistrictType,ARGTYPE_IDENTITY,DISTRICT_HOLY_SITE,,
TRAIT_CIVILIZATION_GAUL_HOLYSITE_ADJACENCYFAITH,YieldType,ARGTYPE_IDENTITY,YIELD_FAITH,,
TRAIT_CIVILIZATION_GAUL_HOLYSITE_ADJACENCYFAITH,ImprovementType,ARGTYPE_IDENTITY,IMPROVEMENT_MINE,,
TRAIT_CIVILIZATION_GAUL_HOLYSITE_ADJACENCYFAITH,Amount,ARGTYPE_IDENTITY,1,,
TRAIT_CIVILIZATION_GAUL_HOLYSITE_ADJACENCYFAITH,TilesRequired,ARGTYPE_IDENTITY,2,,
TRAIT_CIVILIZATION_GAUL_HOLYSITE_ADJACENCYFAITH,Description,ARGTYPE_IDENTITY,LOC_DISTRICT_MINE_1_FAITH,,
TRAIT_CIVILIZATION_GAUL_CAMPUS_ADJACENCYSCIENCE,DistrictType,ARGTYPE_IDENTITY,DISTRICT_CAMPUS,,
TRAIT_CIVILIZATION_GAUL_CAMPUS_ADJACENCYSCIENCE,YieldType,ARGTYPE_IDENTITY,YIELD_SCIENCE,,
TRAIT_CIVILIZATION_GAUL_CAMPUS_ADJACENCYSCIENCE,ImprovementType,ARGTYPE_IDENTITY,IMPROVEMENT_MINE,,
TRAIT_CIVILIZATION_GAUL_CAMPUS_ADJACENCYSCIENCE,Amount,ARGTYPE_IDENTITY,1,,
TRAIT_CIVILIZATION_GAUL_CAMPUS_ADJACENCYSCIENCE,TilesRequired,ARGTYPE_IDENTITY,2,,
TRAIT_CIVILIZATION_GAUL_CAMPUS_ADJACENCYSCIENCE,Description,ARGTYPE_IDENTITY,LOC_DISTRICT_MINE_1_SCIENCE,,
TRAIT_CIVILIZATION_GAUL_HARBOR_ADJACENCYGOLD,DistrictType,ARGTYPE_IDENTITY,DISTRICT_HARBOR,,
TRAIT_CIVILIZATION_GAUL_HARBOR_ADJACENCYGOLD,YieldType,ARGTYPE_IDENTITY,YIELD_GOLD,,
TRAIT_CIVILIZATION_GAUL_HARBOR_ADJACENCYGOLD,ImprovementType,ARGTYPE_IDENTITY,IMPROVEMENT_MINE,,
TRAIT_CIVILIZATION_GAUL_HARBOR_ADJACENCYGOLD,Amount,ARGTYPE_IDENTITY,1,,
TRAIT_CIVILIZATION_GAUL_HARBOR_ADJACENCYGOLD,TilesRequired,ARGTYPE_IDENTITY,2,,
TRAIT_CIVILIZATION_GAUL_HARBOR_ADJACENCYGOLD,Description,ARGTYPE_IDENTITY,LOC_DISTRICT_MINE_1_GOLD,,
TRAIT_CIVILIZATION_GAUL_COMMERCIALHUB_ADJACENCYGOLD,DistrictType,ARGTYPE_IDENTITY,DISTRICT_COMMERCIAL_HUB,,
TRAIT_CIVILIZATION_GAUL_COMMERCIALHUB_ADJACENCYGOLD,ImprovementType,ARGTYPE_IDENTITY,IMPROVEMENT_MINE,,
TRAIT_CIVILIZATION_GAUL_COMMERCIALHUB_ADJACENCYGOLD,YieldType,ARGTYPE_IDENTITY,YIELD_GOLD,,
TRAIT_CIVILIZATION_GAUL_COMMERCIALHUB_ADJACENCYGOLD,Amount,ARGTYPE_IDENTITY,1,,
TRAIT_CIVILIZATION_GAUL_COMMERCIALHUB_ADJACENCYGOLD,TilesRequired,ARGTYPE_IDENTITY,2,,
TRAIT_CIVILIZATION_GAUL_COMMERCIALHUB_ADJACENCYGOLD,Description,ARGTYPE_IDENTITY,LOC_DISTRICT_MINE_1_GOLD,,
TRAIT_CIVILIZATION_GAUL_THEATER_ADJACENCYCULTURE,DistrictType,ARGTYPE_IDENTITY,DISTRICT_THEATER,,
TRAIT_CIVILIZATION_GAUL_THEATER_ADJACENCYCULTURE,YieldType,ARGTYPE_IDENTITY,YIELD_CULTURE,,
TRAIT_CIVILIZATION_GAUL_THEATER_ADJACENCYCULTURE,ImprovementType,ARGTYPE_IDENTITY,IMPROVEMENT_MINE,,
TRAIT_CIVILIZATION_GAUL_THEATER_ADJACENCYCULTURE,Amount,ARGTYPE_IDENTITY,1,,
TRAIT_CIVILIZATION_GAUL_THEATER_ADJACENCYCULTURE,TilesRequired,ARGTYPE_IDENTITY,2,,
TRAIT_CIVILIZATION_GAUL_THEATER_ADJACENCYCULTURE,Description,ARGTYPE_IDENTITY,LOC_DISTRICT_MINE_1_CULTURE,,
TRAIT_CIVILIZATION_GAUL_OPPIDUM_ADJACENCYPRODUCTION,DistrictType,ARGTYPE_IDENTITY,DISTRICT_OPPIDUM,,
TRAIT_CIVILIZATION_GAUL_OPPIDUM_ADJACENCYPRODUCTION,YieldType,ARGTYPE_IDENTITY,YIELD_PRODUCTION,,
TRAIT_CIVILIZATION_GAUL_OPPIDUM_ADJACENCYPRODUCTION,ImprovementType,ARGTYPE_IDENTITY,IMPROVEMENT_MINE,,
TRAIT_CIVILIZATION_GAUL_OPPIDUM_ADJACENCYPRODUCTION,Amount,ARGTYPE_IDENTITY,1,,
TRAIT_CIVILIZATION_GAUL_OPPIDUM_ADJACENCYPRODUCTION,TilesRequired,ARGTYPE_IDENTITY,2,,
TRAIT_CIVILIZATION_GAUL_OPPIDUM_ADJACENCYPRODUCTION,Description,ARGTYPE_IDENTITY,LOC_DISTRICT_MINE_1_PRODUCTION,,
OPPIDUM_GRANT_TECH_APPRENTICESHIP,TechType,ARGTYPE_IDENTITY,TECH_APPRENTICESHIP,,
TRAIT_CREATE_HIPPODROME_HEAVY_CAVALRY,DistrictType,ARGTYPE_IDENTITY,DISTRICT_HIPPODROME,,
TRAIT_CREATE_HIPPODROME_HEAVY_CAVALRY,UnitPromotionClass,ARGTYPE_IDENTITY,PROMOTION_CLASS_HEAVY_CAVALRY,,
TRAIT_GRANT_CULTURE_UNIT_TRAINED,YieldType,ARGTYPE_IDENTITY,YIELD_CULTURE,,
TRAIT_GRANT_CULTURE_UNIT_TRAINED,UnitProductionPercent,ARGTYPE_IDENTITY,20,,
TRAIT_NEIGHBOR_COMBAT,AbilityType,ARGTYPE_IDENTITY,ABILITY_AMBIORIX_NEIGHBOR_COMBAT_BONUS,,
AMBIORIX_NEIGHBOR_COMBAT,Amount,ARGTYPE_IDENTITY,2,,
TRAIT_ENABLE_WALL_ATTACK_SAME_RELIGION,AbilityType,ARGTYPE_IDENTITY,ABILITY_ENABLE_WALL_ATTACK_SAME_RELIGION,,
TRAIT_ENABLE_WALL_ATTACK_LIGHT,PromotionClass,ARGTYPE_IDENTITY,PROMOTION_CLASS_LIGHT_CAVALRY,,
TRAIT_ENABLE_WALL_ATTACK_HEAVY,PromotionClass,ARGTYPE_IDENTITY,PROMOTION_CLASS_HEAVY_CAVALRY,,
AGENDA_BASIL_ZEALOT,StatementKey,ARGTYPE_IDENTITY,AGENDA_ZEALOT_WARNING,,
AGENDA_BASIL_ZEALOT,TopRankingDiploMod,ARGTYPE_IDENTITY,6,,
AGENDA_BASIL_ZEALOT,BottomRankingDiploMod,ARGTYPE_IDENTITY,-6,,
AGENDA_AMBIORIX_ARMY,StatementKey,ARGTYPE_IDENTITY,AGENDA_AMBIORIX,,
AGENDA_AMBIORIX_ARMY,MinUnitsNeeded,ARGTYPE_IDENTITY,5,,
AGENDA_AMBIORIX_ARMY,DeltaUnits,ARGTYPE_IDENTITY,5,,
AGENDA_AMBIORIX_ARMY,MaxSteps,ARGTYPE_IDENTITY,4,,
AGENDA_AMBIORIX_ARMY,AdjustPerStep,ARGTYPE_IDENTITY,4,,
DROMON_COMBAT_STRENGTH_AGAINST_UNITS,Amount,ARGTYPE_IDENTITY,10,,
TAGMA_GRANT_RELIGIOUS_AOE_STRENGTH,AbilityType,ARGTYPE_IDENTITY,ABILITY_TAGMA_RELIGIOUS_COMBAT,,
TAGMA_GRANT_NONRELIGIOUS_AOE_STRENGTH,AbilityType,ARGTYPE_IDENTITY,ABILITY_TAGMA_NONRELIGIOUS_COMBAT,,
TAGMA_RELIGIOUS_COMBAT,Amount,ARGTYPE_IDENTITY,4,,
TAGMA_COMBAT_STRENGTH,Amount,ARGTYPE_IDENTITY,4,,
GAESATAE_STRONG_AGAINST_STRONGER_UNITS,Amount,ARGTYPE_IDENTITY,10,,
GAESATAE_STRONG_AGAINST_DISTRICTS,Amount,ARGTYPE_IDENTITY,5,,
ROCKBAND_ARENA_ROCK_HIPPODROME,DistrictType,ARGTYPE_IDENTITY,DISTRICT_HIPPODROME,,
ROCKBAND_ARENA_ROCK_HIPPODROME,Amount,ARGTYPE_IDENTITY,2,,
TRAIT_CREATE_HIPPODROME_HEAVY_CAVALRY,UnitAbilityType,ARGTYPE_IDENTITY,ABILITY_FREE_RESOURCE_MAITENANCE_HIPPODROME,,
HIPPODROME_RESOURCE_FREE,Ignore,ARGTYPE_IDENTITY,1,,
BIOSPHERE_MODIFIED_FREE_POWER,Amount,ARGTYPE_IDENTITY,200,,
BIOSPHERE_GREEN_ENERGY_TOURISM,Amount,ARGTYPE_IDENTITY,100,,
TRAIT_DISTRICTS_FOREST_ONLY,FeatureType,ARGTYPE_IDENTITY,FEATURE_FOREST,,
TRAIT_DISTRICTS_MARSH_ONLY,FeatureType,ARGTYPE_IDENTITY,FEATURE_MARSH,,
TRAIT_DISTRICTS_JUNGLE_ONLY,FeatureType,ARGTYPE_IDENTITY,FEATURE_JUNGLE,,
TRAIT_FOREST_BUILDINGS_CULTURE,FeatureType,ARGTYPE_IDENTITY,FEATURE_FOREST,,
TRAIT_FOREST_BUILDINGS_CULTURE,YieldType,ARGTYPE_IDENTITY,YIELD_CULTURE,,
TRAIT_FOREST_BUILDINGS_CULTURE,Amount,ARGTYPE_IDENTITY,1,,
TRAIT_MARSH_BUILDINGS_PRODUCTION,FeatureType,ARGTYPE_IDENTITY,FEATURE_MARSH,,
TRAIT_MARSH_BUILDINGS_PRODUCTION,YieldType,ARGTYPE_IDENTITY,YIELD_PRODUCTION,,
TRAIT_MARSH_BUILDINGS_PRODUCTION,Amount,ARGTYPE_IDENTITY,1,,
TRAIT_JUNGLE_BUILDINGS_SCIENCE,FeatureType,ARGTYPE_IDENTITY,FEATURE_JUNGLE,,
TRAIT_JUNGLE_BUILDINGS_SCIENCE,YieldType,ARGTYPE_IDENTITY,YIELD_SCIENCE,,
TRAIT_JUNGLE_BUILDINGS_SCIENCE,Amount,ARGTYPE_IDENTITY,1,,
TRAIT_PLANT_MEDIEVAL_WOODS,FeatureType,ARGTYPE_IDENTITY,FEATURE_FOREST,,
TRAIT_PLANT_MEDIEVAL_WOODS,CivicType,ARGTYPE_IDENTITY,CIVIC_MEDIEVAL_FAIRES,,
THANH_TOURISM_CULTURE,YieldType,ARGTYPE_IDENTITY,YIELD_CULTURE,,
THANH_TOURISM_CULTURE,Amount,ARGTYPE_IDENTITY,100,,
MAJOR_PLAYERS_ACTIVATE_PRESERVE_CULTURE_BOMB,DistrictType,ARGTYPE_IDENTITY,DISTRICT_PRESERVE,,
MAJOR_PLAYERS_ACTIVATE_PRESERVE_CULTURE_BOMB,CaptureOwnedTerritory,ARGTYPE_IDENTITY,0,,
TRAIT_ECONOMIC_GOVERNMENT_SLOT,GovernmentSlotType,ARGTYPE_IDENTITY,SLOT_ECONOMIC,,
TRAIT_TRADING_POST_CIVIC_BOOST,Amount,ARGTYPE_IDENTITY,1,,
TRAIT_TRADING_POST_TECH_BOOST,Amount,ARGTYPE_IDENTITY,1,,
TRAIT_TRIEU_ABILITY,AbilityType,ARGTYPE_IDENTITY,ABILITY_TRIEU_FEATURES,,
TRIEU_FRIENDLY_MOVEMENT,Amount,ARGTYPE_IDENTITY,2,,
TRIEU_FRIENDLY_COMBAT,Amount,ARGTYPE_IDENTITY,10,,
TRIEU_UNFRIENDLY_MOVEMENT,Amount,ARGTYPE_IDENTITY,1,,
TRIEU_UNFRIENDLY_COMBAT,Amount,ARGTYPE_IDENTITY,5,,
AGENDA_KUBLAI_PAX,StatementKey,ARGTYPE_IDENTITY,AGENDA_KUBLAI_PAX_KUDO_AND_WARNING,,
VOI_CHIEN_MOVE_AND_ATTACK,CanMove,ARGTYPE_IDENTITY,1,,
MAGNIFICENCES_ALLOW_PROJECT,ProjectType,ARGTYPE_IDENTITY,PROJECT_COURT_FESTIVAL,,
MAGNIFICENCES_CULTURE_LUXURY_ADJACENT_TO_THEATER_SQUARE_OR_CHATEAU,YieldType,ARGTYPE_IDENTITY,YIELD_CULTURE,,
MAGNIFICENCES_CULTURE_LUXURY_ADJACENT_TO_THEATER_SQUARE_OR_CHATEAU,Amount,ARGTYPE_IDENTITY,2,,
AGENDA_MAGNIFICENCES,StatementKey,ARGTYPE_IDENTITY,LOC_PLACEHOLDER,,
PROJECT_COMPLETION_GRANT_CULTURE_BASED_ON_EXCESS_LUXURIES,YieldType,ARGTYPE_IDENTITY,YIELD_CULTURE,,
PROJECT_COMPLETION_GRANT_CULTURE_BASED_ON_EXCESS_LUXURIES,Amount,ARGTYPE_IDENTITY,50,,
PROJECT_COMPLETION_GRANT_TOURISM_BASED_ON_EXCESS_LUXURIES,Amount,ARGTYPE_IDENTITY,50,,
TOKUGAWA_NEGATIVE_INTERNATIONAL_TOURISM,Amount,ARGTYPE_IDENTITY,-25,,
TOKUGAWA_NEGATIVE_INTERNATIONAL_YIELDS,YieldType,ARGTYPE_IDENTITY,"YIELD_PRODUCTION, YIELD_FOOD, YIELD_SCIENCE, YIELD_CULTURE, YIELD_GOLD, YIELD_FAITH",,
TOKUGAWA_NEGATIVE_INTERNATIONAL_YIELDS,Amount,ARGTYPE_IDENTITY,"-25, -25, -25, -25, -25, -25",,
TOKUGAWA_POSITIVE_DOMESTIC_CULTURE_DISTRICTS,YieldType,ARGTYPE_IDENTITY,YIELD_CULTURE,,
TOKUGAWA_POSITIVE_DOMESTIC_CULTURE_DISTRICTS,Amount,ARGTYPE_IDENTITY,1,,
TOKUGAWA_POSITIVE_DOMESTIC_SCIENCE_DISTRICTS,YieldType,ARGTYPE_IDENTITY,YIELD_SCIENCE,,
TOKUGAWA_POSITIVE_DOMESTIC_SCIENCE_DISTRICTS,Amount,ARGTYPE_IDENTITY,1,,
TOKUGAWA_POSITIVE_DOMESTIC_GOLD_DISTRICTS,YieldType,ARGTYPE_IDENTITY,YIELD_GOLD,,
TOKUGAWA_POSITIVE_DOMESTIC_GOLD_DISTRICTS,Amount,ARGTYPE_IDENTITY,2,,
TOKUGAWA_TOURISM_DISTRICTS,Amount,ARGTYPE_IDENTITY,1,,
NADER_SHAH_COMBAT_ABILITY,AbilityType,ARGTYPE_IDENTITY,ABILITY_NADER_SHAH_COMBAT,,
NADER_SHAH_COMBAT_BUFF,Amount,ARGTYPE_IDENTITY,5,,
NADER_SHAH_TRADE_GOLD,YieldType,ARGTYPE_IDENTITY,YIELD_GOLD,,
NADER_SHAH_TRADE_GOLD,Amount,ARGTYPE_IDENTITY,3,,
NADER_SHAH_TRADE_FAITH,YieldType,ARGTYPE_IDENTITY,YIELD_FAITH,,
NADER_SHAH_TRADE_FAITH,Amount,ARGTYPE_IDENTITY,2,,
AGENDA_HIGH_LANDPOWER,InitialValue,ARGTYPE_IDENTITY,6,,
AGENDA_HIGH_LANDPOWER,StatementKey,ARGTYPE_IDENTITY,LOC_DIPLO_KUDO_LEADER_NADER_SHAH_REASON_ANY,,
AGENDA_HIGH_LANDPOWER,SimpleModifierDescription,ARGTYPE_IDENTITY,LOC_DIPLO_MODIFIER_LANDPOWER_LEADING,,
AGENDA_LOW_LANDPOWER,InitialValue,ARGTYPE_IDENTITY,-6,,
AGENDA_LOW_LANDPOWER,StatementKey,ARGTYPE_IDENTITY,LOC_DIPLO_WARNING_LEADER_NADER_SHAH_REASON_ANY,,
AGENDA_LOW_LANDPOWER,SimpleModifierDescription,ARGTYPE_IDENTITY,LOC_DIPLO_MODIFIER_LANDPOWER_LAGGING,,
AGENDA_SAKOKU_TURTLER,StatementKey,ARGTYPE_IDENTITY,AGENDA_TURTLER_WARNING,,
AGENDA_SAKOKU_TURTLER,TopRankingDiploMod,ARGTYPE_IDENTITY,4,,
AGENDA_SAKOKU_TURTLER,BottomRankingDiploMod,ARGTYPE_IDENTITY,-6,,
TRAIT_TOKUGAWA_LOYALTY_NEAR_CAPITAL,AlwaysLoyal,ARGTYPE_IDENTITY,1,,
TRAIT_SULEIMAN_ALT_SCIENCE_CULTURE_GOLDEN_AGE,YieldType,ARGTYPE_IDENTITY,"YIELD_SCIENCE, YIELD_CULTURE",,
TRAIT_SULEIMAN_ALT_SCIENCE_CULTURE_GOLDEN_AGE,Amount,ARGTYPE_IDENTITY,"15, 15",,
SULEIMAN_ALT_COMBAT_ABILITY,AbilityType,ARGTYPE_IDENTITY,ABILITY_SULEIMAN_COMBAT,,
SULEIMAN_COMBAT_BUFF,Amount,ARGTYPE_IDENTITY,4,,
CONSULATE_INFLUENCEPOINTS,Amount,ARGTYPE_IDENTITY,2,,
CONSULATE_SPY_BONUS,Amount,ARGTYPE_IDENTITY,1,,
CHANCERY_INFLUENCEPOINTS,Amount,ARGTYPE_IDENTITY,3,,
CHANCERY_COUNTERYSPY_SCIENCE,YieldType,ARGTYPE_IDENTITY,YIELD_SCIENCE,,
CHANCERY_COUNTERYSPY_SCIENCE,Amount,ARGTYPE_IDENTITY,50,,
CHANCERY_COUNTERYSPY_SCIENCE,PerXLevels,ARGTYPE_IDENTITY,1,,
MINOR_CIV_SCIENTIFIC_SMALL_INFLUENCE_CAPITAL,ModifierId,ARGTYPE_IDENTITY,MINOR_CIV_SCIENTIFIC_YIELD_FOR_CAPITAL_ETHIOPIA,,
MINOR_CIV_SCIENTIFIC_YIELD_FOR_CAPITAL_ETHIOPIA,YieldType,ARGTYPE_IDENTITY,YIELD_SCIENCE,,
MINOR_CIV_SCIENTIFIC_YIELD_FOR_CAPITAL_ETHIOPIA,Amount,ARGTYPE_IDENTITY,1,,
MINOR_CIV_SCIENTIFIC_SMALL_INFLUENCE_ETHIOPIA,ModifierId,ARGTYPE_IDENTITY,MINOR_CIV_SCIENTIFIC_YIELD_FOR_LIBRARY_ETHIOPIA,,
MINOR_CIV_SCIENTIFIC_YIELD_FOR_LIBRARY_ETHIOPIA,YieldType,ARGTYPE_IDENTITY,YIELD_SCIENCE,,
MINOR_CIV_SCIENTIFIC_YIELD_FOR_LIBRARY_ETHIOPIA,BuildingType,ARGTYPE_IDENTITY,BUILDING_LIBRARY,,
MINOR_CIV_SCIENTIFIC_YIELD_FOR_LIBRARY_ETHIOPIA,Amount,ARGTYPE_IDENTITY,1,,
MINOR_CIV_SCIENTIFIC_YIELD_FOR_LIBRARY_ETHIOPIA,CityStatesOnly,ARGTYPE_IDENTITY,1,,
MINOR_CIV_SCIENTIFIC_MEDIUM_INFLUENCE_ETHIOPIA,ModifierId,ARGTYPE_IDENTITY,MINOR_CIV_SCIENTIFIC_YIELD_FOR_CONSULATE,,
MINOR_CIV_SCIENTIFIC_YIELD_FOR_CONSULATE,YieldType,ARGTYPE_IDENTITY,YIELD_SCIENCE,,
MINOR_CIV_SCIENTIFIC_YIELD_FOR_CONSULATE,BuildingType,ARGTYPE_IDENTITY,BUILDING_CONSULATE,,
MINOR_CIV_SCIENTIFIC_YIELD_FOR_CONSULATE,Amount,ARGTYPE_IDENTITY,2,,
MINOR_CIV_SCIENTIFIC_YIELD_FOR_CONSULATE,CityStatesOnly,ARGTYPE_IDENTITY,1,,
MINOR_CIV_SCIENTIFIC_MEDIUM_INFLUENCE_UNIVERSITY,ModifierId,ARGTYPE_IDENTITY,MINOR_CIV_SCIENTIFIC_YIELD_FOR_UNIVERSITY_ETHIOPIA,,
MINOR_CIV_SCIENTIFIC_YIELD_FOR_UNIVERSITY_ETHIOPIA,YieldType,ARGTYPE_IDENTITY,YIELD_SCIENCE,,
MINOR_CIV_SCIENTIFIC_YIELD_FOR_UNIVERSITY_ETHIOPIA,BuildingType,ARGTYPE_IDENTITY,BUILDING_UNIVERSITY,,
MINOR_CIV_SCIENTIFIC_YIELD_FOR_UNIVERSITY_ETHIOPIA,Amount,ARGTYPE_IDENTITY,2,,
MINOR_CIV_SCIENTIFIC_YIELD_FOR_UNIVERSITY_ETHIOPIA,CityStatesOnly,ARGTYPE_IDENTITY,1,,
MINOR_CIV_SCIENTIFIC_LARGE_INFLUENCE_ETHIOPIA,ModifierId,ARGTYPE_IDENTITY,MINOR_CIV_SCIENTIFIC_YIELD_FOR_CHANCERY,,
MINOR_CIV_SCIENTIFIC_YIELD_FOR_CHANCERY,YieldType,ARGTYPE_IDENTITY,YIELD_SCIENCE,,
MINOR_CIV_SCIENTIFIC_YIELD_FOR_CHANCERY,BuildingType,ARGTYPE_IDENTITY,BUILDING_CHANCERY,,
MINOR_CIV_SCIENTIFIC_YIELD_FOR_CHANCERY,Amount,ARGTYPE_IDENTITY,3,,
MINOR_CIV_SCIENTIFIC_YIELD_FOR_CHANCERY,CityStatesOnly,ARGTYPE_IDENTITY,1,,
MINOR_CIV_SCIENTIFIC_LARGE_INFLUENCE_RESEARCH_LAB,ModifierId,ARGTYPE_IDENTITY,MINOR_CIV_SCIENTIFIC_YIELD_FOR_RESEARCH_LAB,,
MINOR_CIV_SCIENTIFIC_YIELD_FOR_RESEARCH_LAB,YieldType,ARGTYPE_IDENTITY,YIELD_SCIENCE,,
MINOR_CIV_SCIENTIFIC_YIELD_FOR_RESEARCH_LAB,BuildingType,ARGTYPE_IDENTITY,BUILDING_RESEARCH_LAB,,
MINOR_CIV_SCIENTIFIC_YIELD_FOR_RESEARCH_LAB,Amount,ARGTYPE_IDENTITY,3,,
MINOR_CIV_SCIENTIFIC_YIELD_FOR_RESEARCH_LAB,CityStatesOnly,ARGTYPE_IDENTITY,1,,
MINOR_CIV_RELIGIOUS_SMALL_INFLUENCE_CAPITAL,ModifierId,ARGTYPE_IDENTITY,MINOR_CIV_RELIGIOUS_YIELD_FOR_CAPITAL_ETHIOPIA,,
MINOR_CIV_RELIGIOUS_YIELD_FOR_CAPITAL_ETHIOPIA,YieldType,ARGTYPE_IDENTITY,YIELD_FAITH,,
MINOR_CIV_RELIGIOUS_YIELD_FOR_CAPITAL_ETHIOPIA,Amount,ARGTYPE_IDENTITY,1,,
MINOR_CIV_RELIGIOUS_SMALL_INFLUENCE_ETHIOPIA,ModifierId,ARGTYPE_IDENTITY,MINOR_CIV_RELIGIOUS_YIELD_FOR_SHRINE_ETHIOPIA,,
MINOR_CIV_RELIGIOUS_YIELD_FOR_SHRINE_ETHIOPIA,YieldType,ARGTYPE_IDENTITY,YIELD_FAITH,,
MINOR_CIV_RELIGIOUS_YIELD_FOR_SHRINE_ETHIOPIA,BuildingType,ARGTYPE_IDENTITY,BUILDING_SHRINE,,
MINOR_CIV_RELIGIOUS_YIELD_FOR_SHRINE_ETHIOPIA,Amount,ARGTYPE_IDENTITY,1,,
MINOR_CIV_RELIGIOUS_YIELD_FOR_SHRINE_ETHIOPIA,CityStatesOnly,ARGTYPE_IDENTITY,1,,
MINOR_CIV_RELIGIOUS_MEDIUM_INFLUENCE_ETHIOPIA,ModifierId,ARGTYPE_IDENTITY,MINOR_CIV_RELIGIOUS_YIELD_FOR_CONSULATE,,
MINOR_CIV_RELIGIOUS_YIELD_FOR_CONSULATE,YieldType,ARGTYPE_IDENTITY,YIELD_FAITH,,
MINOR_CIV_RELIGIOUS_YIELD_FOR_CONSULATE,BuildingType,ARGTYPE_IDENTITY,BUILDING_CONSULATE,,
MINOR_CIV_RELIGIOUS_YIELD_FOR_CONSULATE,Amount,ARGTYPE_IDENTITY,2,,
MINOR_CIV_RELIGIOUS_MEDIUM_INFLUENCE_TEMPLE,ModifierId,ARGTYPE_IDENTITY,MINOR_CIV_RELIGIOUS_YIELD_FOR_TEMPLE_ETHIOPIA,,
MINOR_CIV_RELIGIOUS_YIELD_FOR_TEMPLE_ETHIOPIA,YieldType,ARGTYPE_IDENTITY,YIELD_FAITH,,
MINOR_CIV_RELIGIOUS_YIELD_FOR_TEMPLE_ETHIOPIA,BuildingType,ARGTYPE_IDENTITY,BUILDING_TEMPLE,,
MINOR_CIV_RELIGIOUS_YIELD_FOR_TEMPLE_ETHIOPIA,Amount,ARGTYPE_IDENTITY,2,,
MINOR_CIV_RELIGIOUS_YIELD_FOR_TEMPLE_ETHIOPIA,CityStatesOnly,ARGTYPE_IDENTITY,1,,
MINOR_CIV_RELIGIOUS_LARGE_INFLUENCE_ETHIOPIA,ModifierId,ARGTYPE_IDENTITY,MINOR_CIV_RELIGIOUS_YIELD_FOR_CHANCERY,,
MINOR_CIV_RELIGIOUS_YIELD_FOR_CHANCERY,YieldType,ARGTYPE_IDENTITY,YIELD_FAITH,,
MINOR_CIV_RELIGIOUS_YIELD_FOR_CHANCERY,BuildingType,ARGTYPE_IDENTITY,BUILDING_CHANCERY,,
MINOR_CIV_RELIGIOUS_YIELD_FOR_CHANCERY,Amount,ARGTYPE_IDENTITY,3,,
MINOR_CIV_RELIGIOUS_YIELD_FOR_CHANCERY,CityStatesOnly,ARGTYPE_IDENTITY,1,,
MINOR_CIV_RELIGIOUS_LARGE_INFLUENCE_CATHEDRAL,ModifierId,ARGTYPE_IDENTITY,MINOR_CIV_RELIGIOUS_YIELD_FOR_CATHEDRAL,,
MINOR_CIV_RELIGIOUS_YIELD_FOR_CATHEDRAL,YieldType,ARGTYPE_IDENTITY,YIELD_FAITH,,
MINOR_CIV_RELIGIOUS_YIELD_FOR_CATHEDRAL,BuildingType,ARGTYPE_IDENTITY,BUILDING_CATHEDRAL,,
MINOR_CIV_RELIGIOUS_YIELD_FOR_CATHEDRAL,Amount,ARGTYPE_IDENTITY,3,,
MINOR_CIV_RELIGIOUS_YIELD_FOR_CATHEDRAL,CityStatesOnly,ARGTYPE_IDENTITY,1,,
MINOR_CIV_RELIGIOUS_LARGE_INFLUENCE_DAR_E_MEHR,ModifierId,ARGTYPE_IDENTITY,MINOR_CIV_RELIGIOUS_YIELD_FOR_DAR_E_MEHR,,
MINOR_CIV_RELIGIOUS_YIELD_FOR_DAR_E_MEHR,YieldType,ARGTYPE_IDENTITY,YIELD_FAITH,,
MINOR_CIV_RELIGIOUS_YIELD_FOR_DAR_E_MEHR,BuildingType,ARGTYPE_IDENTITY,BUILDING_DAR_E_MEHR,,
MINOR_CIV_RELIGIOUS_YIELD_FOR_DAR_E_MEHR,Amount,ARGTYPE_IDENTITY,3,,
MINOR_CIV_RELIGIOUS_YIELD_FOR_DAR_E_MEHR,CityStatesOnly,ARGTYPE_IDENTITY,1,,
MINOR_CIV_RELIGIOUS_LARGE_INFLUENCE_GURDWARA,ModifierId,ARGTYPE_IDENTITY,MINOR_CIV_RELIGIOUS_YIELD_FOR_GURDWARA,,
MINOR_CIV_RELIGIOUS_YIELD_FOR_GURDWARA,YieldType,ARGTYPE_IDENTITY,YIELD_FAITH,,
MINOR_CIV_RELIGIOUS_YIELD_FOR_GURDWARA,BuildingType,ARGTYPE_IDENTITY,BUILDING_GURDWARA,,
MINOR_CIV_RELIGIOUS_YIELD_FOR_GURDWARA,Amount,ARGTYPE_IDENTITY,3,,
MINOR_CIV_RELIGIOUS_YIELD_FOR_GURDWARA,CityStatesOnly,ARGTYPE_IDENTITY,1,,
MINOR_CIV_RELIGIOUS_LARGE_INFLUENCE_MEETING_HOUSE,ModifierId,ARGTYPE_IDENTITY,MINOR_CIV_RELIGIOUS_YIELD_FOR_MEETING_HOUSE,,
MINOR_CIV_RELIGIOUS_YIELD_FOR_MEETING_HOUSE,YieldType,ARGTYPE_IDENTITY,YIELD_FAITH,,
MINOR_CIV_RELIGIOUS_YIELD_FOR_MEETING_HOUSE,BuildingType,ARGTYPE_IDENTITY,BUILDING_MEETING_HOUSE,,
MINOR_CIV_RELIGIOUS_YIELD_FOR_MEETING_HOUSE,Amount,ARGTYPE_IDENTITY,3,,
MINOR_CIV_RELIGIOUS_YIELD_FOR_MEETING_HOUSE,CityStatesOnly,ARGTYPE_IDENTITY,1,,
MINOR_CIV_RELIGIOUS_LARGE_INFLUENCE_MOSQUE,ModifierId,ARGTYPE_IDENTITY,MINOR_CIV_RELIGIOUS_YIELD_FOR_MOSQUE,,
MINOR_CIV_RELIGIOUS_YIELD_FOR_MOSQUE,YieldType,ARGTYPE_IDENTITY,YIELD_FAITH,,
MINOR_CIV_RELIGIOUS_YIELD_FOR_MOSQUE,BuildingType,ARGTYPE_IDENTITY,BUILDING_MOSQUE,,
MINOR_CIV_RELIGIOUS_YIELD_FOR_MOSQUE,Amount,ARGTYPE_IDENTITY,3,,
MINOR_CIV_RELIGIOUS_YIELD_FOR_MOSQUE,CityStatesOnly,ARGTYPE_IDENTITY,1,,
MINOR_CIV_RELIGIOUS_LARGE_INFLUENCE_PAGODA,ModifierId,ARGTYPE_IDENTITY,MINOR_CIV_RELIGIOUS_YIELD_FOR_PAGODA,,
MINOR_CIV_RELIGIOUS_YIELD_FOR_PAGODA,YieldType,ARGTYPE_IDENTITY,YIELD_FAITH,,
MINOR_CIV_RELIGIOUS_YIELD_FOR_PAGODA,BuildingType,ARGTYPE_IDENTITY,BUILDING_PAGODA,,
MINOR_CIV_RELIGIOUS_YIELD_FOR_PAGODA,Amount,ARGTYPE_IDENTITY,3,,
MINOR_CIV_RELIGIOUS_YIELD_FOR_PAGODA,CityStatesOnly,ARGTYPE_IDENTITY,1,,
MINOR_CIV_RELIGIOUS_LARGE_INFLUENCE_STUPA,ModifierId,ARGTYPE_IDENTITY,MINOR_CIV_RELIGIOUS_YIELD_FOR_STUPA,,
MINOR_CIV_RELIGIOUS_YIELD_FOR_STUPA,YieldType,ARGTYPE_IDENTITY,YIELD_FAITH,,
MINOR_CIV_RELIGIOUS_YIELD_FOR_STUPA,BuildingType,ARGTYPE_IDENTITY,BUILDING_STUPA,,
MINOR_CIV_RELIGIOUS_YIELD_FOR_STUPA,Amount,ARGTYPE_IDENTITY,3,,
MINOR_CIV_RELIGIOUS_YIELD_FOR_STUPA,CityStatesOnly,ARGTYPE_IDENTITY,1,,
MINOR_CIV_RELIGIOUS_LARGE_INFLUENCE_SYNAGOGUE,ModifierId,ARGTYPE_IDENTITY,MINOR_CIV_RELIGIOUS_YIELD_FOR_SYNAGOGUE,,
MINOR_CIV_RELIGIOUS_YIELD_FOR_SYNAGOGUE,YieldType,ARGTYPE_IDENTITY,YIELD_FAITH,,
MINOR_CIV_RELIGIOUS_YIELD_FOR_SYNAGOGUE,BuildingType,ARGTYPE_IDENTITY,BUILDING_SYNAGOGUE,,
MINOR_CIV_RELIGIOUS_YIELD_FOR_SYNAGOGUE,Amount,ARGTYPE_IDENTITY,3,,
MINOR_CIV_RELIGIOUS_YIELD_FOR_SYNAGOGUE,CityStatesOnly,ARGTYPE_IDENTITY,1,,
MINOR_CIV_RELIGIOUS_LARGE_INFLUENCE_WAT,ModifierId,ARGTYPE_IDENTITY,MINOR_CIV_RELIGIOUS_YIELD_FOR_WAT,,
MINOR_CIV_RELIGIOUS_YIELD_FOR_WAT,YieldType,ARGTYPE_IDENTITY,YIELD_FAITH,,
MINOR_CIV_RELIGIOUS_YIELD_FOR_WAT,BuildingType,ARGTYPE_IDENTITY,BUILDING_WAT,,
MINOR_CIV_RELIGIOUS_YIELD_FOR_WAT,Amount,ARGTYPE_IDENTITY,3,,
MINOR_CIV_RELIGIOUS_YIELD_FOR_WAT,CityStatesOnly,ARGTYPE_IDENTITY,1,,
MINOR_CIV_TRADE_SMALL_INFLUENCE_CAPITAL,ModifierId,ARGTYPE_IDENTITY,MINOR_CIV_TRADE_YIELD_FOR_CAPITAL_ETHIOPIA,,
MINOR_CIV_TRADE_YIELD_FOR_CAPITAL_ETHIOPIA,YieldType,ARGTYPE_IDENTITY,YIELD_GOLD,,
MINOR_CIV_TRADE_YIELD_FOR_CAPITAL_ETHIOPIA,Amount,ARGTYPE_IDENTITY,2,,
MINOR_CIV_TRADE_SMALL_INFLUENCE_ETHIOPIA,ModifierId,ARGTYPE_IDENTITY,MINOR_CIV_TRADE_YIELD_FOR_MARKET_ETHIOPIA,,
MINOR_CIV_TRADE_YIELD_FOR_MARKET_ETHIOPIA,YieldType,ARGTYPE_IDENTITY,YIELD_GOLD,,
MINOR_CIV_TRADE_YIELD_FOR_MARKET_ETHIOPIA,BuildingType,ARGTYPE_IDENTITY,BUILDING_MARKET,,
MINOR_CIV_TRADE_YIELD_FOR_MARKET_ETHIOPIA,Amount,ARGTYPE_IDENTITY,2,,
MINOR_CIV_TRADE_YIELD_FOR_MARKET_ETHIOPIA,CityStatesOnly,ARGTYPE_IDENTITY,1,,
MINOR_CIV_TRADE_SMALL_INFLUENCE_LIGHTHOUSE,ModifierId,ARGTYPE_IDENTITY,MINOR_CIV_TRADE_YIELD_FOR_LIGHTHOUSE_ETHIOPIA,,
MINOR_CIV_TRADE_YIELD_FOR_LIGHTHOUSE_ETHIOPIA,YieldType,ARGTYPE_IDENTITY,YIELD_GOLD,,
MINOR_CIV_TRADE_YIELD_FOR_LIGHTHOUSE_ETHIOPIA,BuildingType,ARGTYPE_IDENTITY,BUILDING_LIGHTHOUSE,,
MINOR_CIV_TRADE_YIELD_FOR_LIGHTHOUSE_ETHIOPIA,Amount,ARGTYPE_IDENTITY,2,,
MINOR_CIV_TRADE_YIELD_FOR_LIGHTHOUSE_ETHIOPIA,CityStatesOnly,ARGTYPE_IDENTITY,1,,
MINOR_CIV_TRADE_MEDIUM_INFLUENCE_ETHIOPIA,ModifierId,ARGTYPE_IDENTITY,MINOR_CIV_TRADE_YIELD_FOR_CONSULATE,,
MINOR_CIV_TRADE_YIELD_FOR_CONSULATE,YieldType,ARGTYPE_IDENTITY,YIELD_GOLD,,
MINOR_CIV_TRADE_YIELD_FOR_CONSULATE,BuildingType,ARGTYPE_IDENTITY,BUILDING_CONSULATE,,
MINOR_CIV_TRADE_YIELD_FOR_CONSULATE,Amount,ARGTYPE_IDENTITY,4,,
MINOR_CIV_TRADE_YIELD_FOR_CONSULATE,CityStatesOnly,ARGTYPE_IDENTITY,1,,
MINOR_CIV_TRADE_MEDIUM_INFLUENCE_BANK,ModifierId,ARGTYPE_IDENTITY,MINOR_CIV_TRADE_YIELD_FOR_BANK_ETHIOPIA,,
MINOR_CIV_TRADE_YIELD_FOR_BANK_ETHIOPIA,YieldType,ARGTYPE_IDENTITY,YIELD_GOLD,,
MINOR_CIV_TRADE_YIELD_FOR_BANK_ETHIOPIA,BuildingType,ARGTYPE_IDENTITY,BUILDING_BANK,,
MINOR_CIV_TRADE_YIELD_FOR_BANK_ETHIOPIA,Amount,ARGTYPE_IDENTITY,4,,
MINOR_CIV_TRADE_YIELD_FOR_BANK_ETHIOPIA,CityStatesOnly,ARGTYPE_IDENTITY,1,,
MINOR_CIV_TRADE_MEDIUM_INFLUENCE_SHIPYARD,ModifierId,ARGTYPE_IDENTITY,MINOR_CIV_TRADE_YIELD_FOR_SHIPYARD_ETHIOPIA,,
MINOR_CIV_TRADE_YIELD_FOR_SHIPYARD_ETHIOPIA,YieldType,ARGTYPE_IDENTITY,YIELD_GOLD,,
MINOR_CIV_TRADE_YIELD_FOR_SHIPYARD_ETHIOPIA,BuildingType,ARGTYPE_IDENTITY,BUILDING_SHIPYARD,,
MINOR_CIV_TRADE_YIELD_FOR_SHIPYARD_ETHIOPIA,Amount,ARGTYPE_IDENTITY,4,,
MINOR_CIV_TRADE_YIELD_FOR_SHIPYARD_ETHIOPIA,CityStatesOnly,ARGTYPE_IDENTITY,1,,
MINOR_CIV_TRADE_LARGE_INFLUENCE_ETHIOPIA,ModifierId,ARGTYPE_IDENTITY,MINOR_CIV_TRADE_YIELD_FOR_CHANCERY,,
MINOR_CIV_TRADE_YIELD_FOR_CHANCERY,YieldType,ARGTYPE_IDENTITY,YIELD_GOLD,,
MINOR_CIV_TRADE_YIELD_FOR_CHANCERY,BuildingType,ARGTYPE_IDENTITY,BUILDING_CHANCERY,,
MINOR_CIV_TRADE_YIELD_FOR_CHANCERY,Amount,ARGTYPE_IDENTITY,6,,
MINOR_CIV_TRADE_YIELD_FOR_CHANCERY,CityStatesOnly,ARGTYPE_IDENTITY,1,,
MINOR_CIV_TRADE_LARGE_INFLUENCE_STOCK_EXCHANGE,ModifierId,ARGTYPE_IDENTITY,MINOR_CIV_TRADE_YIELD_FOR_STOCK_EXCHANGE,,
MINOR_CIV_TRADE_YIELD_FOR_STOCK_EXCHANGE,YieldType,ARGTYPE_IDENTITY,YIELD_GOLD,,
MINOR_CIV_TRADE_YIELD_FOR_STOCK_EXCHANGE,BuildingType,ARGTYPE_IDENTITY,BUILDING_STOCK_EXCHANGE,,
MINOR_CIV_TRADE_YIELD_FOR_STOCK_EXCHANGE,Amount,ARGTYPE_IDENTITY,6,,
MINOR_CIV_TRADE_YIELD_FOR_STOCK_EXCHANGE,CityStatesOnly,ARGTYPE_IDENTITY,1,,
MINOR_CIV_TRADE_LARGE_INFLUENCE_SEAPORT,ModifierId,ARGTYPE_IDENTITY,MINOR_CIV_TRADE_YIELD_FOR_SEAPORT,,
MINOR_CIV_TRADE_YIELD_FOR_SEAPORT,YieldType,ARGTYPE_IDENTITY,YIELD_GOLD,,
MINOR_CIV_TRADE_YIELD_FOR_SEAPORT,BuildingType,ARGTYPE_IDENTITY,BUILDING_SEAPORT,,
MINOR_CIV_TRADE_YIELD_FOR_SEAPORT,Amount,ARGTYPE_IDENTITY,6,,
MINOR_CIV_TRADE_YIELD_FOR_SEAPORT,CityStatesOnly,ARGTYPE_IDENTITY,1,,
MINOR_CIV_CULTURAL_SMALL_INFLUENCE_CAPITAL,ModifierId,ARGTYPE_IDENTITY,MINOR_CIV_CULTURAL_YIELD_FOR_CAPITAL_ETHIOPIA,,
MINOR_CIV_CULTURAL_YIELD_FOR_CAPITAL_ETHIOPIA,YieldType,ARGTYPE_IDENTITY,YIELD_CULTURE,,
MINOR_CIV_CULTURAL_YIELD_FOR_CAPITAL_ETHIOPIA,Amount,ARGTYPE_IDENTITY,1,,
MINOR_CIV_CULTURAL_SMALL_INFLUENCE_ETHIOPIA,ModifierId,ARGTYPE_IDENTITY,MINOR_CIV_CULTURAL_YIELD_FOR_AMPHITHEATER_ETHIOPIA,,
MINOR_CIV_CULTURAL_YIELD_FOR_AMPHITHEATER_ETHIOPIA,YieldType,ARGTYPE_IDENTITY,YIELD_CULTURE,,
MINOR_CIV_CULTURAL_YIELD_FOR_AMPHITHEATER_ETHIOPIA,BuildingType,ARGTYPE_IDENTITY,BUILDING_AMPHITHEATER,,
MINOR_CIV_CULTURAL_YIELD_FOR_AMPHITHEATER_ETHIOPIA,Amount,ARGTYPE_IDENTITY,1,,
MINOR_CIV_CULTURAL_YIELD_FOR_AMPHITHEATER_ETHIOPIA,CityStatesOnly,ARGTYPE_IDENTITY,1,,
MINOR_CIV_CULTURAL_MEDIUM_INFLUENCE_ETHIOPIA,ModifierId,ARGTYPE_IDENTITY,MINOR_CIV_CULTURAL_YIELD_FOR_CONSULATE,,
MINOR_CIV_CULTURAL_YIELD_FOR_CONSULATE,YieldType,ARGTYPE_IDENTITY,YIELD_CULTURE,,
MINOR_CIV_CULTURAL_YIELD_FOR_CONSULATE,BuildingType,ARGTYPE_IDENTITY,BUILDING_CONSULATE,,
MINOR_CIV_CULTURAL_YIELD_FOR_CONSULATE,Amount,ARGTYPE_IDENTITY,2,,
MINOR_CIV_CULTURAL_YIELD_FOR_CONSULATE,CityStatesOnly,ARGTYPE_IDENTITY,1,,
MINOR_CIV_CULTURAL_MEDIUM_INFLUENCE_MUSEUM_ART,ModifierId,ARGTYPE_IDENTITY,MINOR_CIV_CULTURAL_YIELD_FOR_MUSEUM_ART,,
MINOR_CIV_CULTURAL_YIELD_FOR_MUSEUM_ART,YieldType,ARGTYPE_IDENTITY,YIELD_CULTURE,,
MINOR_CIV_CULTURAL_YIELD_FOR_MUSEUM_ART,BuildingType,ARGTYPE_IDENTITY,BUILDING_MUSEUM_ART,,
MINOR_CIV_CULTURAL_YIELD_FOR_MUSEUM_ART,Amount,ARGTYPE_IDENTITY,2,,
MINOR_CIV_CULTURAL_YIELD_FOR_MUSEUM_ART,CityStatesOnly,ARGTYPE_IDENTITY,1,,
MINOR_CIV_CULTURAL_MEDIUM_INFLUENCE_MUSEUM_ARTIFACT,ModifierId,ARGTYPE_IDENTITY,MINOR_CIV_CULTURAL_YIELD_FOR_MUSEUM_ARTIFACT,,
MINOR_CIV_CULTURAL_YIELD_FOR_MUSEUM_ARTIFACT,YieldType,ARGTYPE_IDENTITY,YIELD_CULTURE,,
MINOR_CIV_CULTURAL_YIELD_FOR_MUSEUM_ARTIFACT,BuildingType,ARGTYPE_IDENTITY,BUILDING_MUSEUM_ARTIFACT,,
MINOR_CIV_CULTURAL_YIELD_FOR_MUSEUM_ARTIFACT,Amount,ARGTYPE_IDENTITY,2,,
MINOR_CIV_CULTURAL_YIELD_FOR_MUSEUM_ARTIFACT,CityStatesOnly,ARGTYPE_IDENTITY,1,,
MINOR_CIV_CULTURAL_LARGE_INFLUENCE_ETHIOPIA,ModifierId,ARGTYPE_IDENTITY,MINOR_CIV_CULTURAL_YIELD_FOR_CHANCERY,,
MINOR_CIV_CULTURAL_YIELD_FOR_CHANCERY,YieldType,ARGTYPE_IDENTITY,YIELD_CULTURE,,
MINOR_CIV_CULTURAL_YIELD_FOR_CHANCERY,BuildingType,ARGTYPE_IDENTITY,BUILDING_CHANCERY,,
MINOR_CIV_CULTURAL_YIELD_FOR_CHANCERY,Amount,ARGTYPE_IDENTITY,3,,
MINOR_CIV_CULTURAL_YIELD_FOR_CHANCERY,CityStatesOnly,ARGTYPE_IDENTITY,1,,
MINOR_CIV_CULTURAL_LARGE_INFLUENCE_BROADCAST_CENTER,ModifierId,ARGTYPE_IDENTITY,MINOR_CIV_CULTURAL_YIELD_FOR_BROADCAST_CENTER,,
MINOR_CIV_CULTURAL_YIELD_FOR_BROADCAST_CENTER,YieldType,ARGTYPE_IDENTITY,YIELD_CULTURE,,
MINOR_CIV_CULTURAL_YIELD_FOR_BROADCAST_CENTER,BuildingType,ARGTYPE_IDENTITY,BUILDING_BROADCAST_CENTER,,
MINOR_CIV_CULTURAL_YIELD_FOR_BROADCAST_CENTER,Amount,ARGTYPE_IDENTITY,3,,
MINOR_CIV_CULTURAL_YIELD_FOR_BROADCAST_CENTER,CityStatesOnly,ARGTYPE_IDENTITY,1,,
MINOR_CIV_MILITARISTIC_SMALL_INFLUENCE_CAPITAL,ModifierId,ARGTYPE_IDENTITY,MINOR_CIV_MILITARISTIC_YIELD_FOR_CAPITAL_ETHIOPIA,,
MINOR_CIV_MILITARISTIC_YIELD_FOR_CAPITAL_ETHIOPIA,Amount,ARGTYPE_IDENTITY,1,,
MINOR_CIV_MILITARISTIC_SMALL_INFLUENCE_ETHIOPIA,ModifierId,ARGTYPE_IDENTITY,MINOR_CIV_MILITARISTIC_PRODUCTION_FOR_BARRACKS_STABLE_ETHIOPIA,,
MINOR_CIV_MILITARISTIC_PRODUCTION_FOR_BARRACKS_STABLE_ETHIOPIA,Amount,ARGTYPE_IDENTITY,1,,
MINOR_CIV_MILITARISTIC_MEDIUM_INFLUENCE_ETHIOPIA,ModifierId,ARGTYPE_IDENTITY,MINOR_CIV_MILITARISTIC_PRODUCTION_FOR_CONSULATE,,
MINOR_CIV_MILITARISTIC_PRODUCTION_FOR_CONSULATE,Amount,ARGTYPE_IDENTITY,2,,
MINOR_CIV_MILITARISTIC_MEDIUM_INFLUENCE_ARMORY,ModifierId,ARGTYPE_IDENTITY,MINOR_CIV_MILITARISTIC_PRODUCTION_FOR_ARMORY_ETHIOPIA,,
MINOR_CIV_MILITARISTIC_PRODUCTION_FOR_ARMORY_ETHIOPIA,Amount,ARGTYPE_IDENTITY,2,,
MINOR_CIV_MILITARISTIC_LARGE_INFLUENCE_ETHIOPIA,ModifierId,ARGTYPE_IDENTITY,MINOR_CIV_MILITARISTIC_PRODUCTION_FOR_CHANCERY,,
MINOR_CIV_MILITARISTIC_PRODUCTION_FOR_CHANCERY,Amount,ARGTYPE_IDENTITY,3,,
MINOR_CIV_MILITARISTIC_LARGE_INFLUENCE_MILITARY_ACADEMY,ModifierId,ARGTYPE_IDENTITY,MINOR_CIV_MILITARISTIC_PRODUCTION_FOR_MILITARY_ACADEMY_ETHIOPIA,,
MINOR_CIV_MILITARISTIC_PRODUCTION_FOR_MILITARY_ACADEMY_ETHIOPIA,Amount,ARGTYPE_IDENTITY,3,,
MINOR_CIV_INDUSTRIAL_SMALL_INFLUENCE_BONUS_BUILDING_CAPITAL,ModifierId,ARGTYPE_IDENTITY,MINOR_CIV_INDUSTRIAL_BUILDING_PRODUCTION_FOR_CAPITAL_ETHIOPIA,,
MINOR_CIV_INDUSTRIAL_SMALL_INFLUENCE_BONUS_DISTRICT_CAPITAL,ModifierId,ARGTYPE_IDENTITY,MINOR_CIV_INDUSTRIAL_DISTRICT_PRODUCTION_FOR_CAPITAL_ETHIOPIA,,
MINOR_CIV_INDUSTRIAL_BUILDING_PRODUCTION_FOR_CAPITAL_ETHIOPIA,Amount,ARGTYPE_IDENTITY,1,,
MINOR_CIV_INDUSTRIAL_DISTRICT_PRODUCTION_FOR_CAPITAL_ETHIOPIA,Amount,ARGTYPE_IDENTITY,1,,
MINOR_CIV_INDUSTRIAL_SMALL_INFLUENCE_ETHIOPIA_BUILDING,ModifierId,ARGTYPE_IDENTITY,MINOR_CIV_INDUSTRIAL_BUILDING_PRODUCTION_FOR_WORKSHOP_ETHIOPIA,,
MINOR_CIV_INDUSTRIAL_SMALL_INFLUENCE_ETHIOPIA_DISTRICT,ModifierId,ARGTYPE_IDENTITY,MINOR_CIV_INDUSTRIAL_DISTRICT_PRODUCTION_FOR_WORKSHOP_ETHIOPIA,,
MINOR_CIV_INDUSTRIAL_BUILDING_PRODUCTION_FOR_WORKSHOP_ETHIOPIA,Amount,ARGTYPE_IDENTITY,1,,
MINOR_CIV_INDUSTRIAL_DISTRICT_PRODUCTION_FOR_WORKSHOP_ETHIOPIA,Amount,ARGTYPE_IDENTITY,1,,
MINOR_CIV_INDUSTRIAL_MEDIUM_INFLUENCE_ETHIOPIA_BUILDING,ModifierId,ARGTYPE_IDENTITY,MINOR_CIV_INDUSTRIAL_BUILDING_PRODUCTION_FOR_CONSULATE,,
MINOR_CIV_INDUSTRIAL_MEDIUM_INFLUENCE_ETHIOPIA_DISTRICT,ModifierId,ARGTYPE_IDENTITY,MINOR_CIV_INDUSTRIAL_DISTRICT_PRODUCTION_FOR_CONSULATE,,
MINOR_CIV_INDUSTRIAL_BUILDING_PRODUCTION_FOR_CONSULATE,Amount,ARGTYPE_IDENTITY,2,,
MINOR_CIV_INDUSTRIAL_DISTRICT_PRODUCTION_FOR_CONSULATE,Amount,ARGTYPE_IDENTITY,2,,
MINOR_CIV_INDUSTRIAL_MEDIUM_INFLUENCE_FACTORY_BUILDING,ModifierId,ARGTYPE_IDENTITY,MINOR_CIV_INDUSTRIAL_BUILDING_PRODUCTION_FOR_FACTORY_ETHIOPIA,,
MINOR_CIV_INDUSTRIAL_MEDIUM_INFLUENCE_FACTORY_DISTRICT,ModifierId,ARGTYPE_IDENTITY,MINOR_CIV_INDUSTRIAL_DISTRICT_PRODUCTION_FOR_FACTORY_ETHIOPIA,,
MINOR_CIV_INDUSTRIAL_BUILDING_PRODUCTION_FOR_FACTORY_ETHIOPIA,Amount,ARGTYPE_IDENTITY,2,,
MINOR_CIV_INDUSTRIAL_DISTRICT_PRODUCTION_FOR_FACTORY_ETHIOPIA,Amount,ARGTYPE_IDENTITY,2,,
MINOR_CIV_INDUSTRIAL_LARGE_INFLUENCE_ETHIOPIA_BUILDING,ModifierId,ARGTYPE_IDENTITY,MINOR_CIV_INDUSTRIAL_BUILDING_PRODUCTION_FOR_CHANCERY,,
MINOR_CIV_INDUSTRIAL_LARGE_INFLUENCE_ETHIOPIA_DISTRICT,ModifierId,ARGTYPE_IDENTITY,MINOR_CIV_INDUSTRIAL_DISTRICT_PRODUCTION_FOR_CHANCERY,,
MINOR_CIV_INDUSTRIAL_BUILDING_PRODUCTION_FOR_CHANCERY,Amount,ARGTYPE_IDENTITY,3,,
MINOR_CIV_INDUSTRIAL_DISTRICT_PRODUCTION_FOR_CHANCERY,Amount,ARGTYPE_IDENTITY,3,,
MINOR_CIV_INDUSTRIAL_LARGE_INFLUENCE_POWER_PLANT_BUILDING,ModifierId,ARGTYPE_IDENTITY,MINOR_CIV_INDUSTRIAL_BUILDING_PRODUCTION_FOR_POWER_PLANT_ETHIOPIA,,
MINOR_CIV_INDUSTRIAL_LARGE_INFLUENCE_POWER_PLANT_DISTRICT,ModifierId,ARGTYPE_IDENTITY,MINOR_CIV_INDUSTRIAL_DISTRICT_PRODUCTION_FOR_POWER_PLANT_ETHIOPIA,,
MINOR_CIV_INDUSTRIAL_BUILDING_PRODUCTION_FOR_POWER_PLANT_ETHIOPIA,Amount,ARGTYPE_IDENTITY,3,,
MINOR_CIV_INDUSTRIAL_DISTRICT_PRODUCTION_FOR_POWER_PLANT_ETHIOPIA,Amount,ARGTYPE_IDENTITY,3,,
TRAIT_FAITH_RESOURCES,YieldType,ARGTYPE_IDENTITY,YIELD_FAITH,,
TRAIT_FAITH_RESOURCES,Amount,ARGTYPE_IDENTITY,1,,
TRAIT_FAITH_BONUS_RESOURCES_TRADE_INTERNATIONAL,YieldType,ARGTYPE_IDENTITY,YIELD_FAITH,,
TRAIT_FAITH_BONUS_RESOURCES_TRADE_INTERNATIONAL,Amount,ARGTYPE_IDENTITY,0.5,,
TRAIT_FAITH_LUXURY_RESOURCES_TRADE_INTERNATIONAL,YieldType,ARGTYPE_IDENTITY,YIELD_FAITH,,
TRAIT_FAITH_LUXURY_RESOURCES_TRADE_INTERNATIONAL,Amount,ARGTYPE_IDENTITY,0.5,,
TRAIT_FAITH_STRATEGIC_RESOURCES_TRADE_INTERNATIONAL,YieldType,ARGTYPE_IDENTITY,YIELD_FAITH,,
TRAIT_FAITH_STRATEGIC_RESOURCES_TRADE_INTERNATIONAL,Amount,ARGTYPE_IDENTITY,0.5,,
TRAIT_FAITH_ARCHAEOLOGIST,Tag,ARGTYPE_IDENTITY,CLASS_ARCHAEOLOGIST,,
TRAIT_FAITH_MUSEUM_ARTIFACT,BuildingType,ARGTYPE_IDENTITY,BUILDING_MUSEUM_ARTIFACT,,
DIPLOMATIC_QUARTER_DELEGATION_CULTURE,YieldType,ARGTYPE_IDENTITY,YIELD_CULTURE,,
DIPLOMATIC_QUARTER_DELEGATION_CULTURE,Amount,ARGTYPE_IDENTITY,1,,
DIPLOMATIC_QUARTER_EMBASSY_CULTURE,YieldType,ARGTYPE_IDENTITY,YIELD_CULTURE,,
DIPLOMATIC_QUARTER_EMBASSY_CULTURE,Amount,ARGTYPE_IDENTITY,1,,
DIPLOMATIC_QUARTER_ESPIONAGE_BONUS,Amount,ARGTYPE_IDENTITY,2,,
DIPLOMATIC_QUARTER_AWARD_ONE_INFLUENCE_TOKEN,Amount,ARGTYPE_IDENTITY,1,,
TRAIT_FAITH_INTO_SCIENCE_HILLS,YieldType,ARGTYPE_IDENTITY,YIELD_SCIENCE,,
TRAIT_FAITH_INTO_SCIENCE_HILLS,Amount,ARGTYPE_IDENTITY,15,,
TRAIT_FAITH_INTO_CULTURE_HILLS,YieldType,ARGTYPE_IDENTITY,YIELD_CULTURE,,
TRAIT_FAITH_INTO_CULTURE_HILLS,Amount,ARGTYPE_IDENTITY,15,,
TRAIT_HILLS_COMBAT,AbilityType,ARGTYPE_IDENTITY,ABILITY_MENELIK_HILLS_COMBAT,,
MENELIK_HILLS_COMBAT,Amount,ARGTYPE_IDENTITY,4,,
AGENDA_MODIFIER_CITIES_NEAR_HILLS,StatementKey,ARGTYPE_IDENTITY,LOC_PLACEHOLDER,,
ETHIOPIAN_OROMO_CAVALRY_IGNORE_HILLS_MOVEMENT_PENALTY,Ignore,ARGTYPE_IDENTITY,1,,
ETHIOPIAN_OROMO_CAVALRY_IGNORE_HILLS_MOVEMENT_PENALTY,Type,ARGTYPE_IDENTITY,HILLS,,
DIPLOMATIC_QUARTER_DELEGATION_FAVOR,Amount,ARGTYPE_IDENTITY,1,,
DIPLOMATIC_QUARTER_EMBASSY_FAVOR,Amount,ARGTYPE_IDENTITY,1,,
CONSULATE_TIER1,Amount,ARGTYPE_IDENTITY,1,,
CHANCERY_TIER2,Amount,ARGTYPE_IDENTITY,1,,
BUILDING_ALCHEMICAL_SOCIETY_GOLD_MIRRORS_SCIENCE,YieldTypeToGrant,ARGTYPE_IDENTITY,YIELD_GOLD,,
BUILDING_ALCHEMICAL_SOCIETY_GOLD_MIRRORS_SCIENCE,YieldTypeToMirror,ARGTYPE_IDENTITY,YIELD_SCIENCE,,
BUILDING_GILDED_VAULT_CULTURE_MIRRORS_GOLD,YieldTypeToGrant,ARGTYPE_IDENTITY,YIELD_CULTURE,,
BUILDING_GILDED_VAULT_CULTURE_MIRRORS_GOLD,YieldTypeToMirror,ARGTYPE_IDENTITY,YIELD_GOLD,,
BUILDING_GILDED_VAULT_TRADE_ROUTE_CAPACITY,Amount,ARGTYPE_IDENTITY,1,,
GOVERNOR_PROMOTION_OWLS_OF_MINERVA_1_ECONOMIC_POLICY_SLOT,GovernmentSlotType,ARGTYPE_IDENTITY,SLOT_ECONOMIC,,
GOVERNOR_PROMOTION_OWLS_OF_MINERVA_1_ENVOY_FROM_TRADE_ROUTE,Amount,ARGTYPE_IDENTITY,1,,
GOVERNOR_PROMOTION_OWLS_OF_MINERVA_2_UNLOCK_GILDED_VAULT,BuildingType,ARGTYPE_IDENTITY,BUILDING_GILDED_VAULT,,
GOVERNOR_PROMOTION_OWLS_OF_MINERVA_2_UNLOCK_GILDED_VAULT,BuildingTypeToReplace,ARGTYPE_IDENTITY,BUILDING_BANK,,
GOVERNOR_PROMOTION_OWLS_OF_MINERVA_3_WILDCARD_POLICY_SLOT,GovernmentSlotType,ARGTYPE_IDENTITY,SLOT_WILDCARD,,
GOVERNOR_PROMOTION_OWLS_OF_MINERVA_3_LOYALTY_FROM_COUNTERSPY,Amount,ARGTYPE_IDENTITY,4,,
GOVERNOR_PROMOTION_OWLS_OF_MINERVA_3_AMENITY_FROM_COUNTERSPY,Amount,ARGTYPE_IDENTITY,1,,
GOVERNOR_PROMOTION_OWLS_OF_MINERVA_3_SPY_CAPACITY,Amount,ARGTYPE_IDENTITY,2,,
GOVERNOR_PROMOTION_OWLS_OF_MINERVA_4_SPY_SUCCESS_GRANTS_SCIENCE,YieldType,ARGTYPE_IDENTITY,YIELD_SCIENCE,,
GOVERNOR_PROMOTION_OWLS_OF_MINERVA_4_SPY_SUCCESS_GRANTS_SCIENCE,Percent,ARGTYPE_IDENTITY,50,,
GOVERNOR_PROMOTION_OWLS_OF_MINERVA_4_SPY_SUCCESS_GRANTS_CULTURE,YieldType,ARGTYPE_IDENTITY,YIELD_CULTURE,,
GOVERNOR_PROMOTION_OWLS_OF_MINERVA_4_SPY_SUCCESS_GRANTS_CULTURE,Percent,ARGTYPE_IDENTITY,50,,
GOVERNOR_PROMOTION_OWLS_OF_MINERVA_4_SPY_SUCCESS_GRANTS_GOLD,YieldType,ARGTYPE_IDENTITY,YIELD_GOLD,,
GOVERNOR_PROMOTION_OWLS_OF_MINERVA_4_SPY_SUCCESS_GRANTS_GOLD,Percent,ARGTYPE_IDENTITY,50,,
GOVERNOR_PROMOTION_OWLS_OF_MINERVA_4_SPY_SUCCESS_GRANTS_FAITH,YieldType,ARGTYPE_IDENTITY,YIELD_FAITH,,
GOVERNOR_PROMOTION_OWLS_OF_MINERVA_4_SPY_SUCCESS_GRANTS_FAITH,Percent,ARGTYPE_IDENTITY,50,,
GOVERNOR_PROMOTION_OWLS_OF_MINERVA_4_GOLD_INTEREST,Percent,ARGTYPE_IDENTITY,3,,
GOVERNOR_PROMOTION_HERMETIC_ORDER_1_UNLOCK_LEY_LINE,ResourceType,ARGTYPE_IDENTITY,RESOURCE_LEY_LINE,,
GOVERNOR_PROMOTION_HERMETIC_ORDER_2_UNLOCK_ALCHEMICAL_SOCIETY,BuildingType,ARGTYPE_IDENTITY,BUILDING_ALCHEMICAL_SOCIETY,,
GOVERNOR_PROMOTION_HERMETIC_ORDER_2_UNLOCK_ALCHEMICAL_SOCIETY,BuildingTypeToReplace,ARGTYPE_IDENTITY,BUILDING_UNIVERSITY,,
HERMETIC_ORDER_GREAT_ARTIST_LEY_LINE_CULTURE,GreatPersonClassType,ARGTYPE_IDENTITY,GREAT_PERSON_CLASS_ARTIST,,
HERMETIC_ORDER_GREAT_ARTIST_LEY_LINE_CULTURE,YieldType,ARGTYPE_IDENTITY,YIELD_CULTURE,,
HERMETIC_ORDER_GREAT_ARTIST_LEY_LINE_CULTURE,ResourceType,ARGTYPE_IDENTITY,RESOURCE_LEY_LINE,,
HERMETIC_ORDER_GREAT_ARTIST_LEY_LINE_CULTURE,Amount,ARGTYPE_IDENTITY,1,,
HERMETIC_ORDER_GREAT_ADMIRAL_LEY_LINE_SCIENCE,GreatPersonClassType,ARGTYPE_IDENTITY,GREAT_PERSON_CLASS_ADMIRAL,,
HERMETIC_ORDER_GREAT_ADMIRAL_LEY_LINE_SCIENCE,YieldType,ARGTYPE_IDENTITY,YIELD_SCIENCE,,
HERMETIC_ORDER_GREAT_ADMIRAL_LEY_LINE_SCIENCE,ResourceType,ARGTYPE_IDENTITY,RESOURCE_LEY_LINE,,
HERMETIC_ORDER_GREAT_ADMIRAL_LEY_LINE_SCIENCE,Amount,ARGTYPE_IDENTITY,1,,
HERMETIC_ORDER_GREAT_ENGINEER_LEY_LINE_PRODUCTION,GreatPersonClassType,ARGTYPE_IDENTITY,GREAT_PERSON_CLASS_ENGINEER,,
HERMETIC_ORDER_GREAT_ENGINEER_LEY_LINE_PRODUCTION,YieldType,ARGTYPE_IDENTITY,YIELD_PRODUCTION,,
HERMETIC_ORDER_GREAT_ENGINEER_LEY_LINE_PRODUCTION,ResourceType,ARGTYPE_IDENTITY,RESOURCE_LEY_LINE,,
HERMETIC_ORDER_GREAT_ENGINEER_LEY_LINE_PRODUCTION,Amount,ARGTYPE_IDENTITY,1,,
HERMETIC_ORDER_GREAT_GENERAL_LEY_LINE_SCIENCE,GreatPersonClassType,ARGTYPE_IDENTITY,GREAT_PERSON_CLASS_GENERAL,,
HERMETIC_ORDER_GREAT_GENERAL_LEY_LINE_SCIENCE,YieldType,ARGTYPE_IDENTITY,YIELD_SCIENCE,,
HERMETIC_ORDER_GREAT_GENERAL_LEY_LINE_SCIENCE,ResourceType,ARGTYPE_IDENTITY,RESOURCE_LEY_LINE,,
HERMETIC_ORDER_GREAT_GENERAL_LEY_LINE_SCIENCE,Amount,ARGTYPE_IDENTITY,1,,
HERMETIC_ORDER_GREAT_MERCHANT_LEY_LINE_GOLD,GreatPersonClassType,ARGTYPE_IDENTITY,GREAT_PERSON_CLASS_MERCHANT,,
HERMETIC_ORDER_GREAT_MERCHANT_LEY_LINE_GOLD,YieldType,ARGTYPE_IDENTITY,YIELD_GOLD,,
HERMETIC_ORDER_GREAT_MERCHANT_LEY_LINE_GOLD,ResourceType,ARGTYPE_IDENTITY,RESOURCE_LEY_LINE,,
HERMETIC_ORDER_GREAT_MERCHANT_LEY_LINE_GOLD,Amount,ARGTYPE_IDENTITY,1,,
HERMETIC_ORDER_GREAT_MUSICIAN_LEY_LINE_CULTURE,GreatPersonClassType,ARGTYPE_IDENTITY,GREAT_PERSON_CLASS_MUSICIAN,,
HERMETIC_ORDER_GREAT_MUSICIAN_LEY_LINE_CULTURE,YieldType,ARGTYPE_IDENTITY,YIELD_CULTURE,,
HERMETIC_ORDER_GREAT_MUSICIAN_LEY_LINE_CULTURE,ResourceType,ARGTYPE_IDENTITY,RESOURCE_LEY_LINE,,
HERMETIC_ORDER_GREAT_MUSICIAN_LEY_LINE_CULTURE,Amount,ARGTYPE_IDENTITY,1,,
HERMETIC_ORDER_GREAT_PROPHET_LEY_LINE_FAITH,GreatPersonClassType,ARGTYPE_IDENTITY,GREAT_PERSON_CLASS_PROPHET,,
HERMETIC_ORDER_GREAT_PROPHET_LEY_LINE_FAITH,YieldType,ARGTYPE_IDENTITY,YIELD_FAITH,,
HERMETIC_ORDER_GREAT_PROPHET_LEY_LINE_FAITH,ResourceType,ARGTYPE_IDENTITY,RESOURCE_LEY_LINE,,
HERMETIC_ORDER_GREAT_PROPHET_LEY_LINE_FAITH,Amount,ARGTYPE_IDENTITY,1,,
HERMETIC_ORDER_GREAT_SCIENTIST_LEY_LINE_SCIENCE,GreatPersonClassType,ARGTYPE_IDENTITY,GREAT_PERSON_CLASS_SCIENTIST,,
HERMETIC_ORDER_GREAT_SCIENTIST_LEY_LINE_SCIENCE,YieldType,ARGTYPE_IDENTITY,YIELD_SCIENCE,,
HERMETIC_ORDER_GREAT_SCIENTIST_LEY_LINE_SCIENCE,ResourceType,ARGTYPE_IDENTITY,RESOURCE_LEY_LINE,,
HERMETIC_ORDER_GREAT_SCIENTIST_LEY_LINE_SCIENCE,Amount,ARGTYPE_IDENTITY,1,,
HERMETIC_ORDER_GREAT_WRITER_LEY_LINE_CULTURE,GreatPersonClassType,ARGTYPE_IDENTITY,GREAT_PERSON_CLASS_WRITER,,
HERMETIC_ORDER_GREAT_WRITER_LEY_LINE_CULTURE,YieldType,ARGTYPE_IDENTITY,YIELD_CULTURE,,
HERMETIC_ORDER_GREAT_WRITER_LEY_LINE_CULTURE,ResourceType,ARGTYPE_IDENTITY,RESOURCE_LEY_LINE,,
HERMETIC_ORDER_GREAT_WRITER_LEY_LINE_CULTURE,Amount,ARGTYPE_IDENTITY,1,,
HERMETIC_ORDER_ALLOW_PROJECT,ProjectType,ARGTYPE_IDENTITY,PROJECT_OCCULT_RESEARCH,,
GOVERNOR_PROMOTION_VOIDSINGERS_1_UNLOCK_OLD_GOD_OBELISK,BuildingType,ARGTYPE_IDENTITY,BUILDING_OLD_GOD_OBELISK,,
GOVERNOR_PROMOTION_VOIDSINGERS_1_UNLOCK_OLD_GOD_OBELISK,BuildingTypeToReplace,ARGTYPE_IDENTITY,BUILDING_MONUMENT,,
GOVERNOR_PROMOTION_VOIDSINGERS_2_GOLD_FROM_FAITH,YieldType,ARGTYPE_IDENTITY,YIELD_GOLD,,
GOVERNOR_PROMOTION_VOIDSINGERS_2_GOLD_FROM_FAITH,Amount,ARGTYPE_IDENTITY,20,,
GOVERNOR_PROMOTION_VOIDSINGERS_2_SCIENCE_FROM_FAITH,YieldType,ARGTYPE_IDENTITY,YIELD_SCIENCE,,
GOVERNOR_PROMOTION_VOIDSINGERS_2_SCIENCE_FROM_FAITH,Amount,ARGTYPE_IDENTITY,20,,
GOVERNOR_PROMOTION_VOIDSINGERS_2_CULTURE_FROM_FAITH,YieldType,ARGTYPE_IDENTITY,YIELD_CULTURE,,
GOVERNOR_PROMOTION_VOIDSINGERS_2_CULTURE_FROM_FAITH,Amount,ARGTYPE_IDENTITY,20,,
SECRET_SOCIETY_TEMP_GOLD_PER_TURN,YieldType,ARGTYPE_IDENTITY,YIELD_GOLD,,
SECRET_SOCIETY_TEMP_GOLD_PER_TURN,Amount,ARGTYPE_IDENTITY,10,,
SECRET_SOCIETY_UNLOCK_CULTIST_UNIT,UnitType,ARGTYPE_IDENTITY,UNIT_CULTIST,,
VOIDSINGERS_ALLOW_PROJECT_DARK_SUMMONING,ProjectType,ARGTYPE_IDENTITY,PROJECT_DARK_SUMMONING,,
SECRET_SOCIETIES_ENABLE_VAMPIRE_COMBAT_STRENGTH_FROM_PROPERTY,ModifierId,ARGTYPE_IDENTITY,SANGUINE_PACT_VAMPIRE_COMBAT_STRENGTH_FROM_PROPERTY,,
SECRET_SOCIETIES_ENABLE_VAMPIRE_BARB_COMBAT_STRENGTH_FROM_PROPERTY,ModifierId,ARGTYPE_IDENTITY,SANGUINE_PACT_VAMPIRE_BARB_COMBAT_STRENGTH_FROM_PROPERTY,,
SECRET_SOCIETIES_ENABLE_VAMPIRE_PILLAGE_HEALING,Amount,ARGTYPE_IDENTITY,50,,
SECRET_SOCIETIES_ENABLE_VAMPIRE_PILLAGE_HEALING,Key,ARGTYPE_IDENTITY,HEAL_ON_PILLAGE,,
SECRET_SOCIETIES_DISABLE_VAMPIRE_NORMAL_HEALING,Amount,ARGTYPE_IDENTITY,-5,,
SECRET_SOCIETIES_DISABLE_VAMPIRE_NORMAL_HEALING,Type,ARGTYPE_IDENTITY,ALL,,
SECRET_SOCIETIES_CASTLES_ATTACH_REDUCE_BUILD_CHARGES,ModifierId,ARGTYPE_IDENTITY,SECRET_SOCIETIES_CASTLE_REDUCE_BUILD_CHARGES,,
SECRET_SOCIETIES_CASTLE_REDUCE_BUILD_CHARGES,ModifierId,ARGTYPE_IDENTITY,SECRET_SOCIETIES_SINGLE_CASTLE_REDUCE_BUILD_CHARGES,,
SECRET_SOCIETIES_ATTACH_PLAYER_CASTLES_GAIN_ADJACENT_YIELDS,ModifierId,ARGTYPE_IDENTITY,SANGUINE_PACT_GRANT_CASTLES_ADJACENT_YIELDS,,
SECRET_SOCIETIES_ATTACH_PLAYER_CASTLES_ENABLE_TELEPORT,ModifierId,ARGTYPE_IDENTITY,SECRET_SOCIETIES_ATTACH_PLAYER_CASTLES_TELEPORT,,
SECRET_SOCIETIES_ENABLE_VAMPIRE_INTIMIDATION,ModifierId,ARGTYPE_IDENTITY,SECRET_SOCIETY_INTIMIDATE_ENEMIES_ATTACHMENT,,
SECRET_SOCIETY_INTIMIDATE_ENEMIES_ATTACHMENT,ModifierId,ARGTYPE_IDENTITY,SECRET_SOCIETY_INTIMIDATE_ADJACENT_ENEMIES,,
SECRET_SOCIETY_INTIMIDATE_ADJACENT_ENEMIES,ModifierId,ARGTYPE_IDENTITY,SECRET_SOCIETY_INTIMIDATE_ADJACENT_ENEMIES_MODIFIER,,
SANGUINE_PACT_VAMPIRE_COMBAT_STRENGTH_ON_DEAD_UNIT_ADJACENT,ModifierId,ARGTYPE_IDENTITY,SANGUINE_PACT_VAMPIRE_COMBAT_STRENGTH_ATTACHMENT,,
SANGUINE_PACT_VAMPIRE_COMBAT_STRENGTH_ON_DEAD_UNIT,ModifierId,ARGTYPE_IDENTITY,SANGUINE_PACT_VAMPIRE_COMBAT_STRENGTH_ATTACHMENT,,
SANGUINE_PACT_VAMPIRE_COMBAT_STRENGTH_ON_DEAD_BARB_UNIT_ADJACENT,ModifierId,ARGTYPE_IDENTITY,SANGUINE_PACT_VAMPIRE_BARB_COMBAT_STRENGTH_ATTACHMENT,,
SANGUINE_PACT_VAMPIRE_COMBAT_STRENGTH_ON_DEAD_BARB_UNIT,ModifierId,ARGTYPE_IDENTITY,SANGUINE_PACT_VAMPIRE_BARB_COMBAT_STRENGTH_ATTACHMENT,,
SANGUINE_PACT_VAMPIRE_COMBAT_STRENGTH_ATTACHMENT,Key,ARGTYPE_IDENTITY,COMBAT_STRENGTH_FOR_VAMPIRISM,,
SANGUINE_PACT_VAMPIRE_COMBAT_STRENGTH_ATTACHMENT,Amount,ARGTYPE_IDENTITY,1,,
SANGUINE_PACT_VAMPIRE_BARB_COMBAT_STRENGTH_ATTACHMENT,Key,ARGTYPE_IDENTITY,COMBAT_STRENGTH_FOR_VAMPIRISM_BARB,,
SANGUINE_PACT_VAMPIRE_BARB_COMBAT_STRENGTH_ATTACHMENT,Amount,ARGTYPE_IDENTITY,1,,
SANGUINE_PACT_VAMPIRE_COMBAT_STRENGTH_FROM_PROPERTY,Key,ARGTYPE_IDENTITY,COMBAT_STRENGTH_FOR_VAMPIRISM,,
SANGUINE_PACT_VAMPIRE_BARB_COMBAT_STRENGTH_FROM_PROPERTY,Key,ARGTYPE_IDENTITY,COMBAT_STRENGTH_FOR_VAMPIRISM_BARB,,
SANGUINE_PACT_VAMPIRE_BARB_COMBAT_STRENGTH_FROM_PROPERTY,Max,ARGTYPE_IDENTITY,10,,
SECRET_SOCIETY_GRANT_VAMPIRE,Amount,ARGTYPE_IDENTITY,1,,
SECRET_SOCIETY_GRANT_VAMPIRE,UnitType,ARGTYPE_IDENTITY,UNIT_VAMPIRE,,
SECRET_SOCIETY_GRANT_VAMPIRE,AllowUniqueOverride,ARGTYPE_IDENTITY,0,,
SECRET_SOCIETY_GRANT_TWO_VAMPIRE_BUILDS,Amount,ARGTYPE_IDENTITY,2,,
SECRET_SOCIETY_GRANT_TWO_VAMPIRE_BUILDS,UnitType,ARGTYPE_IDENTITY,UNIT_VAMPIRE,,
SECRET_SOCIETY_GRANT_ONE_VAMPIRE_BUILD,Amount,ARGTYPE_IDENTITY,1,,
SECRET_SOCIETY_GRANT_ONE_VAMPIRE_BUILD,UnitType,ARGTYPE_IDENTITY,UNIT_VAMPIRE,,
SECRET_SOCIETY_VAMPIRES_ADVANCED_PILLAGING,UseAdvancedPillaging,ARGTYPE_IDENTITY,1,,
SECRET_SOCIETY_INTIMIDATE_ADJACENT_ENEMIES_MODIFIER,Amount,ARGTYPE_IDENTITY,-5,,
SECRET_SOCIETIES_ATTACH_PLAYER_CASTLES_TELEPORT,Key,ARGTYPE_IDENTITY,PROPERTY_AIRLIFT,,
SECRET_SOCIETIES_ATTACH_PLAYER_CASTLES_TELEPORT,Amount,ARGTYPE_IDENTITY,1,,
SPREAD_DISSENT_LOYALTY_DAMAGE,Amount,ARGTYPE_IDENTITY,10,,
SPREAD_CHAOS_ADDITIONAL_LOYALTY_DAMAGE,Amount,ARGTYPE_IDENTITY,2,,
CULTIST_RELIC_ON_DEATH,RelicSource,ARGTYPE_IDENTITY,RELIC_SOURCE_GOVERNOR,,
SECRET_SOCIETIES_SINGLE_CASTLE_REDUCE_BUILD_CHARGES,Amount,ARGTYPE_IDENTITY,-1,,
SECRET_SOCIETIES_SINGLE_CASTLE_REDUCE_BUILD_CHARGES,UnitType,ARGTYPE_IDENTITY,UNIT_VAMPIRE,,
STANDARD_DIPLOMATIC_SAME_SECRET_SOCIETY,SimpleModifierDescription,ARGTYPE_IDENTITY,LOC_TOOLTIP_SAMPLE_DIPLOMACY_SAME_SECRET_SOCIETY,,
STANDARD_DIPLOMATIC_SAME_SECRET_SOCIETY,StatementKey,ARGTYPE_IDENTITY,LOC_DIPLO_KUDO_LEADER_ANY_REASON_STANDARD_DIPLOMATIC_SAME_SECRET_SOCIETY,,
STANDARD_DIPLOMATIC_SAME_SECRET_SOCIETY,InitialValue,ARGTYPE_IDENTITY,8,,
STANDARD_DIPLOMATIC_SAME_SECRET_SOCIETY,HiddenAgenda,ARGTYPE_IDENTITY,1,,
STANDARD_DIPLOMATIC_DIFFERENT_SECRET_SOCIETY,SimpleModifierDescription,ARGTYPE_IDENTITY,LOC_TOOLTIP_SAMPLE_DIPLOMACY_DIFFERENT_SECRET_SOCIETY,,
STANDARD_DIPLOMATIC_DIFFERENT_SECRET_SOCIETY,StatementKey,ARGTYPE_IDENTITY,LOC_DIPLO_WARNING_LEADER_ANY_REASON_STANDARD_DIPLOMATIC_DIFFERENT_SECRET_SOCIETY,,
STANDARD_DIPLOMATIC_DIFFERENT_SECRET_SOCIETY,InitialValue,ARGTYPE_IDENTITY,-5,,
STANDARD_DIPLOMATIC_DIFFERENT_SECRET_SOCIETY,HiddenAgenda,ARGTYPE_IDENTITY,1,,
PROJECT_COMPLETION_MODIFIER_LEY_LINE_SCIENCE,ResourceType,ARGTYPE_IDENTITY,RESOURCE_LEY_LINE,,
PROJECT_COMPLETION_MODIFIER_LEY_LINE_SCIENCE,YieldType,ARGTYPE_IDENTITY,YIELD_SCIENCE,,
PROJECT_COMPLETION_MODIFIER_LEY_LINE_SCIENCE,Amount,ARGTYPE_IDENTITY,500,,
PROJECT_COMPLETION_MODIFIER_LEY_LINE_SCIENCE,Improved,ARGTYPE_IDENTITY,0,,
HERMETIC_ORDER_COMANDANTE_GENERAL_LEY_LINE_SCIENCE,GreatPersonClassType,ARGTYPE_IDENTITY,GREAT_PERSON_CLASS_COMANDANTE_GENERAL,,
HERMETIC_ORDER_COMANDANTE_GENERAL_LEY_LINE_SCIENCE,YieldType,ARGTYPE_IDENTITY,YIELD_SCIENCE,,
HERMETIC_ORDER_COMANDANTE_GENERAL_LEY_LINE_SCIENCE,ResourceType,ARGTYPE_IDENTITY,RESOURCE_LEY_LINE,,
HERMETIC_ORDER_COMANDANTE_GENERAL_LEY_LINE_SCIENCE,Amount,ARGTYPE_IDENTITY,1,,
PALGUM_ADDFOOD,Amount,ARGTYPE_IDENTITY,1,,
PALGUM_ADDFOOD,YieldType,ARGTYPE_IDENTITY,YIELD_FOOD,,
TRAIT_EUREKA_INCREASE,Amount,ARGTYPE_IDENTITY,100,,
TRAIT_SCIENCE_DECREASE,YieldType,ARGTYPE_IDENTITY,YIELD_SCIENCE,,
TRAIT_SCIENCE_DECREASE,Amount,ARGTYPE_IDENTITY,-50,,
GREAT_PERSON_INDIVIDUAL_DANDARA_ACTIVE,UnitType,ARGTYPE_IDENTITY,UNIT_WARRIOR_MONK,,
GREAT_PERSON_INDIVIDUAL_DANDARA_ACTIVE,Experience,ARGTYPE_IDENTITY,-1,,
GREAT_PERSON_INDIVIDUAL_DANDARA_ACTIVE,UniqueOverride,ARGTYPE_IDENTITY,1,,
GREAT_PERSON_INDIVIDUAL_TRUNG_TRAC_PERMANENT_ACTIVE,Overall,ARGTYPE_IDENTITY,1,,
GREAT_PERSON_INDIVIDUAL_TRUNG_TRAC_PERMANENT_ACTIVE,Amount,ARGTYPE_IDENTITY,-25,,
GREAT_PERSON_INDIVIDUAL_TUPAC_AMARU_ACTIVE,UnitType,ARGTYPE_IDENTITY,UNIT_MUSKETMAN,,
GREAT_PERSON_INDIVIDUAL_TUPAC_AMARU_ACTIVE,IgnoreDefensible,ARGTYPE_IDENTITY,1,,
GREAT_PERSON_INDIVIDUAL_TUPAC_AMARU_ACTIVE,UniqueOverride,ARGTYPE_IDENTITY,1,,
GREAT_PERSON_INDIVIDUAL_BOOST_OR_GRANT_MATHEMATICS,TechType,ARGTYPE_IDENTITY,TECH_MATHEMATICS,,
GREAT_PERSON_INDIVIDUAL_BOOST_OR_GRANT_MATHEMATICS,GrantTechIfBoosted,ARGTYPE_IDENTITY,1,,
GREAT_PERSON_INDIVIDUAL_BOOST_OR_GRANT_ENGINEERING,TechType,ARGTYPE_IDENTITY,TECH_ENGINEERING,,
GREAT_PERSON_INDIVIDUAL_BOOST_OR_GRANT_ENGINEERING,GrantTechIfBoosted,ARGTYPE_IDENTITY,1,,
GREAT_PERSON_INDIVIDUAL_BOOST_OR_GRANT_CEL_NAV,TechType,ARGTYPE_IDENTITY,TECH_CELESTIAL_NAVIGATION,,
GREAT_PERSON_INDIVIDUAL_BOOST_OR_GRANT_CEL_NAV,GrantTechIfBoosted,ARGTYPE_IDENTITY,1,,
GREAT_PERSON_INDIVIDUAL_IBN_KHALDUN_CAMPUS_HOUSING,Amount,ARGTYPE_IDENTITY,2,,
GREAT_PERSON_INDIVIDUAL_IBN_KHALDUN_CAMPUS_AMENITY,Amount,ARGTYPE_IDENTITY,1,,
GREAT_PERSON_INDIVIDUAL_IBN_KHALDUN_EMPIRE_HAPPY_SCIENCE,HappinessType,ARGTYPE_IDENTITY,HAPPINESS_HAPPY,,
GREAT_PERSON_INDIVIDUAL_IBN_KHALDUN_EMPIRE_HAPPY_SCIENCE,YieldType,ARGTYPE_IDENTITY,YIELD_SCIENCE,,
GREAT_PERSON_INDIVIDUAL_IBN_KHALDUN_EMPIRE_HAPPY_SCIENCE,Amount,ARGTYPE_IDENTITY,2,,
GREAT_PERSON_INDIVIDUAL_IBN_KHALDUN_EMPIRE_HAPPY_CULTURE,HappinessType,ARGTYPE_IDENTITY,HAPPINESS_HAPPY,,
GREAT_PERSON_INDIVIDUAL_IBN_KHALDUN_EMPIRE_HAPPY_CULTURE,YieldType,ARGTYPE_IDENTITY,YIELD_CULTURE,,
GREAT_PERSON_INDIVIDUAL_IBN_KHALDUN_EMPIRE_HAPPY_CULTURE,Amount,ARGTYPE_IDENTITY,2,,
GREAT_PERSON_INDIVIDUAL_IBN_KHALDUN_EMPIRE_HAPPY_PRODUCTION,HappinessType,ARGTYPE_IDENTITY,HAPPINESS_HAPPY,,
GREAT_PERSON_INDIVIDUAL_IBN_KHALDUN_EMPIRE_HAPPY_PRODUCTION,YieldType,ARGTYPE_IDENTITY,YIELD_PRODUCTION,,
GREAT_PERSON_INDIVIDUAL_IBN_KHALDUN_EMPIRE_HAPPY_PRODUCTION,Amount,ARGTYPE_IDENTITY,2,,
GREAT_PERSON_INDIVIDUAL_IBN_KHALDUN_EMPIRE_HAPPY_GOLD,HappinessType,ARGTYPE_IDENTITY,HAPPINESS_HAPPY,,
GREAT_PERSON_INDIVIDUAL_IBN_KHALDUN_EMPIRE_HAPPY_GOLD,YieldType,ARGTYPE_IDENTITY,YIELD_GOLD,,
GREAT_PERSON_INDIVIDUAL_IBN_KHALDUN_EMPIRE_HAPPY_GOLD,Amount,ARGTYPE_IDENTITY,2,,
GREAT_PERSON_INDIVIDUAL_IBN_KHALDUN_EMPIRE_HAPPY_FAITH,HappinessType,ARGTYPE_IDENTITY,HAPPINESS_HAPPY,,
GREAT_PERSON_INDIVIDUAL_IBN_KHALDUN_EMPIRE_HAPPY_FAITH,YieldType,ARGTYPE_IDENTITY,YIELD_FAITH,,
GREAT_PERSON_INDIVIDUAL_IBN_KHALDUN_EMPIRE_HAPPY_FAITH,Amount,ARGTYPE_IDENTITY,2,,
GREAT_PERSON_INDIVIDUAL_IBN_KHALDUN_EMPIRE_ECSTATIC_SCIENCE,HappinessType,ARGTYPE_IDENTITY,HAPPINESS_ECSTATIC,,
GREAT_PERSON_INDIVIDUAL_IBN_KHALDUN_EMPIRE_ECSTATIC_SCIENCE,YieldType,ARGTYPE_IDENTITY,YIELD_SCIENCE,,
GREAT_PERSON_INDIVIDUAL_IBN_KHALDUN_EMPIRE_ECSTATIC_SCIENCE,Amount,ARGTYPE_IDENTITY,4,,
GREAT_PERSON_INDIVIDUAL_IBN_KHALDUN_EMPIRE_ECSTATIC_CULTURE,HappinessType,ARGTYPE_IDENTITY,HAPPINESS_ECSTATIC,,
GREAT_PERSON_INDIVIDUAL_IBN_KHALDUN_EMPIRE_ECSTATIC_CULTURE,YieldType,ARGTYPE_IDENTITY,YIELD_CULTURE,,
GREAT_PERSON_INDIVIDUAL_IBN_KHALDUN_EMPIRE_ECSTATIC_CULTURE,Amount,ARGTYPE_IDENTITY,4,,
GREAT_PERSON_INDIVIDUAL_IBN_KHALDUN_EMPIRE_ECSTATIC_PRODUCTION,HappinessType,ARGTYPE_IDENTITY,HAPPINESS_ECSTATIC,,
GREAT_PERSON_INDIVIDUAL_IBN_KHALDUN_EMPIRE_ECSTATIC_PRODUCTION,YieldType,ARGTYPE_IDENTITY,YIELD_PRODUCTION,,
GREAT_PERSON_INDIVIDUAL_IBN_KHALDUN_EMPIRE_ECSTATIC_PRODUCTION,Amount,ARGTYPE_IDENTITY,4,,
GREAT_PERSON_INDIVIDUAL_IBN_KHALDUN_EMPIRE_ECSTATIC_GOLD,HappinessType,ARGTYPE_IDENTITY,HAPPINESS_ECSTATIC,,
GREAT_PERSON_INDIVIDUAL_IBN_KHALDUN_EMPIRE_ECSTATIC_GOLD,YieldType,ARGTYPE_IDENTITY,YIELD_GOLD,,
GREAT_PERSON_INDIVIDUAL_IBN_KHALDUN_EMPIRE_ECSTATIC_GOLD,Amount,ARGTYPE_IDENTITY,4,,
GREAT_PERSON_INDIVIDUAL_IBN_KHALDUN_EMPIRE_ECSTATIC_FAITH,HappinessType,ARGTYPE_IDENTITY,HAPPINESS_ECSTATIC,,
GREAT_PERSON_INDIVIDUAL_IBN_KHALDUN_EMPIRE_ECSTATIC_FAITH,YieldType,ARGTYPE_IDENTITY,YIELD_FAITH,,
GREAT_PERSON_INDIVIDUAL_IBN_KHALDUN_EMPIRE_ECSTATIC_FAITH,Amount,ARGTYPE_IDENTITY,4,,
GREAT_PERSON_INDIVIDUAL_HIMERIOS_ACTIVE,Amount,ARGTYPE_IDENTITY,-1,,
GREAT_PERSON_INDIVIDUAL_HIMERIOS_ACTIVE_UNIT_BONUS,AbilityType,ARGTYPE_IDENTITY,ABILITY_HIMERIOS_BONUS_EXPERIENCE,,
HIMERIOS_BONUS_EXPERIENCE,Amount,ARGTYPE_IDENTITY,25,,
GREAT_PERSON_INDIVIDUAL_HANNO_THE_NAVIGATOR_FREE_UNIT,UnitPromotionClassType,ARGTYPE_IDENTITY,PROMOTION_CLASS_NAVAL_MELEE,,
GREAT_PERSON_INDIVIDUAL_HANNO_THE_NAVIGATOR_FREE_UNIT,ModifierId,ARGTYPE_IDENTITY,HANNO_FREE_UNIT_MOVEMENT_BUFF,,
HANNO_FREE_UNIT_MOVEMENT_BUFF,Amount,ARGTYPE_IDENTITY,2,,
GREAT_PERSON_INDIVIDUAL_IMHOTEP_PRODUCTION_ANCIENT_CLASSICAL,Amount,ScaleByGameSpeed,350,,
GREAT_PERSON_INDIVIDUAL_IMHOTEP_PRODUCTION_ANCIENT_CLASSICAL,KeepOverflow,ARGTYPE_IDENTITY,0,,
GREAT_PERSON_INDIVIDUAL_IMHOTEP_PRODUCTION_OTHER,Amount,ScaleByGameSpeed,175,,
GREAT_PERSON_INDIVIDUAL_IMHOTEP_PRODUCTION_OTHER,KeepOverflow,ARGTYPE_IDENTITY,0,,
GREATPERSON_DISTRICT_PRODUCTION_ADJACENCY_AS_TOURISM,Amount,ARGTYPE_IDENTITY,100,,
GREATPERSON_DISTRICT_PRODUCTION_ADJACENCY_AS_TOURISM,YieldType,ARGTYPE_IDENTITY,YIELD_PRODUCTION,,
GREATPERSON_DISTRICT_SCIENCE_ADJACENCY_AS_TOURISM,Amount,ARGTYPE_IDENTITY,100,,
GREATPERSON_DISTRICT_SCIENCE_ADJACENCY_AS_TOURISM,YieldType,ARGTYPE_IDENTITY,YIELD_SCIENCE,,
GREATPERSON_DISTRICT_CULTURE_ADJACENCY_AS_TOURISM,Amount,ARGTYPE_IDENTITY,100,,
GREATPERSON_DISTRICT_CULTURE_ADJACENCY_AS_TOURISM,YieldType,ARGTYPE_IDENTITY,YIELD_CULTURE,,
GREATPERSON_DISTRICT_GOLD_ADJACENCY_AS_TOURISM,Amount,ARGTYPE_IDENTITY,50,,
GREATPERSON_DISTRICT_GOLD_ADJACENCY_AS_TOURISM,YieldType,ARGTYPE_IDENTITY,YIELD_GOLD,,
GREATPERSON_DISTRICT_FAITH_ADJACENCY_AS_TOURISM,Amount,ARGTYPE_IDENTITY,50,,
GREATPERSON_DISTRICT_FAITH_ADJACENCY_AS_TOURISM,YieldType,ARGTYPE_IDENTITY,YIELD_FAITH,,
GREATPERSON_CITY_STATE_STEAL_ENVOYS,RemoveOthers,ARGTYPE_IDENTITY,1,,
GREATPERSON_HAVE_A_FREE_TRADE_ROUTE,Amount,ARGTYPE_IDENTITY,1,,
GREATPERSON_CITY_STATE_TRADE_FAITH,Amount,ARGTYPE_IDENTITY,2,,
GREATPERSON_CITY_STATE_TRADE_FAITH,YieldType,ARGTYPE_IDENTITY,YIELD_FAITH,,
GREATPERSON_GAIN_THREE_ENVOYS_HERE,Amount,ARGTYPE_IDENTITY,3,,
GREAT_PERSON_GRANT_LOTSO_SCIENCE,Amount,ARGTYPE_IDENTITY,1000,,
GREAT_PERSON_GRANT_LOTSO_SCIENCE,Scale,ARGTYPE_IDENTITY,1,,
GREAT_PERSON_GRANT_LOTSO_SCIENCE,YieldType,ARGTYPE_IDENTITY,YIELD_SCIENCE,,
GREAT_PERSON_GRANT_LOTSO_CULTURE,Amount,ARGTYPE_IDENTITY,1000,,
GREAT_PERSON_GRANT_LOTSO_CULTURE,Scale,ARGTYPE_IDENTITY,1,,
GREAT_PERSON_GRANT_LOTSO_CULTURE,YieldType,ARGTYPE_IDENTITY,YIELD_CULTURE,,
GREAT_PERSON_ENTER_FOREIGN_LANDS,Enter,ARGTYPE_IDENTITY,1,,
TRAIT_FREE_ENVOY_WHEN_DISTRICT_MADE,Amount,ARGTYPE_IDENTITY,1,,
MINOR_CIV_AYUTTHAYA_UNIQUE_INFLUENCE_BONUS,ModifierId,ARGTYPE_IDENTITY,MINOR_CIV_AYUTTHAYA_CULTURE_COMPLETE_BUILDING,,
MINOR_CIV_AYUTTHAYA_CULTURE_COMPLETE_BUILDING,YieldType,ARGTYPE_IDENTITY,YIELD_CULTURE,,
MINOR_CIV_AYUTTHAYA_CULTURE_COMPLETE_BUILDING,BuildingProductionPercent,ARGTYPE_IDENTITY,10,,
MINOR_CIV_AYUTTHAYA_CULTURE_COMPLETE_BUILDING,IncludeWonder,ARGTYPE_IDENTITY,0,,
MINOR_CIV_CHINGUETTI_UNIQUE_INFLUENCE_BONUS,ModifierId,ARGTYPE_IDENTITY,MINOR_CIV_CHINGUETTI_FAITH_FOLLOWERS,,
MINOR_CIV_CHINGUETTI_FAITH_FOLLOWERS,YieldType,ARGTYPE_IDENTITY,YIELD_FAITH,,
MINOR_CIV_CHINGUETTI_FAITH_FOLLOWERS,Amount,ARGTYPE_IDENTITY,1,,
MINOR_CIV_JOHANNESBURG_UNIQUE_INFLUENCE_BONUS,ModifierId,ARGTYPE_IDENTITY,MINOR_CIV_JOHANNESBURG_PRODUCTION_RESOURCES,,
MINOR_CIV_JOHANNESBURG_PRODUCTION_RESOURCES,YieldType,ARGTYPE_IDENTITY,YIELD_PRODUCTION,,
MINOR_CIV_JOHANNESBURG_PRODUCTION_RESOURCES,Amount,ARGTYPE_IDENTITY,1,,
MINOR_CIV_JOHANNESBURG_UNIQUE_INFLUENCE_BONUS_LATE,ModifierId,ARGTYPE_IDENTITY,MINOR_CIV_JOHANNESBURG_PRODUCTION_RESOURCES_LATE,,
MINOR_CIV_JOHANNESBURG_PRODUCTION_RESOURCES_LATE,Amount,ARGTYPE_IDENTITY,1,,
MINOR_CIV_JOHANNESBURG_PRODUCTION_RESOURCES_LATE,YieldType,ARGTYPE_IDENTITY,YIELD_PRODUCTION,,
MINOR_CIV_NALANDA_UNIQUE_INFLUENCE_BONUS,ModifierId,ARGTYPE_IDENTITY,MINOR_CIV_NALANDA_CAN_MAHAVIHARA,,
MINOR_CIV_NALANDA_CAN_MAHAVIHARA,ImprovementType,ARGTYPE_IDENTITY,IMPROVEMENT_MAHAVIHARA,,
MINOR_CIV_NALANDA_FREE_TECHNOLOGY,ModifierId,ARGTYPE_IDENTITY,MINOR_CIV_NALANDA_FREE_TECHNOLOGY_MODIFIER,,
MINOR_CIV_NALANDA_FREE_TECHNOLOGY_MODIFIER,Amount,ARGTYPE_IDENTITY,1,,
MINOR_CIV_SAMARKAND_UNIQUE_INFLUENCE_BONUS,ModifierId,ARGTYPE_IDENTITY,MINOR_CIV_SAMARKAND_CAN_TRADING_DOME,,
MINOR_CIV_SAMARKAND_CAN_TRADING_DOME,ImprovementType,ARGTYPE_IDENTITY,IMPROVEMENT_TRADING_DOME,,
MINOR_CIV_SAMARKAND_TRADE_GOLD,ModifierId,ARGTYPE_IDENTITY,MINOR_CIV_SAMARKAND_TRADE_GOLD_MODIFIER,,
MINOR_CIV_SAMARKAND_TRADE_GOLD_MODIFIER,Amount,ARGTYPE_IDENTITY,1,,
MINOR_CIV_SAMARKAND_TRADE_GOLD_MODIFIER,ImprovementType,ARGTYPE_IDENTITY,IMPROVEMENT_TRADING_DOME,,
MINOR_CIV_SAMARKAND_TRADE_GOLD_MODIFIER,YieldType,ARGTYPE_IDENTITY,YIELD_GOLD,,
MINOR_CIV_WOLIN_GREAT_GENERAL_INFLUENCE_BONUS,ModifierId,ARGTYPE_IDENTITY,MINOR_CIV_WOLIN_GREAT_GENERAL_INFLUENCE_BONUS_MODIFIER,,
MINOR_CIV_WOLIN_GREAT_GENERAL_INFLUENCE_BONUS_MODIFIER,AbilityType,ARGTYPE_IDENTITY,ABILITY_WOLIN_LAND_UNITS,,
MINOR_CIV_WOLIN_GREAT_ADMIRAL_INFLUENCE_BONUS,ModifierId,ARGTYPE_IDENTITY,MINOR_CIV_WOLIN_GREAT_ADMIRAL_INFLUENCE_BONUS_MODIFIER,,
MINOR_CIV_WOLIN_GREAT_ADMIRAL_INFLUENCE_BONUS_MODIFIER,AbilityType,ARGTYPE_IDENTITY,ABILITY_WOLIN_NAVAL_UNITS,,
WOLIN_GREAT_GENERAL_POINTS,GreatPersonClassType,ARGTYPE_IDENTITY,GREAT_PERSON_CLASS_GENERAL,,
WOLIN_GREAT_GENERAL_POINTS,Amount,ARGTYPE_IDENTITY,25,,
WOLIN_GREAT_ADMIRAL_POINTS,GreatPersonClassType,ARGTYPE_IDENTITY,GREAT_PERSON_CLASS_ADMIRAL,,
WOLIN_GREAT_ADMIRAL_POINTS,Amount,ARGTYPE_IDENTITY,25,,
AGENDA_HAMMURABI_DISTRICTS,StatementKey,ARGTYPE_IDENTITY,AGENDA_HAMMURABI_DISTRICTS,,
AGENDA_HAMMURABI_DISTRICTS,SimpleModifierDescription,ARGTYPE_IDENTITY,LOC_TOOLTIP_SAMPLE_DIPLOMACY_HAMMURABI_DISTRICT,,
SABUM_KIBITTUM_ANTI_CAVALRY,Amount,ARGTYPE_IDENTITY,17,,
MODIFIER_CREATE_HERO_ANANSI,HeroClassType,ARGTYPE_IDENTITY,HEROCLASS_ANANSI,,
MODIFIER_CREATE_HERO_ANANSI,LocationBuildingType,ARGTYPE_IDENTITY,BUILDING_MONUMENT,,
MODIFIER_CREATE_HERO_ARTHUR,HeroClassType,ARGTYPE_IDENTITY,HEROCLASS_ARTHUR,,
MODIFIER_CREATE_HERO_ARTHUR,LocationBuildingType,ARGTYPE_IDENTITY,BUILDING_MONUMENT,,
MODIFIER_CREATE_HERO_BEOWULF,HeroClassType,ARGTYPE_IDENTITY,HEROCLASS_BEOWULF,,
MODIFIER_CREATE_HERO_BEOWULF,LocationBuildingType,ARGTYPE_IDENTITY,BUILDING_MONUMENT,,
MODIFIER_CREATE_HERO_HERCULES,HeroClassType,ARGTYPE_IDENTITY,HEROCLASS_HERCULES,,
MODIFIER_CREATE_HERO_HERCULES,LocationBuildingType,ARGTYPE_IDENTITY,BUILDING_MONUMENT,,
MODIFIER_CREATE_HERO_HIMIKO,HeroClassType,ARGTYPE_IDENTITY,HEROCLASS_HIMIKO,,
MODIFIER_CREATE_HERO_HIMIKO,LocationBuildingType,ARGTYPE_IDENTITY,BUILDING_MONUMENT,,
MODIFIER_CREATE_HERO_HIPPOLYTA,HeroClassType,ARGTYPE_IDENTITY,HEROCLASS_HIPPOLYTA,,
MODIFIER_CREATE_HERO_HIPPOLYTA,LocationBuildingType,ARGTYPE_IDENTITY,BUILDING_MONUMENT,,
MODIFIER_CREATE_HERO_HUNAHPU,HeroClassType,ARGTYPE_IDENTITY,HEROCLASS_HUNAHPU,,
MODIFIER_CREATE_HERO_HUNAHPU,LocationBuildingType,ARGTYPE_IDENTITY,BUILDING_MONUMENT,,
MODIFIER_CREATE_HERO_OYA,HeroClassType,ARGTYPE_IDENTITY,HEROCLASS_OYA,,
MODIFIER_CREATE_HERO_OYA,LocationBuildingType,ARGTYPE_IDENTITY,BUILDING_MONUMENT,,
MODIFIER_CREATE_HERO_MAUI,HeroClassType,ARGTYPE_IDENTITY,HEROCLASS_MAUI,,
MODIFIER_CREATE_HERO_MAUI,LocationBuildingType,ARGTYPE_IDENTITY,BUILDING_MONUMENT,,
MODIFIER_CREATE_HERO_MULAN,HeroClassType,ARGTYPE_IDENTITY,HEROCLASS_MULAN,,
MODIFIER_CREATE_HERO_MULAN,LocationBuildingType,ARGTYPE_IDENTITY,BUILDING_MONUMENT,,
MODIFIER_CREATE_HERO_SINBAD,HeroClassType,ARGTYPE_IDENTITY,HEROCLASS_SINBAD,,
MODIFIER_CREATE_HERO_SINBAD,LocationBuildingType,ARGTYPE_IDENTITY,BUILDING_MONUMENT,,
MODIFIER_CREATE_HERO_WUKONG,HeroClassType,ARGTYPE_IDENTITY,HEROCLASS_WUKONG,,
MODIFIER_CREATE_HERO_WUKONG,LocationBuildingType,ARGTYPE_IDENTITY,BUILDING_MONUMENT,,
MODIFIER_DISCOVER_RANDOM_HERO,RandomHero,ARGTYPE_IDENTITY,1,,
MODIFIER_QUESTING_KNIGHT_ERA_STRENGTH,ClassicalEraAmount,ARGTYPE_IDENTITY,12,,
MODIFIER_QUESTING_KNIGHT_ERA_STRENGTH,MedievalEraAmount,ARGTYPE_IDENTITY,24,,
MODIFIER_QUESTING_KNIGHT_ERA_STRENGTH,RenaissanceEraAmount,ARGTYPE_IDENTITY,32,,
MODIFIER_QUESTING_KNIGHT_ERA_STRENGTH,IndustrialEraAmount,ARGTYPE_IDENTITY,40,,
MODIFIER_QUESTING_KNIGHT_ERA_STRENGTH,ModernEraAmount,ARGTYPE_IDENTITY,52,,
MODIFIER_QUESTING_KNIGHT_ERA_STRENGTH,AtomicEraAmount,ARGTYPE_IDENTITY,64,,
MODIFIER_QUESTING_KNIGHT_ERA_STRENGTH,InformationEraAmount,ARGTYPE_IDENTITY,76,,
MODIFIER_QUESTING_KNIGHT_ERA_STRENGTH,FutureEraAmount,ARGTYPE_IDENTITY,88,,
HERO_COMBAT_STRENGTH_AOE,AbilityType,ARGTYPE_IDENTITY,ABILITY_HERO_COMBAT_STRENGTH_UNIT,,
HERO_COMBAT_STRENGTH_UNIT,Amount,ARGTYPE_IDENTITY,5,,
MODIFIER_HIPPOLYTA_HEAL_PER_TURN,Type,ARGTYPE_IDENTITY,ALL,,
MODIFIER_HIPPOLYTA_HEAL_PER_TURN,Amount,ARGTYPE_IDENTITY,20,,
MODIFIER_HUNAHPU_RESURRECT_KILL,Key,ARGTYPE_IDENTITY,HeroResurrectKill,,
MODIFIER_HUNAHPU_RESURRECT_KILL,Amount,ARGTYPE_IDENTITY,1,,
MODIFIER_MULAN_STRENGTH_PER_TURN,Key,ARGTYPE_IDENTITY,HeroStrengthPerTurn,,
MODIFIER_MULAN_STRENGTH_PER_TURN,Amount,ARGTYPE_IDENTITY,1,,
MODIFIER_MULAN_FORTIFY,Key,ARGTYPE_IDENTITY,HeroAutoFortify,,
MODIFIER_MULAN_FORTIFY,Amount,ARGTYPE_IDENTITY,1,,
MODIFIER_WUKONG_STEALTH,Hidden,ARGTYPE_IDENTITY,1,,
MODIFIER_SINBAD_GOLD_FOR_DISCOVER_CONTINENT,Key,ARGTYPE_IDENTITY,HeroGoldOnFindNewContinent,,
MODIFIER_SINBAD_GOLD_FOR_DISCOVER_CONTINENT,Amount,ScaleByGameSpeed,400,,
MODIFIER_SINBAD_GOLD_FOR_DISCOVER_WONDER,Key,ARGTYPE_IDENTITY,HeroGoldOnFindWonder,,
MODIFIER_SINBAD_GOLD_FOR_DISCOVER_WONDER,Amount,ScaleByGameSpeed,400,,
MODIFIER_SINBAD_OCEAN_VALID_TERRAIN,TerrainType,ARGTYPE_IDENTITY,TERRAIN_OCEAN,,
MODIFIER_SINBAD_OCEAN_VALID_TERRAIN,Valid,ARGTYPE_IDENTITY,1,,
MODIFIER_HERO_IGNORE_FOREST_TERRAIN_COST,Ignore,ARGTYPE_IDENTITY,1,,
MODIFIER_HERO_IGNORE_FOREST_TERRAIN_COST,Type,ARGTYPE_IDENTITY,FOREST,,
MODIFIER_HERO_IGNORE_HILLS_TERRAIN_COST,Ignore,ARGTYPE_IDENTITY,1,,
MODIFIER_HERO_IGNORE_HILLS_TERRAIN_COST,Type,ARGTYPE_IDENTITY,HILLS,,
MODIFIER_HERO_IGNORE_ALL_TERRAIN_COST,Ignore,ARGTYPE_IDENTITY,1,,
MODIFIER_HERO_IGNORE_ALL_TERRAIN_COST,Type,ARGTYPE_IDENTITY,ALL,,
MODIFIER_TRAIT_SUMERIA_HEROES_LIFESPAN,Key,ARGTYPE_IDENTITY,PlayerHeroesExtraLifespan,,
MODIFIER_TRAIT_SUMERIA_HEROES_LIFESPAN,Amount,ARGTYPE_IDENTITY,20,,
MODIFIER_TRAIT_SUMERIA_HEROES_FASTER_CLAIM_ANANSI,ProjectType,ARGTYPE_IDENTITY,PROJECT_CREATE_HERO_ANANSI,,
MODIFIER_TRAIT_SUMERIA_HEROES_FASTER_CLAIM_ANANSI,Amount,ARGTYPE_IDENTITY,25,,
MODIFIER_TRAIT_SUMERIA_HEROES_FASTER_CLAIM_ARTHUR,ProjectType,ARGTYPE_IDENTITY,PROJECT_CREATE_HERO_ARTHUR,,
MODIFIER_TRAIT_SUMERIA_HEROES_FASTER_CLAIM_ARTHUR,Amount,ARGTYPE_IDENTITY,25,,
MODIFIER_TRAIT_SUMERIA_HEROES_FASTER_CLAIM_BEOWULF,ProjectType,ARGTYPE_IDENTITY,PROJECT_CREATE_HERO_BEOWULF,,
MODIFIER_TRAIT_SUMERIA_HEROES_FASTER_CLAIM_BEOWULF,Amount,ARGTYPE_IDENTITY,25,,
MODIFIER_TRAIT_SUMERIA_HEROES_FASTER_CLAIM_HERCULES,ProjectType,ARGTYPE_IDENTITY,PROJECT_CREATE_HERO_HERCULES,,
MODIFIER_TRAIT_SUMERIA_HEROES_FASTER_CLAIM_HERCULES,Amount,ARGTYPE_IDENTITY,25,,
MODIFIER_TRAIT_SUMERIA_HEROES_FASTER_CLAIM_HIMIKO,ProjectType,ARGTYPE_IDENTITY,PROJECT_CREATE_HERO_HIMIKO,,
MODIFIER_TRAIT_SUMERIA_HEROES_FASTER_CLAIM_HIMIKO,Amount,ARGTYPE_IDENTITY,25,,
MODIFIER_TRAIT_SUMERIA_HEROES_FASTER_CLAIM_HIPPOLYTA,ProjectType,ARGTYPE_IDENTITY,PROJECT_CREATE_HERO_HIPPOLYTA,,
MODIFIER_TRAIT_SUMERIA_HEROES_FASTER_CLAIM_HIPPOLYTA,Amount,ARGTYPE_IDENTITY,25,,
MODIFIER_TRAIT_SUMERIA_HEROES_FASTER_CLAIM_HUNAHPU,ProjectType,ARGTYPE_IDENTITY,PROJECT_CREATE_HERO_HUNAHPU,,
MODIFIER_TRAIT_SUMERIA_HEROES_FASTER_CLAIM_HUNAHPU,Amount,ARGTYPE_IDENTITY,25,,
MODIFIER_TRAIT_SUMERIA_HEROES_FASTER_CLAIM_OYA,ProjectType,ARGTYPE_IDENTITY,PROJECT_CREATE_HERO_OYA,,
MODIFIER_TRAIT_SUMERIA_HEROES_FASTER_CLAIM_OYA,Amount,ARGTYPE_IDENTITY,25,,
MODIFIER_TRAIT_SUMERIA_HEROES_FASTER_CLAIM_MAUI,ProjectType,ARGTYPE_IDENTITY,PROJECT_CREATE_HERO_MAUI,,
MODIFIER_TRAIT_SUMERIA_HEROES_FASTER_CLAIM_MAUI,Amount,ARGTYPE_IDENTITY,25,,
MODIFIER_TRAIT_SUMERIA_HEROES_FASTER_CLAIM_MULAN,ProjectType,ARGTYPE_IDENTITY,PROJECT_CREATE_HERO_MULAN,,
MODIFIER_TRAIT_SUMERIA_HEROES_FASTER_CLAIM_MULAN,Amount,ARGTYPE_IDENTITY,25,,
MODIFIER_TRAIT_SUMERIA_HEROES_FASTER_CLAIM_SINBAD,ProjectType,ARGTYPE_IDENTITY,PROJECT_CREATE_HERO_SINBAD,,
MODIFIER_TRAIT_SUMERIA_HEROES_FASTER_CLAIM_SINBAD,Amount,ARGTYPE_IDENTITY,25,,
MODIFIER_TRAIT_SUMERIA_HEROES_FASTER_CLAIM_WUKONG,ProjectType,ARGTYPE_IDENTITY,PROJECT_CREATE_HERO_WUKONG,,
MODIFIER_TRAIT_SUMERIA_HEROES_FASTER_CLAIM_WUKONG,Amount,ARGTYPE_IDENTITY,25,,
MODIFIER_TRAIT_NKISI_HEROIC_RELIC_GOLD,GreatWorkObjectType,ARGTYPE_IDENTITY,GREATWORKOBJECT_HERO,,
MODIFIER_TRAIT_NKISI_HEROIC_RELIC_GOLD,YieldType,ARGTYPE_IDENTITY,YIELD_GOLD,,
MODIFIER_TRAIT_NKISI_HEROIC_RELIC_GOLD,YieldChange,ARGTYPE_IDENTITY,4,,
MODIFIER_TRAIT_NKISI_HEROIC_RELIC_FOOD,GreatWorkObjectType,ARGTYPE_IDENTITY,GREATWORKOBJECT_HERO,,
MODIFIER_TRAIT_NKISI_HEROIC_RELIC_FOOD,YieldType,ARGTYPE_IDENTITY,YIELD_FOOD,,
MODIFIER_TRAIT_NKISI_HEROIC_RELIC_FOOD,YieldChange,ARGTYPE_IDENTITY,2,,
MODIFIER_TRAIT_NKISI_HEROIC_RELIC_FAITH,GreatWorkObjectType,ARGTYPE_IDENTITY,GREATWORKOBJECT_HERO,,
MODIFIER_TRAIT_NKISI_HEROIC_RELIC_FAITH,YieldType,ARGTYPE_IDENTITY,YIELD_FAITH,,
MODIFIER_TRAIT_NKISI_HEROIC_RELIC_FAITH,YieldChange,ARGTYPE_IDENTITY,1,,
MODIFIER_TRAIT_NKISI_HEROIC_RELIC_PRODUCTION,GreatWorkObjectType,ARGTYPE_IDENTITY,GREATWORKOBJECT_HERO,,
MODIFIER_TRAIT_NKISI_HEROIC_RELIC_PRODUCTION,YieldType,ARGTYPE_IDENTITY,YIELD_PRODUCTION,,
MODIFIER_TRAIT_NKISI_HEROIC_RELIC_PRODUCTION,YieldChange,ARGTYPE_IDENTITY,2,,
MODIFIER_BELIEF_RELIQUARIES_ATTACH_HEROIC_RELIC_FAITH,ModifierId,ARGTYPE_IDENTITY,MODIFIER_RELIQUARIES_HEROIC_RELIC_FAITH,,
MODIFIER_RELIQUARIES_HEROIC_RELIC_FAITH,GreatWorkObjectType,ARGTYPE_IDENTITY,GREATWORKOBJECT_HERO,,
MODIFIER_RELIQUARIES_HEROIC_RELIC_FAITH,YieldType,ARGTYPE_IDENTITY,YIELD_FAITH,,
MODIFIER_RELIQUARIES_HEROIC_RELIC_FAITH,ScalingFactor,ARGTYPE_IDENTITY,300,,
MODIFIER_BELIEF_RELIQUARIES_ATTACH_HEROIC_RELIC_TOURISM,ModifierId,ARGTYPE_IDENTITY,MODIFIER_RELIQUARIES_HEROIC_RELIC_TOURISM,,
MODIFIER_RELIQUARIES_HEROIC_RELIC_TOURISM,GreatWorkObjectType,ARGTYPE_IDENTITY,GREATWORKOBJECT_HERO,,
MODIFIER_RELIQUARIES_HEROIC_RELIC_TOURISM,ScalingFactor,ARGTYPE_IDENTITY,300,,
MODIFIER_TEMPLE_RECALL_FAITH_COST_DISCOUNT_ANANSI,UnitType,ARGTYPE_IDENTITY,UNIT_HERO_ANANSI,,
MODIFIER_TEMPLE_RECALL_FAITH_COST_DISCOUNT_ANANSI,Amount,ARGTYPE_IDENTITY,15,,
MODIFIER_TEMPLE_RECALL_FAITH_COST_DISCOUNT_ARTHUR,UnitType,ARGTYPE_IDENTITY,UNIT_HERO_ARTHUR,,
MODIFIER_TEMPLE_RECALL_FAITH_COST_DISCOUNT_ARTHUR,Amount,ARGTYPE_IDENTITY,15,,
MODIFIER_TEMPLE_RECALL_FAITH_COST_DISCOUNT_BEOWULF,UnitType,ARGTYPE_IDENTITY,UNIT_HERO_BEOWULF,,
MODIFIER_TEMPLE_RECALL_FAITH_COST_DISCOUNT_BEOWULF,Amount,ARGTYPE_IDENTITY,15,,
MODIFIER_TEMPLE_RECALL_FAITH_COST_DISCOUNT_HERCULES,UnitType,ARGTYPE_IDENTITY,UNIT_HERO_HERCULES,,
MODIFIER_TEMPLE_RECALL_FAITH_COST_DISCOUNT_HERCULES,Amount,ARGTYPE_IDENTITY,15,,
MODIFIER_TEMPLE_RECALL_FAITH_COST_DISCOUNT_HIMIKO,UnitType,ARGTYPE_IDENTITY,UNIT_HERO_HIMIKO,,
MODIFIER_TEMPLE_RECALL_FAITH_COST_DISCOUNT_HIMIKO,Amount,ARGTYPE_IDENTITY,15,,
MODIFIER_TEMPLE_RECALL_FAITH_COST_DISCOUNT_HIPPOLYTA,UnitType,ARGTYPE_IDENTITY,UNIT_HERO_HIPPOLYTA,,
MODIFIER_TEMPLE_RECALL_FAITH_COST_DISCOUNT_HIPPOLYTA,Amount,ARGTYPE_IDENTITY,15,,
MODIFIER_TEMPLE_RECALL_FAITH_COST_DISCOUNT_HUNAHPU,UnitType,ARGTYPE_IDENTITY,UNIT_HERO_HUNAHPU,,
MODIFIER_TEMPLE_RECALL_FAITH_COST_DISCOUNT_HUNAHPU,Amount,ARGTYPE_IDENTITY,15,,
MODIFIER_TEMPLE_RECALL_FAITH_COST_DISCOUNT_OYA,UnitType,ARGTYPE_IDENTITY,UNIT_HERO_OYA,,
MODIFIER_TEMPLE_RECALL_FAITH_COST_DISCOUNT_OYA,Amount,ARGTYPE_IDENTITY,15,,
MODIFIER_TEMPLE_RECALL_FAITH_COST_DISCOUNT_MAUI,UnitType,ARGTYPE_IDENTITY,UNIT_HERO_MAUI,,
MODIFIER_TEMPLE_RECALL_FAITH_COST_DISCOUNT_MAUI,Amount,ARGTYPE_IDENTITY,15,,
MODIFIER_TEMPLE_RECALL_FAITH_COST_DISCOUNT_MULAN,UnitType,ARGTYPE_IDENTITY,UNIT_HERO_MULAN,,
MODIFIER_TEMPLE_RECALL_FAITH_COST_DISCOUNT_MULAN,Amount,ARGTYPE_IDENTITY,15,,
MODIFIER_TEMPLE_RECALL_FAITH_COST_DISCOUNT_SINBAD,UnitType,ARGTYPE_IDENTITY,UNIT_HERO_SINBAD,,
MODIFIER_TEMPLE_RECALL_FAITH_COST_DISCOUNT_SINBAD,Amount,ARGTYPE_IDENTITY,15,,
MODIFIER_TEMPLE_RECALL_FAITH_COST_DISCOUNT_WUKONG,UnitType,ARGTYPE_IDENTITY,UNIT_HERO_WUKONG,,
MODIFIER_TEMPLE_RECALL_FAITH_COST_DISCOUNT_WUKONG,Amount,ARGTYPE_IDENTITY,15,,
MODIFIER_ORACLE_RECALL_FAITH_COST_DISCOUNT_ANANSI,UnitType,ARGTYPE_IDENTITY,UNIT_HERO_ANANSI,,
MODIFIER_ORACLE_RECALL_FAITH_COST_DISCOUNT_ANANSI,Amount,ARGTYPE_IDENTITY,15,,
MODIFIER_ORACLE_RECALL_FAITH_COST_DISCOUNT_ARTHUR,UnitType,ARGTYPE_IDENTITY,UNIT_HERO_ARTHUR,,
MODIFIER_ORACLE_RECALL_FAITH_COST_DISCOUNT_ARTHUR,Amount,ARGTYPE_IDENTITY,15,,
MODIFIER_ORACLE_RECALL_FAITH_COST_DISCOUNT_BEOWULF,UnitType,ARGTYPE_IDENTITY,UNIT_HERO_BEOWULF,,
MODIFIER_ORACLE_RECALL_FAITH_COST_DISCOUNT_BEOWULF,Amount,ARGTYPE_IDENTITY,15,,
MODIFIER_ORACLE_RECALL_FAITH_COST_DISCOUNT_HERCULES,UnitType,ARGTYPE_IDENTITY,UNIT_HERO_HERCULES,,
MODIFIER_ORACLE_RECALL_FAITH_COST_DISCOUNT_HERCULES,Amount,ARGTYPE_IDENTITY,15,,
MODIFIER_ORACLE_RECALL_FAITH_COST_DISCOUNT_HIMIKO,UnitType,ARGTYPE_IDENTITY,UNIT_HERO_HIMIKO,,
MODIFIER_ORACLE_RECALL_FAITH_COST_DISCOUNT_HIMIKO,Amount,ARGTYPE_IDENTITY,15,,
MODIFIER_ORACLE_RECALL_FAITH_COST_DISCOUNT_HIPPOLYTA,UnitType,ARGTYPE_IDENTITY,UNIT_HERO_HIPPOLYTA,,
MODIFIER_ORACLE_RECALL_FAITH_COST_DISCOUNT_HIPPOLYTA,Amount,ARGTYPE_IDENTITY,15,,
MODIFIER_ORACLE_RECALL_FAITH_COST_DISCOUNT_HUNAHPU,UnitType,ARGTYPE_IDENTITY,UNIT_HERO_HUNAHPU,,
MODIFIER_ORACLE_RECALL_FAITH_COST_DISCOUNT_HUNAHPU,Amount,ARGTYPE_IDENTITY,15,,
MODIFIER_ORACLE_RECALL_FAITH_COST_DISCOUNT_OYA,UnitType,ARGTYPE_IDENTITY,UNIT_HERO_OYA,,
MODIFIER_ORACLE_RECALL_FAITH_COST_DISCOUNT_OYA,Amount,ARGTYPE_IDENTITY,15,,
MODIFIER_ORACLE_RECALL_FAITH_COST_DISCOUNT_MAUI,UnitType,ARGTYPE_IDENTITY,UNIT_HERO_MAUI,,
MODIFIER_ORACLE_RECALL_FAITH_COST_DISCOUNT_MAUI,Amount,ARGTYPE_IDENTITY,15,,
MODIFIER_ORACLE_RECALL_FAITH_COST_DISCOUNT_MULAN,UnitType,ARGTYPE_IDENTITY,UNIT_HERO_MULAN,,
MODIFIER_ORACLE_RECALL_FAITH_COST_DISCOUNT_MULAN,Amount,ARGTYPE_IDENTITY,15,,
MODIFIER_ORACLE_RECALL_FAITH_COST_DISCOUNT_SINBAD,UnitType,ARGTYPE_IDENTITY,UNIT_HERO_SINBAD,,
MODIFIER_ORACLE_RECALL_FAITH_COST_DISCOUNT_SINBAD,Amount,ARGTYPE_IDENTITY,15,,
MODIFIER_ORACLE_RECALL_FAITH_COST_DISCOUNT_WUKONG,UnitType,ARGTYPE_IDENTITY,UNIT_HERO_WUKONG,,
MODIFIER_ORACLE_RECALL_FAITH_COST_DISCOUNT_WUKONG,Amount,ARGTYPE_IDENTITY,15,,
MODIFIER_SHRINE_CITY_HERO_EXTRA_LIFESPAN,Key,ARGTYPE_IDENTITY,CityHeroExtraLifespan,,
MODIFIER_SHRINE_CITY_HERO_EXTRA_LIFESPAN,Amount,ARGTYPE_IDENTITY,10,,
MODIFIER_HANGING_GARDENS_ALL_HEROES_EXTRA_LIFESPAN,Key,ARGTYPE_IDENTITY,PlayerHeroesExtraLifespan,,
MODIFIER_HANGING_GARDENS_ALL_HEROES_EXTRA_LIFESPAN,Amount,ARGTYPE_IDENTITY,10,,
MODIFIER_TRAIT_LITHUANIAN_UNION_HEROIC_RELIC_FAITH,GreatWorkObjectType,ARGTYPE_IDENTITY,GREATWORKOBJECT_HERO,,
MODIFIER_TRAIT_LITHUANIAN_UNION_HEROIC_RELIC_FAITH,YieldType,ARGTYPE_IDENTITY,YIELD_FAITH,,
MODIFIER_TRAIT_LITHUANIAN_UNION_HEROIC_RELIC_FAITH,YieldChange,ARGTYPE_IDENTITY,2,,
MODIFIER_TRAIT_LITHUANIAN_UNION_HEROIC_RELIC_CULTURE,GreatWorkObjectType,ARGTYPE_IDENTITY,GREATWORKOBJECT_HERO,,
MODIFIER_TRAIT_LITHUANIAN_UNION_HEROIC_RELIC_CULTURE,YieldType,ARGTYPE_IDENTITY,YIELD_CULTURE,,
MODIFIER_TRAIT_LITHUANIAN_UNION_HEROIC_RELIC_CULTURE,YieldChange,ARGTYPE_IDENTITY,2,,
MODIFIER_TRAIT_LITHUANIAN_UNION_HEROIC_RELIC_GOLD,GreatWorkObjectType,ARGTYPE_IDENTITY,GREATWORKOBJECT_HERO,,
MODIFIER_TRAIT_LITHUANIAN_UNION_HEROIC_RELIC_GOLD,YieldType,ARGTYPE_IDENTITY,YIELD_GOLD,,
MODIFIER_TRAIT_LITHUANIAN_UNION_HEROIC_RELIC_GOLD,YieldChange,ARGTYPE_IDENTITY,4,,
TRAIT_FREE_BUILDING_WHEN_DISTRICT_MADE_EXCEPT,DistrictType,ARGTYPE_IDENTITY,DISTRICT_GOVERNMENT,,
TRAIT_FREE_ENVOY_WHEN_DISTRICT_MADE_SPECIFIC,DistrictType,ARGTYPE_IDENTITY,DISTRICT_GOVERNMENT,,
TRAIT_FREE_ENVOY_WHEN_DISTRICT_MADE_SPECIFIC,Amount,ARGTYPE_IDENTITY,1,,
GREATPERSON_CITY_STATE_ABSORB_EXPANSIONS,ModifierId,ARGTYPE_IDENTITY,GREATPERSON_CITY_STATE_ABSORB_EXPANSIONS_LOYALTY_ATTACHMENT,,
GREATPERSON_CITY_STATE_ABSORB_EXPANSIONS_LOYALTY_ATTACHMENT,Amount,ARGTYPE_IDENTITY,10,,
LUDWIG_WONDER_ADJACENCY,DistrictType,ARGTYPE_IDENTITY,DISTRICT_WONDER,,
LUDWIG_WONDER_ADJACENCY,YieldType,ARGTYPE_IDENTITY,YIELD_CULTURE,,
LUDWIG_WONDER_ADJACENCY,Amount,ARGTYPE_IDENTITY,2,,
LUDWIG_WONDER_ADJACENCY,Description,ARGTYPE_IDENTITY,LOC_DISTRICT_DISTRICT_1_CULTURE,,
LUDWIG_CULTURE_TOURISM_DISTRICTS,Amount,ARGTYPE_IDENTITY,100,,
LUDWIG_CULTURE_TOURISM_DISTRICTS,YieldType,ARGTYPE_IDENTITY,YIELD_CULTURE,,
AGENDA_HIGH_DISTRICTS_LUDWIG,InitialValue,ARGTYPE_IDENTITY,-8,,
AGENDA_HIGH_DISTRICTS_LUDWIG,StatementKey,ARGTYPE_IDENTITY,LOC_DIPLO_WARNING_LEADER_LUDWIG_REASON_ANY,,
AGENDA_HIGH_DISTRICTS_LUDWIG,SimpleModifierDescription,ARGTYPE_IDENTITY,LOC_DIPLO_MODIFIER_ETERNAL_LEADING,,
AGENDA_LOW_DISTRICTS_LUDWIG,InitialValue,ARGTYPE_IDENTITY,8,,
AGENDA_LOW_DISTRICTS_LUDWIG,StatementKey,ARGTYPE_IDENTITY,LOC_DIPLO_KUDO_LEADER_LUDWIG_REASON_ANY,,
AGENDA_LOW_DISTRICTS_LUDWIG,SimpleModifierDescription,ARGTYPE_IDENTITY,LOC_DIPLO_MODIFIER_ETERNAL_LAGGING,,
THEODORA_CULTURE_HOLY_SITE,YieldTypeToMirror,ARGTYPE_IDENTITY,YIELD_FAITH,,
THEODORA_CULTURE_HOLY_SITE,YieldTypeToGrant,ARGTYPE_IDENTITY,YIELD_CULTURE,,
THEODORA_HOLY_SITE_ADJACENCY_FARM,DistrictType,ARGTYPE_IDENTITY,DISTRICT_HOLY_SITE,,
THEODORA_HOLY_SITE_ADJACENCY_FARM,YieldType,ARGTYPE_IDENTITY,YIELD_FAITH,,
THEODORA_HOLY_SITE_ADJACENCY_FARM,ImprovementType,ARGTYPE_IDENTITY,IMPROVEMENT_FARM,,
THEODORA_HOLY_SITE_ADJACENCY_FARM,Amount,ARGTYPE_IDENTITY,1,,
THEODORA_HOLY_SITE_ADJACENCY_FARM,Description,ARGTYPE_IDENTITY,LOC_DISTRICT_FARM_1_FAITH,,
THEODORA_HIPPODROME_ADJACENCY_FARM,DistrictType,ARGTYPE_IDENTITY,DISTRICT_HIPPODROME,,
THEODORA_HIPPODROME_ADJACENCY_FARM,YieldType,ARGTYPE_IDENTITY,YIELD_FAITH,,
THEODORA_HIPPODROME_ADJACENCY_FARM,ImprovementType,ARGTYPE_IDENTITY,IMPROVEMENT_FARM,,
THEODORA_HIPPODROME_ADJACENCY_FARM,Amount,ARGTYPE_IDENTITY,1,,
THEODORA_HIPPODROME_ADJACENCY_FARM,Description,ARGTYPE_IDENTITY,LOC_DISTRICT_FARM_1_FAITH,,
AGENDA_HIGH_CULTURE_NEW_ROME,InitialValue,ARGTYPE_IDENTITY,6,,
AGENDA_HIGH_CULTURE_NEW_ROME,StatementKey,ARGTYPE_IDENTITY,LOC_DIPLO_KUDO_LEADER_ANY_REASON_AGENDA_THEODORA,,
AGENDA_HIGH_CULTURE_NEW_ROME,SimpleModifierDescription,ARGTYPE_IDENTITY,LOC_DIPLO_MODIFIER_DESCRIPTION_HIGH_CULTURE,,
AGENDA_LOW_CULTURE_NEW_ROME,InitialValue,ARGTYPE_IDENTITY,-6,,
AGENDA_LOW_CULTURE_NEW_ROME,StatementKey,ARGTYPE_IDENTITY,LOC_DIPLO_WARNING_LEADER_ANY_REASON_AGENDA_THEODORA,,
AGENDA_LOW_CULTURE_NEW_ROME,SimpleModifierDescription,ARGTYPE_IDENTITY,LOC_DIPLO_MODIFIER_DESCRIPTION_LOW_CULTURE,,
SEJONG_CLASSICAL_SCIENCE_INTO_CULTURE,YieldToGrant,ARGTYPE_IDENTITY,YIELD_CULTURE,,
SEJONG_CLASSICAL_SCIENCE_INTO_CULTURE,YieldToBaseOn,ARGTYPE_IDENTITY,YIELD_SCIENCE,,
SEJONG_CLASSICAL_SCIENCE_INTO_CULTURE,Multiplier,ARGTYPE_IDENTITY,2,,
SEJONG_MEDIEVAL_SCIENCE_INTO_CULTURE,YieldToGrant,ARGTYPE_IDENTITY,YIELD_CULTURE,,
SEJONG_MEDIEVAL_SCIENCE_INTO_CULTURE,YieldToBaseOn,ARGTYPE_IDENTITY,YIELD_SCIENCE,,
SEJONG_MEDIEVAL_SCIENCE_INTO_CULTURE,Multiplier,ARGTYPE_IDENTITY,2,,
SEJONG_RENAISSANCE_SCIENCE_INTO_CULTURE,YieldToGrant,ARGTYPE_IDENTITY,YIELD_CULTURE,,
SEJONG_RENAISSANCE_SCIENCE_INTO_CULTURE,YieldToBaseOn,ARGTYPE_IDENTITY,YIELD_SCIENCE,,
SEJONG_RENAISSANCE_SCIENCE_INTO_CULTURE,Multiplier,ARGTYPE_IDENTITY,2,,
SEJONG_INDUSTRIAL_SCIENCE_INTO_CULTURE,YieldToGrant,ARGTYPE_IDENTITY,YIELD_CULTURE,,
SEJONG_INDUSTRIAL_SCIENCE_INTO_CULTURE,YieldToBaseOn,ARGTYPE_IDENTITY,YIELD_SCIENCE,,
SEJONG_INDUSTRIAL_SCIENCE_INTO_CULTURE,Multiplier,ARGTYPE_IDENTITY,2,,
SEJONG_MODERN_SCIENCE_INTO_CULTURE,YieldToGrant,ARGTYPE_IDENTITY,YIELD_CULTURE,,
SEJONG_MODERN_SCIENCE_INTO_CULTURE,YieldToBaseOn,ARGTYPE_IDENTITY,YIELD_SCIENCE,,
SEJONG_MODERN_SCIENCE_INTO_CULTURE,Multiplier,ARGTYPE_IDENTITY,2,,
SEJONG_ATOMIC_SCIENCE_INTO_CULTURE,YieldToGrant,ARGTYPE_IDENTITY,YIELD_CULTURE,,
SEJONG_ATOMIC_SCIENCE_INTO_CULTURE,YieldToBaseOn,ARGTYPE_IDENTITY,YIELD_SCIENCE,,
SEJONG_ATOMIC_SCIENCE_INTO_CULTURE,Multiplier,ARGTYPE_IDENTITY,2,,
SEJONG_INFORMATION_SCIENCE_INTO_CULTURE,YieldToGrant,ARGTYPE_IDENTITY,YIELD_CULTURE,,
SEJONG_INFORMATION_SCIENCE_INTO_CULTURE,YieldToBaseOn,ARGTYPE_IDENTITY,YIELD_SCIENCE,,
SEJONG_INFORMATION_SCIENCE_INTO_CULTURE,Multiplier,ARGTYPE_IDENTITY,2,,
SEJONG_FUTURE_SCIENCE_INTO_CULTURE,YieldToGrant,ARGTYPE_IDENTITY,YIELD_CULTURE,,
SEJONG_FUTURE_SCIENCE_INTO_CULTURE,YieldToBaseOn,ARGTYPE_IDENTITY,YIELD_SCIENCE,,
SEJONG_FUTURE_SCIENCE_INTO_CULTURE,Multiplier,ARGTYPE_IDENTITY,2,,
AGENDA_MODIFIER_LAGS_PROGRESS_SEJONG,InitialValue,ARGTYPE_IDENTITY,7,,
AGENDA_MODIFIER_LAGS_PROGRESS_SEJONG,StatementKey,ARGTYPE_IDENTITY,LOC_DIPLO_WARNING_LEADER_SEJONG_REASON_ANY,,
AGENDA_MODIFIER_LAGS_PROGRESS_SEJONG,SimpleModifierDescription,ARGTYPE_IDENTITY,LOC_DIPLO_MODIFIER_SEJONG_LAGGING,,
AGENDA_MODIFIER_LEADS_PROGRESS_SEJONG,InitialValue,ARGTYPE_IDENTITY,-7,,
AGENDA_MODIFIER_LEADS_PROGRESS_SEJONG,StatementKey,ARGTYPE_IDENTITY,LOC_DIPLO_KUDO_LEADER_SEJONG_REASON_ANY,,
AGENDA_MODIFIER_LEADS_PROGRESS_SEJONG,SimpleModifierDescription,ARGTYPE_IDENTITY,LOC_DIPLO_MODIFIER_SEJONG_LEADING,,
NAVIGATION_SCHOOL_NAVAL_UNIT_PRODUCTION,Domain,ARGTYPE_IDENTITY,DOMAIN_SEA,,
NAVIGATION_SCHOOL_NAVAL_UNIT_PRODUCTION,Amount,ARGTYPE_IDENTITY,25,,
NAVIGATION_SCHOOL_NAVAL_COAST_SCIENCE,TerrainType,ARGTYPE_IDENTITY,TERRAIN_COAST,,
NAVIGATION_SCHOOL_NAVAL_COAST_SCIENCE,YieldType,ARGTYPE_IDENTITY,YIELD_SCIENCE,,
NAVIGATION_SCHOOL_NAVAL_COAST_SCIENCE,Amount,ARGTYPE_IDENTITY,0.5,,
ETEMENANKI_SCIENCE_MARSH,YieldType,ARGTYPE_IDENTITY,YIELD_SCIENCE,,
ETEMENANKI_SCIENCE_MARSH,Amount,ARGTYPE_IDENTITY,2,,
ETEMENANKI_PRODUCTION_MARSH,YieldType,ARGTYPE_IDENTITY,YIELD_PRODUCTION,,
ETEMENANKI_PRODUCTION_MARSH,Amount,ARGTYPE_IDENTITY,1,,
ETEMENANKI_SCIENCE_FLOODPLAINS,YieldType,ARGTYPE_IDENTITY,YIELD_SCIENCE,,
ETEMENANKI_SCIENCE_FLOODPLAINS,Amount,ARGTYPE_IDENTITY,1,,
ETEMENANKI_PRODUCTION_FLOODPLAINS,YieldType,ARGTYPE_IDENTITY,YIELD_PRODUCTION,,
ETEMENANKI_PRODUCTION_FLOODPLAINS,Amount,ARGTYPE_IDENTITY,1,,
TORREDEBELEM_TRADE_GOLD_LUXURIES,YieldType,ARGTYPE_IDENTITY,YIELD_GOLD,,
TORREDEBELEM_TRADE_GOLD_LUXURIES,Amount,ARGTYPE_IDENTITY,2,,
TORREDEBELEM_CHEAPEST_BUILDING,Amount,ARGTYPE_IDENTITY,1,,
TRAIT_FORBID_INTERNATIONAL_LAND_ROUTES,Domestic,ARGTYPE_IDENTITY,0,,
TRAIT_INTERNATIONAL_TRADE_GAIN_ALL_YIELDS,YieldType,ARGTYPE_IDENTITY,"YIELD_PRODUCTION, YIELD_FOOD, YIELD_SCIENCE, YIELD_CULTURE, YIELD_GOLD, YIELD_FAITH",,
TRAIT_INTERNATIONAL_TRADE_GAIN_ALL_YIELDS,Amount,ARGTYPE_IDENTITY,"50, 50, 50, 50, 50, 50",,
TRAIT_TRADER_EARLY_EMBARK,UnitType,ARGTYPE_IDENTITY,UNIT_TRADER,,
TRAIT_WATER_TRADE_ROUTE_RANGE,Amount,ARGTYPE_IDENTITY,15,,
TRADE_PRODUCTION_FROM_FEITORIA,Amount,ARGTYPE_IDENTITY,1,,
TRADE_PRODUCTION_FROM_FEITORIA,ImprovementType,ARGTYPE_IDENTITY,IMPROVEMENT_FEITORIA,,
TRADE_PRODUCTION_FROM_FEITORIA,YieldType,ARGTYPE_IDENTITY,YIELD_PRODUCTION,,
TRADE_PRODUCTION_FROM_FEITORIA,Origin,ARGTYPE_IDENTITY,1,,
TRADE_GOLD_FROM_FEITORIA,Amount,ARGTYPE_IDENTITY,4,,
TRADE_GOLD_FROM_FEITORIA,ImprovementType,ARGTYPE_IDENTITY,IMPROVEMENT_FEITORIA,,
TRADE_GOLD_FROM_FEITORIA,YieldType,ARGTYPE_IDENTITY,YIELD_GOLD,,
TRADE_GOLD_FROM_FEITORIA,Origin,ARGTYPE_IDENTITY,1,,
TRAIT_JOAO_TRADE_ROUTE_ON_MEET,Amount,ARGTYPE_IDENTITY,1,,
TRAIT_JOAO_EXTRA_SIGHT,AbilityType,ARGTYPE_IDENTITY,ABILITY_PORTA_DO_CERCO_EXTRA_SIGHT,,
PORTA_DO_CERCO_EXTRA_SIGHT,Amount,ARGTYPE_IDENTITY,1,,
AGENDA_JOAO_HIGH_EXPLORATION,InitialValue,ARGTYPE_IDENTITY,6,,
AGENDA_JOAO_HIGH_EXPLORATION,StatementKey,ARGTYPE_IDENTITY,LOC_DIPLO_WARNING_LEADER_ANY_REASON_JOAO_AGENDA_HIGH_EXPLORATION,,
AGENDA_JOAO_LOW_EXPLORATION,InitialValue,ARGTYPE_IDENTITY,-6,,
AGENDA_JOAO_LOW_EXPLORATION,StatementKey,ARGTYPE_IDENTITY,LOC_DIPLO_KUDO_LEADER_ANY_REASON_JOAO_AGENDA_LOW_EXPLORATION,,
NAU_FREE_PROMOTION,Amount,ARGTYPE_IDENTITY,-1,,
ETEMENANKI_SCIENCE_GRASS_FLOODPLAINS,YieldType,ARGTYPE_IDENTITY,YIELD_SCIENCE,,
ETEMENANKI_SCIENCE_GRASS_FLOODPLAINS,Amount,ARGTYPE_IDENTITY,1,,
ETEMENANKI_PRODUCTION_GRASS_FLOODPLAINS,YieldType,ARGTYPE_IDENTITY,YIELD_PRODUCTION,,
ETEMENANKI_PRODUCTION_GRASS_FLOODPLAINS,Amount,ARGTYPE_IDENTITY,1,,
ETEMENANKI_SCIENCE_PLAINS_FLOODPLAINS,YieldType,ARGTYPE_IDENTITY,YIELD_SCIENCE,,
ETEMENANKI_SCIENCE_PLAINS_FLOODPLAINS,Amount,ARGTYPE_IDENTITY,1,,
ETEMENANKI_PRODUCTION_PLAINS_FLOODPLAINS,YieldType,ARGTYPE_IDENTITY,YIELD_PRODUCTION,,
ETEMENANKI_PRODUCTION_PLAINS_FLOODPLAINS,Amount,ARGTYPE_IDENTITY,1,,
