ModifierId,ModifierType,RunOnce,NewOnly,Permanent,Repeatable,OwnerRequirementSetId,SubjectRequirementSetId,OwnerStackLimit,SubjectStackLimit
AGENDA_ALLY_OF_ENKIDU_FRIEND,MODIFIER_PLAYER_DIPLOMACY_SIMPLE_MODIFIER,0,0,0,0,,PLAYER_DECLARED_FRIEND,,
AGENDA_ALLY_OF_ENKIDU_DENOUNCED_FRIEND,MODIFIER_PLAYER_DIPLOMACY_SIMPLE_MODIFIER,0,0,0,0,,PLAYER_FRIEND_DENOUNCED,,
AGENDA_BACKSTAB_AVERSE_FRIEND,MODIFIER_PLAYER_DIPLOMACY_SIMPLE_MODIFIER,0,0,0,0,,PLAYER_DECLARED_FRIEND,,
AGENDA_BACKSTAB_AVERSE_SURPRISE_WAR,MODIFIER_PLAYER_DIPLOMACY_SIMPLE_MODIFIER,0,0,0,0,,PLAYER_DECLARES_SURPRISE_WAR,,
AGENDA_BLACK_QUEEN,MODIFIER_PLAYER_DIPLOMACY_AGENDA_BLACK_QUEEN,0,0,0,0,ON_TURN_STARTED,PLAYER_IS_MAJOR_CIV_KNOWN_10_TURNS,,
AGENDA_BUSHIDO,MODIFIER_PLAYER_DIPLOMACY_AGENDA_BUSHIDO,0,0,0,0,ON_TURN_STARTED,PLAYER_IS_MAJOR_CIV_KNOWN_10_TURNS,,
AGENDA_CLEARS_BARBARIAN_CAMPS,MODIFIER_PLAYER_DIPLOMACY_SIMPLE_MODIFIER,0,0,0,0,,PLAYER_CLEARS_BARBARIAN_CAMPS,,
AGENDA_CONTINENT_ATTACKED,MODIFIER_PLAYER_DIPLOMACY_SIMPLE_MODIFIER,0,0,0,0,,PLAYER_ATTACKED_CONTINENT,,
AGENDA_CONTINENT_PEACEFUL,MODIFIER_PLAYER_DIPLOMACY_SIMPLE_MODIFIER,0,0,0,0,,PLAYER_PEACEFUL_ON_CONTINENT,,
AGENDA_DIFFERENT_GOVERNMENT,MODIFIER_PLAYER_DIPLOMACY_SIMPLE_MODIFIER,0,0,0,0,,AGENDA_REQUIRE_PLAYER_HAS_DIFFERENT_GOVERNMENT,,
AGENDA_HAS_DESIRED_LUXURY,MODIFIER_PLAYER_DIPLOMACY_SIMPLE_MODIFIER,0,0,0,0,,PLAYER_HAS_DESIRED_LUXURY,,
AGENDA_HAS_NO_DESIRED_LUXURY,MODIFIER_PLAYER_DIPLOMACY_SIMPLE_MODIFIER,0,0,0,0,,PLAYER_HAS_NO_DESIRED_LUXURY,,
AGENDA_HIGH_AIRPOWER,MODIFIER_PLAYER_DIPLOMACY_SIMPLE_MODIFIER,0,0,0,0,,PLAYER_HAS_HIGH_AIRPOWER,,
AGENDA_HIGH_ATTACK_CITY_STATES,MODIFIER_PLAYER_DIPLOMACY_SIMPLE_MODIFIER,0,0,0,0,,PLAYER_HAS_HIGH_CITY_STATE_AGGRESSION,,
AGENDA_HIGH_CULTURE,MODIFIER_PLAYER_DIPLOMACY_SIMPLE_MODIFIER,0,0,0,0,,PLAYER_HAS_HIGH_CULTURE,,
AGENDA_ENVIRONMENT,MODIFIER_PLAYER_DIPLOMACY_AGENDA_KAITIAKITANGA,0,0,0,0,ON_TURN_STARTED,PLAYER_IS_MAJOR_CIV_KNOWN_30_TURNS,,
AGENDA_HIGH_EXPLORATION,MODIFIER_PLAYER_DIPLOMACY_SIMPLE_MODIFIER,0,0,0,0,,PLAYER_HAS_HIGH_EXPLORATION,,
AGENDA_HIGH_FAITH,MODIFIER_PLAYER_DIPLOMACY_SIMPLE_MODIFIER,0,0,0,0,,PLAYER_HAS_HIGH_FAITH,,
AGENDA_HIGH_HAPPINESS,MODIFIER_PLAYER_DIPLOMACY_SIMPLE_MODIFIER,0,0,0,0,,PLAYER_HAS_HIGH_HAPPINESS,,
AGENDA_HIGH_INDUSTRY,MODIFIER_PLAYER_DIPLOMACY_SIMPLE_MODIFIER,0,0,0,0,,PLAYER_HAS_HIGH_INDUSTRY,,
AGENDA_HIGH_NUKE_LOVE,MODIFIER_PLAYER_DIPLOMACY_SIMPLE_MODIFIER,0,0,0,0,PLAYER_HAS_NUCLEAR_FISSION_REQUIREMENT,PLAYER_HAS_HIGH_NUKE_LOVE,,
AGENDA_HIGH_POPULATION,MODIFIER_PLAYER_DIPLOMACY_SIMPLE_MODIFIER,0,0,0,0,,PLAYER_HAS_HIGH_POPULATION,,
AGENDA_HIGH_PROTECT_CITY_STATES,MODIFIER_PLAYER_DIPLOMACY_SIMPLE_MODIFIER,0,0,0,0,,PLAYER_HAS_HIGH_CITY_STATE_PROTECTION,,
AGENDA_HIGH_SCIENCE,MODIFIER_PLAYER_DIPLOMACY_SIMPLE_MODIFIER,0,0,0,0,,PLAYER_HAS_HIGH_SCIENCE,,
AGENDA_HIGH_STANDING_ARMY,MODIFIER_PLAYER_DIPLOMACY_SIMPLE_MODIFIER,0,0,0,0,,PLAYER_HAS_HIGH_STANDING_ARMY,,
AGENDA_IGNORES_BARBARIAN_CAMPS,MODIFIER_PLAYER_DIPLOMACY_SIMPLE_MODIFIER,0,0,0,0,,PLAYER_IGNORES_BARBARIAN_CAMPS,,
AGENDA_LAST_VIKING_KING,MODIFIER_PLAYER_DIPLOMACY_AGENDA_LAST_VIKING_KING,0,0,0,0,ON_TURN_STARTED,PLAYER_IS_MAJOR_CIV_KNOWN_10_TURNS,,
AGENDA_LOW_AIRPOWER,MODIFIER_PLAYER_DIPLOMACY_SIMPLE_MODIFIER,0,0,0,0,,PLAYER_HAS_LOW_AIRPOWER,,
AGENDA_LOW_CULTURE,MODIFIER_PLAYER_DIPLOMACY_SIMPLE_MODIFIER,0,0,0,0,,PLAYER_HAS_LOW_CULTURE,,
AGENDA_LOW_EXPLORATION,MODIFIER_PLAYER_DIPLOMACY_SIMPLE_MODIFIER,0,0,0,0,,PLAYER_HAS_LOW_EXPLORATION,,
AGENDA_LOW_FAITH,MODIFIER_PLAYER_DIPLOMACY_SIMPLE_MODIFIER,0,0,0,0,,PLAYER_HAS_LOW_FAITH,,
AGENDA_LOW_HAPPINESS,MODIFIER_PLAYER_DIPLOMACY_SIMPLE_MODIFIER,0,0,0,0,,PLAYER_HAS_LOW_HAPPINESS,,
AGENDA_LOW_INDUSTRY,MODIFIER_PLAYER_DIPLOMACY_SIMPLE_MODIFIER,0,0,0,0,,PLAYER_HAS_LOW_INDUSTRY,,
AGENDA_LOW_NUKE_LOVE,MODIFIER_PLAYER_DIPLOMACY_SIMPLE_MODIFIER,0,0,0,0,PLAYER_HAS_NUCLEAR_FISSION_REQUIREMENT,PLAYER_HAS_LOW_NUKE_LOVE,,
AGENDA_LOW_POPULATION,MODIFIER_PLAYER_DIPLOMACY_SIMPLE_MODIFIER,0,0,0,0,,PLAYER_HAS_LOW_POPULATION,,
AGENDA_LOW_SCIENCE,MODIFIER_PLAYER_DIPLOMACY_SIMPLE_MODIFIER,0,0,0,0,,PLAYER_HAS_LOW_SCIENCE,,
AGENDA_LOW_STANDING_ARMY,MODIFIER_PLAYER_DIPLOMACY_SIMPLE_MODIFIER,0,0,0,0,,PLAYER_HAS_LOW_STANDING_ARMY,,
AGENDA_MED_ATTACK_CITY_STATES,MODIFIER_PLAYER_DIPLOMACY_SIMPLE_MODIFIER,0,0,0,0,,PLAYER_HAS_MED_CITY_STATE_AGGRESSION,,
AGENDA_MED_PROTECT_CITY_STATES,MODIFIER_PLAYER_DIPLOMACY_SIMPLE_MODIFIER,0,0,0,0,,PLAYER_HAS_MED_CITY_STATE_PROTECTION,,
AGENDA_MODIFIER_COMPETING_MINORS,MODIFIER_PLAYER_DIPLOMACY_SIMPLE_MODIFIER,0,0,0,0,,PLAYER_COMPETING_MINORS,,
AGENDA_MODIFIER_CONQUERING_ALLYING_MINORS,MODIFIER_PLAYER_DIPLOMACY_SIMPLE_MODIFIER,0,0,0,0,,PLAYER_CONQUERING_ALLYING_MINORS,,
AGENDA_MODIFIER_DELIAN_COMPETING_MINORS,MODIFIER_PLAYER_DIPLOMACY_SIMPLE_MODIFIER,0,0,0,0,,PLAYER_COMPETING_MINORS,,
AGENDA_MODIFIER_DELIAN_NOT_COMPETING_MINORS,MODIFIER_PLAYER_DIPLOMACY_SIMPLE_MODIFIER,0,0,0,0,,PLAYER_NOT_COMPETING_MINORS,,
AGENDA_MODIFIER_ENCROACHING_RELIGION,MODIFIER_PLAYER_DIPLOMACY_SIMPLE_MODIFIER,0,0,0,0,,PLAYER_ENCROACHING_RELIGION,,
AGENDA_EXPLOITATION,MODIFIER_PLAYER_DIPLOMACY_AGENDA_EXPLOITATIVE,0,0,0,0,ON_TURN_STARTED,PLAYER_IS_MAJOR_CIV_KNOWN_30_TURNS,,
AGENDA_MODIFIER_LAGS_GREAT_PEOPLE,MODIFIER_PLAYER_DIPLOMACY_SIMPLE_MODIFIER,0,0,0,0,,PLAYER_LAGS_GREAT_PEOPLE,,
AGENDA_MODIFIER_LAGS_PROGRESS,MODIFIER_PLAYER_DIPLOMACY_SIMPLE_MODIFIER,0,0,0,0,,PLAYER_LAGS_PROGRESS,,
AGENDA_MODIFIER_LAGS_WONDERS,MODIFIER_PLAYER_DIPLOMACY_SIMPLE_MODIFIER,0,0,0,0,,PLAYER_LAGS_WONDERS,,
AGENDA_MODIFIER_GREAT_PERSON_ADVOCATE_LAG,MODIFIER_PLAYER_DIPLOMACY_SIMPLE_MODIFIER,0,0,0,0,,PLAYER_LAGS_GREAT_PEOPLE,,
AGENDA_MODIFIER_WONDER_ADVOCATE_LAG,MODIFIER_PLAYER_DIPLOMACY_SIMPLE_MODIFIER,0,0,0,0,,PLAYER_LAGS_WONDERS,,
AGENDA_MODIFIER_LEADS_GREAT_PEOPLE,MODIFIER_PLAYER_DIPLOMACY_SIMPLE_MODIFIER,0,0,0,0,,PLAYER_LEADS_GREAT_PEOPLE,,
AGENDA_MODIFIER_LEADS_PROGRESS,MODIFIER_PLAYER_DIPLOMACY_SIMPLE_MODIFIER,0,0,0,0,,PLAYER_LEADS_PROGRESS,,
AGENDA_MODIFIER_LEADS_WONDERS,MODIFIER_PLAYER_DIPLOMACY_SIMPLE_MODIFIER,0,0,0,0,,PLAYER_LEADS_WONDERS,,
AGENDA_MODIFIER_GREAT_PERSON_ADVOCATE_LEAD,MODIFIER_PLAYER_DIPLOMACY_SIMPLE_MODIFIER,0,0,0,0,,PLAYER_LEADS_GREAT_PEOPLE,,
AGENDA_MODIFIER_WONDER_ADVOCATE_LEAD,MODIFIER_PLAYER_DIPLOMACY_SIMPLE_MODIFIER,0,0,0,0,,PLAYER_LEADS_WONDERS,,
AGENDA_MODIFIER_WITH_SHIELD_OR_ON_IT,MODIFIER_PLAYER_DIPLOMACY_AGENDA_WITH_SHIELD_OR_ON_IT,0,0,0,0,ON_TURN_STARTED,PLAYER_WITH_SHIELD_OR_ON_IT,,
AGENDA_MODIFIER_NEVER_AT_WAR,MODIFIER_PLAYER_DIPLOMACY_SIMPLE_MODIFIER,0,0,0,0,,PLAYER_IS_KNOWN_MAJOR_CIV_AT_WAR,,
AGENDA_MODIFIER_NOT_COMPETING_MINORS,MODIFIER_PLAYER_DIPLOMACY_SIMPLE_MODIFIER,0,0,0,0,,PLAYER_NOT_COMPETING_MINORS,,
AGENDA_MODIFIER_NOT_INVOLVED_MINORS,MODIFIER_PLAYER_DIPLOMACY_SIMPLE_MODIFIER,0,0,0,0,,PLAYER_NOT_INVOLVED_MINORS,,
AGENDA_MODIFIER_NOT_WARMONGER,MODIFIER_PLAYER_DIPLOMACY_SIMPLE_MODIFIER,0,0,0,0,,PLAYER_NOT_WARMONGER_SUBJECT,,
AGENDA_MODIFIER_RELIGION_NOT_RECEIVED,MODIFIER_PLAYER_DIPLOMACY_SIMPLE_MODIFIER,0,0,0,0,,PLAYER_RELIGION_NOT_RECEIVED,,
AGENDA_MODIFIER_RELIGION_RECEIVED,MODIFIER_PLAYER_DIPLOMACY_SIMPLE_MODIFIER,0,0,0,0,,PLAYER_RELIGION_RECEIVED,,
AGENDA_MODIFIER_SAME_RELIGION,MODIFIER_PLAYER_DIPLOMACY_SIMPLE_MODIFIER,0,0,0,0,,PLAYER_SAME_RELIGION,,
AGENDA_MODIFIER_WARMONGER,MODIFIER_PLAYER_DIPLOMACY_SIMPLE_MODIFIER,0,0,0,0,,PLAYER_IS_WARMONGER_SUBJECT,,
AGENDA_OPTIMUS_PRINCEPS,MODIFIER_PLAYER_DIPLOMACY_AGENDA_OPTIMUS_PRINCEPS,0,0,0,0,ON_TURN_STARTED,PLAYER_IS_MAJOR_CIV_KNOWN_10_TURNS,,
AGENDA_PARANOID,MODIFIER_PLAYER_DIPLOMACY_AGENDA_PARANOID,0,0,0,0,ON_TURN_STARTED,PLAYER_IS_MAJOR_CIV_KNOWN_30_TURNS,,
AGENDA_QUEEN_OF_NILE,MODIFIER_PLAYER_DIPLOMACY_AGENDA_QUEEN_OF_NILE,0,0,0,0,ON_TURN_STARTED,PLAYER_IS_MAJOR_CIV_KNOWN_10_TURNS,,
AGENDA_SAME_GOVERNMENT,MODIFIER_PLAYER_DIPLOMACY_SIMPLE_MODIFIER,0,0,0,0,,AGENDA_REQUIRE_PLAYER_HAS_SAME_GOVERNMENT,,
AGENDA_SUN_SETS_HOME_CONTINENT,MODIFIER_PLAYER_DIPLOMACY_SIMPLE_MODIFIER,0,0,0,0,,PLAYER_SAME_HOME_CONTINENT,,
AGENDA_SUN_SETS_NEW_CONTINENT,MODIFIER_PLAYER_DIPLOMACY_SIMPLE_MODIFIER,0,0,0,0,,PLAYER_ON_NEW_CONTINENT,,
NONAGENDA_IGNORE_WARMONGERING,MODIFIER_PLAYER_ADJUST_WARMONGER_MULTIPLIER,0,0,0,0,,,,
AGENDA_ENJOYS_WAR,MODIFIER_PLAYER_DIPLOMACY_SIMPLE_MODIFIER,0,0,0,0,,PLAYER_DECLARES_WAR,,
AGENDA_ADJUST_GOVERNMENT_INTOLERANCE,MODIFIER_PLAYER_GOVERNMENT_ADJUST_OTHER_GOVERNMENT_INTOLERANCE,0,0,0,0,,,,
DANCE_OF_THE_AURORA_FAITHTUNDRAADJACENCY,MODIFIER_ALL_CITIES_TERRAIN_ADJACENCY,0,0,0,0,,CITY_FOLLOWS_PANTHEON_REQUIREMENTS,,
DANCE_OF_THE_AURORA_FAITHTUNDRAHILLSADJACENCY,MODIFIER_ALL_CITIES_TERRAIN_ADJACENCY,0,0,0,0,,CITY_FOLLOWS_PANTHEON_REQUIREMENTS,,
DESERT_FOLKLORE_FAITHDESERTADJACENCY,MODIFIER_ALL_CITIES_TERRAIN_ADJACENCY,0,0,0,0,,CITY_FOLLOWS_PANTHEON_REQUIREMENTS,,
DESERT_FOLKLORE_FAITHDESERTHILLSADJACENCY,MODIFIER_ALL_CITIES_TERRAIN_ADJACENCY,0,0,0,0,,CITY_FOLLOWS_PANTHEON_REQUIREMENTS,,
SACRED_PATH_FAITHFEATUREADJACENCY,MODIFIER_ALL_CITIES_FEATURE_ADJACENCY,0,0,0,0,,CITY_FOLLOWS_PANTHEON_REQUIREMENTS,,
MONUMENT_TO_THE_GODS_ANCIENTCLASSICALWONDER,MODIFIER_ALL_PLAYERS_ATTACH_MODIFIER,0,0,0,0,,PLAYER_HAS_PANTHEON_REQUIREMENTS,,
MONUMENT_TO_THE_GODS_ANCIENTCLASSICALWONDER_MODIFIER,MODIFIER_PLAYER_CITIES_ADJUST_WONDER_ERA_PRODUCTION,0,0,0,0,,,,
DIVINE_SPARK_HOLY_SITE,MODIFIER_ALL_CITIES_ATTACH_MODIFIER,0,0,0,0,,CITY_FOLLOWS_PANTHEON_REQUIREMENTS,,
DIVINE_SPARK_HOLY_SITE_MODIFIER,MODIFIER_SINGLE_CITY_DISTRICTS_ADJUST_GREAT_PERSON_POINTS,0,0,0,0,,DISTRICT_IS_HOLY_SITE,,
LADY_OF_THE_REEDS_PRODUCTION_MODIFIER,MODIFIER_CITY_PLOT_YIELDS_ADJUST_PLOT_YIELD,0,0,0,0,,PLOT_HAS_REEDS_REQUIREMENTS,,
LADY_OF_THE_REEDS_PRODUCTION,MODIFIER_ALL_CITIES_ATTACH_MODIFIER,0,0,0,0,,CITY_FOLLOWS_PANTHEON_REQUIREMENTS,,
GOD_OF_THE_SEA_FISHINGBOATS_PRODUCTION,MODIFIER_ALL_CITIES_ATTACH_MODIFIER,0,0,0,0,,CITY_FOLLOWS_PANTHEON_REQUIREMENTS,,
GOD_OF_THE_SEA_FISHINGBOATS_PRODUCTION_MODIFIER,MODIFIER_CITY_PLOT_YIELDS_ADJUST_PLOT_YIELD,0,0,0,0,,PLOT_HAS_FISHINGBOATS_REQUIREMENTS,,
GOD_OF_THE_OPEN_SKY_PASTURE_CULTURE,MODIFIER_ALL_CITIES_ATTACH_MODIFIER,0,0,0,0,,CITY_FOLLOWS_PANTHEON_REQUIREMENTS,,
GOD_OF_THE_OPEN_SKY_PASTURE_CULTURE_MODIFIER,MODIFIER_CITY_PLOT_YIELDS_ADJUST_PLOT_YIELD,0,0,0,0,,PLOT_HAS_PASTURE_REQUIREMENTS,,
GODDESS_OF_THE_HUNT_CAMP_FOOD,MODIFIER_ALL_CITIES_ATTACH_MODIFIER,0,0,0,0,,CITY_FOLLOWS_PANTHEON_REQUIREMENTS,,
GODDESS_OF_THE_HUNT_CAMP_FOOD_MODIFIER,MODIFIER_CITY_PLOT_YIELDS_ADJUST_PLOT_YIELD,0,0,0,0,,PLOT_HAS_CAMP_REQUIREMENTS,,
STONE_CIRCLES_QUARRY_FAITH,MODIFIER_ALL_CITIES_ATTACH_MODIFIER,0,0,0,0,,CITY_FOLLOWS_PANTHEON_REQUIREMENTS,,
STONE_CIRCLES_QUARRY_FAITH_MODIFIER,MODIFIER_CITY_PLOT_YIELDS_ADJUST_PLOT_YIELD,0,0,0,0,,PLOT_HAS_QUARRY_REQUIREMENTS,,
RELIGIOUS_IDOLS_BONUS_MINE_FAITH,MODIFIER_ALL_CITIES_ATTACH_MODIFIER,0,0,0,0,,CITY_FOLLOWS_PANTHEON_REQUIREMENTS,,
RELIGIOUS_IDOLS_BONUS_MINE_FAITH_MODIFIER,MODIFIER_CITY_PLOT_YIELDS_ADJUST_PLOT_YIELD,0,0,0,0,,PLOT_HAS_BONUS_MINE_REQUIREMENTS,,
RELIGIOUS_IDOLS_LUXURY_MINE_FAITH,MODIFIER_ALL_CITIES_ATTACH_MODIFIER,0,0,0,0,,CITY_FOLLOWS_PANTHEON_REQUIREMENTS,,
RELIGIOUS_IDOLS_LUXURY_MINE_FAITH_MODIFIER,MODIFIER_CITY_PLOT_YIELDS_ADJUST_PLOT_YIELD,0,0,0,0,,PLOT_HAS_LUXURY_MINE_REQUIREMENTS,,
ORAL_TRADITION_PLANTATION_TAG_CULTURE,MODIFIER_ALL_CITIES_ATTACH_MODIFIER,0,0,0,0,,CITY_FOLLOWS_PANTHEON_REQUIREMENTS,,
ORAL_TRADITION_PLANTATION_TAG_CULTURE_MODIFIER,MODIFIER_CITY_PLOT_YIELDS_ADJUST_PLOT_YIELD,0,0,0,0,,PLOT_HAS_PLANTATION_TAG2_REQUIREMENTS,,
GOD_OF_THE_FORGE_UNIT_ANCIENT_CLASSICAL_PRODUCTION,MODIFIER_ALL_PLAYERS_ATTACH_MODIFIER,0,0,0,0,,PLAYER_HAS_PANTHEON_REQUIREMENTS,,
GOD_OF_THE_FORGE_UNIT_ANCIENT_CLASSICAL_PRODUCTION_MODIFIER,MODIFIER_PLAYER_CITIES_ADJUST_MILITARY_UNITS_PRODUCTION,0,0,0,0,,,,
INITIATION_RITES_FAITH_DISPERSAL,MODIFIER_ALL_PLAYERS_ATTACH_MODIFIER,0,0,0,0,,PLAYER_HAS_PANTHEON_REQUIREMENTS,,
INITIATION_RITES_FAITH_DISPERSAL_MODIFIER,MODIFIER_PLAYER_ADJUST_FAITH_FROM_DISPERSAL,0,0,0,0,,,,
GOD_OF_WAR_FAITH_KILLS,MODIFIER_ALL_PLAYERS_ATTACH_MODIFIER,0,0,0,0,,PLAYER_HAS_PANTHEON_REQUIREMENTS,,
GOD_OF_WAR_FAITH_KILLS_MODIFIER,MODIFIER_PLAYER_UNITS_ADJUST_POST_COMBAT_YIELD,0,0,0,0,,PLOT_EIGHT_INCLUDE_HOLY_SITE,,
GOD_OF_HEALING_UNIT_HEALING,MODIFIER_ALL_PLAYERS_ATTACH_MODIFIER,0,0,0,0,,PLAYER_HAS_PANTHEON_REQUIREMENTS,,
GOD_OF_HEALING_UNIT_HEALING_MODIFIER,MODIFIER_PLAYER_UNITS_ADJUST_HEAL_PER_TURN,0,0,0,0,,PLOT_ADJACENT_INCLUDE_HOLY_SITE,,
FERTILITY_RITES_GROWTH,MODIFIER_ALL_CITIES_ADJUST_CITY_GROWTH,0,0,0,0,,CITY_FOLLOWS_PANTHEON_REQUIREMENTS,,
RELIGIOUS_SETTLEMENTS_CULTUREBORDER,MODIFIER_ALL_CITIES_CULTURE_BORDER_EXPANSION,0,0,0,0,,CITY_FOLLOWS_PANTHEON_REQUIREMENTS,,
GODDESS_OF_THE_HARVEST_HARVEST,MODIFIER_ALL_PLAYERS_ATTACH_MODIFIER,0,0,0,0,,PLAYER_HAS_PANTHEON_REQUIREMENTS,,
GODDESS_OF_THE_HARVEST_HARVEST_MODIFIER,MODIFIER_PLAYER_GRANT_FAITH_FROM_HARVEST,0,0,0,0,,,,
GODDESS_OF_THE_HARVEST_REMOVE_FEATURE,MODIFIER_ALL_PLAYERS_ATTACH_MODIFIER,0,0,0,0,,PLAYER_HAS_PANTHEON_REQUIREMENTS,,
GODDESS_OF_THE_HARVEST_REMOVE_FEATURE_MODIFIER,MODIFIER_PLAYER_GRANT_FAITH_FROM_REMOVE_FEATURE,0,0,0,0,,,,
DIVINE_INSPIRATION_WONDER_FAITH,MODIFIER_ALL_CITIES_ATTACH_MODIFIER,0,0,0,0,,CITY_FOLLOWS_RELIGION_REQUIREMENTS,,
DIVINE_INSPIRATION_WONDER_FAITH_MODIFIER,MODIFIER_SINGLE_CITY_ADJUST_WONDER_YIELD_CHANGE,0,0,0,0,,,,
FEED_THE_WORLD_SHRINE_FOOD,MODIFIER_ALL_CITIES_ATTACH_MODIFIER,0,0,0,0,,CITY_FOLLOWS_RELIGION_REQUIREMENTS,,
FEED_THE_WORLD_SHRINE_FOOD_MODIFIER,MODIFIER_BUILDING_YIELD_CHANGE,0,0,0,0,,,,
FEED_THE_WORLD_TEMPLE_FOOD,MODIFIER_ALL_CITIES_ATTACH_MODIFIER,0,0,0,0,,CITY_FOLLOWS_RELIGION_REQUIREMENTS,,
FEED_THE_WORLD_TEMPLE_FOOD_MODIFIER,MODIFIER_BUILDING_YIELD_CHANGE,0,0,0,0,,,,
JESUIT_EDUCATION_SCIENCE_BUILDINGS,MODIFIER_ALL_CITIES_ATTACH_MODIFIER,0,0,0,0,,CITY_FOLLOWS_RELIGION_REQUIREMENTS,,
JESUIT_EDUCATION_SCIENCE_BUILDINGS_MODIFIER,MODIFIER_CITY_ENABLE_BUILDING_FAITH_PURCHASE,0,0,0,0,,,,
JESUIT_EDUCATION_CULTURE_BUILDINGS,MODIFIER_ALL_CITIES_ATTACH_MODIFIER,0,0,0,0,,CITY_FOLLOWS_RELIGION_REQUIREMENTS,,
JESUIT_EDUCATION_CULTURE_BUILDINGS_MODIFIER,MODIFIER_CITY_ENABLE_BUILDING_FAITH_PURCHASE,0,0,0,0,,,,
RELIQUARIES_RELIC_FAITH,MODIFIER_ALL_CITIES_ATTACH_MODIFIER,0,0,0,0,,CITY_FOLLOWS_RELIGION_REQUIREMENTS,,
RELIQUARIES_RELIC_FAITH_MODIFIER,MODIFIER_SINGLE_CITY_ADJUST_GREATWORK_YIELD,0,0,0,0,,,,
RELIQUARIES_RELIC_TOURISM,MODIFIER_ALL_CITIES_ATTACH_MODIFIER,0,0,0,0,,CITY_FOLLOWS_RELIGION_REQUIREMENTS,,
RELIQUARIES_RELIC_TOURISM_MODIFIER,MODIFIER_SINGLE_CITY_ADJUST_TOURISM,0,0,0,0,,,,
RELIGIOUS_COMMUNITY_SHRINE_HOUSING,MODIFIER_ALL_CITIES_ATTACH_MODIFIER,0,0,0,0,,CITY_FOLLOWS_RELIGION_HAS_SHRINE,,
RELIGIOUS_COMMUNITY_SHRINE_HOUSING_MODIFIER,MODIFIER_SINGLE_CITY_ADJUST_BUILDING_HOUSING,0,0,0,0,,,,
RELIGIOUS_COMMUNITY_TEMPLE_HOUSING,MODIFIER_ALL_CITIES_ATTACH_MODIFIER,0,0,0,0,,CITY_FOLLOWS_RELIGION_HAS_TEMPLE,,
RELIGIOUS_COMMUNITY_TEMPLE_HOUSING_MODIFIER,MODIFIER_SINGLE_CITY_ADJUST_BUILDING_HOUSING,0,0,0,0,,,,
RELIGIOUS_COMMUNITY_STAVE_HOUSING,MODIFIER_ALL_CITIES_ATTACH_MODIFIER,0,0,0,0,,CITY_FOLLOWS_RELIGION_HAS_STAVE,,
RELIGIOUS_COMMUNITY_STAVE_HOUSING_MODIFIER,MODIFIER_SINGLE_CITY_ADJUST_BUILDING_HOUSING,0,0,0,0,,,,
WORK_ETHIC_FOLLOWER_PRODUCTION,MODIFIER_ALL_CITIES_ATTACH_MODIFIER,0,0,0,0,,CITY_FOLLOWS_RELIGION_REQUIREMENTS,,
WORK_ETHIC_FOLLOWER_PRODUCTION_MODIFIER,MODIFIER_FOLLOWER_YIELD_MODIFIER,0,0,0,0,,,,
ZEN_MEDITATION_AMENITY,MODIFIER_ALL_CITIES_ATTACH_MODIFIER,0,0,0,0,,CITY_FOLLOWS_RELIGION_WITH_2 DISTRICTS_REQUIREMENTS,,
ZEN_MEDITATION_AMENITY_MODIFIER,MODIFIER_SINGLE_CITY_ADJUST_CITY_AMENITIES_FROM_RELIGION,0,0,0,0,,,,
CHURCH_PROPERTY_GOLD_CITY,MODIFIER_ALL_PLAYERS_ATTACH_MODIFIER,0,0,0,0,,PLAYER_FOUNDED_RELIGION_REQUIREMENTS,,
CHURCH_PROPERTY_GOLD_CITY_MODIFIER,MODIFIER_PLAYER_RELIGION_ADD_RELIGIOUS_BELIEF_YIELD,0,0,0,0,,,,
LAY_MINISTRY_CULTURE_DISTRICTS,MODIFIER_ALL_PLAYERS_ATTACH_MODIFIER,0,0,0,0,,PLAYER_FOUNDED_RELIGION_REQUIREMENTS,,
LAY_MINISTRY_CULTURE_DISTRICTS_MODIFIER,MODIFIER_PLAYER_RELIGION_ADD_RELIGIOUS_BELIEF_YIELD,0,0,0,0,,,,
LAY_MINISTRY_FAITH_DISTRICTS,MODIFIER_ALL_PLAYERS_ATTACH_MODIFIER,0,0,0,0,,PLAYER_FOUNDED_RELIGION_REQUIREMENTS,,
LAY_MINISTRY_FAITH_DISTRICTS_MODIFIER,MODIFIER_PLAYER_RELIGION_ADD_RELIGIOUS_BELIEF_YIELD,0,0,0,0,,,,
PILGRIMAGE_FAITH_FOREIGN_CITY,MODIFIER_ALL_PLAYERS_ATTACH_MODIFIER,0,0,0,0,,PLAYER_FOUNDED_RELIGION_REQUIREMENTS,,
PILGRIMAGE_FAITH_FOREIGN_CITY_MODIFIER,MODIFIER_PLAYER_RELIGION_ADD_RELIGIOUS_BELIEF_YIELD,0,0,0,0,,,,
STEWARDSHIP_SCIENCE_DISTRICTS,MODIFIER_ALL_PLAYERS_ATTACH_MODIFIER,0,0,0,0,,PLAYER_FOUNDED_RELIGION_REQUIREMENTS,,
STEWARDSHIP_SCIENCE_DISTRICTS_MODIFIER,MODIFIER_PLAYER_RELIGION_ADD_RELIGIOUS_BELIEF_YIELD,0,0,0,0,,,,
STEWARDSHIP_GOLD_DISTRICTS,MODIFIER_ALL_PLAYERS_ATTACH_MODIFIER,0,0,0,0,,PLAYER_FOUNDED_RELIGION_REQUIREMENTS,,
STEWARDSHIP_GOLD_DISTRICTS_MODIFIER,MODIFIER_PLAYER_RELIGION_ADD_RELIGIOUS_BELIEF_YIELD,0,0,0,0,,,,
TITHE_GOLD_FOLLOWER,MODIFIER_ALL_PLAYERS_ATTACH_MODIFIER,0,0,0,0,,PLAYER_FOUNDED_RELIGION_REQUIREMENTS,,
TITHE_GOLD_FOLLOWER_MODIFIER,MODIFIER_PLAYER_RELIGION_ADD_RELIGIOUS_BELIEF_YIELD,0,0,0,0,,,,
WORLD_CHURCH_CULTURE_FOREIGN_FOLLOWER,MODIFIER_ALL_PLAYERS_ATTACH_MODIFIER,0,0,0,0,,PLAYER_FOUNDED_RELIGION_REQUIREMENTS,,
WORLD_CHURCH_CULTURE_FOREIGN_FOLLOWER_MODIFIER,MODIFIER_PLAYER_RELIGION_ADD_RELIGIOUS_BELIEF_YIELD,0,0,0,0,,,,
ALLOW_CATHEDRAL,MODIFIER_PLAYER_RELIGION_ADD_RELIGIOUS_BUILDING,0,0,0,0,,,,
ALLOW_GURDWARA,MODIFIER_PLAYER_RELIGION_ADD_RELIGIOUS_BUILDING,0,0,0,0,,,,
ALLOW_MEETING_HOUSE,MODIFIER_PLAYER_RELIGION_ADD_RELIGIOUS_BUILDING,0,0,0,0,,,,
ALLOW_MOSQUE,MODIFIER_PLAYER_RELIGION_ADD_RELIGIOUS_BUILDING,0,0,0,0,,,,
ALLOW_PAGODA,MODIFIER_PLAYER_RELIGION_ADD_RELIGIOUS_BUILDING,0,0,0,0,,,,
ALLOW_SYNAGOGUE,MODIFIER_PLAYER_RELIGION_ADD_RELIGIOUS_BUILDING,0,0,0,0,,,,
ALLOW_WAT,MODIFIER_PLAYER_RELIGION_ADD_RELIGIOUS_BUILDING,0,0,0,0,,,,
HOLY_ORDER_MISSIONARY_DISCOUNT,MODIFIER_ALL_PLAYERS_ATTACH_MODIFIER,0,0,0,0,,PLAYER_FOUNDED_RELIGION_REQUIREMENTS,,
HOLY_ORDER_MISSIONARY_DISCOUNT_MODIFIER,MODIFIER_PLAYER_CITIES_ADJUST_UNIT_PURCHASE_COST,0,0,0,0,,,,
HOLY_ORDER_APOSTLE_DISCOUNT,MODIFIER_ALL_PLAYERS_ATTACH_MODIFIER,0,0,0,0,,PLAYER_FOUNDED_RELIGION_REQUIREMENTS,,
HOLY_ORDER_APOSTLE_DISCOUNT_MODIFIER,MODIFIER_PLAYER_CITIES_ADJUST_UNIT_PURCHASE_COST,0,0,0,0,,,,
DEFENDER_OF_FAITH_COMBAT_BONUS,MODIFIER_ALL_UNITS_ATTACH_MODIFIER,0,0,0,0,,DEFENDER_OF_FAITH_REQUIREMENTS,,
DEFENDER_OF_FAITH_COMBAT_BONUS_MODIFIER,MODIFIER_UNIT_ADJUST_COMBAT_STRENGTH,0,0,0,0,,,,
ITINERANT_PREACHERS_SPREAD_DISTANCE,MODIFIER_PLAYER_RELIGION_ADJUST_RELIGIOUS_SPREAD_DISTANCE,0,0,0,0,,,,
JUST_WAR_COMBAT_BONUS,MODIFIER_ALL_UNITS_ATTACH_MODIFIER,0,0,0,0,,JUST_WAR_REQUIREMENTS,,
JUST_WAR_COMBAT_BONUS_MODIFIER,MODIFIER_UNIT_ADJUST_COMBAT_STRENGTH,0,0,0,0,,,,
MISSIONARY_ZEAL_IGNORE_TERRAIN,MODIFIER_ALL_PLAYERS_ATTACH_MODIFIER,0,0,0,0,,PLAYER_FOUNDED_RELIGION_REQUIREMENTS,,
MISSIONARY_ZEAL_IGNORE_TERRAIN_MODIFIER,MODIFIER_PLAYER_UNITS_GRANT_ABILITY,0,0,0,0,,,,
MONASTIC_ISOLATION_REDUCE_COMBAT_LOSS,MODIFIER_PLAYER_RELIGION_ADJUST_COMBAT_LOSS,0,0,0,0,,,,
SCRIPTURE_SPEAD_STRENGTH,MODIFIER_PLAYER_RELIGION_ADJUST_RELIGIOUS_SPREAD_STRENGTH,0,0,0,0,,,,
CITY_PATRON_GODDESS_DISTRICT_PRODUCTION,MODIFIER_ALL_CITIES_ATTACH_MODIFIER,0,0,0,0,,CITY_FOLLOWS_PANTHEON_REQUIREMENTS,,
CITY_PATRON_GODDESS_DISTRICT_PRODUCTION_MODIFIER,MODIFIER_SINGLE_CITY_ADJUST_DISTRICT_PRODUCTION_MODIFIER,0,0,0,0,,CITY_HAS_0_SPECIALTY_DISTRICTS_REQUIREMENTS,,
CROSS_CULTURAL_DIALOGUE_SCIENCE_FOREIGN_FOLLOWER,MODIFIER_ALL_PLAYERS_ATTACH_MODIFIER,0,0,0,0,,PLAYER_FOUNDED_RELIGION_REQUIREMENTS,,
CROSS_CULTURAL_DIALOGUE_SCIENCE_FOREIGN_FOLLOWER_MODIFIER,MODIFIER_PLAYER_RELIGION_ADD_RELIGIOUS_BELIEF_YIELD,0,0,0,0,,,,
RELIGIOUS_UNITY_ENVOY_ON_ADOPTION,MODIFIER_PLAYER_RELIGION_ENABLE_AWARDS_ENVOY,0,0,0,0,,,,
CHORAL_MUSIC_SHRINE_CULTURE,MODIFIER_ALL_CITIES_ATTACH_MODIFIER,0,0,0,0,,CITY_FOLLOWS_RELIGION_REQUIREMENTS,,
CHORAL_MUSIC_SHRINE_CULTURE_MODIFIER,MODIFIER_BUILDING_YIELD_CHANGE,0,0,0,0,,,,
CHORAL_MUSIC_TEMPLE_CULTURE,MODIFIER_ALL_CITIES_ATTACH_MODIFIER,0,0,0,0,,CITY_FOLLOWS_RELIGION_REQUIREMENTS,,
CHORAL_MUSIC_TEMPLE_CULTURE_MODIFIER,MODIFIER_BUILDING_YIELD_CHANGE,0,0,0,0,,,,
ALLOW_WARRIOR_MONKS,MODIFIER_PLAYER_RELIGION_ADD_RELIGIOUS_UNIT,0,0,0,0,,,,
BURIAL_GROUNDS_CULTURE_BOMB_TRIGGER_HOLY_SITE,MODIFIER_ALL_PLAYERS_ATTACH_MODIFIER,0,0,0,0,,PLAYER_FOUNDED_RELIGION_REQUIREMENTS,,
BURIAL_GROUNDS_CULTURE_BOMB_TRIGGER_HOLY_SITE_MODIFIER,MODIFIER_PLAYER_ADD_CULTURE_BOMB_TRIGGER,0,0,0,0,,,,
RELIGIOUS_COLONIZATION_AUTO_SPREAD,MODIFIER_PLAYER_RELIGION_ENABLE_AUTO_SPREAD,0,0,0,0,,,,
ALLOW_STUPA,MODIFIER_PLAYER_RELIGION_ADD_RELIGIOUS_BUILDING,0,0,0,0,,,,
ALLOW_DAR_E_MEHR,MODIFIER_PLAYER_RELIGION_ADD_RELIGIOUS_BUILDING,0,0,0,0,,,,
PALACE_ADJUST_GARRISON_STRENGTH,MODIFIER_PLAYER_CITIES_ADJUST_INNER_DEFENSE,0,0,0,0,,,,
MOSQUE_ADJUST_SPREAD_CHARGES,MODIFIER_SINGLE_CITY_RELIGIOUS_SPREADS,0,0,1,0,,MOSQUE_RELIGIOUS_UNIT,,
PYRAMID_ADJUST_BUILDER_CHARGES,MODIFIER_PLAYER_UNITS_ADJUST_BUILDER_CHARGES,0,0,0,0,,UNIT_IS_BUILDER,,
EIFFEL_TOWER_ADDAPPEAL,MODIFIER_PLAYER_CITIES_ADJUST_CITY_APPEAL,0,0,0,0,,,,
HANGING_GARDEN_ADDGROWTH,MODIFIER_PLAYER_CITIES_ADJUST_CITY_GROWTH,0,0,0,0,,,,
COLOSSUS_ADDTRADEROUTE,MODIFIER_PLAYER_ADJUST_TRADE_ROUTE_CAPACITY,0,0,0,0,,,,
GREAT_ZIMBABWE_ADDTRADEROUTE,MODIFIER_PLAYER_ADJUST_TRADE_ROUTE_CAPACITY,0,0,0,0,,,,
BARRACKS_TRAINED_UNIT_XP_MODIFIER,MODIFIER_SINGLE_CITY_GRANT_ABILITY_FOR_TRAINED_UNITS,0,0,1,0,,,,
STABLE_TRAINED_UNIT_XP_MODIFIER,MODIFIER_SINGLE_CITY_GRANT_ABILITY_FOR_TRAINED_UNITS,0,0,1,0,,,,
ARMORY_TRAINED_UNIT_XP_MODIFIER,MODIFIER_SINGLE_CITY_GRANT_ABILITY_FOR_TRAINED_UNITS,0,0,1,0,,,,
MILITARY_ACADEMY_TRAINED_UNIT_XP_MODIFIER,MODIFIER_SINGLE_CITY_GRANT_ABILITY_FOR_TRAINED_UNITS,0,0,1,0,,,,
LIGHTHOUSE_TRAINED_UNIT_XP_MODIFIER,MODIFIER_SINGLE_CITY_GRANT_ABILITY_FOR_TRAINED_UNITS,0,0,1,0,,,,
SHIPYARD_TRAINED_UNIT_XP_MODIFIER,MODIFIER_SINGLE_CITY_GRANT_ABILITY_FOR_TRAINED_UNITS,0,0,1,0,,,,
SEAPORT_TRAINED_UNIT_XP_MODIFIER,MODIFIER_SINGLE_CITY_GRANT_ABILITY_FOR_TRAINED_UNITS,0,0,1,0,,,,
HANGAR_TRAINED_AIRCRAFT_XP_MODIFIER,MODIFIER_SINGLE_CITY_GRANT_ABILITY_FOR_TRAINED_UNITS,0,0,1,0,,,,
HANGAR_BONUS_AIR_SLOTS,MODIFIER_PLAYER_DISTRICT_GRANT_AIR_SLOTS,0,0,1,0,,,,
AIRPORT_TRAINED_AIRCRAFT_XP_MODIFIER,MODIFIER_SINGLE_CITY_GRANT_ABILITY_FOR_TRAINED_UNITS,0,0,1,0,,,,
AIRPORT_BONUS_AIR_SLOTS,MODIFIER_PLAYER_DISTRICT_GRANT_AIR_SLOTS,0,0,1,0,,,,
MILITARY_ACADEMY_TRAINED_CORPS_ARMY_DISCOUNT,MODIFIER_CITY_CORPS_ARMY_ADJUST_DISCOUNT,0,0,0,0,,,,
SEAPORT_TRAINED_CORPS_ARMY_DISCOUNT,MODIFIER_CITY_CORPS_ARMY_ADJUST_DISCOUNT,0,0,0,0,,,,
BROADWAY_ADDCULTUREYIELD,MODIFIER_SINGLE_CITY_ADJUST_CITY_YIELD_MODIFIER,0,0,0,0,,,,
OXFORD_ADDSCIENCEYIELD,MODIFIER_SINGLE_CITY_ADJUST_CITY_YIELD_MODIFIER,0,0,0,0,,,,
RUHRVALLEY_ADDPRODUCTIONYIELD,MODIFIER_SINGLE_CITY_ADJUST_CITY_YIELD_MODIFIER,0,0,0,0,,,,
ELECTRONICSFACTORY_CULTURE,MODIFIER_BUILDING_YIELD_CHANGE,0,0,1,0,,PLAYER_HAS_ELECTRICITYTECHNOLOGY_REQUIREMENTS,,
STAVE_CHURCH_FAITHWOODSADJACENCY,MODIFIER_SINGLE_CITY_FEATURE_ADJACENCY,0,0,0,0,,,,
ALHAMBRA_MILITARY_GOVERNMENT_SLOT,MODIFIER_PLAYER_CULTURE_ADJUST_GOVERNMENT_SLOTS_MODIFIER,0,0,0,0,,,,
POTALA_PALACE_DIPLOMATIC_GOVERNMENT_SLOT,MODIFIER_PLAYER_CULTURE_ADJUST_GOVERNMENT_SLOTS_MODIFIER,0,0,0,0,,,,
FORBIDDEN_CITY_WILDCARD_GOVERNMENT_SLOT,MODIFIER_PLAYER_CULTURE_ADJUST_GOVERNMENT_SLOTS_MODIFIER,0,0,0,0,,,,
BIG_BEN_ECONOMIC_GOVERNMENT_SLOT,MODIFIER_PLAYER_CULTURE_ADJUST_GOVERNMENT_SLOTS_MODIFIER,0,0,0,0,,,,
WATERMILL_ADDRICEFOOD,MODIFIER_CITY_PLOT_YIELDS_ADJUST_PLOT_YIELD,0,0,0,0,,RESOURCE_IS_RICE,,
WATERMILL_ADDWHEATYIELD,MODIFIER_CITY_PLOT_YIELDS_ADJUST_PLOT_YIELD,0,0,0,0,,RESOURCE_IS_WHEAT,,
GREAT_ZIMBABWE_DOMESTICBONUSRESOURCEGOLD,MODIFIER_PLAYER_CITY_TRADE_ROUTE_YIELD_PER_LOCAL_BONUS_RESOURCE_FOR_DOMESTIC,0,0,0,0,,,,
GREAT_ZIMBABWE_INTERNATIONALBONUSRESOURCEGOLD,MODIFIER_PLAYER_CITY_TRADE_ROUTE_YIELD_PER_LOCAL_BONUS_RESOURCE_FOR_INTERNATIONAL,0,0,0,0,,,,
ORACLE_GREATGENERALPOINTS,MODIFIER_SINGLE_CITY_DISTRICTS_ADJUST_GREAT_PERSON_POINTS,0,0,0,0,,DISTRICT_IS_ENCAMPMENT,,
ORACLE_GREATADMIRALPOINTS,MODIFIER_SINGLE_CITY_DISTRICTS_ADJUST_GREAT_PERSON_POINTS,0,0,0,0,,DISTRICT_IS_HARBOR,,
ORACLE_GREATENGINEERPOINTS,MODIFIER_SINGLE_CITY_DISTRICTS_ADJUST_GREAT_PERSON_POINTS,0,0,0,0,,DISTRICT_IS_INDUSTRIAL_ZONE,,
ORACLE_GREATMERCHANTPOINTS,MODIFIER_SINGLE_CITY_DISTRICTS_ADJUST_GREAT_PERSON_POINTS,0,0,0,0,,DISTRICT_IS_COMMERCIAL_HUB,,
ORACLE_GREATPROPHETPOINTS,MODIFIER_SINGLE_CITY_DISTRICTS_ADJUST_GREAT_PERSON_POINTS,0,0,0,0,,DISTRICT_IS_HOLY_SITE,,
ORACLE_GREATSCIENTISTPOINTS,MODIFIER_SINGLE_CITY_DISTRICTS_ADJUST_GREAT_PERSON_POINTS,0,0,0,0,,DISTRICT_IS_CAMPUS,,
ORACLE_GREATWRITERPOINTS,MODIFIER_SINGLE_CITY_DISTRICTS_ADJUST_GREAT_PERSON_POINTS,0,0,0,0,,DISTRICT_IS_THEATER,,
ORACLE_PATRONAGE_FAITH_DISCOUNT,MODIFIER_PLAYER_ADJUST_GREAT_PERSON_PATRONAGE_DISCOUNT_PERCENT,0,0,0,0,,,,
CRISTOREDENTOR_BEACHTOURISM,MODIFIER_PLAYER_CITIES_ADJUST_TOURISM,0,0,0,0,,,,
CRISTOREDENTOR_FULLRELIGIOUSTOURISM,MODIFIER_PLAYER_ADJUST_ALWAYS_FULL_RELIGIOUS_TOURISM,0,0,0,0,,,,
FILMSTUDIO_ENHANCEDLATETOURISM,MODIFIER_SINGLE_CITY_ADJUST_TOURISM_LATE_ERAS,0,0,0,0,,,,
VENETIAN_ARSENAL_EXTRANAVALMELEE,MODIFIER_PLAYER_CITIES_ADJUST_EXTRA_UNIT_COPY_TAG,0,0,0,0,,,,
VENETIAN_ARSENAL_EXTRANAVALRANGED,MODIFIER_PLAYER_CITIES_ADJUST_EXTRA_UNIT_COPY_TAG,0,0,0,0,,,,
VENETIAN_ARSENAL_EXTRANAVALCARRIER,MODIFIER_PLAYER_CITIES_ADJUST_EXTRA_UNIT_COPY_TAG,0,0,0,0,,,,
GREAT_LIBRARY_ANCIENT_CLASSICAL_TECH_BOOSTS,MODIFIER_PLAYER_GRANT_ALL_TECHNOLOGY_BOOST_BY_ERA,1,0,1,0,,,,
BOLSHOI_THEATRE_FREE_CIVICS,MODIFIER_PLAYER_GRANT_RANDOM_CIVIC,1,0,1,0,,,,
OXFORD_UNIVERSITY_FREE_TECHS,MODIFIER_PLAYER_GRANT_RANDOM_TECHNOLOGY,1,0,1,0,,,,
COLOSSUS_GRANT_TRADER,MODIFIER_SINGLE_CITY_GRANT_UNIT_IN_CITY,1,0,1,0,,,,
PYRAMID_GRANT_BUILDERS,MODIFIER_SINGLE_CITY_GRANT_UNIT_IN_CITY,1,0,1,0,,,,
STONEHENGE_GRANT_PROPHET,MODIFIER_SINGLE_CITY_GRANT_GREAT_PERSON_CLASS_IN_CITY,1,0,1,0,,STONEHENGE_PROPHET_REQUIREMENTS,,
STONEHENGE_ALTERNATE_GRANT_APOSTLE,MODIFIER_SINGLE_CITY_GRANT_UNIT_IN_CITY,1,0,1,0,,STONEHENGE_APOSTLE_REQUIREMENTS,,
MAHABODHITEMPLE_APOSTLE,MODIFIER_SINGLE_CITY_GRANT_UNIT_IN_CITY,1,0,1,0,,,,
TERRACOTTA_ARMY_ARCHAEOLOGIST_OPEN_BORDERS,MODIFIER_PLAYER_UNITS_GRANT_ABILITY,0,0,1,0,,,,
MONT_ST_MICHEL_GRANT_MARTYR,MODIFIER_PLAYER_UNITS_GRANT_PROMOTION,0,0,1,0,,,,
TERRACOTTA_ARMY_LEVEL_UP_UNITS,MODIFIER_PLAYER_UNITS_ADJUST_GRANT_EXPERIENCE,1,0,1,0,,,,
BIG_BEN_DOUBLE_GOLD,MODIFIER_PLAYER_MULTIPLY_TREASURY,1,0,1,0,,,,
GREATLIGHTHOUSE_ADJUST_SEA_MOVEMENT,MODIFIER_PLAYER_UNITS_GRANT_ABILITY,0,0,0,0,,,,
GREATLIGHTHOUSE_ADJUST_EMBARKED_MOVEMENT,MODIFIER_PLAYER_ADJUST_EMBARKED_MOVEMENT,0,0,0,0,,,,
GREATLIGHTHOUSE_ADD_EMBARKED_ABILITY_TEXT_ONLY,MODIFIER_PLAYER_UNITS_GRANT_ABILITY,0,0,0,0,,,,
HAGIA_SOPHIA_ADJUST_RELIGIOUS_CHARGES,MODIFIER_PLAYER_UNITS_ADJUST_SPREAD_CHARGES,0,0,0,0,,,,
BUILDING_BROADWAY_RANDOMCIVICBOOST,MODIFIER_PLAYER_GRANT_RANDOM_CIVIC_BOOST_BY_ERA,1,0,1,0,,,,
CHICHEN_ITZA_JUNGLE_CULTURE,MODIFIER_ALL_CITIES_ATTACH_MODIFIER,0,0,0,0,,CITY_HAS_CHICHEN_ITZA_REQUIREMENTS,,
CHICHEN_ITZA_JUNGLE_CULTURE_MODIFIER,MODIFIER_CITY_PLOT_YIELDS_ADJUST_PLOT_YIELD,0,0,0,0,,PLOT_HAS_JUNGLE_REQUIREMENTS,,
CHICHEN_ITZA_JUNGLE_PRODUCTION,MODIFIER_ALL_CITIES_ATTACH_MODIFIER,0,0,0,0,,CITY_HAS_CHICHEN_ITZA_REQUIREMENTS,,
CHICHEN_ITZA_JUNGLE_PRODUCTION_MODIFIER,MODIFIER_CITY_PLOT_YIELDS_ADJUST_PLOT_YIELD,0,0,0,0,,PLOT_HAS_JUNGLE_REQUIREMENTS,,
LIGHTHOUSE_COAST_FOOD,MODIFIER_CITY_PLOT_YIELDS_ADJUST_PLOT_YIELD,0,0,0,0,,PLOT_HAS_COAST_REQUIREMENTS,,
PETRA_YIELD_MODIFIER,MODIFIER_CITY_PLOT_YIELDS_ADJUST_PLOT_YIELD,0,0,0,0,,PETRA_YIELD_MODIFIER_REQUIREMENTS,,
RUHR_VALLEY_PRODUCTION_MODIFIER,MODIFIER_CITY_PLOT_YIELDS_ADJUST_PLOT_YIELD,0,0,0,0,,RUHR_VALLEY_PRODUCTION_MODIFIER_REQUIREMENTS,,
SEAPORT_COAST_GOLD,MODIFIER_CITY_PLOT_YIELDS_ADJUST_PLOT_YIELD,0,0,0,0,,PLOT_HAS_COAST_REQUIREMENTS,,
STAVECHURCH_SEARESOURCE_PRODUCTION,MODIFIER_CITY_PLOT_YIELDS_ADJUST_PLOT_YIELD,0,0,0,0,,STAVE_CHURCH_SEA_RESOURCE_REQUIREMENTS,,
CIVIC_GRANT_ONE_TRADE_ROUTE,MODIFIER_PLAYER_ADJUST_TRADE_ROUTE_CAPACITY,0,0,0,0,,,,
CIVIC_AWARD_ONE_INFLUENCE_TOKEN,MODIFIER_PLAYER_GRANT_INFLUENCE_TOKEN,0,0,0,0,,,,
CIVIC_AWARD_TWO_INFLUENCE_TOKENS,MODIFIER_PLAYER_GRANT_INFLUENCE_TOKEN,0,0,0,0,,,,
CIVIC_AWARD_THREE_INFLUENCE_TOKENS,MODIFIER_PLAYER_GRANT_INFLUENCE_TOKEN,0,0,0,0,,,,
CIVIC_GRANT_COMBAT_ADJACENCY_BONUS,MODIFIER_PLAYER_GRANT_COMBAT_ADJACENCY,0,0,0,0,,,,
CIVIC_ENFORCE_BORDERS,MODIFIER_PLAYER_ADJUST_ENFORCE_BORDERS,0,0,0,0,,,,
CIVIC_REDUCE_RELIGIOUS_TOURISM,MODIFIER_PLAYER_ADJUST_RELIGIOUS_TOURISM_REDUCTION,0,0,0,0,,,,
CIVIC_GENERATE_LAND_ANTIQUITIES,MODIFIER_GAME_TRIGGER_MECHANIC,0,0,0,0,,,,
CIVIC_GENERATE_SEA_ANTIQUITIES,MODIFIER_GAME_TRIGGER_MECHANIC,0,0,0,0,,,,
CIVIC_EXTRACT_SEA_ARTIFACTS,MODIFIER_PLAYER_UNIT_ADJUST_EXTRACT_SEA_ARTIFACTS,0,0,0,0,,,,
CIVIC_GRANT_SPY,MODIFIER_PLAYER_GRANT_SPY,0,0,0,0,,,,
CONSERVATION_ANCIENT_WALL_TOURISM,MODIFIER_PLAYER_DISTRICTS_ADJUST_TOURISM_CHANGE,0,0,0,0,,DISTRICT_IS_CITY_CENTER_ANCIENT,,
CONSERVATION_MEDIEVAL_WALL_TOURISM,MODIFIER_PLAYER_DISTRICTS_ADJUST_TOURISM_CHANGE,0,0,0,0,,DISTRICT_IS_CITY_CENTER_MEDIEVAL,,
CONSERVATION_RENAISSANCE_WALL_TOURISM,MODIFIER_PLAYER_DISTRICTS_ADJUST_TOURISM_CHANGE,0,0,0,0,,DISTRICT_IS_CITY_CENTER_RENAISSANCE,,
TRAIT_AMAZON_RAINFOREST_COMMERCIALHUB_ADJACENCY,MODIFIER_PLAYER_CITIES_FEATURE_ADJACENCY,0,0,0,0,,,,
TRAIT_AMAZON_RAINFOREST_HOLYSITE_ADJACENCY,MODIFIER_PLAYER_CITIES_FEATURE_ADJACENCY,0,0,0,0,,,,
TRAIT_AMAZON_RAINFOREST_THEATER_ADJACENCY,MODIFIER_PLAYER_CITIES_FEATURE_ADJACENCY,0,0,0,0,,,,
TRAIT_AMAZON_RAINFOREST_CAMPUS_ADJACENCY,MODIFIER_PLAYER_CITIES_FEATURE_ADJACENCY,0,0,0,0,,,,
TRAIT_AMAZON_RAINFOREST_EXTRA_APPEAL,MODIFIER_PLAYER_CITIES_ADJUST_FEATURE_APPEAL_MODIFIER,0,0,0,0,,,,
TRAIT_BARBARIAN_CAMP_GOODY,MODIFIER_PLAYER_ADJUST_IMPROVEMENT_GOODY_HUT,0,0,0,0,,,,
TRAIT_LEVY_DISCOUNT,MODIFIER_PLAYER_ADJUST_LEVY_DISCOUNT_PERCENT,0,0,0,0,,,,
TRAIT_BUILDERPRODUCTION,MODIFIER_PLAYER_UNITS_ADJUST_UNIT_PRODUCTION,0,0,0,0,,,,
TRAIT_CIVIC_BOOST,MODIFIER_PLAYER_ADJUST_CIVIC_BOOST,0,0,0,0,,,,
TRAIT_EXTRA_DISTRICT_EACH_CITY,MODIFIER_PLAYER_CITIES_EXTRA_DISTRICT,0,0,0,0,,,,
TRAIT_TECHNOLOGY_BOOST,MODIFIER_PLAYER_ADJUST_TECHNOLOGY_BOOST,0,0,0,0,,,,
TRAIT_CIVIC_BOOST_WONDER_ERA,MODIFIER_PLAYER_ADJUST_FREE_CIVIC_BOOST_WONDER_ERA,0,0,0,0,,,,
TRAIT_TECHNOLOGY_BOOST_WONDER_ERA,MODIFIER_PLAYER_ADJUST_FREE_TECH_BOOST_WONDER_ERA,0,0,0,0,,,,
TRAIT_DOUBLE_ARCHAEOLOGY_SLOTS,MODIFIER_PLAYER_CITIES_ADJUST_EXTRA_GREAT_WORK_SLOTS,0,0,0,0,,,,
TRAIT_SUPPORT_TWO_ARCHAEOLOGISTS,MODIFIER_PLAYER_CITIES_ADJUST_NUM_UNITS_SUPPORTED,0,0,0,0,,,,
TRAIT_AUTO_THEME_ARCHAEOLOGY_MUSEUM,MODIFIER_PLAYER_ADJUST_AUTO_THEMED_BUILDING,0,0,0,0,,,,
TRAIT_DOUBLEMONUMENTCULTURE,MODIFIER_PLAYER_CITIES_ADJUST_BUILDING_YIELD_MODIFIER,0,0,0,0,,,,
TRAIT_DOUBLESHRINECULTURE,MODIFIER_PLAYER_CITIES_ADJUST_BUILDING_YIELD_MODIFIER,0,0,0,0,,,,
TRAIT_DOUBLETEMPLECULTURE,MODIFIER_PLAYER_CITIES_ADJUST_BUILDING_YIELD_MODIFIER,0,0,0,0,,,,
TRAIT_DOUBLE_WRITER_POINTS,MODIFIER_PLAYER_ADJUST_GREAT_PERSON_POINTS_PERCENT,0,0,0,0,,,,
TRAIT_DOUBLE_ARTIST_POINTS,MODIFIER_PLAYER_ADJUST_GREAT_PERSON_POINTS_PERCENT,0,0,0,0,,,,
TRAIT_DOUBLE_MUSICIAN_POINTS,MODIFIER_PLAYER_ADJUST_GREAT_PERSON_POINTS_PERCENT,0,0,0,0,,,,
TRAIT_DOUBLE_MERCHANT_POINTS,MODIFIER_PLAYER_ADJUST_GREAT_PERSON_POINTS_PERCENT,0,0,0,0,,,,
TRAIT_EXTRALIGHTCAVALRY,MODIFIER_PLAYER_UNITS_ADJUST_EXTRA_UNIT_COPY_TAG,0,0,0,0,,,,
TRAIT_EXTRA_PALACE_SLOTS,MODIFIER_PLAYER_CITIES_ADJUST_EXTRA_GREAT_WORK_SLOTS,0,0,0,0,,,,
TRAIT_EXTRASAKAHORSEARCHER,MODIFIER_PLAYER_UNITS_ADJUST_EXTRA_UNIT_COPY,0,0,0,0,,,,
TRAIT_BONUS_AGAINST_BARBS,MODIFIER_UNIT_ADJUST_COMBAT_STRENGTH,0,0,0,0,,REQUIREMENTS_OPPONENT_IS_BARBARIAN,,
TRAIT_RIVER_FASTER_BUILDTIME_DISTRICT,MODIFIER_PLAYER_CITIES_ADJUST_RIVER_DISTRICT_PRODUCTION,0,0,0,0,,,,
TRAIT_RIVER_FASTER_BUILDTIME_WONDER,MODIFIER_PLAYER_CITIES_ADJUST_RIVER_WONDER_PRODUCTION,0,0,0,0,,,,
TRAIT_GUARANTEE_ONE_PROPHET,MODIFIER_PLAYER_ADJUST_GREAT_PERSON_GUARANTEE,0,0,0,0,,,,
TRAIT_GREAT_WORK_FAITH_SCULPTURE,MODIFIER_PLAYER_CITIES_ADJUST_GREATWORK_YIELD,0,0,0,0,,,,
TRAIT_GREAT_WORK_FOOD_SCULPTURE,MODIFIER_PLAYER_CITIES_ADJUST_GREATWORK_YIELD,0,0,0,0,,,,
TRAIT_GREAT_WORK_PRODUCTION_SCULPTURE,MODIFIER_PLAYER_CITIES_ADJUST_GREATWORK_YIELD,0,0,0,0,,,,
TRAIT_GREAT_WORK_GOLD_SCULPTURE,MODIFIER_PLAYER_CITIES_ADJUST_GREATWORK_YIELD,0,0,0,0,,,,
TRAIT_GREAT_WORK_FAITH_ARTIFACT,MODIFIER_PLAYER_CITIES_ADJUST_GREATWORK_YIELD,0,0,0,0,,,,
TRAIT_GREAT_WORK_FOOD_ARTIFACT,MODIFIER_PLAYER_CITIES_ADJUST_GREATWORK_YIELD,0,0,0,0,,,,
TRAIT_GREAT_WORK_PRODUCTION_ARTIFACT,MODIFIER_PLAYER_CITIES_ADJUST_GREATWORK_YIELD,0,0,0,0,,,,
TRAIT_GREAT_WORK_GOLD_ARTIFACT,MODIFIER_PLAYER_CITIES_ADJUST_GREATWORK_YIELD,0,0,0,0,,,,
TRAIT_GREAT_WORK_FAITH_RELIC,MODIFIER_PLAYER_CITIES_ADJUST_GREATWORK_YIELD,0,0,0,0,,,,
TRAIT_GREAT_WORK_FOOD_RELIC,MODIFIER_PLAYER_CITIES_ADJUST_GREATWORK_YIELD,0,0,0,0,,,,
TRAIT_GREAT_WORK_PRODUCTION_RELIC,MODIFIER_PLAYER_CITIES_ADJUST_GREATWORK_YIELD,0,0,0,0,,,,
TRAIT_GREAT_WORK_GOLD_RELIC,MODIFIER_PLAYER_CITIES_ADJUST_GREATWORK_YIELD,0,0,0,0,,,,
TRAIT_ADJACENT_DISTRICTS_HOLYSITE_ADJACENCYFAITH,MODIFIER_PLAYER_CITIES_DISTRICT_ADJACENCY,0,0,0,0,,,,
TRAIT_ADJACENT_DISTRICTS_CAMPUS_ADJACENCYSCIENCE,MODIFIER_PLAYER_CITIES_DISTRICT_ADJACENCY,0,0,0,0,,,,
TRAIT_ADJACENT_DISTRICTS_HARBOR_ADJACENCYGOLD,MODIFIER_PLAYER_CITIES_DISTRICT_ADJACENCY,0,0,0,0,,,,
TRAIT_ADJACENT_DISTRICTS_COMMERCIALHUB_ADJACENCYGOLD,MODIFIER_PLAYER_CITIES_DISTRICT_ADJACENCY,0,0,0,0,,,,
TRAIT_ADJACENT_DISTRICTS_THEATER_ADJACENCYCULTURE,MODIFIER_PLAYER_CITIES_DISTRICT_ADJACENCY,0,0,0,0,,,,
TRAIT_ADJACENT_DISTRICTS_INDUSTRIALZONE_ADJACENCYPRODUCTION,MODIFIER_PLAYER_CITIES_DISTRICT_ADJACENCY,0,0,0,0,,,,
TRAIT_INCREASED_TUNDRA_FAITH,MODIFIER_PLAYER_ADJUST_PLOT_YIELD,0,0,0,0,,PLOT_HAS_TUNDRA_REQUIREMENTS,,
TRAIT_INCREASED_TUNDRA_PRODUCTION,MODIFIER_PLAYER_ADJUST_PLOT_YIELD,0,0,0,0,,PLOT_HAS_TUNDRA_REQUIREMENTS,,
TRAIT_INCREASED_TUNDRA_HILLS_FAITH,MODIFIER_PLAYER_ADJUST_PLOT_YIELD,0,0,0,0,,PLOT_HAS_TUNDRA_HILLS_REQUIREMENTS,,
TRAIT_INCREASED_TUNDRA_HILLS_PRODUCTION,MODIFIER_PLAYER_ADJUST_PLOT_YIELD,0,0,0,0,,PLOT_HAS_TUNDRA_HILLS_REQUIREMENTS,,
TRAIT_INCREASED_TILES,MODIFIER_PLAYER_ADJUST_CITY_TILES,0,0,0,0,,,,
TRAIT_EXPENDED_GREAT_PERSON_TILES,MODIFIER_PLAYER_CITIES_ADD_EXPENDED_GREAT_PERSON_TILES,0,0,0,0,,REQUIREMENTS_CITY_HAS_LAVRA,,
TRAIT_SHRINE_WRITING_POINTS,MODIFIER_PLAYER_CITIES_ADJUST_GREAT_PERSON_POINT_BASE,0,0,0,0,,REQUIREMENTS_CITY_HAS_SHRINE,,
TRAIT_TEMPLE_ARTIST_POINTS,MODIFIER_PLAYER_CITIES_ADJUST_GREAT_PERSON_POINT_BASE,0,0,0,0,,REQUIREMENTS_CITY_HAS_TEMPLE,,
TRAIT_TIER3_MUSICIAN_POINTS,MODIFIER_PLAYER_CITIES_ADJUST_GREAT_PERSON_POINT_BASE,0,0,0,0,,REQUIREMENTS_CITY_HAS_TIER3RELIGIOUS,,
TRAIT_WILDCARD_GOVERNMENT_SLOT,MODIFIER_PLAYER_CULTURE_ADJUST_GOVERNMENT_SLOTS_MODIFIER,0,0,0,0,,,,
TRAIT_NAVAL_CORPS_EARLY,MODIFIER_PLAYER_CORPS_ARMY_PREREQ,0,0,0,0,,,,
TRAIT_NAVAL_ARMIES_EARLY,MODIFIER_PLAYER_CORPS_ARMY_PREREQ,0,0,0,0,,,,
TRAIT_INTERNATIONAL_FAITH,MODIFIER_PLAYER_ADJUST_TRADE_ROUTE_YIELD_FOR_INTERNATIONAL,0,0,0,0,,,,
TRAIT_DOMESTIC_FAITH,MODIFIER_PLAYER_ADJUST_TRADE_ROUTE_YIELD_FOR_DOMESTIC,0,0,0,0,,,,
TRAIT_INTERNATIONAL_GOLD,MODIFIER_PLAYER_ADJUST_TRADE_ROUTE_YIELD_FOR_INTERNATIONAL,0,0,0,0,,,,
TRAIT_DOMESTIC_GOLD,MODIFIER_PLAYER_ADJUST_TRADE_ROUTE_YIELD_FOR_DOMESTIC,0,0,0,0,,,,
TRAIT_INTERNATIONAL_PRODUCTION,MODIFIER_PLAYER_ADJUST_TRADE_ROUTE_YIELD_FOR_INTERNATIONAL,0,0,0,0,,,,
TRAIT_DOMESTIC_PRODUCTION,MODIFIER_PLAYER_ADJUST_TRADE_ROUTE_YIELD_FOR_DOMESTIC,0,0,0,0,,,,
TRAIT_INTERCONTINENTAL_INTERNATIONAL_FAITH,MODIFIER_PLAYER_ADJUST_TRADE_ROUTE_YIELD_FOR_INTERNATIONAL,0,0,0,0,,,,
TRAIT_INTERCONTINENTAL_DOMESTIC_FAITH,MODIFIER_PLAYER_ADJUST_TRADE_ROUTE_YIELD_FOR_DOMESTIC,0,0,0,0,,,,
TRAIT_INTERCONTINENTAL_INTERNATIONAL_GOLD,MODIFIER_PLAYER_ADJUST_TRADE_ROUTE_YIELD_FOR_INTERNATIONAL,0,0,0,0,,,,
TRAIT_INTERCONTINENTAL_DOMESTIC_GOLD,MODIFIER_PLAYER_ADJUST_TRADE_ROUTE_YIELD_FOR_DOMESTIC,0,0,0,0,,,,
TRAIT_INTERCONTINENTAL_INTERNATIONAL_PRODUCTION,MODIFIER_PLAYER_ADJUST_TRADE_ROUTE_YIELD_FOR_INTERNATIONAL,0,0,0,0,,,,
TRAIT_INTERCONTINENTAL_DOMESTIC_PRODUCTION,MODIFIER_PLAYER_ADJUST_TRADE_ROUTE_YIELD_FOR_DOMESTIC,0,0,0,0,,,,
TRAIT_INTERCONTINENTAL_DISTRICT_PRODUCTION,MODIFIER_PLAYER_CITIES_ADJUST_ALL_DISTRICTS_PRODUCTION,0,0,0,0,,CITY_NOT_OWNER_CAPITAL_CONTINENT_REQUIREMENTS,,
TRAIT_INTERCONTINENTAL_BUILDER,MODIFIER_PLAYER_CITIES_GRANT_UNIT_IN_CITY,0,0,1,0,,CITY_NOT_OWNER_CAPITAL_CONTINENT_REQUIREMENTS,,
TRAIT_GAINS_ALL_FOLLOWER_BELIEFS,MODIFIER_PLAYER_GAINS_ALL_FOLLOWER_BELIEFS,0,0,0,0,,,,
TRAIT_SCIENCE_PER_FOREIGN_CITY_FOLLOWING_RELIGION,MODIFIER_PLAYER_RELIGION_ADD_PLAYER_BELIEF_YIELD,0,0,0,0,,,,
TRAIT_WONDER_DOUBLETOURISM,MODIFIER_PLAYER_CITIES_ADJUST_TOURISM,0,0,0,0,,,,
TRAIT_WONDER_MEDIAVALINDUSTRIAL_PRODUCTION,MODIFIER_PLAYER_CITIES_ADJUST_WONDER_ERA_PRODUCTION,0,0,0,0,,,,
TRAIT_IGNORE_EMBARK_DISEMBARK_COST,MODIFIER_PLAYER_UNITS_GRANT_ABILITY,0,0,0,0,,,,
TRAIT_EARLY_OCEAN_NAVIGATION,MODIFIER_PLAYER_UNITS_ADJUST_VALID_TERRAIN,0,0,0,0,,PLAYER_HAS_SHIPBUILDING_TECH,,
TRAIT_MELEE_NAVAL_HEAL_NEUTRAL,MODIFIER_PLAYER_UNITS_GRANT_ABILITY,0,0,1,0,,,,
TRAIT_FREE_ROADS_TO_CAPITAL,MODIFIER_PLAYER_CITIES_GRANT_ROAD_TO_CAPITAL,0,0,0,0,,,,
TRAIT_FREE_TRADING_POSTS,MODIFIER_PLAYER_CITIES_GRANT_TRADING_POST,0,0,0,0,,,,
TRAIT_GOLD_FROM_DOMESTIC_TRADING_POSTS,MODIFIER_PLAYER_ADJUST_TRADE_ROUTE_YIELD_PER_POST_IN_OWN_CITY,0,0,0,0,,,,
ROYAL_NAVY_DOCKYARD_GRANT_MOVEMENT_BONUS,MODIFIER_SINGLE_CITY_GRANT_ABILITY_FOR_TRAINED_UNITS,0,0,1,0,,,,
ROYAL_NAVY_DOCKYARD_GOLD_FROM_FOREIGN_CONTINENT,MODIFIER_PLAYER_DISTRICT_ADJUST_BASE_YIELD_CHANGE,0,0,0,0,,DOCKYARD_FOREIGN_CONTINENT_REQUIREMENTS,,
MBANZA_FOOD,MODIFIER_PLAYER_DISTRICT_ADJUST_BASE_YIELD_CHANGE,0,0,0,0,,,,
MBANZA_GOLD,MODIFIER_PLAYER_DISTRICT_ADJUST_BASE_YIELD_CHANGE,0,0,0,0,,,,
DEAD_SEA_ADJACENT_UNITS_ADJUST_HEAL_PER_TURN,MODIFIER_ALL_UNITS_ADJUST_HEAL_PER_TURN,0,0,0,0,DEAD_SEA_REQUIREMENTS,DEAD_SEA_ADJACENT_UNITS_ADJUST_HEAL_PER_TURN_REQUIREMENTS,,
EVEREST_ADJACENT_UNITS_GRANT_ABILITY,MODIFIER_ALL_UNITS_GRANT_ABILITY,0,0,1,0,EVEREST_REQUIREMENTS,EVEREST_ADJACENT_UNITS_GRANT_ABILITY_REQUIREMENTS,,
GOODY_CULTURE_GRANT_ONE_RELIC,MODIFIER_PLAYER_GRANT_RELIC,1,0,1,0,,,,
GOODY_CULTURE_GRANT_TWO_CIVIC_BOOSTS,MODIFIER_PLAYER_GRANT_RANDOM_CIVIC_BOOST_GOODY_HUT,1,0,1,0,,,,
GOODY_CULTURE_GRANT_ONE_CIVIC_BOOST,MODIFIER_PLAYER_GRANT_RANDOM_CIVIC_BOOST_GOODY_HUT,1,0,1,0,,,,
GOODY_GOLD_LARGE_MODIFIER,MODIFIER_PLAYER_GRANT_YIELD,1,0,1,0,,,,
GOODY_GOLD_MEDIUM_MODIFIER,MODIFIER_PLAYER_GRANT_YIELD,1,0,1,0,,,,
GOODY_GOLD_SMALL_MODIFIER,MODIFIER_PLAYER_GRANT_YIELD,1,0,1,0,,,,
GOODY_FAITH_LARGE_MODIFIER,MODIFIER_PLAYER_GRANT_YIELD,1,0,1,0,,,,
GOODY_FAITH_MEDIUM_MODIFIER,MODIFIER_PLAYER_GRANT_YIELD,1,0,1,0,,,,
GOODY_FAITH_SMALL_MODIFIER,MODIFIER_PLAYER_GRANT_YIELD,1,0,1,0,,,,
GOODY_MILITARY_GRANT_SCOUT,MODIFIER_SINGLE_CITY_GRANT_UNIT_BY_CLASS_IN_NEAREST_CITY,1,0,1,0,,,,
GOODY_MILITARY_GRANT_UPGRADE,MODIFIER_PLAYER_UNIT_ADJUST_UPGRADE_GOODY_HUT,1,0,1,0,,,,
GOODY_MILITARY_GRANT_EXPERIENCE,MODIFIER_PLAYER_UNIT_ADJUST_GRANT_EXPERIENCE,1,0,1,0,,,,
GOODY_MILITARY_HEAL,MODIFIER_PLAYER_UNIT_ADJUST_HEAL,1,0,1,0,,,,
GOODY_SCIENCE_GRANT_ONE_TECH,MODIFIER_PLAYER_GRANT_RANDOM_TECHNOLOGY,1,0,1,0,,,,
GOODY_SCIENCE_GRANT_TWO_TECH_BOOSTS,MODIFIER_PLAYER_GRANT_RANDOM_TECHNOLOGY_BOOST_GOODY_HUT,1,0,1,0,,,,
GOODY_SCIENCE_GRANT_ONE_TECH_BOOST,MODIFIER_PLAYER_GRANT_RANDOM_TECHNOLOGY_BOOST_GOODY_HUT,1,0,1,0,,,,
GOODY_SURVIVORS_ADD_POPULATION,MODIFIER_PLAYER_NEAREST_CITY_ADD_POPULATION,1,0,1,0,,,,
GOODY_SURVIVORS_GRANT_BUILDER,MODIFIER_SINGLE_CITY_GRANT_UNIT_IN_NEAREST_CITY,1,0,1,0,,,,
GOODY_SURVIVORS_GRANT_TRADER,MODIFIER_SINGLE_CITY_GRANT_UNIT_IN_NEAREST_CITY,1,0,1,0,,,,
GOODY_SURVIVORS_GRANT_SETTLER,MODIFIER_SINGLE_CITY_GRANT_UNIT_IN_NEAREST_CITY,1,0,1,0,,,,
MONARCHY_WALLS_HOUSING,MODIFIER_PLAYER_CITIES_ADJUST_POLICY_HOUSING,0,0,0,0,,CITY_HAS_ANCIENT_WALLS,,
MONARCHY_CASTLE_HOUSING,MODIFIER_PLAYER_CITIES_ADJUST_POLICY_HOUSING,0,0,0,0,,CITY_HAS_MEDIEVAL_WALLS,,
MONARCHY_STARFORT_HOUSING,MODIFIER_PLAYER_CITIES_ADJUST_POLICY_HOUSING,0,0,0,0,,CITY_HAS_RENAISSANCE_WALLS,,
GREATPERSON_GOLD,MODIFIER_PLAYER_GRANT_YIELD,1,0,1,0,,,,
GREATPERSON_COMPUTERSTECHBOOST,MODIFIER_PLAYER_GRANT_SPECIFIC_TECH_BOOST,1,0,1,0,,,,
GREATPERSON_1MODERNTECHBOOST,MODIFIER_PLAYER_GRANT_RANDOM_TECHNOLOGY_BOOST_BY_ERA,1,0,1,0,,,,
GREATPERSON_SPACE_RACE_PRODUCTION_RATE_LARGE,MODIFIER_PLAYER_CITIES_ADJUST_SPACE_RACE_PROJECTS_PRODUCTION,0,0,1,0,,,,
GREATPERSON_COMBAT_STRENGTH_AOE_CLASSICAL_SEA,MODIFIER_PLAYER_UNITS_GRANT_ABILITY,0,0,0,0,,AOE_CLASSICAL_SEA_REQUIREMENTS,,
GREATPERSON_COMBAT_STRENGTH_AOE_MEDIEVAL_SEA,MODIFIER_PLAYER_UNITS_GRANT_ABILITY,0,0,0,0,,AOE_MEDIEVAL_SEA_REQUIREMENTS,,
GREATPERSON_COMBAT_STRENGTH_AOE_RENAISSANCE_SEA,MODIFIER_PLAYER_UNITS_GRANT_ABILITY,0,0,0,0,,AOE_RENAISSANCE_SEA_REQUIREMENTS,,
GREATPERSON_COMBAT_STRENGTH_AOE_INDUSTRIAL_SEA,MODIFIER_PLAYER_UNITS_GRANT_ABILITY,0,0,0,0,,AOE_INDUSTRIAL_SEA_REQUIREMENTS,,
GREATPERSON_COMBAT_STRENGTH_AOE_MODERN_SEA,MODIFIER_PLAYER_UNITS_GRANT_ABILITY,0,0,0,0,,AOE_MODERN_SEA_REQUIREMENTS,,
GREATPERSON_COMBAT_STRENGTH_AOE_ATOMIC_SEA,MODIFIER_PLAYER_UNITS_GRANT_ABILITY,0,0,0,0,,AOE_ATOMIC_SEA_REQUIREMENTS,,
GREATPERSON_COMBAT_STRENGTH_AOE_INFORMATION_SEA,MODIFIER_PLAYER_UNITS_GRANT_ABILITY,0,0,0,0,,AOE_INFORMATION_SEA_REQUIREMENTS,,
GREATPERSON_MOVEMENT_AOE_CLASSICAL_SEA,MODIFIER_PLAYER_UNITS_GRANT_ABILITY,0,0,0,0,,AOE_CLASSICAL_SEA_REQUIREMENTS,,
GREATPERSON_MOVEMENT_AOE_MEDIEVAL_SEA,MODIFIER_PLAYER_UNITS_GRANT_ABILITY,0,0,0,0,,AOE_MEDIEVAL_SEA_REQUIREMENTS,,
GREATPERSON_MOVEMENT_AOE_RENAISSANCE_SEA,MODIFIER_PLAYER_UNITS_GRANT_ABILITY,0,0,0,0,,AOE_RENAISSANCE_SEA_REQUIREMENTS,,
GREATPERSON_MOVEMENT_AOE_INDUSTRIAL_SEA,MODIFIER_PLAYER_UNITS_GRANT_ABILITY,0,0,0,0,,AOE_INDUSTRIAL_SEA_REQUIREMENTS,,
GREATPERSON_MOVEMENT_AOE_MODERN_SEA,MODIFIER_PLAYER_UNITS_GRANT_ABILITY,0,0,0,0,,AOE_MODERN_SEA_REQUIREMENTS,,
GREATPERSON_MOVEMENT_AOE_ATOMIC_SEA,MODIFIER_PLAYER_UNITS_GRANT_ABILITY,0,0,0,0,,AOE_ATOMIC_SEA_REQUIREMENTS,,
GREATPERSON_MOVEMENT_AOE_INFORMATION_SEA,MODIFIER_PLAYER_UNITS_GRANT_ABILITY,0,0,0,0,,AOE_INFORMATION_SEA_REQUIREMENTS,,
GREATPERSON_ARTEMISIA_ACTIVE,MODIFIER_PLAYER_UNIT_ADJUST_GRANT_EXPERIENCE,1,0,1,0,,,,
GREATPERSON_GAIUS_DUILIUS_ACTIVE,MODIFIER_PLAYER_UNIT_ADJUST_MILITARY_FORMATION,1,0,1,0,,,,
GREATPERSON_THEMISTOCLES_ACTIVE,MODIFIER_PLAYER_UNIT_GRANT_UNIT_WITH_EXPERIENCE,1,0,1,0,,,,
GREATPERSON_LEIF_ERIKSON_ACTIVE,MODIFIER_PLAYER_UNITS_ADJUST_VALID_TERRAIN,0,0,1,0,,GREATPERSON_LEIF_ERIKSON_ACTIVE_REQUIREMENTS,,
GREATPERSON_FRANCIS_DRAKE_ACTIVE_PLUNDER_BONUS,MODIFIER_PLAYER_UNITS_GRANT_ABILITY,0,0,1,0,,,,
GREATPERSON_SANTA_CRUZ_ACTIVE,MODIFIER_PLAYER_UNIT_ADJUST_MILITARY_FORMATION,1,0,1,0,,,,
GREATPERSON_YI_SUN_SIN_ACTIVE,MODIFIER_PLAYER_UNIT_GRANT_UNIT_WITH_EXPERIENCE,1,0,1,0,,,,
GREATPERSON_CHING_SHIH_ACTIVE_PLUNDER_BONUS,MODIFIER_PLAYER_UNITS_GRANT_ABILITY,0,0,1,0,,,,
GREATPERSON_LASKARINA_BOUBOULINA_ACTIVE,MODIFIER_PLAYER_UNIT_ADJUST_GRANT_EXPERIENCE,1,0,1,0,,,,
GREATPERSON_LASKARINA_BOUBOULINA_ACTIVE_UNIT_BONUS,MODIFIER_PLAYER_UNIT_GRANT_ABILITY,1,0,1,0,,,,
GREATPERSON_FRANZ_VON_HIPPER_ACTIVE,MODIFIER_PLAYER_UNIT_GRANT_UNIT_WITH_EXPERIENCE,1,0,1,0,,,,
GREATPERSON_JOAQUIM_MARQUES_LISBOA_ACTIVE,MODIFIER_PLAYER_ADJUST_WAR_WEARINESS,1,0,1,0,,,,
GREATPERSON_SERGEY_GORSHKOV_ACTIVE,MODIFIER_PLAYER_UNIT_ADJUST_GRANT_EXPERIENCE,1,0,1,0,,,,
GREATPERSON_SERGEY_GORSHKOV_ACTIVE_UNIT_BONUS,MODIFIER_PLAYER_UNIT_GRANT_ABILITY,1,0,1,0,,,,
GREATPERSON_CLANCY_FERNANDO_ACTIVE,MODIFIER_PLAYER_UNIT_ADJUST_GRANT_EXPERIENCE,1,0,1,0,,,,
GREATPERSON_CLANCY_FERNANDO_ACTIVE_UNIT_BONUS,MODIFIER_PLAYER_UNIT_GRANT_ABILITY,1,0,1,0,,,,
GREATPERSON_EXTRA_DISTRICT_CAPACITY,MODIFIER_SINGLE_CITY_EXTRA_DISTRICT,1,0,1,0,,,,
GREATPERSON_PRINTINGTECHBOOST,MODIFIER_PLAYER_GRANT_SPECIFIC_TECH_BOOST,1,0,1,0,,,,
GREATPERSON_GRANT_PRODUCTION_IN_CITY_MEDIEVAL,MODIFIER_SINGLE_CITY_GRANT_PRODUCTION_IN_CITY,1,0,1,0,,,,
GREATPERSON_WALLS,MODIFIER_SINGLE_CITY_GRANT_BUILDING_IN_CITY_IGNORE,1,0,1,0,,,,
GREATPERSON_CASTLE,MODIFIER_SINGLE_CITY_GRANT_BUILDING_IN_CITY_IGNORE,1,0,1,0,,,,
GREATPERSON_GRANT_PRODUCTION_IN_CITY_RENAISSANCE,MODIFIER_SINGLE_CITY_GRANT_PRODUCTION_IN_CITY,1,0,1,0,,,,
GREATPERSON_WORKSHOP_CULTURE,MODIFIER_PLAYER_CITIES_ADJUST_BUILDING_YIELD_CHANGE,0,0,1,0,,,,
GREATPERSON_CITY_HOUSING_SMALL,MODIFIER_SINGLE_CITY_ADJUST_CITY_HOUSING_FROM_GREAT_PEOPLE,1,0,1,0,,,,
GREATPERSON_CITY_AMENITIES_SMALL,MODIFIER_SINGLE_CITY_ADJUST_CITY_AMENITIES_FROM_GREAT_PEOPLE,1,0,1,0,,,,
GREATPERSON_GRANT_PRODUCTION_IN_CITY_INDUSTRIAL,MODIFIER_SINGLE_CITY_GRANT_PRODUCTION_IN_CITY,1,0,1,0,,,,
GREATPERSON_WORKSHOP,MODIFIER_SINGLE_CITY_GRANT_BUILDING_IN_CITY_IGNORE,1,0,1,0,,,,
GREATPERSON_FACTORY,MODIFIER_SINGLE_CITY_GRANT_BUILDING_IN_CITY_IGNORE,1,0,1,0,,,,
GREATPERSON_FACTORIES_PRODUCTION,MODIFIER_PLAYER_CITIES_ADJUST_BUILDING_YIELD_CHANGE,0,0,1,0,,,,
GREATPERSON_CITY_APPEAL_SMALL,MODIFIER_SINGLE_CITY_ADJUST_CITY_APPEAL,1,0,1,0,,,,
GREATPERSON_EXTRA_REGIONAL_BUILDING_RANGE,MODIFIER_PLAYER_DISTRICT_ADJUST_EXTRA_REGIONAL_RANGE,1,0,1,0,,,,
GREATPERSON_EXTRA_REGIONAL_BUILDING_PRODUCTION,MODIFIER_PLAYER_DISTRICT_ADJUST_EXTRA_REGIONAL_YIELD,1,0,1,0,,,,
GREATPERSON_SPACE_RACE_PRODUCTION_RATE_SMALL,MODIFIER_PLAYER_CITIES_ADJUST_SPACE_RACE_PROJECTS_PRODUCTION,0,0,1,0,,,,
GREATPERSON_ROCKETRYTECHBOOST,MODIFIER_PLAYER_GRANT_SPECIFIC_TECH_BOOST,1,0,1,0,,,,
GREATPERSON_CITY_HOUSING_MEDIUM,MODIFIER_SINGLE_CITY_ADJUST_CITY_HOUSING_FROM_GREAT_PEOPLE,1,0,1,0,,,,
GREATPERSON_CITY_HOUSING_LARGE,MODIFIER_SINGLE_CITY_ADJUST_CITY_HOUSING_FROM_GREAT_PEOPLE,1,0,1,0,,,,
GREATPERSON_CITY_AMENITIES_LARGE,MODIFIER_SINGLE_CITY_ADJUST_CITY_AMENITIES_FROM_GREAT_PEOPLE,1,0,1,0,,,,
GREATPERSON_GRANT_PRODUCTION_IN_CITY_EARLY_SPACE_RACE,MODIFIER_SINGLE_CITY_GRANT_PRODUCTION_IN_CITY,1,0,1,0,,,,
GREATPERSON_CITY_APPEAL_LARGE,MODIFIER_SINGLE_CITY_ADJUST_CITY_APPEAL,1,0,1,0,,,,
GREATPERSON_EXTRA_REGIONAL_BUILDING_ENTERTAINMENT,MODIFIER_PLAYER_DISTRICT_ADJUST_EXTRA_REGIONAL_ENTERTAINMENT,1,0,1,0,,,,
GREATPERSON_GRANT_PRODUCTION_IN_CITY_INFORMATION,MODIFIER_SINGLE_CITY_GRANT_PRODUCTION_IN_CITY,1,0,1,0,,,,
GREATPERSON_COMBAT_STRENGTH_AOE_CLASSICAL_LAND,MODIFIER_PLAYER_UNITS_GRANT_ABILITY,0,0,0,0,,AOE_CLASSICAL_LAND_REQUIREMENTS,,
GREATPERSON_COMBAT_STRENGTH_AOE_MEDIEVAL_LAND,MODIFIER_PLAYER_UNITS_GRANT_ABILITY,0,0,0,0,,AOE_MEDIEVAL_LAND_REQUIREMENTS,,
GREATPERSON_COMBAT_STRENGTH_AOE_RENAISSANCE_LAND,MODIFIER_PLAYER_UNITS_GRANT_ABILITY,0,0,0,0,,AOE_RENAISSANCE_LAND_REQUIREMENTS,,
GREATPERSON_COMBAT_STRENGTH_AOE_INDUSTRIAL_LAND,MODIFIER_PLAYER_UNITS_GRANT_ABILITY,0,0,0,0,,AOE_INDUSTRIAL_LAND_REQUIREMENTS,,
GREATPERSON_COMBAT_STRENGTH_AOE_MODERN_LAND,MODIFIER_PLAYER_UNITS_GRANT_ABILITY,0,0,0,0,,AOE_MODERN_LAND_REQUIREMENTS,,
GREATPERSON_COMBAT_STRENGTH_AOE_ATOMIC_LAND,MODIFIER_PLAYER_UNITS_GRANT_ABILITY,0,0,0,0,,AOE_ATOMIC_LAND_REQUIREMENTS,,
GREATPERSON_COMBAT_STRENGTH_AOE_INFORMATION_LAND,MODIFIER_PLAYER_UNITS_GRANT_ABILITY,0,0,0,0,,AOE_INFORMATION_LAND_REQUIREMENTS,,
GREATPERSON_MOVEMENT_AOE_CLASSICAL_LAND,MODIFIER_PLAYER_UNITS_GRANT_ABILITY,0,0,0,0,,AOE_CLASSICAL_LAND_REQUIREMENTS,,
GREATPERSON_MOVEMENT_AOE_MEDIEVAL_LAND,MODIFIER_PLAYER_UNITS_GRANT_ABILITY,0,0,0,0,,AOE_MEDIEVAL_LAND_REQUIREMENTS,,
GREATPERSON_MOVEMENT_AOE_RENAISSANCE_LAND,MODIFIER_PLAYER_UNITS_GRANT_ABILITY,0,0,0,0,,AOE_RENAISSANCE_LAND_REQUIREMENTS,,
GREATPERSON_MOVEMENT_AOE_INDUSTRIAL_LAND,MODIFIER_PLAYER_UNITS_GRANT_ABILITY,0,0,0,0,,AOE_INDUSTRIAL_LAND_REQUIREMENTS,,
GREATPERSON_MOVEMENT_AOE_MODERN_LAND,MODIFIER_PLAYER_UNITS_GRANT_ABILITY,0,0,0,0,,AOE_MODERN_LAND_REQUIREMENTS,,
GREATPERSON_MOVEMENT_AOE_ATOMIC_LAND,MODIFIER_PLAYER_UNITS_GRANT_ABILITY,0,0,0,0,,AOE_ATOMIC_LAND_REQUIREMENTS,,
GREATPERSON_MOVEMENT_AOE_INFORMATION_LAND,MODIFIER_PLAYER_UNITS_GRANT_ABILITY,0,0,0,0,,AOE_INFORMATION_LAND_REQUIREMENTS,,
GREATPERSON_BOUDICA_ACTIVE,MODIFIER_PLAYER_UNITS_ADJUST_OWNER,1,0,1,0,,GREATPERSON_BOUDICA_ACTIVE_REQUIREMENTS,,
GREATPERSON_HANNIBAL_BARCA_ACTIVE,MODIFIER_PLAYER_UNIT_ADJUST_GRANT_EXPERIENCE,1,0,1,0,,,,
GREATPERSON_EL_CID_ACTIVE,MODIFIER_PLAYER_UNIT_ADJUST_MILITARY_FORMATION,1,0,1,0,,,,
GREATPERSON_GENGHIS_KHAN_ACTIVE,MODIFIER_PLAYER_UNIT_ADJUST_GRANT_EXPERIENCE,1,0,1,0,,,,
GREATPERSON_GENGHIS_KHAN_ACTIVE_UNIT_BONUS,MODIFIER_PLAYER_UNIT_ADJUST_UNIT_EXPERIENCE_MODIFIER,1,0,1,0,,,,
GREATPERSON_GUSTAVUS_ADOLPHUS_ACTIVE,MODIFIER_PLAYER_UNIT_GRANT_UNIT_WITH_EXPERIENCE,1,0,1,0,,,,
GREATPERSON_JOAN_OF_ARC_ACTIVE,MODIFIER_PLAYER_GRANT_RELIC,1,0,1,0,,,,
GREATPERSON_NAPOLEON_BONAPARTE_ACTIVE,MODIFIER_PLAYER_UNIT_ADJUST_MILITARY_FORMATION,1,0,1,0,,,,
GREATPERSON_RANI_LAKSHMIBAI_ACTIVE,MODIFIER_PLAYER_UNIT_GRANT_UNIT_WITH_EXPERIENCE,1,0,1,0,,,,
GREATPERSON_ANA_NZINGA_ACTIVE,MODIFIER_PLAYER_GRANT_INFLUENCE_TOKEN,1,0,1,0,,,,
GREATPERSON_JOHN_MONASH_ACTIVE,MODIFIER_PLAYER_UNIT_ADJUST_GRANT_EXPERIENCE,1,0,1,0,,,,
GREATPERSON_JOHN_MONASH_ACTIVE_UNIT_BONUS,MODIFIER_PLAYER_UNIT_GRANT_ABILITY,1,0,1,0,,,,
GREATPERSON_MARINA_RASKOVA_ACTIVE,MODIFIER_PLAYER_DISTRICT_GRANT_AIR_SLOTS,1,0,1,0,,,,
GREATPERSON_DWIGHT_EISENHOWER_ACTIVE,MODIFIER_PLAYER_CITIES_ADJUST_MILITARY_UNITS_PRODUCTION,1,0,1,0,,,,
GREATPERSON_GEORGY_ZHUKOV_ACTIVE,MODIFIER_PLAYER_UNITS_GRANT_ABILITY,0,0,1,0,,,,
GREATPERSON_DOUGLAS_MACARTHUR_ACTIVE,MODIFIER_PLAYER_UNIT_GRANT_UNIT_WITH_EXPERIENCE,1,0,1,0,,,,
GREATPERSON_AHMAD_SHAH_MASSOUD_ACTIVE,MODIFIER_PLAYER_UNIT_GRANT_UNIT_WITH_EXPERIENCE,1,0,1,0,,,,
GREATPERSON_VIJAYA_WIMALARATNE_ACTIVE,MODIFIER_PLAYER_UNIT_ADJUST_GRANT_EXPERIENCE,1,0,1,0,,,,
GREATPERSON_VIJAYA_WIMALARATNE_ACTIVE_UNIT_BONUS,MODIFIER_PLAYER_UNIT_GRANT_ABILITY,1,0,1,0,,,,
GREATPERSON_GRANT_PLOT_RESOURCE,MODIFIER_PLAYER_GRANT_FREE_RESOURCE_FROM_UNIT_PLOT,1,0,1,0,,,,
GREATPERSON_FAITH_SMALL,MODIFIER_PLAYER_GRANT_YIELD,1,0,1,0,,,,
GREATPERSON_GRANT_PLOT,MODIFIER_UNIT_GRANT_PLOT,1,0,1,0,,,,
GREATPERSON_GOLD_TINY,MODIFIER_PLAYER_GRANT_YIELD,1,0,1,0,,,,
GREATPERSON_GOLD_TO_INCOMING_FOREIGN_ROUTES,MODIFIER_SINGLE_CITY_ADJUST_TRADE_ROUTE_YIELD_TO_OTHERS,1,0,1,0,,,,
GREATPERSON_GOLD_FROM_INCOMING_FOREIGN_ROUTES,MODIFIER_SINGLE_CITY_ADJUST_TRADE_ROUTE_YIELD_FROM_OTHERS,1,0,1,0,,,,
GREATPERSON_FREE_TRADER_UNIT,MODIFIER_SINGLE_CITY_GRANT_UNIT_IN_CITY,1,0,1,0,,,,
GREATPERSON_EXTRA_TRADE_ROUTE_CAPACITY,MODIFIER_PLAYER_ADJUST_TRADE_ROUTE_CAPACITY,1,0,1,0,,,,
GREATPERSON_GOLD_SMALL,MODIFIER_PLAYER_GRANT_YIELD,1,0,1,0,,,,
GREATPERSON_INFLUENCE_TOKENS_SMALL,MODIFIER_PLAYER_GRANT_INFLUENCE_TOKEN,1,0,1,0,,,,
GREATPERSON_MARKET,MODIFIER_SINGLE_CITY_GRANT_BUILDING_IN_CITY_IGNORE,1,0,1,0,,,,
GREATPERSON_BANK,MODIFIER_SINGLE_CITY_GRANT_BUILDING_IN_CITY_IGNORE,1,0,1,0,,,,
GREATPERSON_BANK_GREAT_WORK_SLOTS,MODIFIER_SINGLE_CITY_ADJUST_EXTRA_GREAT_WORK_SLOTS,1,0,1,0,,,,
GREATPERSON_GOLD_MEDIUM,MODIFIER_PLAYER_GRANT_YIELD,1,0,1,0,,,,
GREATPERSON_INFLUENCE_TOKENS_MEDIUM,MODIFIER_PLAYER_GRANT_INFLUENCE_TOKEN,1,0,1,0,,,,
GREATPERSON_DOMESTIC_ROUTE_GOLD_PER_SPECIALTY_DISTRICT,MODIFIER_PLAYER_ADJUST_TRADE_ROUTE_YIELD_PER_SPECIALTY_DISTRICT_FOR_DOMESTIC,1,0,1,0,,,,
GREATPERSON_ECONOMIC_POLICY_SLOT,MODIFIER_PLAYER_CULTURE_ADJUST_GOVERNMENT_SLOTS_MODIFIER,1,0,1,0,,,,
GREATPERSON_GRANT_JEANS,MODIFIER_SINGLE_CITY_GRANT_RESOURCE_IN_CITY,1,0,1,0,,,,
GREATPERSON_GOLD_LARGE,MODIFIER_PLAYER_GRANT_YIELD,1,0,1,0,,,,
GREATPERSON_GRANT_PERFUME,MODIFIER_SINGLE_CITY_GRANT_RESOURCE_IN_CITY,1,0,1,0,,,,
GREATPERSON_GRANT_OIL,MODIFIER_SINGLE_CITY_GRANT_RESOURCE_IN_CITY,1,0,1,0,,,,
GREATPERSON_DOMESTIC_ROUTE_GOLD_PER_STRATEGIC,MODIFIER_PLAYER_CITIES_ADJUST_TRADE_ROUTE_YIELD_PER_DESTINATION_STRATEGIC_FOR_DOMESTIC,0,0,1,0,,,,
GREATPERSON_INTERNATIONAL_ROUTE_GOLD_PER_STRATEGIC,MODIFIER_PLAYER_CITIES_ADJUST_TRADE_ROUTE_YIELD_PER_DESTINATION_STRATEGIC_FOR_INTERNATIONAL,0,0,1,0,,,,
GREATPERSON_TRADE_ROUTE_TOURISM_MODIFIER,MODIFIER_PLAYER_ADJUST_TRADE_ROUTE_TOURISM_MODIFIER,1,0,1,0,,,,
GREATPERSON_GRANT_COSMETICS,MODIFIER_SINGLE_CITY_GRANT_RESOURCE_IN_CITY,1,0,1,0,,,,
GREATPERSON_DIPLO_VISIBILITY,MODIFIER_PLAYER_ADD_DIPLO_VISIBILITY,1,0,1,0,,,,
GREATPERSON_GRANT_TOYS,MODIFIER_SINGLE_CITY_GRANT_RESOURCE_IN_CITY,1,0,1,0,,,,
GREATPERSON_INDUSTRIAL_ZONE_TOURISM,MODIFIER_PLAYER_DISTRICTS_ADJUST_TOURISM_CHANGE,0,0,1,0,,DISTRICT_IS_INDUSTRIAL_ZONE,,
GREATPERSON_CAMPUS_TOURISM,MODIFIER_PLAYER_DISTRICTS_ADJUST_TOURISM_CHANGE,0,0,1,0,,DISTRICT_IS_CAMPUS,,
GREATPERSON_ADJACENT_RAINFOREST_SCIENCE,MODIFIER_PLAYER_UNIT_GRANT_ADJACENT_FEATURE_YIELD,1,0,1,0,,,,
GREATPERSON_ADJACENT_NATURALWONDER_SCIENCE,MODIFIER_PLAYER_UNIT_GRANT_ADJACENT_NATURAL_WONDER_YIELD,1,0,1,0,,,,
GREATPERSON_ADJACENT_GRASSMOUNTAIN_SCIENCE,MODIFIER_PLAYER_UNIT_GRANT_ADJACENT_TERRAIN_YIELD,1,0,1,0,,,,
GREATPERSON_ADJACENT_PLAINSMOUNTAIN_SCIENCE,MODIFIER_PLAYER_UNIT_GRANT_ADJACENT_TERRAIN_YIELD,1,0,1,0,,,,
GREATPERSON_ADJACENT_DESERTMOUNTAIN_SCIENCE,MODIFIER_PLAYER_UNIT_GRANT_ADJACENT_TERRAIN_YIELD,1,0,1,0,,,,
GREATPERSON_ADJACENT_TUNDRAMOUNTAIN_SCIENCE,MODIFIER_PLAYER_UNIT_GRANT_ADJACENT_TERRAIN_YIELD,1,0,1,0,,,,
GREATPERSON_ADJACENT_SNOWMOUNTAIN_SCIENCE,MODIFIER_PLAYER_UNIT_GRANT_ADJACENT_TERRAIN_YIELD,1,0,1,0,,,,
GREATPERSON_1MEDIEVALRENAISSANCETECHBOOST,MODIFIER_PLAYER_GRANT_RANDOM_TECHNOLOGY_BOOST_BY_ERA,1,0,1,0,,,,
GREATPERSON_HOLY_SITE_ADJACENCY_AS_SCIENCE,MODIFIER_PLAYER_DISTRICT_ADJUST_YIELD_BASED_ON_ADJACENCY_BONUS,1,0,1,0,,,,
GREATPERSON_FAITH,MODIFIER_PLAYER_GRANT_YIELD,1,0,1,0,,,,
GREATPERSON_1MEDIEVALRENAISSANCECIVICBOOST,MODIFIER_PLAYER_GRANT_RANDOM_CIVIC_BOOST_BY_ERA,1,0,1,0,,,,
GREATPERSON_2MEDIEVALRENAISSANCETECHBOOSTS,MODIFIER_PLAYER_GRANT_RANDOM_TECHNOLOGY_BOOST_BY_ERA,1,0,1,0,,,,
GREATPERSON_3CLASSICALMEDIEVALTECHBOOSTS,MODIFIER_PLAYER_GRANT_RANDOM_TECHNOLOGY_BOOST_BY_ERA,1,0,1,0,,,,
GREATPERSON_1MEDIEVALTECHBOOST,MODIFIER_PLAYER_GRANT_RANDOM_TECHNOLOGY_BOOST_BY_ERA,1,0,1,0,,,,
GREATPERSON_MATHTECHBOOST,MODIFIER_PLAYER_GRANT_SPECIFIC_TECH_BOOST,1,0,1,0,,,,
GREATPERSON_1INDUSTRIALTECHBOOST,MODIFIER_PLAYER_GRANT_RANDOM_TECHNOLOGY_BOOST_BY_ERA,1,0,1,0,,,,
GREATPERSON_CHEMISTRYTECHBOOST,MODIFIER_PLAYER_GRANT_SPECIFIC_TECH_BOOST,1,0,1,0,,,,
GREATPERSON_LIBRARY,MODIFIER_SINGLE_CITY_GRANT_BUILDING_IN_CITY_IGNORE,1,0,1,0,,,,
GREATPERSON_LIBRARIES_SCIENCE,MODIFIER_PLAYER_CITIES_ADJUST_BUILDING_YIELD_CHANGE,0,0,1,0,,,,
GREATPERSON_UNIVERSITY,MODIFIER_SINGLE_CITY_GRANT_BUILDING_IN_CITY_IGNORE,1,0,1,0,,,,
GREATPERSON_UNIVERSITIES_SMALL_SCIENCE,MODIFIER_PLAYER_CITIES_ADJUST_BUILDING_YIELD_CHANGE,0,0,1,0,,,,
GREATPERSON_UNIVERSITIES_BIG_SCIENCE,MODIFIER_PLAYER_CITIES_ADJUST_BUILDING_YIELD_CHANGE,0,0,1,0,,,,
GREATPERSON_RESEARCHLABS_BIG_SCIENCE,MODIFIER_PLAYER_CITIES_ADJUST_BUILDING_YIELD_CHANGE,0,0,1,0,,,,
GREATPERSON_1MODERNATOMICTECHBOOST,MODIFIER_PLAYER_GRANT_RANDOM_TECHNOLOGY_BOOST_BY_ERA,1,0,1,0,,,,
GREATPERSON_REVEAL_OIL,MODIFIER_PLAYER_GRANT_FREE_RESOURCE_VISIBILITY,1,0,1,0,,,,
GREATPERSON_2INDUSTRIALMODERNTECHBOOSTS,MODIFIER_PLAYER_GRANT_RANDOM_TECHNOLOGY_BOOST_BY_ERA,1,0,1,0,,,,
GREATPERSON_3RENAISSANCEINDUSTRIALTECHBOOSTS,MODIFIER_PLAYER_GRANT_RANDOM_TECHNOLOGY_BOOST_BY_ERA,1,0,1,0,,,,
GREATPERSON_ARTIFACT_TOURISM_MODIFIER,MODIFIER_PLAYER_CITIES_ADJUST_TOURISM,0,0,1,0,,,,
GREATPERSON_ARTIFACT_SCIENCE,MODIFIER_SINGLE_CITY_GRANT_YIELD_PER_GREAT_WORK,1,0,1,0,,,,
GREATPERSON_3ATOMICINFORMATIONTECHBOOSTS,MODIFIER_PLAYER_GRANT_RANDOM_TECHNOLOGY_BOOST_BY_ERA,1,0,1,0,,,,
GREATPERSON_ALLINFORMATIONTECHBOOSTS,MODIFIER_PLAYER_GRANT_ALL_TECHNOLOGY_BOOST_BY_ERA,1,0,1,0,,,,
GREATPERSON_GREAT_PERSON_FREE_POINTS,MODIFIER_PLAYER_ADJUST_FREE_GREAT_PERSON_POINTS,1,0,1,0,,,,
GREATPERSON_GRANT_PRODUCTION_IN_CITY_LATE_SPACE_RACE,MODIFIER_SINGLE_CITY_GRANT_PRODUCTION_IN_CITY,1,0,1,0,,,,
GREATPERSON_ABU_AL_QASIM_AL_ZAHRAWI_ACTIVE,MODIFIER_PLAYER_UNITS_ATTACH_MODIFIER,0,0,1,0,,ABU_LAND_REQUIREMENTS,,
GREATPERSON_ABU_AL_QASIM_AL_ZAHRAWI_ACTIVE_HEAL_BONUS,MODIFIER_PLAYER_UNIT_ADJUST_HEAL_PER_TURN,1,0,1,0,,,,
CHATEAU_LUXURYADJACENCY_GOLD,MODIFIER_SINGLE_PLOT_ADJUST_PLOT_YIELDS,0,0,0,0,,PLOT_ADJACENT_TO_LUXURY_REQUIREMENTS,,
CHATEAU_WONDERADJACENCY_CULTURE,MODIFIER_SINGLE_PLOT_ADJUST_PLOT_YIELDS,0,0,0,0,,PLOT_ADJACENT_TO_WONDER_REQUIREMENTS,,
MISSION_CAMPUSADJACENCY_SCIENCE,MODIFIER_SINGLE_PLOT_ADJUST_PLOT_YIELDS,0,0,0,0,,PLOT_ADJACENT_TO_CAMPUS_REQUIREMENTS,,
MISSION_NEWCONTINENT_PRODUCTION,MODIFIER_SINGLE_PLOT_ADJUST_PLOT_YIELDS,0,0,0,0,,PLOT_NOT_OWNER_CAPITAL_CONTINENT_REQUIREMENTS,,
MISSION_NEWCONTINENT_FOOD,MODIFIER_SINGLE_PLOT_ADJUST_PLOT_YIELDS,0,0,0,0,,PLOT_NOT_OWNER_CAPITAL_CONTINENT_REQUIREMENTS,,
MISSION_NEWCONTINENT_FAITH,MODIFIER_SINGLE_PLOT_ADJUST_PLOT_YIELDS,0,0,0,0,,PLOT_NOT_OWNER_CAPITAL_CONTINENT_REQUIREMENTS,,
SPHINX_WONDERADJACENCY_FAITH,MODIFIER_SINGLE_PLOT_ADJUST_PLOT_YIELDS,0,0,0,0,,PLOT_ADJACENT_TO_WONDER_REQUIREMENTS,,
STEPWELL_FARMADJACENCY_FOOD,MODIFIER_SINGLE_PLOT_ADJUST_PLOT_YIELDS,0,0,0,0,,PLOT_ADJACENT_TO_FARM_REQUIREMENTS,,
STEPWELL_HOLYSITEADJACENCY_FAITH,MODIFIER_SINGLE_PLOT_ADJUST_PLOT_YIELDS,0,0,0,0,,PLOT_ADJACENT_TO_HOLYSITE_REQUIREMENTS,,
STEPWELL_HOUSING_WITHTECH,MODIFIER_SINGLE_CITY_ADJUST_IMPROVEMENT_HOUSING,0,0,0,0,,PLAYER_HAS_TECHNOLOGY_REQUIREMENTS,,
ZIGGURAT_RIVERADJACENCY_CULTURE,MODIFIER_SINGLE_PLOT_ADJUST_PLOT_YIELDS,0,0,0,0,,PLOT_ADJACENT_TO_RIVER_REQUIREMENTS,,
LUMBER_MILL_RIVERADJACENCY_PRODUCTION,MODIFIER_SINGLE_PLOT_ADJUST_PLOT_YIELDS,0,0,0,0,,PLOT_ADJACENT_TO_RIVER_REQUIREMENTS,,
STANDARD_DIPLOMATIC_ALLY,MODIFIER_PLAYER_DIPLOMACY_SIMPLE_MODIFIER,0,0,0,0,,PLAYER_ALLY,,
STANDARD_DIPLOMATIC_ARCHAEOLOGY,MODIFIER_PLAYER_DIPLOMACY_ARCHAEOLOGY,0,0,0,0,ON_TURN_STARTED,PLAYER_IS_KNOWN_MAJOR_CIV,,
STANDARD_DIPLOMATIC_BROKEN_PROMISE,MODIFIER_PLAYER_DIPLOMACY_BROKEN_PROMISE,0,0,0,0,ON_TURN_STARTED,PLAYER_IS_KNOWN_MAJOR_CIV,,
STANDARD_DIPLOMATIC_CLOSE_TO_VICTORY,MODIFIER_PLAYER_DIPLOMACY_SIMPLE_MODIFIER,0,0,0,0,,PLAYER_IS_CLOSE_TO_VICTORY,,
STANDARD_DIPLOMATIC_KEPT_PROMISE,MODIFIER_PLAYER_DIPLOMACY_KEPT_PROMISE,0,0,0,0,ON_TURN_STARTED,PLAYER_IS_KNOWN_MAJOR_CIV,,
STANDARD_DIPLOMATIC_NO_PROMISE,MODIFIER_PLAYER_DIPLOMACY_NO_PROMISE,0,0,0,0,ON_TURN_STARTED,PLAYER_IS_KNOWN_MAJOR_CIV,,
STANDARD_DIPLOMATIC_CONVERTED_CITY,MODIFIER_PLAYER_DIPLOMACY_SIMPLE_MODIFIER,0,0,0,0,,PLAYER_CITY_CONVERTED,,
STANDARD_DIPLOMATIC_CULTURE_BOMBED,MODIFIER_PLAYER_DIPLOMACY_SIMPLE_MODIFIER,0,0,0,0,,PLAYER_CULTURE_BOMBED,,
STANDARD_DIPLOMATIC_DECLARED_FRIEND,MODIFIER_PLAYER_DIPLOMACY_SIMPLE_MODIFIER,0,0,0,0,,PLAYER_DECLARED_FRIEND,,
STANDARD_DIPLOMATIC_DEFENSIVE_PACT,MODIFIER_PLAYER_DIPLOMACY_SIMPLE_MODIFIER,0,0,0,0,,PLAYER_DEFENSIVE_PACT,,
STANDARD_DIPLOMATIC_DELEGATION,MODIFIER_PLAYER_DIPLOMACY_SIMPLE_MODIFIER,0,0,0,0,,PLAYER_DELEGATION,,
STANDARD_DIPLOMATIC_DEMAND,MODIFIER_PLAYER_DIPLOMACY_SIMPLE_MODIFIER,0,0,0,0,,PLAYER_RECEIVED_DEMAND,,
STANDARD_DIPLOMATIC_DENOUNCED,MODIFIER_PLAYER_DIPLOMACY_SIMPLE_MODIFIER,0,0,0,0,,PLAYER_DENOUNCED,,
STANDARD_DIPLOMATIC_ESPIONAGE,MODIFIER_PLAYER_DIPLOMACY_ESPIONAGE,0,0,0,0,,ON_ESPIONAGE_DETECTED,,
STANDARD_DIPLOMATIC_GOVERNMENT_SAME,MODIFIER_PLAYER_DIPLOMACY_GOVERNMENTS,0,0,0,0,,PLAYER_HAS_SAME_GOVERNMENT,,
STANDARD_DIPLOMATIC_GOVERNMENT_DIFFERENT,MODIFIER_PLAYER_DIPLOMACY_GOVERNMENTS,0,0,0,0,,PLAYER_HAS_DIFFERENT_GOVERNMENT,,
STANDARD_DIPLOMATIC_HAD_FRIENDLY_MEETING,MODIFIER_PLAYER_DIPLOMACY_SIMPLE_MODIFIER,0,0,0,0,,PLAYER_HAD_FRIENDLY_MEETING,,
STANDARD_DIPLOMATIC_INCURSION,MODIFIER_PLAYER_DIPLOMACY_INCURSION,0,0,0,0,ON_TURN_STARTED,PLAYER_IS_KNOWN_BUT_NO_OPEN_BORDERS,,
STANDARD_DIPLOMATIC_NEAR_BORDER_WARNING,MODIFIER_PLAYER_DIPLOMACY_SIMPLE_MODIFIER,0,0,0,0,,PLAYER_NEAR_CULTURE_BORDER,,
STANDARD_DIPLOMATIC_LIBERATED_CITY,MODIFIER_PLAYER_DIPLOMACY_SIMPLE_MODIFIER,0,0,0,0,,PLAYER_CITY_LIBERATED,,
STANDARD_DIPLOMATIC_LIBERATED_MY_CITY,MODIFIER_PLAYER_DIPLOMACY_SIMPLE_MODIFIER,0,0,0,0,,PLAYER_MY_CITY_LIBERATED,,
STANDARD_DIPLOMATIC_OCCUPIED_CITY,MODIFIER_PLAYER_DIPLOMACY_SIMPLE_MODIFIER,0,0,0,0,,PLAYER_CITY_OCCUPIED,,
STANDARD_DIPLOMATIC_OCCUPIED_FRIENDLY_CITY,MODIFIER_PLAYER_DIPLOMACY_SIMPLE_MODIFIER,0,0,0,0,,PLAYER_CITY_OCCUPIED_FRIEND,,
STANDARD_DIPLOMATIC_ONE_SIDED_TRADES,MODIFIER_PLAYER_DIPLOMACY_ONE_SIDED_TRADES,0,0,0,0,,ON_DEAL_ENACTED,,
STANDARD_DIPLOMATIC_OPEN_BORDERS,MODIFIER_PLAYER_DIPLOMACY_SIMPLE_MODIFIER,0,0,0,0,,PLAYER_OPEN_BORDERS,,
STANDARD_DIPLOMACY_PEACE,MODIFIER_PLAYER_DIPLOMACY_PEACEFUL,0,0,0,0,,PLAYER_IS_AT_PEACE,,
STANDARD_DIPLOMACY_RANDOM,MODIFIER_PLAYER_DIPLOMACY_RANDOM,0,0,0,0,,PLAYER_IS_MAJOR_CIV,,
STANDARD_DIPLOMACY_JOINT_WAR,MODIFIER_PLAYER_DIPLOMACY_SIMPLE_MODIFIER,0,0,0,0,,PLAYER_DECLARES_JOINT_WAR,,
STANDARD_DIPLOMATIC_RAZED_MY_CITY,MODIFIER_PLAYER_DIPLOMACY_SIMPLE_MODIFIER,0,0,0,0,,PLAYER_MY_CITY_RAZED,,
STANDARD_DIPLOMATIC_RELIGION_ACCEPT_CONVERSION,MODIFIER_PLAYER_DIPLOMACY_SIMPLE_MODIFIER,0,0,0,0,,PLAYER_ACCEPT_CONVERSION,,
STANDARD_DIPLOMACY_RESIDENT_EMBASSY,MODIFIER_PLAYER_DIPLOMACY_SIMPLE_MODIFIER,0,0,0,0,,PLAYER_RESIDENT_EMBASSY,,
STANDARD_DIPLOMACY_SETTLED_CITIES,MODIFIER_PLAYER_DIPLOMACY_SETTLED_CITIES,0,0,0,0,ON_TURN_STARTED,PLAYER_IS_KNOWN_MAJOR_CIV,,
STANDARD_DIPLOMACY_TRADE_RELATIONS,MODIFIER_PLAYER_DIPLOMACY_TRADE_RELATIONS,0,0,0,0,ON_TURN_STARTED,PLAYER_IS_KNOWN_MAJOR_CIV,,
STANDARD_DIPLOMATIC_WARMONGER,MODIFIER_PLAYER_DIPLOMACY_NEW_WARMONGER,0,0,0,0,ON_TURN_STARTED,PLAYER_IS_NEW_WARMONGER_SUBJECT,,
STANDARD_DIPLOMATIC_3RD_PARTY_DECLARED_SURPRISE_WAR_ON_FRIEND,MODIFIER_PLAYER_DIPLOMACY_THIRD_PARTY_EFFECTS,0,0,0,0,ON_TURN_STARTED,PLAYER_IS_KNOWN_MAJOR_CIV,,
STANDARD_DIPLOMATIC_3RD_PARTY_DENOUNCED_FRIEND,MODIFIER_PLAYER_DIPLOMACY_THIRD_PARTY_EFFECTS,0,0,0,0,ON_TURN_STARTED,PLAYER_IS_KNOWN_MAJOR_CIV,,
STANDARD_DIPLOMATIC_3RD_PARTY_DECLARED_FRIENDSHIP_WITH_FRIEND,MODIFIER_PLAYER_DIPLOMACY_THIRD_PARTY_EFFECTS,0,0,0,0,ON_TURN_STARTED,PLAYER_IS_KNOWN_MAJOR_CIV,,
STANDARD_DIPLOMATIC_3RD_PARTY_ALLIED_WITH_FRIEND,MODIFIER_PLAYER_DIPLOMACY_THIRD_PARTY_EFFECTS,0,0,0,0,ON_TURN_STARTED,PLAYER_IS_KNOWN_MAJOR_CIV,,
STANDARD_DIPLOMATIC_3RD_PARTY_DECLARED_SURPRISE_WAR_ON_ENEMY,MODIFIER_PLAYER_DIPLOMACY_THIRD_PARTY_EFFECTS,0,0,0,0,ON_TURN_STARTED,PLAYER_IS_KNOWN_MAJOR_CIV,,
STANDARD_DIPLOMATIC_3RD_PARTY_DENOUNCED_ENEMY,MODIFIER_PLAYER_DIPLOMACY_THIRD_PARTY_EFFECTS,0,0,0,0,ON_TURN_STARTED,PLAYER_IS_KNOWN_MAJOR_CIV,,
STANDARD_DIPLOMATIC_3RD_PARTY_DECLARED_FRIENDSHIP_WITH_ENEMY,MODIFIER_PLAYER_DIPLOMACY_THIRD_PARTY_EFFECTS,0,0,0,0,ON_TURN_STARTED,PLAYER_IS_KNOWN_MAJOR_CIV,,
STANDARD_DIPLOMATIC_3RD_PARTY_ALLIED_WITH_ENEMY,MODIFIER_PLAYER_DIPLOMACY_THIRD_PARTY_EFFECTS,0,0,0,0,ON_TURN_STARTED,PLAYER_IS_KNOWN_MAJOR_CIV,,
HIGH_DIFFICULTY_SCIENCE_SCALING,MODIFIER_PLAYER_CITIES_ADJUST_CITY_YIELD_MODIFIER,0,0,0,0,PLAYER_IS_HIGH_DIFFICULTY_AI,,,
HIGH_DIFFICULTY_CULTURE_SCALING,MODIFIER_PLAYER_CITIES_ADJUST_CITY_YIELD_MODIFIER,0,0,0,0,PLAYER_IS_HIGH_DIFFICULTY_AI,,,
HIGH_DIFFICULTY_PRODUCTION_SCALING,MODIFIER_PLAYER_CITIES_ADJUST_CITY_YIELD_MODIFIER,0,0,0,0,PLAYER_IS_HIGH_DIFFICULTY_AI,,,
HIGH_DIFFICULTY_GOLD_SCALING,MODIFIER_PLAYER_CITIES_ADJUST_CITY_YIELD_MODIFIER,0,0,0,0,PLAYER_IS_HIGH_DIFFICULTY_AI,,,
HIGH_DIFFICULTY_FAITH_SCALING,MODIFIER_PLAYER_CITIES_ADJUST_CITY_YIELD_MODIFIER,0,0,0,0,PLAYER_IS_HIGH_DIFFICULTY_AI,,,
BARBARIAN_CAMP_GOLD_SCALING,MODIFIER_PLAYER_ADJUST_GOLD_DISPERSAL,0,0,0,0,PLAYER_IS_HUMAN,,,
HIGH_DIFFICULTY_COMBAT_SCALING,MODIFIER_PLAYER_UNITS_ADJUST_COMBAT_DIFFICULTY,0,0,0,0,PLAYER_IS_HIGH_DIFFICULTY_AI,,,
LOW_DIFFICULTY_COMBAT_SCALING,MODIFIER_PLAYER_UNITS_ADJUST_COMBAT_DIFFICULTY,0,0,0,0,PLAYER_IS_LOW_DIFFICULTY_HUMAN,,,
HIGH_DIFFICULTY_UNIT_XP_SCALING,MODIFIER_PLAYER_UNITS_ADJUST_UNIT_EXPERIENCE_MODIFIER,0,0,0,0,PLAYER_IS_HIGH_DIFFICULTY_AI,,,
LOW_DIFFICULTY_UNIT_XP_SCALING,MODIFIER_PLAYER_UNITS_ADJUST_UNIT_EXPERIENCE_MODIFIER,0,0,0,0,PLAYER_IS_LOW_DIFFICULTY_HUMAN,,,
HIGH_DIFFICULTY_FREE_TECH_BOOSTS,MODIFIER_PLAYER_GRANT_RANDOM_TECHNOLOGY_BOOST_ON_NEW_ERA,0,0,0,0,PLAYER_IS_HIGH_DIFFICULTY_AI,,,
HIGH_DIFFICULTY_FREE_CIVIC_BOOSTS,MODIFIER_PLAYER_GRANT_RANDOM_CIVIC_BOOST_ON_NEW_ERA,0,0,0,0,PLAYER_IS_HIGH_DIFFICULTY_AI,,,
BONUS_VS_WOUNDED_UNITS,MODIFIER_PLAYER_UNITS_GRANT_ABILITY,0,0,0,0,,,,
HEAL_AFTER_DEFEATING_UNIT,MODIFIER_PLAYER_UNITS_GRANT_ABILITY,0,0,0,0,,,,
TRAIT_ADJUST_BUILDER_CHARGES,MODIFIER_PLAYER_UNITS_ADJUST_BUILDER_CHARGES,0,0,0,0,,UNIT_IS_BUILDER,,
TRAIT_ADJUST_INQUISITOR_CHARGES,MODIFIER_PLAYER_UNITS_ADJUST_SPREAD_CHARGES,0,0,0,0,,UNIT_IS_INQUISITOR,,
TRAIT_ADJUST_NON_CAPITAL_FREE_CHEAPEST_BUILDING,MODIFIER_PLAYER_CITIES_GRANT_CHEAPEST_BUILDING_IN_CITY,0,0,0,0,,,,
TRAIT_ADJUST_ALLIED_WAR_DISCOUNT,MODIFIER_PLAYER_ADJUST_ALLIED_WAR_DISCOUNT,0,0,0,0,,,,
TRAIT_ADJUST_JOINTWAR_EXPERIENCE,MODIFIER_PLAYER_ADJUST_JOINTWAR_EXPERIENCE,0,0,0,0,,,,
TRAIT_ADJUST_JOINTWAR_PLUNDER,MODIFIER_PLAYER_ADJUST_JOINTWAR_PLUNDER,0,0,0,0,,,,
TRAIT_ADJUST_PROGRESS_DIFF_TRADE_BONUS,MODIFIER_PLAYER_ADJUST_PROGRESS_DIFF_TRADE_BONUS,0,0,0,0,,,,
TRAIT_BUILDER_WONDER_PERCENT,MODIFIER_PLAYER_ADJUST_UNIT_WONDER_PERCENT,0,0,0,0,,,,
TRAIT_BOOST_ENCAMPMENT_PRODUCTION,MODIFIER_PLAYER_CITIES_ADJUST_DISTRICT_PRODUCTION,0,0,0,0,,,,
TRAIT_BOOST_HOLY_SITE_PRODUCTION,MODIFIER_PLAYER_CITIES_ADJUST_DISTRICT_PRODUCTION,0,0,0,0,,,,
TRAIT_BOOST_THEATER_DISTRICT_PRODUCTION,MODIFIER_PLAYER_CITIES_ADJUST_DISTRICT_PRODUCTION,0,0,0,0,,,,
TRAIT_COMBAT_BONUS_CITY_STATES,MODIFIER_PLAYER_UNITS_GRANT_ABILITY,0,0,0,0,,,,
TRAIT_COMBAT_BONUS_HOME_CONTINENT,MODIFIER_PLAYER_UNITS_GRANT_ABILITY,0,0,0,0,,,,
TRAIT_BEFRIEND_MINOR_CIV_HOME_CONTINENT,MODIFIER_ADJUST_DIPLOMATIC_ACTION_PREFERENCE,0,0,0,0,,REQUIREMENTS_INDEPT_MINOR_CIV_HOME_CONTINENT,,
TRAIT_NO_WAR_MINOR_CIV_HOME_CONTINENT,MODIFIER_ADJUST_DIPLOMATIC_ACTION_PREFERENCE,0,0,0,0,,REQUIREMENTS_INDEPT_MINOR_CIV_HOME_CONTINENT,,
TRAIT_COMBAT_BONUS_LAND_ON_COAST,MODIFIER_PLAYER_UNITS_GRANT_ABILITY,0,0,0,0,,,,
TRAIT_COMBAT_BONUS_NAVAL_SHALLOW_WATER,MODIFIER_PLAYER_UNITS_GRANT_ABILITY,0,0,0,0,,,,
TRAIT_COMBAT_BONUS_OTHER_RELIGION,MODIFIER_PLAYER_UNITS_GRANT_ABILITY,0,0,0,0,,,,
TRAIT_COMBAT_BONUS_PER_LUXURY,MODIFIER_PLAYER_UNITS_GRANT_ABILITY,0,0,0,0,,,,
TRAIT_FREE_APOSTLE_FINISH_MBANZA,MODIFIER_PLAYER_DISTRICT_CREATE_UNIT,0,0,0,0,,,,
TRAIT_FREE_APOSTLE_FINISH_THEATER_DISTRICT,MODIFIER_PLAYER_DISTRICT_CREATE_UNIT,0,0,0,0,,,,
TRAIT_FAITH_PEACEFUL_FOUNDERS,MODIFIER_PLAYER_ADJUST_FAITH_PEACEFUL_FOUNDERS,0,0,0,0,,,,
TRAIT_GAINS_FOUNDER_BELIEF_MAJORITY_RELIGION,MODIFIER_PLAYER_GAINS_FOUNDER_BELIEF_MAJORITY_RELIGION,0,0,0,0,,,,
TRAIT_GRANT_COASTAL_RAID_ABILITY,MODIFIER_PLAYER_UNITS_GRANT_ABILITY,0,0,1,0,,,,
TRAIT_ANCIENT_NAVAL_MELEE_PRODUCTION,MODIFIER_PLAYER_CITIES_ADJUST_UNIT_TAG_ERA_PRODUCTION,0,0,0,0,,,,
TRAIT_CLASSICAL_NAVAL_MELEE_PRODUCTION,MODIFIER_PLAYER_CITIES_ADJUST_UNIT_TAG_ERA_PRODUCTION,0,0,0,0,,,,
TRAIT_MEDIEVAL_NAVAL_MELEE_PRODUCTION,MODIFIER_PLAYER_CITIES_ADJUST_UNIT_TAG_ERA_PRODUCTION,0,0,0,0,,,,
TRAIT_RENAISSANCE_NAVAL_MELEE_PRODUCTION,MODIFIER_PLAYER_CITIES_ADJUST_UNIT_TAG_ERA_PRODUCTION,0,0,0,0,,,,
TRAIT_INDUSTRIAL_NAVAL_MELEE_PRODUCTION,MODIFIER_PLAYER_CITIES_ADJUST_UNIT_TAG_ERA_PRODUCTION,0,0,0,0,,,,
TRAIT_MODERN_NAVAL_MELEE_PRODUCTION,MODIFIER_PLAYER_CITIES_ADJUST_UNIT_TAG_ERA_PRODUCTION,0,0,0,0,,,,
TRAIT_ATOMIC_NAVAL_MELEE_PRODUCTION,MODIFIER_PLAYER_CITIES_ADJUST_UNIT_TAG_ERA_PRODUCTION,0,0,0,0,,,,
TRAIT_INFORMATION_NAVAL_MELEE_PRODUCTION,MODIFIER_PLAYER_CITIES_ADJUST_UNIT_TAG_ERA_PRODUCTION,0,0,0,0,,,,
TRAIT_GREAT_PERSON_REFUND,MODIFIER_PLAYER_ADJUST_GREAT_PERSON_POINTS_REFUND_PERCENT,0,0,0,0,,,,
TRAIT_CULTURE_PER_CITY_STATE_TRIBUTARY,MODIFIER_PLAYER_ADJUST_YIELD_MODIFIER_PER_TRIBUTARY,0,0,0,0,,,,
TRAIT_INCOMING_TRADE_GAIN_GOLD,MODIFIER_PLAYER_CITIES_ADJUST_TRADE_ROUTE_YIELD_FROM_OTHERS,0,0,0,0,,,,
TRAIT_INCOMING_TRADE_OFFER_FOOD,MODIFIER_PLAYER_CITIES_ADJUST_TRADE_ROUTE_YIELD_TO_OTHERS,0,0,0,0,,,,
TRAIT_INCREASE_ENEMY_WAR_WEARINESS,MODIFIER_PLAYER_ADJUST_WAR_WEARINESS,0,0,0,0,,,,
TRAIT_INTERNATIONAL_TRADE_GAIN_GOLD,MODIFIER_PLAYER_ADJUST_TRADE_ROUTE_YIELD_FOR_INTERNATIONAL,0,0,0,0,,,,
TRAIT_MILITARY_GOVERNMENT_SLOT,MODIFIER_PLAYER_CULTURE_ADJUST_GOVERNMENT_SLOTS_MODIFIER,0,0,0,0,,,,
TRAIT_NATIONAL_PARK_APPEAL_BONUS,MODIFIER_PLAYER_CITIES_ADJUST_CITY_APPEAL,0,0,0,0,,CITY_HAS_NATIONAL_PARK_REQUREMENTS,,
TRAIT_OWNED_LUXURY_EXTRA_AMENITIES,MODIFIER_PLAYER_OWNED_LUXURY_EXTRA_AMENITIES,0,0,0,0,,,,
TRAIT_RELIGIOUS_BUILDING_DISCOUNT,MODIFIER_PLAYER_ADJUST_RELIGION_BUILDING_DISCOUNT,0,0,0,0,,,,
TRAIT_RELIGIOUS_BUILDING_MULTIPLIER_CULTURE,MODIFIER_PLAYER_ADD_RELIGIOUS_BUILDING_MULTIPLIER,0,0,0,0,,,,
TRAIT_RELIGIOUS_BUILDING_MULTIPLIER_FAITH,MODIFIER_PLAYER_ADD_RELIGIOUS_BUILDING_MULTIPLIER,0,0,0,0,,,,
TRAIT_RELIGIOUS_BUILDING_MULTIPLIER_SCIENCE,MODIFIER_PLAYER_ADD_RELIGIOUS_BUILDING_MULTIPLIER,0,0,0,0,,,,
UNIQUE_LEADER_ADD_VISIBILITY,MODIFIER_PLAYER_ADD_DIPLO_VISIBILITY,0,0,0,0,,,,
UNIQUE_LEADER_ADD_SPY_CAPACITY,MODIFIER_PLAYER_GRANT_SPY,0,0,0,0,,PLAYER_HAS_CASTLES_TECHNOLOGY,,
UNIQUE_LEADER_ADD_SPY_UNIT,MODIFIER_PLAYER_GRANT_UNIT_IN_CAPITAL,1,0,1,0,PLAYER_HAS_CASTLES_TECHNOLOGY_AND_CAPITAL,,,
UNIQUE_LEADER_SPIES_START_PROMOTED,MODIFIER_PLAYER_UNITS_ADJUST_GRANT_EXPERIENCE,0,0,1,0,,UNIT_IS_SPY,,
UNIQUE_LEADER_CULTURE_KILLS,MODIFIER_PLAYER_UNITS_ADJUST_POST_COMBAT_YIELD,0,0,0,0,,,,
UNIQUE_LEADER_CULTURE_KILLS_GRANT_ABILITY,MODIFIER_PLAYER_UNITS_GRANT_ABILITY,0,0,0,0,,,,
MINOR_CIV_PRODUCTION_PENALTY,MODIFIER_PLAYER_CITIES_ADJUST_CITY_YIELD_MODIFIER,0,0,0,0,,,,
MINOR_CIV_PRODUCTION_BUILDERS,MODIFIER_PLAYER_UNITS_ADJUST_UNIT_PRODUCTION,0,0,0,0,,,,
MINOR_CIV_PRODUCTION_HARBORS,MODIFIER_PLAYER_CITIES_ADJUST_DISTRICT_PRODUCTION,0,0,0,0,,,,
MINOR_CIV_PRODUCTION_MILITARY,MODIFIER_PLAYER_CITIES_ADJUST_MILITARY_UNITS_PRODUCTION,0,0,0,0,,PLAYER_HAS_SMALL_MILITARY,,
MINOR_CIV_PRODUCTION_WALLS,MODIFIER_PLAYER_CITIES_ADJUST_BUILDING_PRODUCTION,0,0,0,0,,,,
MINOR_CIV_GOLD_MILITARY_UPGRADE,MODIFIER_PLAYER_ADJUST_UNIT_UPGRADE_DISCOUNT_PERCENT,0,0,0,0,,,,
MINOR_CIV_SCIENTIFIC_CAMPUS_PRODUCTION,MODIFIER_PLAYER_CITIES_ADJUST_DISTRICT_PRODUCTION,0,0,0,0,,,,
MINOR_CIV_SCIENTIFIC_SEND_TRADE_ROUTE_BONUS,MODIFIER_PLAYER_CITIES_ADJUST_TRADE_ROUTE_YIELD_TO_OTHERS,0,0,0,0,,,,
MINOR_CIV_SCIENTIFIC_YIELD_FOR_CAPITAL,MODIFIER_PLAYER_CAPITAL_CITY_ADJUST_CITY_YIELD_CHANGE,0,0,0,0,,,,
MINOR_CIV_SCIENTIFIC_YIELD_FOR_CAMPUS,MODIFIER_PLAYER_DISTRICTS_ADJUST_YIELD_CHANGE,0,0,0,0,,DISTRICT_IS_CAMPUS,,
MINOR_CIV_SCIENTIFIC_YIELD_FOR_CAPITAL_PAPAL_PRIMACY,MODIFIER_PLAYER_CAPITAL_CITY_ADJUST_CITY_YIELD_CHANGE,0,0,0,0,,,,
MINOR_CIV_SCIENTIFIC_YIELD_FOR_CAMPUS_PAPAL_PRIMACY,MODIFIER_PLAYER_DISTRICTS_ADJUST_YIELD_CHANGE,0,0,0,0,,DISTRICT_IS_CAMPUS,,
MINOR_CIV_RELIGIOUS_HOLY_SITE_PRODUCTION,MODIFIER_PLAYER_CITIES_ADJUST_DISTRICT_PRODUCTION,0,0,0,0,,,,
MINOR_CIV_RELIGIOUS_SEND_TRADE_ROUTE_BONUS,MODIFIER_PLAYER_CITIES_ADJUST_TRADE_ROUTE_YIELD_TO_OTHERS,0,0,0,0,,,,
MINOR_CIV_RELIGIOUS_YIELD_FOR_CAPITAL,MODIFIER_PLAYER_CAPITAL_CITY_ADJUST_CITY_YIELD_CHANGE,0,0,0,0,,,,
MINOR_CIV_RELIGIOUS_YIELD_FOR_HOLY_SITE,MODIFIER_PLAYER_DISTRICTS_ADJUST_YIELD_CHANGE,0,0,0,0,,DISTRICT_IS_HOLY_SITE,,
MINOR_CIV_RELIGIOUS_YIELD_FOR_CAPITAL_PAPAL_PRIMACY,MODIFIER_PLAYER_CAPITAL_CITY_ADJUST_CITY_YIELD_CHANGE,0,0,0,0,,,,
MINOR_CIV_RELIGIOUS_YIELD_FOR_HOLY_SITE_PAPAL_PRIMACY,MODIFIER_PLAYER_DISTRICTS_ADJUST_YIELD_CHANGE,0,0,0,0,,DISTRICT_IS_HOLY_SITE,,
MINOR_CIV_TRADE_COMMERCIAL_HUB_PRODUCTION,MODIFIER_PLAYER_CITIES_ADJUST_DISTRICT_PRODUCTION,0,0,0,0,,,,
MINOR_CIV_TRADE_SEND_TRADE_ROUTE_BONUS,MODIFIER_PLAYER_CITIES_ADJUST_TRADE_ROUTE_YIELD_TO_OTHERS,0,0,0,0,,,,
MINOR_CIV_TRADE_YIELD_FOR_CAPITAL,MODIFIER_PLAYER_CAPITAL_CITY_ADJUST_CITY_YIELD_CHANGE,0,0,0,0,,,,
MINOR_CIV_TRADE_YIELD_FOR_COMMERCIAL_HUB,MODIFIER_PLAYER_DISTRICTS_ADJUST_YIELD_CHANGE,0,0,0,0,,DISTRICT_IS_COMMERCIAL_HUB,,
MINOR_CIV_TRADE_YIELD_FOR_CAPITAL_PAPAL_PRIMACY,MODIFIER_PLAYER_CAPITAL_CITY_ADJUST_CITY_YIELD_CHANGE,0,0,0,0,,,,
MINOR_CIV_TRADE_YIELD_FOR_COMMERCIAL_HUB_PAPAL_PRIMACY,MODIFIER_PLAYER_DISTRICTS_ADJUST_YIELD_CHANGE,0,0,0,0,,DISTRICT_IS_COMMERCIAL_HUB,,
MINOR_CIV_CULTURAL_THEATER_PRODUCTION,MODIFIER_PLAYER_CITIES_ADJUST_DISTRICT_PRODUCTION,0,0,0,0,,,,
MINOR_CIV_CULTURAL_SEND_TRADE_ROUTE_BONUS,MODIFIER_PLAYER_CITIES_ADJUST_TRADE_ROUTE_YIELD_TO_OTHERS,0,0,0,0,,,,
MINOR_CIV_CULTURAL_YIELD_FOR_CAPITAL,MODIFIER_PLAYER_CAPITAL_CITY_ADJUST_CITY_YIELD_CHANGE,0,0,0,0,,,,
MINOR_CIV_CULTURAL_YIELD_FOR_THEATER_DISTRICT,MODIFIER_PLAYER_DISTRICTS_ADJUST_YIELD_CHANGE,0,0,0,0,,DISTRICT_IS_THEATER,,
MINOR_CIV_CULTURAL_YIELD_FOR_CAPITAL_PAPAL_PRIMACY,MODIFIER_PLAYER_CAPITAL_CITY_ADJUST_CITY_YIELD_CHANGE,0,0,0,0,,,,
MINOR_CIV_CULTURAL_YIELD_FOR_THEATER_DISTRICT_PAPAL_PRIMACY,MODIFIER_PLAYER_DISTRICTS_ADJUST_YIELD_CHANGE,0,0,0,0,,DISTRICT_IS_THEATER,,
MINOR_CIV_MILITARISTIC_ENCAMPMENT_PRODUCTION,MODIFIER_PLAYER_CITIES_ADJUST_DISTRICT_PRODUCTION,0,0,0,0,,,,
MINOR_CIV_MILITARISTIC_SEND_TRADE_ROUTE_BONUS,MODIFIER_PLAYER_CITIES_ADJUST_TRADE_ROUTE_YIELD_TO_OTHERS,0,0,0,0,,,,
MINOR_CIV_MILITARISTIC_PRODUCTION_FOR_CAPITAL,MODIFIER_PLAYER_CAPITAL_CITY_ADJUST_UNIT_PRODUCTION,0,0,0,0,,,,
MINOR_CIV_MILITARISTIC_PRODUCTION_FOR_ENCAMPMENT,MODIFIER_PLAYER_DISTRICTS_ADJUST_UNIT_PRODUCTION,0,0,0,0,,DISTRICT_IS_ENCAMPMENT,,
MINOR_CIV_MILITARISTIC_PRODUCTION_FOR_CAPITAL_PAPAL_PRIMACY,MODIFIER_PLAYER_CAPITAL_CITY_ADJUST_UNIT_PRODUCTION,0,0,0,0,,,,
MINOR_CIV_MILITARISTIC_PRODUCTION_FOR_ENCAMPMENT_PAPAL_PRIMACY,MODIFIER_PLAYER_DISTRICTS_ADJUST_UNIT_PRODUCTION,0,0,0,0,,DISTRICT_IS_ENCAMPMENT,,
MINOR_CIV_INDUSTRIAL_INDUSTRIAL_ZONE_PRODUCTION,MODIFIER_PLAYER_CITIES_ADJUST_DISTRICT_PRODUCTION,0,0,0,0,,,,
MINOR_CIV_INDUSTRIAL_SEND_TRADE_ROUTE_BONUS,MODIFIER_PLAYER_CITIES_ADJUST_TRADE_ROUTE_YIELD_TO_OTHERS,0,0,0,0,,,,
MINOR_CIV_INDUSTRIAL_LARGE_INFLUENCE_BONUS_PAPAL_PRIMACY_DISTRICT,MODIFIER_ALL_PLAYERS_ATTACH_MODIFIER,0,0,0,0,,PLAYER_HAS_LARGE_INFLUENCE_AND_PAPAL_PRIMACY,,
MINOR_CIV_INDUSTRIAL_BUILDING_PRODUCTION_FOR_CAPITAL,MODIFIER_PLAYER_CAPITAL_CITY_ADJUST_BUILDING_PRODUCTION,0,0,0,0,,,,
MINOR_CIV_INDUSTRIAL_DISTRICT_PRODUCTION_FOR_CAPITAL,MODIFIER_PLAYER_CAPITAL_CITY_ADJUST_DISTRICT_PRODUCTION,0,0,0,0,,,,
MINOR_CIV_INDUSTRIAL_BUILDING_PRODUCTION_FOR_INDUSTRIAL_ZONE,MODIFIER_PLAYER_DISTRICTS_ADJUST_BUILDING_PRODUCTION,0,0,0,0,,DISTRICT_IS_INDUSTRIAL_ZONE,,
MINOR_CIV_INDUSTRIAL_DISTRICT_PRODUCTION_FOR_INDUSTRIAL_ZONE,MODIFIER_PLAYER_DISTRICTS_ADJUST_DISTRICT_PRODUCTION,0,0,0,0,,DISTRICT_IS_INDUSTRIAL_ZONE,,
MINOR_CIV_INDUSTRIAL_BUILDING_PRODUCTION_FOR_CAPITAL_PAPAL_PRIMACY,MODIFIER_PLAYER_CAPITAL_CITY_ADJUST_BUILDING_PRODUCTION,0,0,0,0,,,,
MINOR_CIV_INDUSTRIAL_DISTRICT_PRODUCTION_FOR_CAPITAL_PAPAL_PRIMACY,MODIFIER_PLAYER_CAPITAL_CITY_ADJUST_DISTRICT_PRODUCTION,0,0,0,0,,,,
MINOR_CIV_INDUSTRIAL_BUILDING_PRODUCTION_FOR_INDUSTRIAL_ZONE_PAPAL_PRIMACY,MODIFIER_PLAYER_DISTRICTS_ADJUST_BUILDING_PRODUCTION,0,0,0,0,,DISTRICT_IS_INDUSTRIAL_ZONE,,
MINOR_CIV_INDUSTRIAL_DISTRICT_PRODUCTION_FOR_INDUSTRIAL_ZONE_PAPAL_PRIMACY,MODIFIER_PLAYER_DISTRICTS_ADJUST_DISTRICT_PRODUCTION,0,0,0,0,,DISTRICT_IS_INDUSTRIAL_ZONE,,
MINOR_CIV_AMSTERDAM_UNIQUE_INFLUENCE_BONUS,MODIFIER_ALL_PLAYERS_ATTACH_MODIFIER,0,0,0,0,,PLAYER_IS_SUZERAIN,,
MINOR_CIV_AMSTERDAM_LUXURY_TRADE_ROUTE_BONUS,MODIFIER_PLAYER_CITIES_ADJUST_TRADE_ROUTE_YIELD_PER_DESTINATION_LUXURY_FOR_INTERNATIONAL,0,0,0,0,,,,
MINOR_CIV_BRUSSELS_UNIQUE_INFLUENCE_BONUS,MODIFIER_ALL_PLAYERS_ATTACH_MODIFIER,0,0,0,0,,PLAYER_IS_SUZERAIN,,
MINOR_CIV_BRUSSELS_WONDER_PRODUCTION_BONUS,MODIFIER_PLAYER_CITIES_ADJUST_WONDER_PRODUCTION,0,0,0,0,,,,
MINOR_CIV_BUENOS_AIRES_UNIQUE_INFLUENCE_BONUS,MODIFIER_ALL_PLAYERS_ATTACH_MODIFIER,0,0,0,0,,PLAYER_IS_SUZERAIN,,
MINOR_CIV_BUENOS_AIRES_BONUS_RESOURCE_AMENITY_BONUS,MODIFIER_PLAYER_OWNED_BONUS_RESOURCE_EXTRA_AMENITIES,0,0,0,0,,,,
MINOR_CIV_GENEVA_UNIQUE_INFLUENCE_BONUS,MODIFIER_ALL_PLAYERS_ATTACH_MODIFIER,0,0,0,0,,PLAYER_IS_SUZERAIN,,
MINOR_CIV_GENEVA_SCIENCE_AT_PEACE_BONUS,MODIFIER_PLAYER_CITIES_ADJUST_CITY_YIELD_MODIFIER,0,0,0,0,,PLAYER_IS_AT_PEACE_WITH_ALL_MAJORS,,
MINOR_CIV_HATTUSA_UNIQUE_INFLUENCE_ALUMINUM_RESOURCE_BONUS,MODIFIER_ALL_PLAYERS_ATTACH_MODIFIER,0,0,0,0,,PLAYER_IS_SUZERAIN,,
MINOR_CIV_HATTUSA_ALUMINUM_RESOURCE_BONUS,MODIFIER_PLAYER_ADJUST_FREE_RESOURCE_IMPORT,0,0,0,0,,PLAYER_HAS_NO_ALUMINUM,,
MINOR_CIV_HATTUSA_UNIQUE_INFLUENCE_COAL_RESOURCE_BONUS,MODIFIER_ALL_PLAYERS_ATTACH_MODIFIER,0,0,0,0,,PLAYER_IS_SUZERAIN,,
MINOR_CIV_HATTUSA_COAL_RESOURCE_BONUS,MODIFIER_PLAYER_ADJUST_FREE_RESOURCE_IMPORT,0,0,0,0,,PLAYER_HAS_NO_COAL,,
MINOR_CIV_HATTUSA_UNIQUE_INFLUENCE_HORSES_RESOURCE_BONUS,MODIFIER_ALL_PLAYERS_ATTACH_MODIFIER,0,0,0,0,,PLAYER_IS_SUZERAIN,,
MINOR_CIV_HATTUSA_HORSES_RESOURCE_BONUS,MODIFIER_PLAYER_ADJUST_FREE_RESOURCE_IMPORT,0,0,0,0,,PLAYER_HAS_NO_HORSES,,
MINOR_CIV_HATTUSA_UNIQUE_INFLUENCE_IRON_RESOURCE_BONUS,MODIFIER_ALL_PLAYERS_ATTACH_MODIFIER,0,0,0,0,,PLAYER_IS_SUZERAIN,,
MINOR_CIV_HATTUSA_IRON_RESOURCE_BONUS,MODIFIER_PLAYER_ADJUST_FREE_RESOURCE_IMPORT,0,0,0,0,,PLAYER_HAS_NO_IRON,,
MINOR_CIV_HATTUSA_UNIQUE_INFLUENCE_NITER_RESOURCE_BONUS,MODIFIER_ALL_PLAYERS_ATTACH_MODIFIER,0,0,0,0,,PLAYER_IS_SUZERAIN,,
MINOR_CIV_HATTUSA_NITER_RESOURCE_BONUS,MODIFIER_PLAYER_ADJUST_FREE_RESOURCE_IMPORT,0,0,0,0,,PLAYER_HAS_NO_NITER,,
MINOR_CIV_HATTUSA_UNIQUE_INFLUENCE_OIL_RESOURCE_BONUS,MODIFIER_ALL_PLAYERS_ATTACH_MODIFIER,0,0,0,0,,PLAYER_IS_SUZERAIN,,
MINOR_CIV_HATTUSA_OIL_RESOURCE_BONUS,MODIFIER_PLAYER_ADJUST_FREE_RESOURCE_IMPORT,0,0,0,0,,PLAYER_HAS_NO_OIL,,
MINOR_CIV_HATTUSA_UNIQUE_INFLUENCE_URANIUM_RESOURCE_BONUS,MODIFIER_ALL_PLAYERS_ATTACH_MODIFIER,0,0,0,0,,PLAYER_IS_SUZERAIN,,
MINOR_CIV_HATTUSA_URANIUM_RESOURCE_BONUS,MODIFIER_PLAYER_ADJUST_FREE_RESOURCE_IMPORT,0,0,0,0,,PLAYER_HAS_NO_URANIUM,,
MINOR_CIV_HONG_KONG_UNIQUE_INFLUENCE_BONUS,MODIFIER_ALL_PLAYERS_ATTACH_MODIFIER,0,0,0,0,,PLAYER_IS_SUZERAIN,,
MINOR_CIV_HONG_KONG_PROJECT_PRODUCTION_BONUS,MODIFIER_PLAYER_CITIES_ADJUST_ALL_PROJECTS_PRODUCTION,0,0,0,0,,,,
MINOR_CIV_JAKARTA_UNIQUE_INFLUENCE_BONUS,MODIFIER_ALL_PLAYERS_ATTACH_MODIFIER,0,0,0,0,,PLAYER_IS_SUZERAIN,,
MINOR_CIV_JAKARTA_TRADING_POST_BONUS,MODIFIER_PLAYER_ADJUST_TRADE_ROUTE_YIELD_PER_POST_IN_FOREIGN_CITY,0,0,0,0,,,,
MINOR_CIV_JERUSALEM_RELIGION_BONUS,MODIFIER_PLAYER_ADOPT_ALLY_FOUNDED_RELIGIONS,0,0,0,0,,,,
MINOR_CIV_JERUSALEM_HOLY_CITY_BONUS,MODIFIER_PLAYER_TREAT_CAPITAL_AS_HOLY_CITY,0,0,0,0,,,,
MINOR_CIV_KABUL_UNIQUE_INFLUENCE_BONUS,MODIFIER_ALL_PLAYERS_ATTACH_MODIFIER,0,0,0,0,,PLAYER_IS_SUZERAIN,,
MINOR_CIV_KABUL_UNIT_EXPERIENCE_BONUS,MODIFIER_PLAYER_UNITS_ADJUST_UNIT_ATTACK_EXPERIENCE_MODIFIER,0,0,0,0,,,,
MINOR_CIV_KANDY_UNIQUE_INFLUENCE_GRANT_BONUS,MODIFIER_ALL_PLAYERS_ATTACH_MODIFIER,0,0,0,0,,PLAYER_IS_SUZERAIN,,
MINOR_CIV_KANDY_GRANT_RELIC_BONUS,MODIFIER_PLAYER_ADJUST_NATURAL_WONDER_RELIC,0,0,0,0,,,,
MINOR_CIV_KANDY_UNIQUE_INFLUENCE_BETTER_RELIC_BONUS,MODIFIER_ALL_PLAYERS_ATTACH_MODIFIER,0,0,0,0,,PLAYER_IS_SUZERAIN,,
MINOR_CIV_KANDY_BETTER_RELIC_BONUS,MODIFIER_PLAYER_CITIES_ADJUST_GREATWORK_YIELD,0,0,0,0,,,,
MINOR_CIV_KUMASI_UNIQUE_INFLUENCE_TRADE_CULTURE_BONUS,MODIFIER_ALL_PLAYERS_ATTACH_MODIFIER,0,0,0,0,,PLAYER_IS_SUZERAIN,,
MINOR_CIV_KUMASI_CULTURE_TRADE_ROUTE_YIELD_BONUS,MODIFIER_PLAYER_CITIES_ADJUST_CITY_STATE_TRADE_ROUTE_DISTRICT_YIELD,0,0,0,0,,,,
MINOR_CIV_KUMASI_UNIQUE_INFLUENCE_TRADE_GOLD_BONUS,MODIFIER_ALL_PLAYERS_ATTACH_MODIFIER,0,0,0,0,,PLAYER_IS_SUZERAIN,,
MINOR_CIV_KUMASI_GOLD_TRADE_ROUTE_YIELD_BONUS,MODIFIER_PLAYER_CITIES_ADJUST_CITY_STATE_TRADE_ROUTE_DISTRICT_YIELD,0,0,0,0,,,,
MINOR_CIV_LA_VENTA_UNIQUE_INFLUENCE_BONUS,MODIFIER_ALL_PLAYERS_ATTACH_MODIFIER,0,0,0,0,,PLAYER_IS_SUZERAIN,,
MINOR_CIV_LA_VENTA_CAN_COLLOSSAL_HEAD,MODIFIER_PLAYER_ADJUST_VALID_IMPROVEMENT,0,0,0,0,,,,
MINOR_CIV_LISBON_UNIQUE_INFLUENCE_BONUS,MODIFIER_ALL_PLAYERS_ATTACH_MODIFIER,0,0,0,0,,PLAYER_IS_SUZERAIN,,
MINOR_CIV_LISBON_SEA_TRADE_ROUTE_PLUNDER_IMMUNITY_BONUS,MODIFIER_PLAYER_UNITS_GRANT_ABILITY,0,0,0,0,,UNIT_IS_TRADER,,
MINOR_CIV_MOHENJO_DARO_UNIQUE_INFLUENCE_BONUS,MODIFIER_ALL_PLAYERS_ATTACH_MODIFIER,0,0,0,0,,PLAYER_IS_SUZERAIN,,
MINOR_CIV_MOHENJO_DARO_CITIES_FRESHWATER_HOUSING_BONUS,MODIFIER_PLAYER_GRANT_CITIES_FRESHWATER_HOUSING_BONUS,0,0,0,0,,,,
MINOR_CIV_NAN_MADOL_UNIQUE_INFLUENCE_BONUS,MODIFIER_ALL_PLAYERS_ATTACH_MODIFIER,0,0,0,0,,PLAYER_IS_SUZERAIN,,
MINOR_CIV_NAN_MADOL_DISTRICTS_CULTURE_BONUS,MODIFIER_PLAYER_DISTRICTS_ADJUST_YIELD_CHANGE,0,0,0,0,,PLOT_IS_OR_ADJACENT_TO_COAST,,
MINOR_CIV_SEOUL_UNIQUE_INFLUENCE_BONUS,MODIFIER_ALL_PLAYERS_ATTACH_MODIFIER,0,0,0,0,,PLAYER_IS_SUZERAIN,,
MINOR_CIV_SEOUL_TECH_BOOST_BONUS,MODIFIER_PLAYER_GRANT_RANDOM_TECHNOLOGY_BOOST_ON_NEW_ERA,0,0,0,0,,,,
MINOR_CIV_TORONTO_UNIQUE_INFLUENCE_BONUS,MODIFIER_ALL_PLAYERS_ATTACH_MODIFIER,0,0,0,0,,PLAYER_IS_SUZERAIN,,
MINOR_CIV_TORONTO_REGIONAL_RANGE_BONUS,MODIFIER_PLAYER_DISTRICTS_ADJUST_EXTRA_REGIONAL_RANGE,0,0,0,0,,DISTRICT_IS_INDUSTRIAL_ZONE_OR_ENTERTAINMENT_COMPLEX,,
MINOR_CIV_VALLETTA_UNIQUE_INFLUENCE_PURCHASE_CHEAPER_WALLS_BONUS,MODIFIER_ALL_PLAYERS_ATTACH_MODIFIER,0,0,0,0,,PLAYER_IS_SUZERAIN,,
MINOR_CIV_VALLETTA_PURCHASE_CHEAPER_WALLS_BONUS,MODIFIER_PLAYER_CITIES_ADJUST_BUILDING_PURCHASE_COST,0,0,0,0,,,,
MINOR_CIV_VALLETTA_UNIQUE_INFLUENCE_PURCHASE_CHEAPER_CASTLE_BONUS,MODIFIER_ALL_PLAYERS_ATTACH_MODIFIER,0,0,0,0,,PLAYER_IS_SUZERAIN,,
MINOR_CIV_VALLETTA_PURCHASE_CHEAPER_CASTLE_BONUS,MODIFIER_PLAYER_CITIES_ADJUST_BUILDING_PURCHASE_COST,0,0,0,0,,,,
MINOR_CIV_VALLETTA_UNIQUE_INFLUENCE_PURCHASE_CHEAPER_STAR_BONUS,MODIFIER_ALL_PLAYERS_ATTACH_MODIFIER,0,0,0,0,,PLAYER_IS_SUZERAIN,,
MINOR_CIV_VALLETTA_PURCHASE_CHEAPER_STAR_BONUS,MODIFIER_PLAYER_CITIES_ADJUST_BUILDING_PURCHASE_COST,0,0,0,0,,,,
MINOR_CIV_VALLETTA_UNIQUE_INFLUENCE_CITY_CENTER_BUILDINGS_BONUS,MODIFIER_ALL_PLAYERS_ATTACH_MODIFIER,0,0,0,0,,PLAYER_IS_SUZERAIN,,
MINOR_CIV_VALLETTA_CITY_CENTER_BUILDINGS_BONUS,MODIFIER_PLAYER_CITIES_ENABLE_BUILDING_FAITH_PURCHASE,0,0,0,0,,,,
MINOR_CIV_VALLETTA_UNIQUE_INFLUENCE_ENCAMPMENT_BUILDINGS_BONUS,MODIFIER_ALL_PLAYERS_ATTACH_MODIFIER,0,0,0,0,,PLAYER_IS_SUZERAIN,,
MINOR_CIV_VALLETTA_ENCAMPMENT_BUILDINGS_BONUS,MODIFIER_PLAYER_CITIES_ENABLE_BUILDING_FAITH_PURCHASE,0,0,0,0,,,,
MINOR_CIV_YEREVAN_UNIQUE_INFLUENCE_BONUS,MODIFIER_ALL_PLAYERS_ATTACH_MODIFIER,0,0,0,0,,PLAYER_IS_SUZERAIN,,
MINOR_CIV_YEREVAN_APOSTLE_PROMOTION_BONUS,MODIFIER_PLAYER_UNIT_GRANT_UNLIMITED_PROMOTION_CHOICES,0,0,0,0,,,,
MINOR_CIV_ZANZIBAR_UNIQUE_INFLUENCE_CINNAMON_RESOURCE_BONUS,MODIFIER_ALL_PLAYERS_ATTACH_MODIFIER,0,0,0,0,,PLAYER_IS_SUZERAIN,,
MINOR_CIV_ZANZIBAR_CINNAMON_RESOURCE_BONUS,MODIFIER_PLAYER_ADJUST_FREE_RESOURCE_IMPORT,0,0,0,0,,,,
MINOR_CIV_ZANZIBAR_UNIQUE_INFLUENCE_CLOVES_RESOURCE_BONUS,MODIFIER_ALL_PLAYERS_ATTACH_MODIFIER,0,0,0,0,,PLAYER_IS_SUZERAIN,,
MINOR_CIV_ZANZIBAR_CLOVES_RESOURCE_BONUS,MODIFIER_PLAYER_ADJUST_FREE_RESOURCE_IMPORT,0,0,0,0,,,,
AESTHETICS_DISTRICTCULTURE,MODIFIER_PLAYER_DISTRICTS_ADJUST_YIELD_MODIFIER,0,0,0,0,,DISTRICT_IS_THEATER,,
AGOGE_ANCIENT_MELEE_PRODUCTION,MODIFIER_PLAYER_CITIES_ADJUST_UNIT_TAG_ERA_PRODUCTION,0,0,0,0,,,,
AGOGE_CLASSICAL_MELEE_PRODUCTION,MODIFIER_PLAYER_CITIES_ADJUST_UNIT_TAG_ERA_PRODUCTION,0,0,0,0,,,,
AGOGE_ANCIENT_ANTI_CAVALRY_PRODUCTION,MODIFIER_PLAYER_CITIES_ADJUST_UNIT_TAG_ERA_PRODUCTION,0,0,0,0,,,,
AGOGE_CLASSICAL_ANTI_CAVALRY_PRODUCTION,MODIFIER_PLAYER_CITIES_ADJUST_UNIT_TAG_ERA_PRODUCTION,0,0,0,0,,,,
AGOGE_ANCIENT_RANGED_PRODUCTION,MODIFIER_PLAYER_CITIES_ADJUST_UNIT_TAG_ERA_PRODUCTION,0,0,0,0,,,,
AGOGE_CLASSICAL_RANGED_PRODUCTION,MODIFIER_PLAYER_CITIES_ADJUST_UNIT_TAG_ERA_PRODUCTION,0,0,0,0,,,,
BASTIONS_OUTERDEFENSE,MODIFIER_PLAYER_CITIES_ADJUST_OUTER_DEFENSE,0,0,0,0,,,,
BASTIONS_RANGEDSTRIKE,MODIFIER_PLAYER_CITIES_ADJUST_RANGED_STRIKE,0,0,0,0,,,,
CARAVANSARIES_TRADEROUTEGOLD,MODIFIER_PLAYER_ADJUST_TRADE_ROUTE_YIELD,0,0,0,0,,,,
CHARISMATICLEADER_INFLUENCEPOINTS,MODIFIER_PLAYER_ADJUST_INFLUENCE_POINTS_PER_TURN,0,0,0,0,,,,
CHIVALRY_MEDIEVAL_HEAVY_CAVALRY_PRODUCTION,MODIFIER_PLAYER_CITIES_ADJUST_UNIT_TAG_ERA_PRODUCTION,0,0,0,0,,,,
CHIVALRY_RENAISSANCE_HEAVY_CAVALRY_PRODUCTION,MODIFIER_PLAYER_CITIES_ADJUST_UNIT_TAG_ERA_PRODUCTION,0,0,0,0,,,,
CHIVALRY_INDUSTRIAL_HEAVY_CAVALRY_PRODUCTION,MODIFIER_PLAYER_CITIES_ADJUST_UNIT_TAG_ERA_PRODUCTION,0,0,0,0,,,,
CHIVALRY_MEDIEVAL_LIGHT_CAVALRY_PRODUCTION,MODIFIER_PLAYER_CITIES_ADJUST_UNIT_TAG_ERA_PRODUCTION,0,0,0,0,,,,
CHIVALRY_RENAISSANCE_LIGHT_CAVALRY_PRODUCTION,MODIFIER_PLAYER_CITIES_ADJUST_UNIT_TAG_ERA_PRODUCTION,0,0,0,0,,,,
CHIVALRY_INDUSTRIAL_LIGHT_CAVALRY_PRODUCTION,MODIFIER_PLAYER_CITIES_ADJUST_UNIT_TAG_ERA_PRODUCTION,0,0,0,0,,,,
COLLECTIVEACTIVISM_CULTUREPERTRIBUTARY,MODIFIER_PLAYER_ADJUST_YIELD_MODIFIER_PER_TRIBUTARY,0,0,0,0,,,,
COLLECTIVIZATION_INTERNAL_TRADE_FOOD,MODIFIER_PLAYER_ADJUST_TRADE_ROUTE_YIELD_FOR_DOMESTIC,0,0,0,0,,,,
COLONIALOFFICES_FOREIGNGROWTH,MODIFIER_PLAYER_CITIES_ADJUST_CITY_GROWTH,0,0,0,0,,CITY_NOT_OWNER_CAPITAL_CONTINENT_REQUIREMENTS,,
COLONIALTAXES_FOREIGNGOLD,MODIFIER_PLAYER_CITIES_ADJUST_CITY_YIELD_MODIFIER,0,0,0,0,,CITY_NOT_OWNER_CAPITAL_CONTINENT_REQUIREMENTS,,
COLONIZATION_SETTLERPRODUCTION,MODIFIER_PLAYER_UNITS_ADJUST_UNIT_PRODUCTION,0,0,0,0,,,,
CONSCRIPTION_UNITMAINTENANCEDISCOUNT,MODIFIER_PLAYER_ADJUST_UNIT_MAINTENANCE_DISCOUNT,0,0,0,0,,,,
CONTAINMENT_DUPLICATETOKENWHENRIVALGOVERNMENT,MODIFIER_PLAYER_ADJUST_DUPLICATE_INFLUENCE_TOKEN_WHEN_RIVAL_GOVERNMENT,0,0,0,0,,,,
CORVEE_ANCIENTCLASSICALWONDER,MODIFIER_PLAYER_CITIES_ADJUST_WONDER_ERA_PRODUCTION,0,0,0,0,,,,
CRAFTSMEN_DISTRICTPRODUCTION,MODIFIER_PLAYER_DISTRICTS_ADJUST_YIELD_MODIFIER,0,0,0,0,,DISTRICT_IS_INDUSTRIAL_ZONE,,
CRYPTOGRAPHY_OFFENSE,MODIFIER_PLAYER_ADJUST_SPY_BONUS,0,0,0,0,,,,
CRYPTOGRAPHY_DEFENSE,MODIFIER_PLAYER_ADJUST_SPY_BONUS,0,0,0,0,,,,
DEFENSEOFMOTHERLAND_DOMESTICWARWEARINESS,MODIFIER_PLAYER_ADJUST_WAR_WEARINESS,0,0,0,0,,,,
DIPLOMATICLEAGUE_DUPLICATEFIRSTINFLUENCETOKEN,MODIFIER_PLAYER_ADJUST_DUPLICATE_FIRST_INFLUENCE_TOKEN,0,0,0,0,,,,
DISCIPLINE_BARBARIANCOMBAT,MODIFIER_PLAYER_UNITS_ADJUST_BARBARIAN_COMBAT,0,0,0,0,,,,
ECOMMERCE_INTERNATIONALTRADEPRODUCTION,MODIFIER_PLAYER_ADJUST_TRADE_ROUTE_YIELD_FOR_INTERNATIONAL,0,0,0,0,,,,
ECOMMERCE_INTERNATIONALTRADEGOLD,MODIFIER_PLAYER_ADJUST_TRADE_ROUTE_YIELD_FOR_INTERNATIONAL,0,0,0,0,,,,
ECONOMICUNION_HARBORGOLD,MODIFIER_PLAYER_DISTRICTS_ADJUST_YIELD_MODIFIER,0,0,0,0,,DISTRICT_IS_HARBOR,,
ECONOMICUNION_COMMERCIALGOLD,MODIFIER_PLAYER_DISTRICTS_ADJUST_YIELD_MODIFIER,0,0,0,0,,DISTRICT_IS_COMMERCIAL_HUB,,
EXPROPRIATION_SETTLERPRODUCTION,MODIFIER_PLAYER_UNITS_ADJUST_UNIT_PRODUCTION,0,0,0,0,,,,
EXPROPRIATION_PLOTPURCHASECOST,MODIFIER_PLAYER_CITIES_ADJUST_PLOT_PURCHASE_COST,0,0,0,0,,,,
FRESCOES_GREATARTISTPOINTS,MODIFIER_PLAYER_ADJUST_GREAT_PERSON_POINTS,0,0,0,0,,,,
FEUDALCONTRACT_MEDIEVAL_MELEE_PRODUCTION,MODIFIER_PLAYER_CITIES_ADJUST_UNIT_TAG_ERA_PRODUCTION,0,0,0,0,,,,
FEUDALCONTRACT_MEDIEVAL_ANTI_CAVALRY_PRODUCTION,MODIFIER_PLAYER_CITIES_ADJUST_UNIT_TAG_ERA_PRODUCTION,0,0,0,0,,,,
FEUDALCONTRACT_RENAISSANCE_ANTI_CAVALRY_PRODUCTION,MODIFIER_PLAYER_CITIES_ADJUST_UNIT_TAG_ERA_PRODUCTION,0,0,0,0,,,,
FEUDALCONTRACT_RENAISSANCE_MELEE_PRODUCTION,MODIFIER_PLAYER_CITIES_ADJUST_UNIT_TAG_ERA_PRODUCTION,0,0,0,0,,,,
FEUDALCONTRACT_MEDIEVAL_RANGED_PRODUCTION,MODIFIER_PLAYER_CITIES_ADJUST_UNIT_TAG_ERA_PRODUCTION,0,0,0,0,,,,
FEUDALCONTRACT_RENAISSANCE_RANGED_PRODUCTION,MODIFIER_PLAYER_CITIES_ADJUST_UNIT_TAG_ERA_PRODUCTION,0,0,0,0,,,,
FIVEYEARPLAN_DISTRICTSCIENCE,MODIFIER_PLAYER_DISTRICTS_ADJUST_YIELD_MODIFIER,0,0,0,0,,DISTRICT_IS_CAMPUS,,
FIVEYEARPLAN_DISTRICTPRODUCTION,MODIFIER_PLAYER_DISTRICTS_ADJUST_YIELD_MODIFIER,0,0,0,0,,DISTRICT_IS_INDUSTRIAL_ZONE,,
GOD_KING_GOLD,MODIFIER_PLAYER_CAPITAL_CITY_ADJUST_CITY_YIELD_CHANGE,0,0,0,0,,,,
GOD_KING_FAITH,MODIFIER_PLAYER_CAPITAL_CITY_ADJUST_CITY_YIELD_CHANGE,0,0,0,0,,,,
GOTHICARCHITECTURE_MEDIEVALRENAISSANCEWONDER,MODIFIER_PLAYER_CITIES_ADJUST_WONDER_ERA_PRODUCTION,0,0,0,0,,,,
GRANDEARMEE_INDUSTRIAL_MELEE_PRODUCTION,MODIFIER_PLAYER_CITIES_ADJUST_UNIT_TAG_ERA_PRODUCTION,0,0,0,0,,,,
GRANDEARMEE_MODERN_MELEE_PRODUCTION,MODIFIER_PLAYER_CITIES_ADJUST_UNIT_TAG_ERA_PRODUCTION,0,0,0,0,,,,
GRANDEARMEE_INDUSTRIAL_ANTI_CAVALRY_PRODUCTION,MODIFIER_PLAYER_CITIES_ADJUST_UNIT_TAG_ERA_PRODUCTION,0,0,0,0,,,,
GRANDEARMEE_MODERN_ANTI_CAVALRY_PRODUCTION,MODIFIER_PLAYER_CITIES_ADJUST_UNIT_TAG_ERA_PRODUCTION,0,0,0,0,,,,
GRANDEARMEE_INDUSTRIAL_RANGED_PRODUCTION,MODIFIER_PLAYER_CITIES_ADJUST_UNIT_TAG_ERA_PRODUCTION,0,0,0,0,,,,
GRANDEARMEE_MODERN_RANGED_PRODUCTION,MODIFIER_PLAYER_CITIES_ADJUST_UNIT_TAG_ERA_PRODUCTION,0,0,0,0,,,,
GUNBOATDIPLOMACY_OPENBORDERS,MODIFIER_ADJUST_OPEN_BORDERS_FROM_INFLUENCE,0,0,0,0,,PLAYER_IS_MINOR,,
GUNBOATDIPLOMACY_INFLUENCEPOINTS,MODIFIER_PLAYER_ADJUST_INFLUENCE_POINTS_PER_TURN,0,0,0,0,,,,
HERITAGE_SCULPTURETOURISM,MODIFIER_PLAYER_CITIES_ADJUST_TOURISM,0,0,0,0,,,,
HERITAGE_PORTRAITTOURISM,MODIFIER_PLAYER_CITIES_ADJUST_TOURISM,0,0,0,0,,,,
HERITAGE_LANDSCAPETOURISM,MODIFIER_PLAYER_CITIES_ADJUST_TOURISM,0,0,0,0,,,,
HERITAGE_RELIGIOUSTOURISM,MODIFIER_PLAYER_CITIES_ADJUST_TOURISM,0,0,0,0,,,,
HERITAGE_ARTIFACTTOURISM,MODIFIER_PLAYER_CITIES_ADJUST_TOURISM,0,0,0,0,,,,
ILKUM_BUILDERPRODUCTION,MODIFIER_PLAYER_UNITS_ADJUST_UNIT_PRODUCTION,0,0,0,0,,,,
INSPIRATION_GREATSCIENTISTPOINTS,MODIFIER_PLAYER_ADJUST_GREAT_PERSON_POINTS,0,0,0,0,,,,
INSULAE_SPECIALTYHOUSING,MODIFIER_PLAYER_CITIES_ADJUST_POLICY_HOUSING,0,0,0,0,,CITY_HAS_2_SPECIALTY_DISTRICTS_REQUIREMENTS,,
INTEGRATEDSPACECELL_SPACE_RACE_PROJECTS_PRODUCTION,MODIFIER_PLAYER_CITIES_ADJUST_SPACE_RACE_PROJECTS_PRODUCTION,0,0,0,0,,CITY_HAS_MILITARY_ACADEMY_OR_SEAPORT,,
INTERNATIONALSPACEAGENCY_SCIENCEPERTRIBUTARY,MODIFIER_PLAYER_ADJUST_YIELD_MODIFIER_PER_TRIBUTARY,0,0,0,0,,,,
INTERNATIONALWATERS_MODERN_NAVAL_MELEE_PRODUCTION,MODIFIER_PLAYER_CITIES_ADJUST_UNIT_TAG_ERA_PRODUCTION,0,0,0,0,,,,
INTERNATIONALWATERS_ATOMIC_NAVAL_MELEE_PRODUCTION,MODIFIER_PLAYER_CITIES_ADJUST_UNIT_TAG_ERA_PRODUCTION,0,0,0,0,,,,
INTERNATIONALWATERS_INFORMATION_NAVAL_MELEE_PRODUCTION,MODIFIER_PLAYER_CITIES_ADJUST_UNIT_TAG_ERA_PRODUCTION,0,0,0,0,,,,
INTERNATIONALWATERS_MODERN_NAVAL_RANGED_PRODUCTION,MODIFIER_PLAYER_CITIES_ADJUST_UNIT_TAG_ERA_PRODUCTION,0,0,0,0,,,,
INTERNATIONALWATERS_ATOMIC_NAVAL_RANGED_PRODUCTION,MODIFIER_PLAYER_CITIES_ADJUST_UNIT_TAG_ERA_PRODUCTION,0,0,0,0,,,,
INTERNATIONALWATERS_INFORMATION_NAVAL_RANGED_PRODUCTION,MODIFIER_PLAYER_CITIES_ADJUST_UNIT_TAG_ERA_PRODUCTION,0,0,0,0,,,,
INTERNATIONALWATERS_MODERN_NAVAL_RAIDER_PRODUCTION,MODIFIER_PLAYER_CITIES_ADJUST_UNIT_TAG_ERA_PRODUCTION,0,0,0,0,,,,
INTERNATIONALWATERS_ATOMIC_NAVAL_RAIDER_PRODUCTION,MODIFIER_PLAYER_CITIES_ADJUST_UNIT_TAG_ERA_PRODUCTION,0,0,0,0,,,,
INTERNATIONALWATERS_INFORMATION_NAVAL_RAIDER_PRODUCTION,MODIFIER_PLAYER_CITIES_ADJUST_UNIT_TAG_ERA_PRODUCTION,0,0,0,0,,,,
LAISSEZFAIRE_GREATMERCHANTPOINTS,MODIFIER_PLAYER_ADJUST_GREAT_PERSON_POINTS,0,0,0,0,,,,
LANDSURVEYORS_PLOTPURCHASECOST,MODIFIER_PLAYER_CITIES_ADJUST_PLOT_PURCHASE_COST,0,0,0,0,,,,
LIBERALISM_SPECIALTYAMENITY,MODIFIER_PLAYER_CITIES_ADJUST_POLICY_AMENITY,0,0,0,0,,CITY_HAS_2_SPECIALTY_DISTRICTS_REQUIREMENTS,,
LIGHTNINGWARFARE_MODERN_HEAVY_CAVALRY_PRODUCTION,MODIFIER_PLAYER_CITIES_ADJUST_UNIT_TAG_ERA_PRODUCTION,0,0,0,0,,,,
LIGHTNINGWARFARE_ATOMIC_HEAVY_CAVALRY_PRODUCTION,MODIFIER_PLAYER_CITIES_ADJUST_UNIT_TAG_ERA_PRODUCTION,0,0,0,0,,,,
LIGHTNINGWARFARE_INFORMATION_HEAVY_CAVALRY_PRODUCTION,MODIFIER_PLAYER_CITIES_ADJUST_UNIT_TAG_ERA_PRODUCTION,0,0,0,0,,,,
LIGHTNINGWARFARE_MODERN_LIGHT_CAVALRY_PRODUCTION,MODIFIER_PLAYER_CITIES_ADJUST_UNIT_TAG_ERA_PRODUCTION,0,0,0,0,,,,
LIGHTNINGWARFARE_ATOMIC_LIGHT_CAVALRY_PRODUCTION,MODIFIER_PLAYER_CITIES_ADJUST_UNIT_TAG_ERA_PRODUCTION,0,0,0,0,,,,
LIGHTNINGWARFARE_INFORMATION_LIGHT_CAVALRY_PRODUCTION,MODIFIER_PLAYER_CITIES_ADJUST_UNIT_TAG_ERA_PRODUCTION,0,0,0,0,,,,
LIMES_CASTLEPRODUCTION,MODIFIER_PLAYER_CITIES_ADJUST_BUILDING_PRODUCTION,0,0,0,0,,,,
LIMES_WALLSPRODUCTION,MODIFIER_PLAYER_CITIES_ADJUST_BUILDING_PRODUCTION,0,0,0,0,,,,
LIMES_STARFORTPRODUCTION,MODIFIER_PLAYER_CITIES_ADJUST_BUILDING_PRODUCTION,0,0,0,0,,,,
LITERARYTRADITION_GREATWRITERPOINTS,MODIFIER_PLAYER_ADJUST_GREAT_PERSON_POINTS,0,0,0,0,,,,
LOGISTICS_FRIENDLYTERRITORYMOVEMENTBONUS,MODIFIER_PLAYER_UNITS_ADJUST_FRIENDLY_TERRITORY_START_MOVEMENT,0,0,0,0,,,,
LEVEEENMASSE_UNITMAINTENANCEDISCOUNT,MODIFIER_PLAYER_ADJUST_UNIT_MAINTENANCE_DISCOUNT,0,0,0,0,,,,
MACHIAVELLIANISM_SPYPRODUCTION,MODIFIER_PLAYER_UNITS_ADJUST_UNIT_PRODUCTION,0,0,0,0,,,,
MANEUVER_ANCIENT_HEAVY_CAVALRY_PRODUCTION,MODIFIER_PLAYER_CITIES_ADJUST_UNIT_TAG_ERA_PRODUCTION,0,0,0,0,,,,
MANEUVER_CLASSICAL_HEAVY_CAVALRY_PRODUCTION,MODIFIER_PLAYER_CITIES_ADJUST_UNIT_TAG_ERA_PRODUCTION,0,0,0,0,,,,
MANEUVER_ANCIENT_LIGHT_CAVALRY_PRODUCTION,MODIFIER_PLAYER_CITIES_ADJUST_UNIT_TAG_ERA_PRODUCTION,0,0,0,0,,,,
MANEUVER_CLASSICAL_LIGHT_CAVALRY_PRODUCTION,MODIFIER_PLAYER_CITIES_ADJUST_UNIT_TAG_ERA_PRODUCTION,0,0,0,0,,,,
MARITIMIEINDUSTRIES_ANCIENT_NAVAL_MELEE_PRODUCTION,MODIFIER_PLAYER_CITIES_ADJUST_UNIT_TAG_ERA_PRODUCTION,0,0,0,0,,,,
MARITIMIEINDUSTRIES_CLASSICAL_NAVAL_MELEE_PRODUCTION,MODIFIER_PLAYER_CITIES_ADJUST_UNIT_TAG_ERA_PRODUCTION,0,0,0,0,,,,
MARITIMIEINDUSTRIES_ANCIENT_NAVAL_RANGED_PRODUCTION,MODIFIER_PLAYER_CITIES_ADJUST_UNIT_TAG_ERA_PRODUCTION,0,0,0,0,,,,
MARITIMIEINDUSTRIES_CLASSICAL_NAVAL_RANGED_PRODUCTION,MODIFIER_PLAYER_CITIES_ADJUST_UNIT_TAG_ERA_PRODUCTION,0,0,0,0,,,,
MARITIMIEINDUSTRIES_ANCIENT_NAVAL_RAIDER_PRODUCTION,MODIFIER_PLAYER_CITIES_ADJUST_UNIT_TAG_ERA_PRODUCTION,0,0,0,0,,,,
MARITIMIEINDUSTRIES_CLASSICAL_NAVAL_RAIDER_PRODUCTION,MODIFIER_PLAYER_CITIES_ADJUST_UNIT_TAG_ERA_PRODUCTION,0,0,0,0,,,,
MARKETECONOMY_TRADEROUTECULTURE,MODIFIER_PLAYER_ADJUST_TRADE_ROUTE_YIELD_FOR_INTERNATIONAL,0,0,0,0,,,,
MARKETECONOMY_TRADEROUTESCIENCE,MODIFIER_PLAYER_ADJUST_TRADE_ROUTE_YIELD_FOR_INTERNATIONAL,0,0,0,0,,,,
MARKETECONOMY_TRADEROUTEGOLDPERLUXURY,MODIFIER_PLAYER_CITIES_ADJUST_TRADE_ROUTE_YIELD_PER_DESTINATION_LUXURY_FOR_INTERNATIONAL,0,0,0,0,,,,
MARKETECONOMY_TRADEROUTEGOLDPERSTRATEGIC,MODIFIER_PLAYER_CITIES_ADJUST_TRADE_ROUTE_YIELD_PER_DESTINATION_STRATEGIC_FOR_INTERNATIONAL,0,0,0,0,,,,
MARTIALLAW_OVERALLWARWEARINESS,MODIFIER_PLAYER_ADJUST_WAR_WEARINESS,0,0,0,0,,,,
MERCHANTCONFEDERATION_INFLUENCETOKENGOLD,MODIFIER_PLAYER_ADJUST_YIELD_CHANGE_PER_USED_INFLUENCE_TOKEN,0,0,0,0,,,,
MEDINAQUARTER_SPECIALTYHOUSING,MODIFIER_PLAYER_CITIES_ADJUST_POLICY_HOUSING,0,0,0,0,,CITY_HAS_3_SPECIALTY_DISTRICTS_REQUIREMENTS,,
MERITOCRACY_DISTRICTCULTURE,MODIFIER_PLAYER_CITIES_ADJUST_CITY_YIELD_PER_DISTRICT,0,0,0,0,,,,
MILITARYORGANIZATION_GREATGENERALPOINTS,MODIFIER_PLAYER_ADJUST_GREAT_PERSON_POINTS,0,0,0,0,,,,
NATIONALIDENTITY_REDUCESTRENGTHREDUCTIONFORDAMAGE,MODIFIER_PLAYER_UNITS_ADJUST_STRENGTH_REDUCTION_FOR_DAMAGE_MODIFIER,0,0,0,0,,,,
NATIVECONQUEST_ADJUSTPOSTCOMBATYIELD,MODIFIER_PLAYER_UNITS_ADJUST_POST_COMBAT_YIELD,0,0,0,0,,,,
NATURALPHILOSOPHY_DISTRICTSCIENCE,MODIFIER_PLAYER_DISTRICTS_ADJUST_YIELD_MODIFIER,0,0,0,0,,DISTRICT_IS_CAMPUS,,
NAVALINFRASTRUCTURE_HARBORGOLD,MODIFIER_PLAYER_DISTRICTS_ADJUST_YIELD_MODIFIER,0,0,0,0,,DISTRICT_IS_HARBOR,,
NAVIGATION_GREATADMIRALPOINTS,MODIFIER_PLAYER_ADJUST_GREAT_PERSON_POINTS,0,0,0,0,,,,
NEWDEAL_SPECIALTYAMENITY,MODIFIER_PLAYER_CITIES_ADJUST_POLICY_AMENITY,0,0,0,0,,CITY_HAS_3_SPECIALTY_DISTRICTS_REQUIREMENTS,,
NEWDEAL_SPECIALTYHOUSING,MODIFIER_PLAYER_CITIES_ADJUST_POLICY_HOUSING,0,0,0,0,,CITY_HAS_3_SPECIALTY_DISTRICTS_REQUIREMENTS,,
NOBELPRIZE_GREATSCIENTISTPOINTS,MODIFIER_PLAYER_ADJUST_GREAT_PERSON_POINTS,0,0,0,0,,,,
NUCLEARESPIONAGE_EXTRABOOSTS,MODIFIER_PLAYER_ADJUST_STEAL_TECH_BOOSTS,0,0,0,0,,,,
ONLINECOMMUNITIES_TOURISM,MODIFIER_PLAYER_ADJUST_TRADE_ROUTE_TOURISM_MODIFIER,0,0,0,0,,,,
POLICESTATE_SPYDEFENSE,MODIFIER_PLAYER_ADJUST_SPY_BONUS,0,0,0,0,,,,
PROPAGANDA_OVERALLWARWEARINESS,MODIFIER_PLAYER_ADJUST_WAR_WEARINESS,0,0,0,0,,,,
PUBLICWORKS_BUILDERPRODUCTION,MODIFIER_PLAYER_UNITS_ADJUST_UNIT_PRODUCTION,0,0,0,0,,,,
PRESSGANGS_RENAISSANCE_NAVAL_MELEE_PRODUCTION,MODIFIER_PLAYER_CITIES_ADJUST_UNIT_TAG_ERA_PRODUCTION,0,0,0,0,,,,
PRESSGANGS_INDUSTRIAL_NAVAL_MELEE_PRODUCTION,MODIFIER_PLAYER_CITIES_ADJUST_UNIT_TAG_ERA_PRODUCTION,0,0,0,0,,,,
PRESSGANGS_RENAISSANCE_NAVAL_RANGED_PRODUCTION,MODIFIER_PLAYER_CITIES_ADJUST_UNIT_TAG_ERA_PRODUCTION,0,0,0,0,,,,
PRESSGANGS_INDUSTRIAL_NAVAL_RANGED_PRODUCTION,MODIFIER_PLAYER_CITIES_ADJUST_UNIT_TAG_ERA_PRODUCTION,0,0,0,0,,,,
PRESSGANGS_RENAISSANCE_NAVAL_RAIDER_PRODUCTION,MODIFIER_PLAYER_CITIES_ADJUST_UNIT_TAG_ERA_PRODUCTION,0,0,0,0,,,,
PRESSGANGS_INDUSTRIAL_NAVAL_RAIDER_PRODUCTION,MODIFIER_PLAYER_CITIES_ADJUST_UNIT_TAG_ERA_PRODUCTION,0,0,0,0,,,,
PRESSGANGS_MEDIEVAL_NAVAL_MELEE_PRODUCTION,MODIFIER_PLAYER_CITIES_ADJUST_UNIT_TAG_ERA_PRODUCTION,0,0,0,0,,,,
PRESSGANGS_MEDIEVAL_NAVAL_RANGED_PRODUCTION,MODIFIER_PLAYER_CITIES_ADJUST_UNIT_TAG_ERA_PRODUCTION,0,0,0,0,,,,
PRESSGANGS_MEDIEVAL_NAVAL_RAIDER_PRODUCTION,MODIFIER_PLAYER_CITIES_ADJUST_UNIT_TAG_ERA_PRODUCTION,0,0,0,0,,,,
PUBLICWORKS_BUILDERCHARGES,MODIFIER_PLAYER_TRAINED_UNITS_ADJUST_BUILDER_CHARGES,0,0,1,0,,UNIT_IS_BUILDER,,
RAID_DOUBLEPILLAGEIMPROVE,MODIFIER_PLAYER_ADJUST_IMPROVEMENT_PILLAGE,0,0,0,0,,,,
RAJ_GOLDPERTRIBUTARY,MODIFIER_PLAYER_ADJUST_YIELD_CHANGE_PER_TRIBUTARY,0,0,0,0,,,,
RAJ_FAITHPERTRIBUTARY,MODIFIER_PLAYER_ADJUST_YIELD_CHANGE_PER_TRIBUTARY,0,0,0,0,,,,
RAJ_SCIENCEPERTRIBUTARY,MODIFIER_PLAYER_ADJUST_YIELD_CHANGE_PER_TRIBUTARY,0,0,0,0,,,,
RAJ_CULTUREPERTRIBUTARY,MODIFIER_PLAYER_ADJUST_YIELD_CHANGE_PER_TRIBUTARY,0,0,0,0,,,,
RELIGIOUSORDERS_COMBAT_BUFF,MODIFIER_PLAYER_UNITS_GRANT_ABILITY,0,0,0,0,,,,
RESOURCEMANAGEMENT_FULL_ACCESS_ONE_STRATEGIC,MODIFIER_PLAYER_ADJUST_FULL_ACCESS_ONE_STRATEGIC,0,0,0,0,,,,
REVELATION_GREATPROPHETPOINTS,MODIFIER_PLAYER_ADJUST_GREAT_PERSON_POINTS,0,0,0,0,,,,
SACK_DOUBLEPILLAGEDISTRICT,MODIFIER_PLAYER_ADJUST_DISTRICT_PILLAGE,0,0,0,0,,,,
PROFESSIONAL_ARMY_UNITUPGRADEDISCOUNT,MODIFIER_PLAYER_ADJUST_UNIT_UPGRADE_DISCOUNT_PERCENT,0,0,0,0,,,,
SATELLITEBROADCASTS_MUSICTOURISM,MODIFIER_PLAYER_CITIES_ADJUST_TOURISM,0,0,0,0,,,,
SCRIPTURE_DISTRICTFAITH,MODIFIER_PLAYER_DISTRICTS_ADJUST_YIELD_MODIFIER,0,0,0,0,,DISTRICT_IS_HOLY_SITE,,
SERFDOM_BUILDERCHARGES,MODIFIER_PLAYER_TRAINED_UNITS_ADJUST_BUILDER_CHARGES,0,0,1,0,,UNIT_IS_BUILDER,,
RETAINERS_AMENITYBONUS,MODIFIER_PLAYER_CITIES_ADJUST_POLICY_AMENITY,0,0,0,0,,CITY_HAS_GARRISON_UNIT_REQUIERMENT,,
SKYSCRAPERS_INDUSTRIALINFORMATION,MODIFIER_PLAYER_CITIES_ADJUST_WONDER_ERA_PRODUCTION,0,0,0,0,,,,
MILITARYFIRST_ATOMIC_MELEE_PRODUCTION,MODIFIER_PLAYER_CITIES_ADJUST_UNIT_TAG_ERA_PRODUCTION,0,0,0,0,,,,
MILITARYFIRST_INFORMATION_MELEE_PRODUCTION,MODIFIER_PLAYER_CITIES_ADJUST_UNIT_TAG_ERA_PRODUCTION,0,0,0,0,,,,
MILITARYFIRST_ATOMIC_ANTI_CAVALRY_PRODUCTION,MODIFIER_PLAYER_CITIES_ADJUST_UNIT_TAG_ERA_PRODUCTION,0,0,0,0,,,,
MILITARYFIRST_INFORMATION_ANTI_CAVALRY_PRODUCTION,MODIFIER_PLAYER_CITIES_ADJUST_UNIT_TAG_ERA_PRODUCTION,0,0,0,0,,,,
MILITARYFIRST_ATOMIC_RANGED_PRODUCTION,MODIFIER_PLAYER_CITIES_ADJUST_UNIT_TAG_ERA_PRODUCTION,0,0,0,0,,,,
MILITARYFIRST_INFORMATION_RANGED_PRODUCTION,MODIFIER_PLAYER_CITIES_ADJUST_UNIT_TAG_ERA_PRODUCTION,0,0,0,0,,,,
SPORTSMEDIA_DISTRICTCULTURE,MODIFIER_PLAYER_DISTRICTS_ADJUST_YIELD_MODIFIER,0,0,0,0,,DISTRICT_IS_THEATER,,
SPORTSMEDIA_STADIUMENTERTAINMENT,MODIFIER_PLAYER_CITIES_ADJUST_POLICY_AMENITY,0,0,0,0,,CITY_HAS_STADIUM_REQUIREMENTS,,
STRATEGICAIRFORCE_INFORMATION_AIRFIGHTER_PRODUCTION,MODIFIER_PLAYER_CITIES_ADJUST_UNIT_TAG_ERA_PRODUCTION,0,0,0,0,,,,
STRATEGICAIRFORCE_INFORMATION_AIRBOMBER_PRODUCTION,MODIFIER_PLAYER_CITIES_ADJUST_UNIT_TAG_ERA_PRODUCTION,0,0,0,0,,,,
STRATEGICAIRFORCE_ATOMIC_NAVALCARRIER_PRODUCTION,MODIFIER_PLAYER_CITIES_ADJUST_UNIT_TAG_ERA_PRODUCTION,0,0,0,0,,,,
STRATEGICAIRFORCE_INFORMATION_NAVALCARRIER_PRODUCTION,MODIFIER_PLAYER_CITIES_ADJUST_UNIT_TAG_ERA_PRODUCTION,0,0,0,0,,,,
STRATEGOS_GREATGENERALPOINTS,MODIFIER_PLAYER_ADJUST_GREAT_PERSON_POINTS,0,0,0,0,,,,
SURVEY_RECONUNITEXPERIENCE,MODIFIER_PLAYER_UNITS_ADJUST_UNIT_EXPERIENCE_MODIFIER,0,0,0,0,,SURVEY_RECONUNITEXPERIENCE_REQUIREMENTS,,
SYMPHONIES_GREATMUSICIANPOINTS,MODIFIER_PLAYER_ADJUST_GREAT_PERSON_POINTS,0,0,0,0,,,,
URBAN_PLANNING_ALLCITYPRODUCTION,MODIFIER_PLAYER_CITIES_ADJUST_CITY_YIELD_CHANGE,0,0,0,0,,,,
TOWNCHARTERS_DISTRICTGOLD,MODIFIER_PLAYER_DISTRICTS_ADJUST_YIELD_MODIFIER,0,0,0,0,,DISTRICT_IS_COMMERCIAL_HUB,,
THIRDALTERNATIVE_MILITARY_ACADEMY_GOLD_MODIFIER,MODIFIER_PLAYER_CITIES_ADJUST_BUILDING_YIELD_CHANGE,0,0,0,0,,,,
THIRDALTERNATIVE_RESEARCH_LAB_GOLD_MODIFIER,MODIFIER_PLAYER_CITIES_ADJUST_BUILDING_YIELD_CHANGE,0,0,0,0,,,,
THIRDALTERNATIVE_POWER_PLANT_GOLD_MODIFIER,MODIFIER_PLAYER_CITIES_ADJUST_BUILDING_YIELD_CHANGE,0,0,0,0,,,,
TRADECONFEDERATION_TRADEROUTECULTURE,MODIFIER_PLAYER_ADJUST_TRADE_ROUTE_YIELD_FOR_INTERNATIONAL,0,0,0,0,,,,
TRADECONFEDERATION_TRADEROUTESCIENCE,MODIFIER_PLAYER_ADJUST_TRADE_ROUTE_YIELD_FOR_INTERNATIONAL,0,0,0,0,,,,
TRAVELINGMERCHANTS_GREATMERCHANTPOINTS,MODIFIER_PLAYER_ADJUST_GREAT_PERSON_POINTS,0,0,0,0,,,,
TRIANGULARTRADE_TRADEROUTEGOLD,MODIFIER_PLAYER_ADJUST_TRADE_ROUTE_YIELD,0,0,0,0,,,,
TRIANGULARTRADE_TRADEROUTEFAITH,MODIFIER_PLAYER_ADJUST_TRADE_ROUTE_YIELD,0,0,0,0,,,,
TOTALWAR_DOUBLEPILLAGEDISTRICT,MODIFIER_PLAYER_ADJUST_DISTRICT_PILLAGE,0,0,0,0,,,,
TOTALWAR_DOUBLEPILLAGEIMPROVE,MODIFIER_PLAYER_ADJUST_IMPROVEMENT_PILLAGE,0,0,0,0,,,,
VETERANCY_ENCAMPMENT_PRODUCTION,MODIFIER_PLAYER_CITIES_ADJUST_DISTRICT_PRODUCTION,0,0,0,0,,,,
VETERANCY_ENCAMPMENT_BUILDINGS_PRODUCTION,MODIFIER_PLAYER_CITIES_ADJUST_BUILDING_PRODUCTION,0,0,0,0,,,,
WARS_OF_RELIGION_COMBAT,MODIFIER_PLAYER_UNITS_ATTACH_MODIFIER,0,0,0,0,,WARS_OF_RELIGION_REQUIREMENTS,,
WARS_OF_RELIGION_COMBAT_MODIFIER,MODIFIER_UNIT_ADJUST_COMBAT_STRENGTH,0,0,0,0,,REQUIREMENTS_OPPONENT_IS_OTHER_RELIGION,,
PROJECT_COMPLETION_EXPLORE_ENTIRE_MAP,MODIFIER_PLAYER_EXPLORE_ENTIRE_MAP,1,0,1,0,,,,
PROJECT_COMPLETION_GRANT_CULTURE_BASED_ON_SCIENCE_RATE,MODIFIER_PLAYER_GRANT_YIELD_BASED_ON_CURRENT_YIELD_RATE,1,0,1,0,,,,
PROJECT_COMPLETION_MODIFIER_CREATE_NUCLEAR_DEVICE,MODIFIER_PLAYER_CREATE_WMD,1,0,1,0,,,,
PROJECT_COMPLETION_MODIFIER_CREATE_THERMONUCLEAR_DEVICE,MODIFIER_PLAYER_CREATE_WMD,1,0,1,0,,,,
MATHEMATICS_ADJUST_SEA_MOVEMENT,MODIFIER_PLAYER_UNITS_ADJUST_SEA_MOVEMENT,0,0,0,0,,,,
CARTOGRAPHY_GRANT_OCEAN_NAVIGATION,MODIFIER_PLAYER_UNITS_ADJUST_VALID_TERRAIN,0,0,0,0,,,,
SQUARE_RIGGING_ADJUST_EMBARKED_MOVEMENT,MODIFIER_PLAYER_ADJUST_EMBARKED_MOVEMENT,0,0,0,0,,,,
STEAM_POWER_ADJUST_EMBARKED_MOVEMENT,MODIFIER_PLAYER_ADJUST_EMBARKED_MOVEMENT,0,0,0,0,,,,
COMBUSTION_ADJUST_EMBARKED_MOVEMENT,MODIFIER_PLAYER_ADJUST_EMBARKED_MOVEMENT,0,0,0,0,,,,
PRINTING_ADD_DIPLO_VISIBILITY,MODIFIER_PLAYER_ADD_DIPLO_VISIBILITY,0,0,0,0,,,,
TECH_GRANT_SPY,MODIFIER_PLAYER_GRANT_SPY,0,0,0,0,,,,
PRINTING_BOOST_WRITING_TOURISM,MODIFIER_PLAYER_CITIES_ADJUST_TOURISM,0,0,0,0,,,,
COMPUTERS_BOOST_ALL_TOURISM,MODIFIER_PLAYER_ADJUST_TOURISM,0,0,0,0,,,,
STEEL_UNLOCK_URBAN_DEFENSES,MODIFIER_PLAYER_GRANT_CITIES_URBAN_DEFENSES,0,0,0,0,,,,
ANTI_CAVALRY_COMBAT_BONUS,MODIFIER_UNIT_ADJUST_COMBAT_STRENGTH,0,0,0,0,,ANTI_CAVALRY_OPPONENT_REQUIREMENTS,,
ANTI_FIGHTER_AIRCRAFT_COMBAT_BONUS,MODIFIER_UNIT_ADJUST_COMBAT_STRENGTH,0,0,0,0,,ANTI_FIGHTER_AIRCRAFT_OPPONENT_REQUIREMENTS,,
MOD_ENTER_FOREIGN_LANDS,MODIFIER_PLAYER_UNIT_ADJUST_ENTER_FOREIGN_LANDS,0,0,0,0,,,,
MOD_IGNORE_TERRAIN_COST,MODIFIER_PLAYER_UNIT_ADJUST_IGNORE_TERRAIN_COST,0,0,0,0,,,,
MOD_IGNORE_CROSSING_RIVERS_COST,MODIFIER_PLAYER_UNIT_ADJUST_IGNORE_RIVERS,0,0,0,0,,,,
HEAVYCHARIOT_FASTER_CLEAR_TERRAIN,MODIFIER_PLAYER_UNIT_ADJUST_CLEAR_TERRAIN_START_MOVEMENT,0,0,0,0,,,,
IGNOREZOC_IGNORE_ZOC,MODIFIER_PLAYER_UNIT_ADJUST_IGNORE_ZOC,0,0,0,0,,,,
LIGHTCHARIOT_FASTER_CLEAR_TERRAIN,MODIFIER_PLAYER_UNIT_ADJUST_CLEAR_TERRAIN_START_MOVEMENT,0,0,0,0,,,,
NO_FOREIGN_SPREAD,MODIFIER_PLAYER_UNIT_ADJUST_NO_FOREIGN_SPREAD,0,0,0,0,,,,
NOMOVEANDSHOOT_MOVE_AND_ATTACK,MODIFIER_PLAYER_UNIT_ADJUST_MOVE_AND_ATTACK,0,0,0,0,,,,
FRIENDLY_TERRITORY_COMBAT,MODIFIER_PLAYER_UNIT_ADJUST_FRIENDLY_TERRITORY_COMBAT,0,0,0,0,,,,
CANNOT_ATTACK,MODIFIER_PLAYER_UNIT_ADJUST_CANNOT_ATTACK,0,0,0,0,,,,
ENABLE_WALL_ATTACK,MODIFIER_PLAYER_UNIT_ADJUST_ENABLE_WALL_ATTACK,0,0,0,0,,,,
BYPASS_WALLS,MODIFIER_PLAYER_UNIT_ADJUST_BYPASS_WALLS,0,0,0,0,,,,
ANTI_SPEAR,MODIFIER_UNIT_ADJUST_COMBAT_STRENGTH,0,0,0,0,,ANTI_SPEAR_OPPONENT_REQUIREMENTS,,
RECEIVE_RANGE_BONUS,MODIFIER_UNIT_ADJUST_ATTACK_RANGE,0,0,0,0,,RANGE_BONUS_REQUIREMENTS,,
GRANT_RANGE_BONUS,MODIFIER_PLAYER_UNITS_ADJUST_ATTACK_RANGE,0,0,0,0,,,,
UNOBSTRUCTED_VIEW,MODIFIER_PLAYER_UNIT_ADJUST_SEE_THROUGH_FEATURES,0,0,0,0,,,,
UNOBSTRUCTED_VIEW_TERRAIN,MODIFIER_PLAYER_UNIT_ADJUST_SEE_THROUGH_TERRAIN,0,0,0,0,,,,
OLIGARCHY_MELEE_BUFF,MODIFIER_UNIT_ADJUST_COMBAT_STRENGTH,0,0,0,0,,,,
THEOCRACY_RELIGIOUS_BUFF,MODIFIER_UNIT_ADJUST_COMBAT_STRENGTH,0,0,0,0,,,,
RELIGIOUS_ORDERS_BUFF,MODIFIER_UNIT_ADJUST_COMBAT_STRENGTH,0,0,0,0,,,,
FASCISM_ATTACK_BUFF,MODIFIER_UNIT_ADJUST_COMBAT_STRENGTH,0,0,0,0,,FASCISM_REQUIREMENTS,,
COMMUNISM_DEFENSE_BUFF,MODIFIER_UNIT_ADJUST_COMBAT_STRENGTH,0,0,0,0,,COMMUNISM_REQUIREMENTS,,
MEDIC_INCREASE_HEAL_RATE,MODIFIER_PLAYER_UNITS_ADJUST_HEAL_PER_TURN,0,0,0,0,,MEDIC_HEALING_REQUIREMENTS,,
UNIT_HIDDEN_VISIBILITY,MODIFIER_PLAYER_UNIT_ADJUST_HIDDEN_VISIBILITY,0,0,0,0,,,,
UNIT_SEE_HIDDEN,MODIFIER_PLAYER_UNIT_ADJUST_SEE_HIDDEN,0,0,0,0,,,,
UNIT_COASTAL_RAID,MODIFIER_UNIT_ADJUST_RAIDING,0,0,0,0,,,,
ATTACK_BYPASS_COMBAT_UNIT,MODIFIER_PLAYER_UNIT_ADJUST_BYPASS_COMBAT_UNIT,0,0,0,0,,,,
MELEE_SHIP_HEAL_NEUTRAL,MODIFIER_PLAYER_UNIT_ADJUST_HEAL_PER_TURN,0,0,0,0,,,,
TRADE_ROUTE_PLUNDER_IMMUNITY_SEA,MODIFIER_PLAYER_UNIT_ADJUST_TRADE_ROUTE_PLUNDER_IMMUNITY,0,0,0,0,,,,
BERSERKER_FASTER_ENEMY_TERRITORY,MODIFIER_PLAYER_UNIT_ADJUST_MOVEMENT,0,0,0,0,,BERSERKER_PLOT_IS_ENEMY_TERRITORY,,
LONGSHIP_FASTER_COAST,MODIFIER_PLAYER_UNIT_ADJUST_SEA_MOVEMENT,0,0,0,0,,LONGSHIP_PLOT_IS_COAST,,
UNIT_STRONG_WHEN_ATTACKING,MODIFIER_UNIT_ADJUST_COMBAT_STRENGTH,0,0,0,0,,UNIT_STRONG_WHEN_ATTACKING_REQUIREMENTS,,
UNIT_WEAK_WHEN_DEFENDING,MODIFIER_UNIT_ADJUST_COMBAT_STRENGTH,0,0,0,0,,UNIT_WEAK_WHEN_DEFENDING_REQUIREMENTS,,
UNIT_REDUCED_PILLAGE_COST,MODIFIER_PLAYER_UNIT_ADJUST_ADVANCED_PILLAGING,0,0,0,0,,,,
CAPTURE_PRIZE_SHIPS,MODIFIER_UNIT_ADJUST_COMBAT_UNIT_CAPTURE,0,0,0,0,,,,
CAPTURE_COMBAT_UNITS_AS_WORKERS,MODIFIER_UNIT_ADJUST_COMBAT_UNIT_CAPTURE,0,0,0,0,,,,
BALKAN_CAVALRY_COMBAT_HILLS,MODIFIER_UNIT_ADJUST_COMBAT_STRENGTH,0,0,0,0,,BALKAN_CAVALRY_PLOT_IS_HILS_REQUIREMENTS,,
ALTITUDE_TRAINING_IGNORE_HILLS,MODIFIER_PLAYER_UNIT_ADJUST_IGNORE_TERRAIN_COST,0,0,0,0,,,,
COSSACK_LOCAL_COMBAT,MODIFIER_UNIT_ADJUST_COMBAT_STRENGTH,0,0,0,0,,COSSACK_PLOT_IS_OWNER_OR_ADJACENT_REQUIREMENTS,,
COSSACK_MOVE_AND_ATTACK,MODIFIER_PLAYER_UNIT_ADJUST_ATTACK_AND_MOVE,0,0,0,0,,,,
REDCOAT_FOREIGN_COMBAT,MODIFIER_UNIT_ADJUST_COMBAT_STRENGTH,0,0,0,0,,REDCOAT_PLOT_IS_FOREIGN_CONTINENT,,
REDCOAT_DISEMBARK,MODIFIER_PLAYER_UNIT_ADJUST_IGNORE_SHORES,0,0,0,0,,,,
NAGAO_FOREST_SIGHT,MODIFIER_PLAYER_UNIT_ADJUST_SEE_THROUGH_FEATURES,0,0,0,0,,,,
NAGAO_FOREST_MOVEMENT,MODIFIER_PLAYER_UNIT_ADJUST_IGNORE_TERRAIN_COST,0,0,0,0,,,,
NAGAO_RANGED_DEFENSE,MODIFIER_UNIT_ADJUST_COMBAT_STRENGTH,0,0,0,0,,NAGAO_RANGED_DEFENSE_REQUIREMENTS,,
CONQUISTADOR_SPECIFIC_UNIT_COMBAT,MODIFIER_UNIT_ADJUST_COMBAT_STRENGTH,0,0,0,0,,CONQUISTADOR_SPECIFIC_UNIT_REQUIREMENTS,,
CONQUISTADOR_CITY_RELIGION_COMBAT,MODIFIER_PLAYER_UNIT_ADJUST_CITY_ON_CAPTURE,0,0,0,0,,,,
GARDE_GREAT_GENERAL_POINTS,MODIFIER_PLAYER_UNIT_ADJUST_GREAT_PEOPLE_POINTS_PER_KILL,0,0,0,0,,,,
GARDE_CONTINENT_COMBAT,MODIFIER_UNIT_ADJUST_COMBAT_STRENGTH,0,0,0,0,,GARDE_PLOT_IS_CAPITAL_CONTINENT_REQUIREMENTS,,
HOPLITE_NEIGHBOR_COMBAT,MODIFIER_SINGLE_UNIT_ATTACH_MODIFIER,0,0,0,0,,HOPLITE_PLOT_IS_HOPLITE_REQUIREMENTS,,
HOPLITE_NEIGHBOR_COMBAT_MODIFIER,MODIFIER_UNIT_ADJUST_COMBAT_STRENGTH,0,0,0,0,,,,
UBOAT_OCEAN_COMBAT,MODIFIER_UNIT_ADJUST_COMBAT_STRENGTH,0,0,0,0,,UBOAT_PLOT_IS_OCEAN_REQUIREMENTS,,
ROUGH_RIDER_POST_COMBAT_CULTURE,MODIFIER_UNIT_ADJUST_POST_COMBAT_YIELD,0,0,0,0,,ROUGH_RIDER_PLOT_IS_CAPITAL_CONTINENT_REQUIREMENTS,,
ROUGH_RIDER_BONUS_ON_HILLS,MODIFIER_UNIT_ADJUST_COMBAT_STRENGTH,0,0,0,0,,ROUGH_RIDER_HILL_TERRAIN_REQUIREMENTS,,
MUSTANG_MORE_EXPERIENCE,MODIFIER_PLAYER_UNIT_ADJUST_UNIT_EXPERIENCE_MODIFIER,0,0,0,0,,,,
MAMLUK_HEAL_EVERY_MOVE,MODIFIER_PLAYER_UNIT_GRANT_HEAL_AFTER_ACTION,0,0,0,0,,,,
SAMURAI_NO_REDUCTION_DAMAGE,MODIFIER_PLAYER_UNIT_ADJUST_NO_REDUCTION_DAMAGE,0,0,0,0,,,,
HUSSAR_FORCE_RETREAT,MODIFIER_UNIT_ADJUST_FORCE_RETREAT,0,0,0,0,,,,
DIGGER_BONUS_ON_COAST,MODIFIER_UNIT_ADJUST_COMBAT_STRENGTH,0,0,0,0,,DIGGER_ON_COAST_REQUIREMENTS,,
DIGGER_NON_DOMESTIC_BONUS,MODIFIER_UNIT_ADJUST_COMBAT_STRENGTH,0,0,0,0,,DIGGER_NON_DOMESTIC_PLOT_REQUIREMENTS,,
GREAT_ADMIRAL_MOVEMENT,MODIFIER_PLAYER_UNIT_ADJUST_MOVEMENT,0,0,0,0,,,,
GREAT_ADMIRAL_STRENGTH,MODIFIER_UNIT_ADJUST_COMBAT_STRENGTH,0,0,0,0,,,,
GREAT_GENERAL_MOVEMENT,MODIFIER_PLAYER_UNIT_ADJUST_MOVEMENT,0,0,0,0,,,,
GREAT_GENERAL_STRENGTH,MODIFIER_UNIT_ADJUST_COMBAT_STRENGTH,0,0,0,0,,,,
BARRACKS_TRAINED_UNIT_XP,MODIFIER_PLAYER_UNIT_ADJUST_UNIT_EXPERIENCE_MODIFIER,0,0,1,0,,,,
STABLE_TRAINED_UNIT_XP,MODIFIER_PLAYER_UNIT_ADJUST_UNIT_EXPERIENCE_MODIFIER,0,0,1,0,,,,
ARMORY_TRAINED_UNIT_XP,MODIFIER_PLAYER_UNIT_ADJUST_UNIT_EXPERIENCE_MODIFIER,0,0,1,0,,,,
MILITARY_ACADEMY_TRAINED_UNIT_XP,MODIFIER_PLAYER_UNIT_ADJUST_UNIT_EXPERIENCE_MODIFIER,0,0,1,0,,,,
LIGHTHOUSE_TRAINED_UNIT_XP,MODIFIER_PLAYER_UNIT_ADJUST_UNIT_EXPERIENCE_MODIFIER,0,0,1,0,,,,
SHIPYARD_TRAINED_UNIT_XP,MODIFIER_PLAYER_UNIT_ADJUST_UNIT_EXPERIENCE_MODIFIER,0,0,1,0,,,,
SEAPORT_TRAINED_UNIT_XP,MODIFIER_PLAYER_UNIT_ADJUST_UNIT_EXPERIENCE_MODIFIER,0,0,1,0,,,,
HANGAR_TRAINED_AIRCRAFT_XP,MODIFIER_PLAYER_UNIT_ADJUST_UNIT_EXPERIENCE_MODIFIER,0,0,1,0,,,,
AIRPORT_TRAINED_AIRCRAFT_XP,MODIFIER_PLAYER_UNIT_ADJUST_UNIT_EXPERIENCE_MODIFIER,0,0,1,0,,,,
ROYAL_DOCKYARD_MOVEMENT_BONUS,MODIFIER_PLAYER_UNIT_ADJUST_SEA_MOVEMENT,0,0,1,0,,,,
GREAT_LIGHTHOUSE_SEA_MOVEMENT,MODIFIER_PLAYER_UNIT_ADJUST_SEA_MOVEMENT,0,0,0,0,,,,
RAJENDRA_CHOLA_PLUNDER_BONUS,MODIFIER_PLAYER_UNIT_ADJUST_PLUNDER_YIELDS,0,0,0,0,,,,
FRANCIS_DRAKE_PLUNDER_BONUS,MODIFIER_PLAYER_UNIT_ADJUST_PLUNDER_YIELDS,0,0,0,0,,,,
CHING_SHIH_PLUNDER_BONUS,MODIFIER_PLAYER_UNIT_ADJUST_PLUNDER_YIELDS,0,0,0,0,,,,
CLANCY_FERNANDO_BONUS_EXPERIENCE,MODIFIER_PLAYER_UNIT_ADJUST_UNIT_EXPERIENCE_MODIFIER,0,0,0,0,,,,
HORATIO_NELSON_FLANKING_BONUS,MODIFIER_PLAYER_UNIT_ADJUST_FLANKING_BONUS_MODIFIER,0,0,0,0,,,,
LASKARINA_BOUBOULINA_BONUS_EXPERIENCE,MODIFIER_PLAYER_UNIT_ADJUST_UNIT_EXPERIENCE_MODIFIER,0,0,0,0,,,,
SERGEY_GORSHKOV_BONUS_EXPERIENCE,MODIFIER_PLAYER_UNIT_ADJUST_UNIT_EXPERIENCE_MODIFIER,0,0,0,0,,,,
GEORGY_ZHUKOV_FLANKING_BONUS,MODIFIER_PLAYER_UNIT_ADJUST_FLANKING_BONUS_MODIFIER,0,0,0,0,,REQUIREMENTS_UNIT_IS_LAND_DOMAIN,,
JOHN_MONASH_BONUS_EXPERIENCE,MODIFIER_PLAYER_UNIT_ADJUST_UNIT_EXPERIENCE_MODIFIER,0,0,0,0,,,,
VIJAYA_WIMALARATNE_BONUS_EXPERIENCE,MODIFIER_PLAYER_UNIT_ADJUST_UNIT_EXPERIENCE_MODIFIER,0,0,0,0,,,,
HOJO_TOKIMUNE_COASTAL_COMBAT_BONUS,MODIFIER_UNIT_ADJUST_COMBAT_STRENGTH,0,0,0,0,,REQUIREMENTS_UNIT_ON_COAST,,
HOJO_TOKIMUNE_SHALLOW_WATER_COMBAT_BONUS,MODIFIER_UNIT_ADJUST_COMBAT_STRENGTH,0,0,0,0,,REQUIREMENTS_UNIT_IN_SHALLOW_WATER,,
MONTEZUMA_COMBAT_BONUS_PER_LUXURY,MODIFIER_PLAYER_UNIT_ADJUST_PER_LUXURY_ATTACK_MODIFIER,0,0,0,0,,,,
PHILIP_II_COMBAT_BONUS_OTHER_RELIGION,MODIFIER_UNIT_ADJUST_COMBAT_STRENGTH,0,0,0,0,,REQUIREMENTS_OPPONENT_IS_OTHER_RELIGION,,
BARBAROSSA_COMBAT_BONUS_VS_CITY_STATES,MODIFIER_UNIT_ADJUST_COMBAT_STRENGTH,0,0,0,0,,REQUIREMENTS_OPPONENT_IS_MINOR_CIV,,
ROOSEVELT_COMBAT_BONUS_HOME_CONTINENT,MODIFIER_UNIT_ADJUST_COMBAT_STRENGTH,0,0,0,0,,REQUIREMENTS_UNIT_ON_HOME_CONTINENT,,
TOMYRIS_BONUS_VS_WOUNDED_UNITS,MODIFIER_UNIT_ADJUST_COMBAT_STRENGTH,0,0,0,0,,REQUIREMENTS_OPPONENT_IS_WOUNDED,,
TOMYRIS_HEAL_AFTER_DEFEATING_UNIT,MODIFIER_PLAYER_UNIT_ADJUST_HEAL_FROM_COMBAT,0,0,0,0,,,,
KNARR_IGNORE_EMBARK_DISEMBARK_COST,MODIFIER_PLAYER_UNIT_ADJUST_IGNORE_SHORES,0,0,0,0,,,,
HOLD_THE_LINE_COMBAT_BONUS,MODIFIER_UNIT_ADJUST_COMBAT_STRENGTH,0,0,0,0,,ANTI_CAVALRY_OPPONENT_REQUIREMENTS,,
GORGO_POLICY_SLOT_COMBAT_BONUS,MODIFIER_PLAYER_UNIT_ADJUST_PER_MILITARY_POLICIES_COMBAT_MODIFIER,0,0,0,0,,,,
RANGER_IGNORE_FOREST_MOVEMENT_PENALTY,MODIFIER_PLAYER_UNIT_ADJUST_IGNORE_TERRAIN_COST,0,0,0,0,,,,
ALPINE_IGNORE_HILLS_MOVEMENT_PENALTY,MODIFIER_PLAYER_UNIT_ADJUST_IGNORE_TERRAIN_COST,0,0,0,0,,,,
SENTRY_SEE_THROUGH_FEATURES,MODIFIER_PLAYER_UNIT_ADJUST_SEE_THROUGH_FEATURES,0,0,0,0,,,,
FADE_BONUS_MOVE_AFTER_ATTACKING,MODIFIER_PLAYER_UNIT_ADJUST_ATTACK_AND_MOVE,0,0,0,0,,,,
SPYGLASS_BONUS_SIGHT,MODIFIER_PLAYER_UNIT_ADJUST_SIGHT,0,0,0,0,,,,
AMBUSH_INCREASED_COMBAT_STRENGTH,MODIFIER_UNIT_ADJUST_COMBAT_STRENGTH,0,0,0,0,,,,
CAMOUFLAGE_STEALTH,MODIFIER_PLAYER_UNIT_ADJUST_HIDDEN_VISIBILITY,0,0,0,0,,,,
BATTLECRY_BONUS_VS_MELEE_RANGED,MODIFIER_UNIT_ADJUST_COMBAT_STRENGTH,0,0,0,0,,BATTLECRY_REQUIREMENTS,,
TORTOISE_DEFENSE_BONUS_VS_RANGED_COMBAT,MODIFIER_UNIT_ADJUST_COMBAT_STRENGTH,0,0,0,0,,TORTOISE_REQUIREMENTS,,
COMMANDO_BONUS_IGNORE_CLIFF_WALLS,MODIFIER_PLAYER_UNIT_ADJUST_IGNORE_CLIFF_WALLS,0,0,0,0,,,,
COMMANDO_BONUS_MOVEMENT,MODIFIER_PLAYER_UNIT_ADJUST_MOVEMENT,0,0,0,0,,,,
AMPHIBIOUS_BONUS_IGNORE_RIVERS,MODIFIER_PLAYER_UNIT_ADJUST_IGNORE_RIVERS,0,0,0,0,,,,
AMPHIBIOUS_BONUS_IGNORE_SHORES,MODIFIER_PLAYER_UNIT_ADJUST_IGNORE_SHORES,0,0,0,0,,,,
ZWEIHANDER_BONUS_VS_ANTI_CAVALRY,MODIFIER_UNIT_ADJUST_COMBAT_STRENGTH,0,0,0,0,,ZWEIHANDER_REQUIREMENTS,,
URBAN_WARFARE_BONUS,MODIFIER_UNIT_ADJUST_COMBAT_STRENGTH,0,0,0,0,,URBAN_WARFARE_REQUIREMENTS,,
ELITE_GUARD_ADDITIONAL_ATTACK,MODIFIER_UNIT_ADJUST_NUM_ATTACKS,0,0,0,0,,,,
MOD_MOVE_AFTER_ATTACKING,MODIFIER_PLAYER_UNIT_ADJUST_ATTACK_AND_MOVE,0,0,0,0,,,,
VOLLEY_BONUS_VS_LAND_UNITS,MODIFIER_UNIT_ADJUST_COMBAT_STRENGTH,0,0,0,0,,VOLLEY_REQUIREMENTS,,
GARRISON_BONUS_DISTRICTS,MODIFIER_UNIT_ADJUST_COMBAT_STRENGTH,0,0,0,0,,GARRISON_REQUIREMENTS,,
INCENDIARIES_BONUS_VS_DISTRICT_DEFENSES,MODIFIER_UNIT_ADJUST_COMBAT_STRENGTH,0,0,0,0,,INCENDIARIES_REQUIREMENTS,,
SUPPRESSION_BONUS_EXERT_ZOC,MODIFIER_PLAYER_UNIT_ADJUST_EXERT_ZOC,0,0,0,0,,,,
ARROW_STORM_BONUS_VS_LAND_AND_SEA_UNITS,MODIFIER_UNIT_ADJUST_COMBAT_STRENGTH,0,0,0,0,,ARROW_STORM_REQUIREMENTS,,
EMPLACEMENT_DEFENSE_BONUS_VS_CITIES,MODIFIER_UNIT_ADJUST_COMBAT_STRENGTH,0,0,0,0,,EMPLACEMENT_REQUIREMENTS,,
EXPERT_MARKSMAN_ADDITIONAL_ATTACK,MODIFIER_UNIT_ADJUST_NUM_ATTACKS,0,0,0,0,,,,
ECHELON_ADDITIONAL_CAVALRY_BONUS,MODIFIER_UNIT_ADJUST_COMBAT_STRENGTH,0,0,0,0,,ECHELON_REQUIREMENTS,,
THRUST_BONUS_VS_MELEE,MODIFIER_UNIT_ADJUST_COMBAT_STRENGTH,0,0,0,0,,THRUST_REQUIREMENTS,,
SQUARE_BONUS_SUPPORT_BONUS_MODIFIER,MODIFIER_PLAYER_UNIT_ADJUST_SUPPORT_BONUS_MODIFIER,0,0,0,0,,,,
SCHILTRON_DEFENSE_BONUS_VS_MELEE,MODIFIER_UNIT_ADJUST_COMBAT_STRENGTH,0,0,0,0,,SCHILTRON_REQUIREMENTS,,
REDEPLOY_BONUS_MOVEMENT,MODIFIER_PLAYER_UNIT_ADJUST_MOVEMENT,0,0,0,0,,,,
CHOKE_POINTS_BONUS,MODIFIER_UNIT_ADJUST_COMBAT_STRENGTH,0,0,0,0,,CHOKE_POINTS_REQUIREMENTS,,
HOLD_THE_LINE_BONUS,MODIFIER_PLAYER_UNITS_ATTACH_MODIFIER,0,0,0,0,,HOLD_THE_LINE_REQUIREMENTS,,
CAPARISON_BONUS_VS_ANTI_CAVALRY,MODIFIER_UNIT_ADJUST_COMBAT_STRENGTH,0,0,0,0,,CAPARISON_REQUIREMENTS,,
COURSERS_BONUS_VS_RANGED_SIEGE,MODIFIER_UNIT_ADJUST_COMBAT_STRENGTH,0,0,0,0,,COURSERS_REQUIREMENTS,,
DEPREDATION_BONUS_ADVANCED_PILLAGING,MODIFIER_PLAYER_UNIT_ADJUST_ADVANCED_PILLAGING,0,0,0,0,,,,
DOUBLE_ENVELOPMENT_BONUS_FLANKING_BONUS_MODIFIER,MODIFIER_PLAYER_UNIT_ADJUST_FLANKING_BONUS_MODIFIER,0,0,0,0,,,,
SPIKING_THE_GUNS_BONUS_VS_SIEGE,MODIFIER_UNIT_ADJUST_COMBAT_STRENGTH,0,0,0,0,,SPIKING_THE_GUNS_REQUIREMENTS,,
PURSUIT_BONUS_MOVEMENT,MODIFIER_PLAYER_UNIT_ADJUST_MOVEMENT,0,0,0,0,,,,
ESCORT_MOBILITY_SHARED_MOVEMENT,MODIFIER_UNIT_ADJUST_ESCORT_MOBILITY,0,0,0,0,,,,
SHRAPNEL_BONUS_VS_UNITS,MODIFIER_UNIT_ADJUST_COMBAT_STRENGTH,0,0,0,0,,SHRAPNEL_REQUIREMENTS,,
ADVANCED_RANGEFINDING_BONUS_VS_NAVAL,MODIFIER_UNIT_ADJUST_COMBAT_STRENGTH,0,0,0,0,,ADVANCED_RANGEFINDING_REQUIREMENTS,,
GRAPE_SHOT_BONUS_VS_UNITS,MODIFIER_UNIT_ADJUST_COMBAT_STRENGTH,0,0,0,0,,GRAPE_SHOT_REQUIREMENTS,,
CREW_WEAPONS_DEFENSE_BONUS,MODIFIER_UNIT_ADJUST_COMBAT_STRENGTH,0,0,0,0,,CREW_WEAPONS_REQUIREMENTS,,
SHELLS_BONUS_VS_DISTRICTS,MODIFIER_UNIT_ADJUST_COMBAT_STRENGTH,0,0,0,0,,SHELLS_REQUIREMENTS,,
EXPERT_CREW_BONUS_ATTACK_AFTER_MOVING,MODIFIER_PLAYER_UNIT_ADJUST_MOVE_AND_ATTACK,0,0,0,0,,,,
FORWARD_OBSERVERS_BONUS_RANGE,MODIFIER_UNIT_ADJUST_ATTACK_RANGE,0,0,0,0,,,,
CHARGE_BONUS_VS_FORTIFIED,MODIFIER_UNIT_ADJUST_COMBAT_STRENGTH,0,0,0,0,,CHARGE_REQUIREMENTS,,
TOP_COVER_DEFENSE_BONUS_VS_RANGED,MODIFIER_UNIT_ADJUST_COMBAT_STRENGTH,0,0,0,0,,TOP_COVER_REQUIREMENTS,,
URBAN_RAIDER_BONUS,MODIFIER_UNIT_ADJUST_COMBAT_STRENGTH,0,0,0,0,,URBAN_RAIDER_REQUIREMENTS,,
VULTURE_BONUS_VS_DAMAGED,MODIFIER_UNIT_ADJUST_COMBAT_STRENGTH,0,0,0,0,,VULTURE_REQUIREMENTS,,
ARMOR_PIERCING_BONUS_VS_HEAVY_CAVALRY,MODIFIER_UNIT_ADJUST_COMBAT_STRENGTH,0,0,0,0,,ARMOR_PIERCING_REQUIREMENTS,,
REACTIVE_ARMOR_BONUS,MODIFIER_UNIT_ADJUST_COMBAT_STRENGTH,0,0,0,0,,REACTIVE_ARMOR_REQUIREMENTS,,
BREAKTHROUGH_ADDITIONAL_ATTACK,MODIFIER_UNIT_ADJUST_NUM_ATTACKS,0,0,0,0,,,,
DOGFIGHTING_BONUS_VS_FIGHTERS,MODIFIER_UNIT_ADJUST_COMBAT_STRENGTH,0,0,0,0,,DOGFIGHTING_REQUIREMENTS,,
COCKPIT_ARMOR_BONUS_VS_ANTIAIR,MODIFIER_UNIT_ADJUST_COMBAT_STRENGTH,0,0,0,0,,COCKPIT_ARMOR_REQUIREMENTS,,
INTERCEPTOR_BONUS_VS_BOMBERS,MODIFIER_UNIT_ADJUST_COMBAT_STRENGTH,0,0,0,0,,INTERCEPTOR_REQUIREMENTS,,
STRAFE_BONUS_VS_NONCAVALRY,MODIFIER_UNIT_ADJUST_COMBAT_STRENGTH,0,0,0,0,,STRAFE_REQUIREMENTS,,
GROUND_CREWS_BONUS_HEALTH,MODIFIER_PLAYER_UNIT_GRANT_HEAL_AFTER_ACTION,0,0,0,0,,,,
TANK_BUSTER_BONUS_VS_CAVALRY,MODIFIER_UNIT_ADJUST_COMBAT_STRENGTH,0,0,0,0,,TANK_BUSTER_REQUIREMENTS,,
LONG_RANGE_ESCORT_BONUS_RANGE,MODIFIER_UNIT_ADJUST_ATTACK_RANGE,0,0,0,0,,,,
BOX_FORMATION_DEFENSE_BONUS_VS_FIGHTERS,MODIFIER_UNIT_ADJUST_COMBAT_STRENGTH,0,0,0,0,,BOX_FORMATION_REQUIREMENTS,,
EVASIVE_MANEUVERS_BONUS_VS_ANTIAIR,MODIFIER_UNIT_ADJUST_COMBAT_STRENGTH,0,0,0,0,,EVASIVE_MANEUVERS_REQUIREMENTS,,
TORPEDO_BOMBER_BONUS_VS_NAVAL,MODIFIER_UNIT_ADJUST_COMBAT_STRENGTH,0,0,0,0,,TORPEDO_BOMBER_REQUIREMENTS,,
CLOSE_AIR_SUPPORT_BONUS_VS_LAND,MODIFIER_UNIT_ADJUST_COMBAT_STRENGTH,0,0,0,0,,CLOSE_AIR_SUPPORT_REQUIREMENTS,,
TACTICAL_MAINTENANCE_HEAL_AFTER_ACTION,MODIFIER_PLAYER_UNIT_GRANT_HEAL_AFTER_ACTION,0,0,0,0,,,,
LONG_RANGE_BONUS_RANGE,MODIFIER_UNIT_ADJUST_ATTACK_RANGE,0,0,0,0,,,,
SUPERFORTRESS_BONUS_ADVANCED_PILLAGING,MODIFIER_PLAYER_UNIT_ADJUST_ADVANCED_PILLAGING,0,0,0,0,,,,
EMBOLON_BONUS_VS_NAVAL,MODIFIER_UNIT_ADJUST_COMBAT_STRENGTH,0,0,0,0,,EMBOLON_REQUIREMENTS,,
HELMSMAN_BONUS_WATER_MOVEMENT,MODIFIER_PLAYER_UNIT_ADJUST_MOVEMENT,0,0,0,0,,,,
REINFORCED_HULL_BONUS_VS_RANGED,MODIFIER_UNIT_ADJUST_COMBAT_STRENGTH,0,0,0,0,,REINFORCED_HULL_REQUIREMENTS,,
RUTTER_SIGHT_BONUS,MODIFIER_PLAYER_UNIT_ADJUST_SIGHT,0,0,0,0,,,,
AUXILIARY_SHIPS_NEUTRAL_TERRITORY_HEAL,MODIFIER_PLAYER_UNIT_ADJUST_HEAL_PER_TURN,0,0,0,0,,,,
AUXILIARY_SHIPS_ENEMY_TERRITORY_HEAL,MODIFIER_PLAYER_UNIT_ADJUST_HEAL_PER_TURN,0,0,0,0,,,,
CONVOY_BONUS_IN_FORMATION,MODIFIER_UNIT_ADJUST_COMBAT_STRENGTH,0,0,0,0,,CONVOY_REQUIREMENTS,,
CREEPING_ATTACK_BONUS_VS_RAIDERS,MODIFIER_UNIT_ADJUST_COMBAT_STRENGTH,0,0,0,0,,CREEPING_ATTACK_REQUIREMENTS,,
LINE_OF_BATTLE_BONUS_VS_NAVAL,MODIFIER_UNIT_ADJUST_COMBAT_STRENGTH,0,0,0,0,,LINE_OF_BATTLE_REQUIREMENTS,,
BOMBARDMENT_BONUS_VS_DISTRICT_DEFENSES,MODIFIER_UNIT_ADJUST_COMBAT_STRENGTH,0,0,0,0,,BOMBARDMENT_REQUIREMENTS,,
PREPARATORY_FIRE_BONUS_VS_LAND,MODIFIER_UNIT_ADJUST_COMBAT_STRENGTH,0,0,0,0,,PREPARATORY_FIRE_REQUIREMENTS,,
ROLLING_BARRAGE_BONUS_VS_DISTRICT_DEFENSES,MODIFIER_UNIT_ADJUST_COMBAT_STRENGTH,0,0,0,0,,ROLLING_BARRAGE_REQUIREMENTS,,
SUPPLY_FLEET_NEUTRAL_TERRITORY_HEAL,MODIFIER_PLAYER_UNIT_ADJUST_HEAL_PER_TURN,0,0,0,0,,,,
SUPPLY_FLEET_ENEMY_TERRITORY_HEAL,MODIFIER_PLAYER_UNIT_ADJUST_HEAL_PER_TURN,0,0,0,0,,,,
PROMOTION_PROXIMITY_FUSES_DEFENSE_BONUS_VS_AIR,MODIFIER_UNIT_ADJUST_COMBAT_STRENGTH,0,0,0,0,,PROMOTION_PROXIMITY_FUSES_REQUIREMENTS,,
COINCIDENCE_RANGEFINDING_BONUS_RANGE,MODIFIER_UNIT_ADJUST_ATTACK_RANGE,0,0,0,0,,,,
FLIGHT_DECK_BONUS_AIRCRAFT_SLOT,MODIFIER_PLAYER_UNIT_GRANT_AIR_SLOTS,0,0,0,0,,,,
HANGAR_DECK_BONUS_AIRCRAFT_SLOT,MODIFIER_PLAYER_UNIT_GRANT_AIR_SLOTS,0,0,0,0,,,,
FOLDING_WINGS_BONUS_AIRCRAFT_SLOT,MODIFIER_PLAYER_UNIT_GRANT_AIR_SLOTS,0,0,0,0,,,,
SCOUT_PLANES_BONUS_SIGHT,MODIFIER_PLAYER_UNIT_ADJUST_SIGHT,0,0,0,0,,,,
ADVANCED_ENGINES_BONUS_MOVEMENT,MODIFIER_PLAYER_UNIT_ADJUST_MOVEMENT,0,0,0,0,,,,
DECK_CREWS_HEAL_AFTER_ACTION,MODIFIER_PLAYER_UNIT_GRANT_HEAL_AFTER_ACTION,0,0,0,0,,,,
SUPER_CARRIER_NEUTRAL_TERRITORY_HEAL,MODIFIER_PLAYER_UNIT_ADJUST_HEAL_PER_TURN,0,0,0,0,,,,
SUPER_CARRIER_ENEMY_TERRITORY_HEAL,MODIFIER_PLAYER_UNIT_ADJUST_HEAL_PER_TURN,0,0,0,0,,,,
LOOT_GOLD_FROM_COASTAL_RAID,MODIFIER_UNIT_ADJUST_RAIDING,0,0,0,0,,,,
BOARDING_GOLD_FROM_NAVAL_VICTORY,MODIFIER_UNIT_ADJUST_POST_COMBAT_YIELD,0,0,0,0,,BOARDING_REQUIREMENTS,,
SWIFT_KEEL_BONUS_MOVEMENT,MODIFIER_PLAYER_UNIT_ADJUST_MOVEMENT,0,0,0,0,,,,
OBSERVATION_INCREASED_SIGHT_RANGE,MODIFIER_PLAYER_UNIT_ADJUST_SIGHT,0,0,0,0,,,,
HOMING_TORPEDOES_BONUS_VS_NAVAL,MODIFIER_UNIT_ADJUST_COMBAT_STRENGTH,0,0,0,0,,HOMING_TORPEDOES_REQUIREMENTS,,
SILENT_RUNNING_MOVE_AFTER_ATTACKING,MODIFIER_PLAYER_UNIT_ADJUST_ATTACK_AND_MOVE,0,0,0,0,,,,
WOLFPACK_ADDITIONAL_ATTACK,MODIFIER_UNIT_ADJUST_NUM_ATTACKS,0,0,0,0,,,,
APOSTLE_EXTRA_SPREAD_CHARGES,MODIFIER_PLAYER_UNIT_ADJUST_SPREAD_CHARGES,0,0,0,0,,,,
APOSTLE_EVICT_ALL,MODIFIER_PLAYER_UNIT_ADJUST_EVICT_PERCENT,0,0,0,0,,,,
APOSTLE_FOREIGN_SPREAD,MODIFIER_PLAYER_UNIT_ADJUST_FOREIGN_SPREAD_MODIFIER,0,0,0,0,,,,
APOSTLE_NW_DEFERRED_CHARGES,MODIFIER_PLAYER_UNIT_ADJUST_NATURAL_WONDER_DEFERRED_CHARGES,0,0,0,0,,,,
APOSTLE_INITIATION_GOLD,MODIFIER_PLAYER_UNIT_ADJUST_INITIATION_GOLD,0,0,0,0,,,,
APOSTLE_BARBARIAN_CONVERSION,MODIFIER_PLAYER_UNIT_ADJUST_CONVERTS_BARBARIANS,0,0,0,0,,,,
APOSTLE_DEBATER,MODIFIER_UNIT_ADJUST_COMBAT_STRENGTH,0,0,0,0,,,,
APOSTLE_MARTYR,MODIFIER_PLAYER_UNIT_ADJUST_RELIC_UPON_DEATH,0,0,1,0,,,,
APOSTLE_CHAPLAIN,MODIFIER_PLAYER_UNITS_ADJUST_HEAL_PER_TURN,0,0,0,0,,MEDIC_HEALING_REQUIREMENTS,,
SWEEPING_WIND_ADDITIONAL_ATTACK,MODIFIER_UNIT_ADJUST_NUM_ATTACKS,0,0,0,0,,,,
EXPLODING_PALMS_INCREASED_COMBAT_STRENGTH,MODIFIER_UNIT_ADJUST_COMBAT_STRENGTH,0,0,0,0,,,,
DISCIPLES_LAND_VICTORY_SPREAD,MODIFIER_PLAYER_UNIT_ADJUST_LAND_VICTORY_SPREAD,0,0,0,0,,,,
DANCING_CRANE_BONUS_MOVEMENT,MODIFIER_PLAYER_UNIT_ADJUST_MOVEMENT,0,0,0,0,,,,
COBRA_STRIKE_INCREASED_COMBAT_STRENGTH,MODIFIER_UNIT_ADJUST_COMBAT_STRENGTH,0,0,0,0,,,,
SPY_TECHNOLOGIST,MODIFIER_PLAYER_UNIT_ADJUST_SPY_OPERATION_CHANCE,0,0,0,0,,,,
SPY_CAT_BURGLAR,MODIFIER_PLAYER_UNIT_ADJUST_SPY_OPERATION_CHANCE,0,0,0,0,,,,
SPY_DEMOLITIONS,MODIFIER_PLAYER_UNIT_ADJUST_SPY_OPERATION_CHANCE,0,0,0,0,,,,
SPY_CON_ARTIST,MODIFIER_PLAYER_UNIT_ADJUST_SPY_OPERATION_CHANCE,0,0,0,0,,,,
SPY_GUERILLA_LEADER,MODIFIER_PLAYER_UNIT_ADJUST_SPY_OPERATION_CHANCE,0,0,0,0,,,,
SPY_ROCKET_SCIENTIST,MODIFIER_PLAYER_UNIT_ADJUST_SPY_OPERATION_CHANCE,0,0,0,0,,,,
SPY_DISGUISE,MODIFIER_PLAYER_UNIT_ADJUST_SPY_ESTABLISH_TIME,0,0,0,0,,,,
SPY_LINGUIST_ROCKETRYTIME,MODIFIER_PLAYER_UNIT_ADJUST_SPY_OPERATION_TIME,0,0,0,0,,,,
SPY_LINGUIST_SOURCESTIME,MODIFIER_PLAYER_UNIT_ADJUST_SPY_OPERATION_TIME,0,0,0,0,,,,
SPY_LINGUIST_HEISTTIME,MODIFIER_PLAYER_UNIT_ADJUST_SPY_OPERATION_TIME,0,0,0,0,,,,
SPY_LINGUIST_PARTISANSTIME,MODIFIER_PLAYER_UNIT_ADJUST_SPY_OPERATION_TIME,0,0,0,0,,,,
SPY_LINGUIST_SABOTAGETIME,MODIFIER_PLAYER_UNIT_ADJUST_SPY_OPERATION_TIME,0,0,0,0,,,,
SPY_LINGUIST_SIPHONTIME,MODIFIER_PLAYER_UNIT_ADJUST_SPY_OPERATION_TIME,0,0,0,0,,,,
SPY_LINGUIST_STEALTECHTIME,MODIFIER_PLAYER_UNIT_ADJUST_SPY_OPERATION_TIME,0,0,0,0,,,,
SPY_SEDUCTION_ROCKETRY,MODIFIER_PLAYER_UNIT_ADJUST_SPY_OPERATION_CHANCE,0,0,0,0,,,,
SPY_SEDUCTION_HEIST,MODIFIER_PLAYER_UNIT_ADJUST_SPY_OPERATION_CHANCE,0,0,0,0,,,,
SPY_SEDUCTION_PARTISAN,MODIFIER_PLAYER_UNIT_ADJUST_SPY_OPERATION_CHANCE,0,0,0,0,,,,
SPY_SEDUCTION_SABOTAGE,MODIFIER_PLAYER_UNIT_ADJUST_SPY_OPERATION_CHANCE,0,0,0,0,,,,
SPY_SEDUCTION_SIPHON,MODIFIER_PLAYER_UNIT_ADJUST_SPY_OPERATION_CHANCE,0,0,0,0,,,,
SPY_SEDUCTION_STEALTECH,MODIFIER_PLAYER_UNIT_ADJUST_SPY_OPERATION_CHANCE,0,0,0,0,,,,
SPY_QUARTERMASTER,MODIFIER_PLAYER_UNIT_BOOST_ALL_SPIES,0,0,0,0,,,,
SPY_ACE_DRIVER,MODIFIER_PLAYER_UNIT_ESCAPE_BOOST,0,0,0,0,,,,
TRAIT_BUILDER_DISTRICT_PERCENT,MODIFIER_PLAYER_ADJUST_UNIT_DISTRICT_PERCENT,0,0,0,0,,,,
HUEY_ADDENTERTAINMENT,MODIFIER_SINGLE_CITY_ADJUST_LAKE_ENTERTAINMENT,1,0,1,0,,,,
TRAIT_HUEYPRODUCTION,MODIFIER_PLAYER_CITIES_ADJUST_BUILDING_PRODUCTION,0,0,0,0,,,,
HUEY_LAKE_FOOD,MODIFIER_ALL_CITIES_ATTACH_MODIFIER,0,0,0,0,,FOODHUEY_PLAYER_REQUIREMENTS,,
HUEY_LAKE_FOOD_MODIFIER,MODIFIER_CITY_PLOT_YIELDS_ADJUST_PLOT_YIELD,0,0,0,0,,FOODHUEY_PLOT_IS_LAKE_REQUIREMENTS,,
HUEY_LAKE_PRODUCTION,MODIFIER_ALL_CITIES_ATTACH_MODIFIER,0,0,0,0,,PRODUCTIONHUEY_PLAYER_REQUIREMENTS,,
HUEY_LAKE_PRODUCTION_MODIFIER,MODIFIER_CITY_PLOT_YIELDS_ADJUST_PLOT_YIELD,0,0,0,0,,PRODUCTIONHUEY_PLOT_IS_LAKE_REQUIREMENTS,,
AGENDA_END_TO_SUFFERING,MODIFIER_PLAYER_DIPLOMACY_AGENDA_END_TO_SUFFERING,0,0,0,0,ON_TURN_STARTED,PLAYER_IS_MAJOR_CIV_KNOWN_10_TURNS,,
AGENDA_ARCHIPELAGIC_STATE,MODIFIER_PLAYER_DIPLOMACY_AGENDA_ARCHIPELAGIC_STATE,0,0,0,0,ON_TURN_STARTED,PLAYER_IS_MAJOR_CIV_KNOWN_10_TURNS,,
ANGKORWAT_ADDPOPULATION,MODIFIER_PLAYER_CITIES_ADD_POPULATION,1,0,1,0,,,,
ANGKORWAT_ADDHOUSING,MODIFIER_PLAYER_CITIES_ADJUST_BUILDING_HOUSING,0,0,0,0,,,,
JONG_BONUS_IN_FORMATION,MODIFIER_UNIT_ADJUST_COMBAT_STRENGTH,0,0,0,0,,CONVOY_REQUIREMENTS,,
KAMPUNG_HOUSING_WITHTECH,MODIFIER_SINGLE_CITY_ADJUST_IMPROVEMENT_HOUSING,0,0,0,0,,PLAYER_HAS_KAMPUNG_TECHNOLOGY_REQUIREMENTS,,
TRAIT_AQUEDUCT_AMENITY,MODIFIER_PLAYER_DISTRICTS_ADJUST_EXTRA_ENTERTAINMENT,0,0,0,0,,DISTRICT_IS_AQUEDUCT_AMENITY,,
TRAIT_FARM_AQUEDUCT_ADJECENCY_FOOD,MODIFIER_PLAYER_ADJUST_PLOT_YIELD,0,0,0,0,,PLOT_IS_FARM_AQUEDUCT_ADJACENT_REQUIREMENTS,,
TRAIT_HOLY_SITE_CULTURE_BOMB,MODIFIER_PLAYER_ADD_CULTURE_BOMB_TRIGGER,0,0,0,0,,,,
TRAIT_NAVAL_MELEE_FAITH,MODIFIER_PLAYER_CITIES_ENABLE_UNIT_FAITH_PURCHASE,0,0,0,0,,,,
TRAIT_NAVAL_RANGED_FAITH,MODIFIER_PLAYER_CITIES_ENABLE_UNIT_FAITH_PURCHASE,0,0,0,0,,,,
TRAIT_NAVAL_RAIDER_FAITH,MODIFIER_PLAYER_CITIES_ENABLE_UNIT_FAITH_PURCHASE,0,0,0,0,,,,
TRAIT_NAVAL_CARRIER_FAITH,MODIFIER_PLAYER_CITIES_ENABLE_UNIT_FAITH_PURCHASE,0,0,0,0,,,,
TRAIT_IGNORE_EMBARK_DISEMBARK_COST_RELIGIOUS,MODIFIER_PLAYER_UNITS_GRANT_ABILITY,0,0,0,0,,,,
GITARJA_RELIGIOUS_NO_EMBARK_DISEMBARK_COST,MODIFIER_PLAYER_UNITS_ADJUST_IGNORE_SHORES,0,0,0,0,,,,
TRAIT_FAITH_CITY_CENTER,MODIFIER_PLAYER_DISTRICTS_ADJUST_YIELD_CHANGE,0,0,0,0,,PLOT_IS_ADJACENT_COAST_CITY_CENTER_REQUIREMENTS,,
TRAIT_NUSANTARA_COAST_HOLY_SITE,MODIFIER_PLAYER_CITIES_TERRAIN_ADJACENCY,0,0,0,0,,,,
TRAIT_NUSANTARA_COAST_CAMPUS,MODIFIER_PLAYER_CITIES_TERRAIN_ADJACENCY,0,0,0,0,,,,
TRAIT_NUSANTARA_COAST_INDUSTRIAL_ZONE,MODIFIER_PLAYER_CITIES_TERRAIN_ADJACENCY,0,0,0,0,,,,
TRAIT_NUSANTARA_COAST_THEATER,MODIFIER_PLAYER_CITIES_TERRAIN_ADJACENCY,0,0,0,0,,,,
TRAIT_NUSANTARA_COAST_ENTERTAINMENT,MODIFIER_PLAYER_DISTRICTS_ADJUST_EXTRA_ENTERTAINMENT,0,0,0,0,,DISTRICT_IS_ENTERTAINMENT_COMPLEX_COAST,,
PRASAT_CULTURE_POPULATION,MODIFIER_SINGLE_CITY_ADJUST_CITY_YIELD_PER_POPULATION,0,0,0,0,,,,
PRASAT_TOURISM_10_POPULATION,MODIFIER_PLAYER_DISTRICTS_ADJUST_TOURISM_CHANGE,0,0,0,0,,DISTRICT_IS_HOLY_SITE_PRASAT_10_POP,,
PRASAT_TOURISM_20_POPULATION,MODIFIER_PLAYER_DISTRICTS_ADJUST_TOURISM_CHANGE,0,0,0,0,,DISTRICT_IS_HOLY_SITE_PRASAT_20_POP,,
BARAYS_FAITH_POPULATION,MODIFIER_PLAYER_CITIES_ADJUST_CITY_YIELD_PER_POPULATION,0,0,0,0,,CITY_HAS_AQUEDUCT,,
TRAIT_FARM_HOLY_SITE_ADJECENCY_FAITH,MODIFIER_PLAYER_ADJUST_PLOT_YIELD,0,0,0,0,,PLOT_ADJACENT_TO_FARM_AND_HOLYSITE_REQUIREMENTS,,
TRAIT_MONASTERIES_KING_HOLY_SITE_RIVER_ADJACENCY,MODIFIER_PLAYER_CITIES_RIVER_ADJACENCY,0,0,0,0,,,,
TRAIT_MONASTERIES_KING_ADJACENCY_FOOD,MODIFIER_PLAYER_DISTRICTS_ADJUST_YIELD_BASED_ON_ADJACENCY_BONUS,0,0,0,0,,DISTRICT_IS_HOLY_SITE,,
TRAIT_HOLY_SITE_RIVER_2HOUSING,MODIFIER_PLAYER_DISTRICTS_ADJUST_HOUSING,0,0,0,0,,PLOT_IS_HOLY_SITE_RIVER_HOUSING_REQUIREMENTS,,
SPEAR_OF_FIONN_ADJUST_COMBAT_STRENGTH,MODIFIER_UNIT_ADJUST_COMBAT_STRENGTH,0,0,0,0,,,,
MINOR_CIV_AUCKLAND_UNIQUE_INFLUENCE_BONUS_BASE,MODIFIER_ALL_PLAYERS_ATTACH_MODIFIER,0,0,0,0,,PLAYER_IS_SUZERAIN,,
MINOR_CIV_AUCKLAND_UNIQUE_INFLUENCE_BONUS_INDUSTRIAL,MODIFIER_ALL_PLAYERS_ATTACH_MODIFIER,0,0,0,0,,PLAYER_IS_SUZERAIN,,
MINOR_CIV_ANTANANARIVO_UNIQUE_INFLUENCE_BONUS,MODIFIER_ALL_PLAYERS_ATTACH_MODIFIER,0,0,0,0,,PLAYER_IS_SUZERAIN,,
MINOR_CIV_ARMAGH_UNIQUE_INFLUENCE_BONUS,MODIFIER_ALL_PLAYERS_ATTACH_MODIFIER,0,0,0,0,,PLAYER_IS_SUZERAIN,,
MINOR_CIV_GRANADA_UNIQUE_INFLUENCE_BONUS,MODIFIER_ALL_PLAYERS_ATTACH_MODIFIER,0,0,0,0,,PLAYER_IS_SUZERAIN,,
MINOR_CIV_MUSCAT_UNIQUE_INFLUENCE_BONUS,MODIFIER_ALL_PLAYERS_ATTACH_MODIFIER,0,0,0,0,,PLAYER_IS_SUZERAIN,,
MINOR_CIV_PALENQUE_UNIQUE_INFLUENCE_BONUS,MODIFIER_ALL_PLAYERS_ATTACH_MODIFIER,0,0,0,0,,PLAYER_IS_SUZERAIN,,
MINOR_CIV_AUCKLAND_SHALLOW_WATER_PRODUCTION_BONUS_BASE,MODIFIER_PLAYER_ADJUST_PLOT_YIELD,0,0,0,0,,PLOT_HAS_SHALLOW_WATER,,
MINOR_CIV_AUCKLAND_SHALLOW_WATER_PRODUCTION_BONUS_INDUSTRIAL,MODIFIER_PLAYER_ADJUST_PLOT_YIELD,0,0,0,0,,PLOT_HAS_SHALLOW_WATER_AND_INDUSTRIAL,,
MINOR_CIV_ANTANANARIVO_CULTURE_FROM_EARNED_GREAT_PEOPLE_BONUS,MODIFIER_PLAYER_ADJUST_YIELD_MODIFIER_PER_EARNED_GREAT_PERSON,0,0,0,0,,,,
MINOR_CIV_ARMAGH_UNLOCK_MONASTERY_BONUS,MODIFIER_PLAYER_ADJUST_VALID_IMPROVEMENT,0,0,0,0,,,,
MINOR_CIV_GRANADA_UNLOCK_ALCAZAR_BONUS,MODIFIER_PLAYER_ADJUST_VALID_IMPROVEMENT,0,0,0,0,,,,
MINOR_CIV_MUSCAT_COMMERCIAL_HUB_AMENITY_BONUS,MODIFIER_PLAYER_CITIES_ADJUST_CITY_AMENITIES_FROM_CITY_STATES,0,0,0,0,,CITY_HAS_COMMERCIAL_HUB_VIKING,,
MINOR_CIV_PALENQUE_CAMPUS_GROWTH_BONUS,MODIFIER_PLAYER_CITIES_ADJUST_CITY_GROWTH,0,0,0,0,,CITY_HAS_CAMPUS_VIKING,,
LYSEFJORDEN_GRANT_NAVAL_UNIT_EXPERIENCE,MODIFIER_UNITS_ADJUST_GRANT_EXPERIENCE,0,0,1,0,LYSEFJORDEN_REQUIREMENTS,LYSEFJORDEN_GRANT_EXPERIENCE_REQUIREMENTS,,
GIANTS_CAUSEWAY_GRANT_UNIT_ABILITY,MODIFIER_ALL_UNITS_GRANT_ABILITY,0,0,1,0,GIANTS_CAUSEWAY_REQUIREMENTS,GIANTS_CAUSEWAY_GRANT_UNIT_ABILITY_REQUIREMENTS,,
MONASTERY_HOUSING,MODIFIER_SINGLE_CITY_ADJUST_IMPROVEMENT_HOUSING,0,0,0,0,,PLAYER_HAS_COLONIALISM_REQUIREMENTS,,
SUKIENNICE_DOMESTICGOLD,MODIFIER_SINGLE_CITY_ADJUST_TRADE_ROUTE_YIELD_FOR_DOMESTIC,0,0,0,0,,,,
SUKIENNICE_INTERNATIONALPRODUCTION,MODIFIER_SINGLE_CITY_ADJUST_TRADE_ROUTE_YIELD_FOR_INTERNATIONAL,0,0,0,0,,,,
AGENDA_SAINT_HIGH_FAITH,MODIFIER_PLAYER_DIPLOMACY_SIMPLE_MODIFIER,0,0,0,0,,PLAYER_HAS_HIGH_FAITH,,
AGENDA_SAINT_LOW_FAITH,MODIFIER_PLAYER_DIPLOMACY_SIMPLE_MODIFIER,0,0,0,0,,PLAYER_HAS_LOW_FAITH,,
TRAIT_LITHUANIANUNION_FAITH_RELIC,MODIFIER_PLAYER_CITIES_ADJUST_GREATWORK_YIELD,0,0,0,0,,,,
TRAIT_LITHUANIANUNION_CULTURE_RELIC,MODIFIER_PLAYER_CITIES_ADJUST_GREATWORK_YIELD,0,0,0,0,,,,
TRAIT_LITHUANIANUNION_GOLD_RELIC,MODIFIER_PLAYER_CITIES_ADJUST_GREATWORK_YIELD,0,0,0,0,,,,
TRAIT_CULTURE_BOMB_CONVERTS_CITY,MODIFIER_PLAYER_ADJUST_CULTURE_BOMB_CONVERTS_CITY,0,0,0,0,,,,
TRAIT_REPLACE_MILITARY_SLOT_WITH_WILDCARD,MODIFIER_PLAYER_CULTURE_REPLACE_GOVERNMENT_SLOTS,0,0,0,0,,,,
TRAIT_CULTURE_BOMB_TRIGGER_ENCAMPMENT,MODIFIER_PLAYER_ADD_CULTURE_BOMB_TRIGGER,0,0,0,0,,,,
TRAIT_CULTURE_BOMB_TRIGGER_FORT,MODIFIER_PLAYER_ADD_CULTURE_BOMB_TRIGGER,0,0,0,0,,,,
JEBELBARKAL_GRANT_TWO_IRON,MODIFIER_SINGLE_CITY_GRANT_RESOURCE_IN_CITY,0,0,0,0,,,,
TRAIT_ANCIENT_RANGED_UNIT_PRODUCTION,MODIFIER_PLAYER_CITIES_ADJUST_UNIT_TAG_ERA_PRODUCTION,0,0,0,0,,,,
TRAIT_CLASSICAL_RANGED_UNIT_PRODUCTION,MODIFIER_PLAYER_CITIES_ADJUST_UNIT_TAG_ERA_PRODUCTION,0,0,0,0,,,,
TRAIT_MEDIEVAL_RANGED_UNIT_PRODUCTION,MODIFIER_PLAYER_CITIES_ADJUST_UNIT_TAG_ERA_PRODUCTION,0,0,0,0,,,,
TRAIT_RENAISSANCE_RANGED_UNIT_PRODUCTION,MODIFIER_PLAYER_CITIES_ADJUST_UNIT_TAG_ERA_PRODUCTION,0,0,0,0,,,,
TRAIT_INDUSTRIAL_RANGED_UNIT_PRODUCTION,MODIFIER_PLAYER_CITIES_ADJUST_UNIT_TAG_ERA_PRODUCTION,0,0,0,0,,,,
TRAIT_MODERN_RANGED_UNIT_PRODUCTION,MODIFIER_PLAYER_CITIES_ADJUST_UNIT_TAG_ERA_PRODUCTION,0,0,0,0,,,,
TRAIT_ATOMIC_RANGED_UNIT_PRODUCTION,MODIFIER_PLAYER_CITIES_ADJUST_UNIT_TAG_ERA_PRODUCTION,0,0,0,0,,,,
TRAIT_INFORMATION_RANGED_UNIT_PRODUCTION,MODIFIER_PLAYER_CITIES_ADJUST_UNIT_TAG_ERA_PRODUCTION,0,0,0,0,,,,
TRAIT_STRATEGIC_MINE_PRODUCTION,MODIFIER_PLAYER_ADJUST_PLOT_YIELD,0,0,0,0,,PLOT_HAS_STRATEGIC_MINE_REQUIREMENTS,,
TRAIT_BONUS_MINE_GOLD,MODIFIER_PLAYER_ADJUST_PLOT_YIELD,0,0,0,0,,PLOT_HAS_BONUS_MINE_REQUIREMENTS,,
TRAIT_LUXURY_MINE_GOLD,MODIFIER_PLAYER_ADJUST_PLOT_YIELD,0,0,0,0,,PLOT_HAS_LUXURY_MINE_REQUIREMENTS,,
TRAIT_RANGED_EXPERIENCE_MODIFIER,MODIFIER_PLAYER_UNITS_GRANT_ABILITY,0,0,0,0,,,,
NUBIA_RANGED_EXPERIENCE_MODIFIER,MODIFIER_PLAYER_UNIT_ADJUST_UNIT_EXPERIENCE_MODIFIER,0,0,0,0,,,,
TRAIT_BASE_DISTRICT_PRODUCTION_MODIFIER,MODIFIER_PLAYER_CITIES_ADJUST_ALL_DISTRICTS_PRODUCTION,0,0,0,0,,,,
TRAIT_PYRAMID_DISTRICT_PRODUCTION_MODIFIER,MODIFIER_PLAYER_CITIES_ADJUST_ALL_DISTRICTS_PRODUCTION,0,0,0,0,,REQUIREMENTS_PLOT_ADJACENT_PYRAMID,,
AGENDA_HIGH_DISTRICTS,MODIFIER_PLAYER_DIPLOMACY_SIMPLE_MODIFIER,0,0,0,0,,PLAYER_LEADS_DISTRICTS,,
AGENDA_LOW_DISTRICTS,MODIFIER_PLAYER_DIPLOMACY_SIMPLE_MODIFIER,0,0,0,0,,PLAYER_LAGS_DISTRICTS,,
JEBELBARKAL_GRANT_FOUR_IRON_PER_TURN,MODIFIER_SINGLE_CITY_ADJUST_FREE_RESOURCE_EXTRACTION,0,0,0,0,,,,
HYPASPIST_SIEGE_BONUS,MODIFIER_UNIT_ADJUST_COMBAT_STRENGTH,0,0,0,0,,UNIT_ATTACKING_DISTRICT_REQUIREMENTS,,
HYPASPIST_SUPPORT_BONUS,MODIFIER_PLAYER_UNIT_ADJUST_SUPPORT_BONUS_MODIFIER,0,0,0,0,,,,
HETAIROI_FREE_PROMOTION,MODIFIER_PLAYER_UNIT_ADJUST_GRANT_EXPERIENCE,0,0,0,0,,,,
HETAIROI_GREAT_GENERAL_COMBAT_BONUS,MODIFIER_UNIT_ADJUST_COMBAT_STRENGTH,0,0,0,0,,UNIT_ADJACENT_TO_GREAT_GENERAL_REQUIREMENTS,,
HETAIROI_GREAT_GENERAL_POINTS,MODIFIER_PLAYER_UNIT_ADJUST_GREAT_PEOPLE_POINTS_PER_KILL,0,0,0,0,,,,
BASILIKOI_TRAINED_UNIT_XP,MODIFIER_PLAYER_UNIT_ADJUST_UNIT_EXPERIENCE_MODIFIER,0,0,1,0,,,,
TRAIT_HELLENISTIC_FUSION_ENCAMPMENT_EUREKA,MODIFIER_PLAYER_CAPTURED_CITY_ATTACH_MODIFIER,0,0,0,0,,CITY_HAS_ENCAMPMENT_MACEDON,,
TRAIT_HELLENISTIC_FUSION_ENCAMPMENT_EUREKA_MODIFIER,MODIFIER_PLAYER_GRANT_RANDOM_TECHNOLOGY_BOOST_GOODY_HUT,1,0,1,0,,,,
TRAIT_HELLENISTIC_FUSION_CAMPUS_EUREKA,MODIFIER_PLAYER_CAPTURED_CITY_ATTACH_MODIFIER,0,0,0,0,,CITY_HAS_CAMPUS_MACEDON,,
TRAIT_HELLENISTIC_FUSION_CAMPUS_EUREKA_MODIFIER,MODIFIER_PLAYER_GRANT_RANDOM_TECHNOLOGY_BOOST_GOODY_HUT,1,0,1,0,,,,
TRAIT_HELLENISTIC_FUSION_HOLY_SITE_INSPIRATION,MODIFIER_PLAYER_CAPTURED_CITY_ATTACH_MODIFIER,0,0,0,0,,CITY_HAS_HOLY_SITE_MACEDON,,
TRAIT_HELLENISTIC_FUSION_HOLY_SITE_INSPIRATION_MODIFIER,MODIFIER_PLAYER_GRANT_RANDOM_CIVIC_BOOST_GOODY_HUT,1,0,1,0,,,,
TRAIT_HELLENISTIC_FUSION_THEATER_INSPIRATION,MODIFIER_PLAYER_CAPTURED_CITY_ATTACH_MODIFIER,0,0,0,0,,CITY_HAS_THEATER_DISTRICT_MACEDON,,
TRAIT_HELLENISTIC_FUSION_THEATER_INSPIRATION_MODIFIER,MODIFIER_PLAYER_GRANT_RANDOM_CIVIC_BOOST_GOODY_HUT,1,0,1,0,,,,
TRAIT_SATRAPIES_INTERNAL_TRADE_CULTURE,MODIFIER_PLAYER_ADJUST_TRADE_ROUTE_YIELD_FOR_DOMESTIC,0,0,0,0,,,,
TRAIT_SATRAPIES_INTERNAL_TRADE_GOLD,MODIFIER_PLAYER_ADJUST_TRADE_ROUTE_YIELD_FOR_DOMESTIC,0,0,0,0,,,,
TRAIT_SATRAPIES_POLITICAL_PHILOSOPHY_TRADE_ROUTE,MODIFIER_PLAYER_ADJUST_TRADE_ROUTE_CAPACITY,0,0,0,0,,PLAYER_HAS_POLITICAL_PHILOSOPHY,,
TRAIT_SATRAPIES_IMPROVED_ROUTE_LEVEL,MODIFIER_PLAYER_ADJUST_IMPROVED_ROUTE_LEVEL,0,0,0,0,,,,
TRAIT_TOWORLDSEND_NO_WAR_WEARINESS,MODIFIER_PLAYER_ADJUST_WAR_WEARINESS,0,0,0,0,,,,
TRAIT_TOWORLDSEND_HEAL_ON_WONDER_CAPTURE,MODIFIER_PLAYER_CAPTURED_CITY_ATTACH_MODIFIER,0,0,0,0,,CITY_HAS_WONDER_REQUIREMENTS,,
TRAIT_TOWORLDSEND_HEAL_ON_WONDER_CAPTURE_MODIFIER,MODIFIER_PLAYER_UNITS_ADJUST_DAMAGE,1,0,1,0,,,,
AGENDA_SHORT_LIFE_GLORY,MODIFIER_PLAYER_DIPLOMACY_AGENDA_SHORT_LIFE_GLORY,0,0,0,0,ON_TURN_STARTED,PLAYER_IS_MAJOR_CIV_KNOWN_10_TURNS,,
TRAIT_FALLBABYLON_NO_OCCUPATION_PENALTIES,MODIFIER_PLAYER_ADJUST_NO_OCCUPATION_PENALTIES,0,0,0,0,,,,
TRAIT_FALLBABYLON_SURPRISE_MOVEMENT,MODIFIER_PLAYER_ADD_DIPLOMATIC_MOVEMENT_MODIFIER,0,0,0,0,,,,
TRAIT_FALLBABYLON_WARMONGER_MAX,MODIFIER_PLAYER_ADJUST_MAX_WARMONGER_PERCENT,0,0,0,0,,,,
AGENDA_BACKSTABBER,MODIFIER_PLAYER_DIPLOMACY_AGENDA_OPPORTUNIST,0,0,0,0,ON_TURN_STARTED,PLAYER_IS_MAJOR_CIV_KNOWN_10_TURNS,,
HALICARNASSUS_ADJUST_ENGINEER_CHARGES,MODIFIER_PLAYER_UNITS_ADJUST_GREAT_PERSON_CHARGES,0,0,0,0,,UNIT_IS_ENGINEER,,
BASILIKOI_PAIDES_TRAINED_UNIT_XP_MODIFIER,MODIFIER_SINGLE_CITY_GRANT_ABILITY_FOR_TRAINED_UNITS,0,0,1,0,,,,
APADANA_AWARD_TWO_INFLUENCE_TOKEN,MODIFIER_ALL_CITIES_ATTACH_MODIFIER,0,0,0,0,,CITY_HAS_APADANA_REQUIREMENTS,,
APADANA_AWARD_TWO_INFLUENCE_TOKEN_MODIFIER,MODIFIER_PLAYER_GRANT_INFLUENCE_TOKEN_FROM_CITY_WONDER,0,0,0,0,,,,
BASILIKOI_PAIDES_SCIENCE_TRAINED_UNIT,MODIFIER_SINGLE_CITY_GRANT_YIELD_PER_UNIT_COST,1,0,1,0,,,,
HALICARNASSUS_MAUSOLEUM_YIELD_MODIFIER,MODIFIER_CITY_PLOT_YIELDS_ADJUST_PLOT_YIELD,0,0,0,0,,HALICARNASSUS_MAUSOLEUM_YIELD_MODIFIER_REQUIREMENTS,,
TRAIT_ADDITIONAL_MARTIAL_LAW,MODIFIER_PLAYER_LOYALTY_ADJUST_MARTIAL_LAW_MODIFIER,0,0,0,0,,,,
BASILIKOI_PAIDES_ADJUST_RESOURCE_STOCKPILE_CAP,MODIFIER_PLAYER_ADJUST_RESOURCE_STOCKPILE_CAP,0,0,0,0,,,,
TRAIT_SHORT_LIFE_GRIEVANCE_DECAY,MODIFIER_PLAYER_ADJUST_GRIEVANCE_DECAY,0,0,0,0,,,,
TRAIT_CULTURE_BOMB_TRIGGER_PASTURE,MODIFIER_PLAYER_ADD_CULTURE_BOMB_TRIGGER,0,0,0,0,,,,
TRAIT_COASTAL_HOUSING,MODIFIER_PLAYER_CITIES_ADJUST_WATER_HOUSING,0,0,0,0,,PLOT_IS_COASTAL_LAND_REQUIREMENTS,,
TRAIT_CHARMING_CAMPUS,MODIFIER_PLAYER_DISTRICTS_ADJUST_YIELD_BASED_ON_APPEAL,0,0,0,0,,,,
TRAIT_BREATHTAKING_CAMPUS,MODIFIER_PLAYER_DISTRICTS_ADJUST_YIELD_BASED_ON_APPEAL,0,0,0,0,,,,
TRAIT_CHARMING_COMMERCIAL_HUB,MODIFIER_PLAYER_DISTRICTS_ADJUST_YIELD_BASED_ON_APPEAL,0,0,0,0,,,,
TRAIT_BREATHTAKING_COMMERCIAL_HUB,MODIFIER_PLAYER_DISTRICTS_ADJUST_YIELD_BASED_ON_APPEAL,0,0,0,0,,,,
TRAIT_CHARMING_HOLY_SITE,MODIFIER_PLAYER_DISTRICTS_ADJUST_YIELD_BASED_ON_APPEAL,0,0,0,0,,,,
TRAIT_BREATHTAKING_HOLY_SITE,MODIFIER_PLAYER_DISTRICTS_ADJUST_YIELD_BASED_ON_APPEAL,0,0,0,0,,,,
TRAIT_CHARMING_THEATER_DISTRICT,MODIFIER_PLAYER_DISTRICTS_ADJUST_YIELD_BASED_ON_APPEAL,0,0,0,0,,,,
TRAIT_BREATHTAKING_THEATER_DISTRICT,MODIFIER_PLAYER_DISTRICTS_ADJUST_YIELD_BASED_ON_APPEAL,0,0,0,0,,,,
TRAIT_CITADELCIVILIZATION_DEFENSIVE_PRODUCTION,MODIFIER_PLAYER_ADD_DIPLOMATIC_YIELD_MODIFIER,0,0,0,0,,,,
AGENDA_PERPETUALLY_ON_GUARD_LIBERATION,MODIFIER_PLAYER_DIPLOMACY_SIMPLE_MODIFIER,0,0,0,0,,PLAYER_CITY_LIBERATED,,
AGENDA_PERPETUALLY_ON_GUARD_OCCUPATION,MODIFIER_PLAYER_DIPLOMACY_AGENDA_PERPETUALLY_ON_GUARD,0,0,0,0,ON_TURN_STARTED,PLAYER_IS_MAJOR_CIV_KNOWN_10_TURNS,,
TRAIT_CITADELCIVILIZATION_LIBERATION_PRODUCTION_XP2,MODIFIER_PLAYER_ADD_DIPLOMATIC_YIELD_MODIFIER,0,0,0,0,,,,
AGENDA_BILLIONAIRE_TRADE,MODIFIER_PLAYER_DIPLOMACY_TRADE_RELATIONS,0,0,0,0,ON_TURN_STARTED,PLAYER_IS_MAJOR_CIV_KNOWN_30_TURNS,,
AGENDA_CHEOMSEONGDAE_HIGH_SCIENCE,MODIFIER_PLAYER_DIPLOMACY_SIMPLE_MODIFIER,0,0,0,0,,PLAYER_HAS_HIGH_SCIENCE,,
AGENDA_CHEOMSEONGDAE_LOW_SCIENCE,MODIFIER_PLAYER_DIPLOMACY_SIMPLE_MODIFIER,0,0,0,0,,PLAYER_HAS_LOW_SCIENCE,,
AGENDA_FLOWER_OF_SCOTLAND_BAN_WARS,MODIFIER_ADJUST_DIPLOMATIC_ACTION_PREFERENCE,0,0,0,0,,PLAYERS_ARE_NEIGHBORS,,
AGENDA_FLOWER_OF_SCOTLAND_WAR_NEIGHBORS,MODIFIER_PLAYER_DIPLOMACY_SIMPLE_MODIFIER,0,0,0,0,,PLAYER_AT_WAR_WITH_NEIGHBORS,,
AGENDA_FLOWER_OF_SCOTLAND_PEACE_NEIGHBORS,MODIFIER_PLAYER_DIPLOMACY_SIMPLE_MODIFIER,0,0,0,0,,PLAYER_NOT_AT_WAR_WITH_NEIGHBORS,,
AGENDA_HORN_CHEST_LOINS,MODIFIER_PLAYER_DIPLOMACY_AGENDA_HORN_CHEST_LOINS,0,0,0,0,ON_TURN_STARTED,PLAYER_IS_MAJOR_CIV_KNOWN_10_TURNS,,
AGENDA_HORSE_LORD,MODIFIER_PLAYER_DIPLOMACY_AGENDA_HORSE_LORD,0,0,0,0,ON_TURN_STARTED,PLAYER_IS_MAJOR_CIV_KNOWN_10_TURNS,,
AGENDA_IRON_CONFEDERACY_MANY_ALLIANCES,MODIFIER_PLAYER_DIPLOMACY_SIMPLE_MODIFIER,0,0,0,0,,PLAYER_HAS_MANY_ALLIANCES,,
AGENDA_IRON_CONFEDERACY_FEW_ALLIANCES,MODIFIER_PLAYER_DIPLOMACY_SIMPLE_MODIFIER,0,0,0,0,,PLAYER_HAS_FEW_ALLIANCES,,
AGENDA_MAURYA_EMPIRE_NEIGHBORS,MODIFIER_PLAYER_DIPLOMACY_SIMPLE_MODIFIER,0,0,0,0,,PLAYERS_ARE_NEIGHBORS,,
AGENDA_MAURYA_EMPIRE_NOT_NEIGHBORS,MODIFIER_PLAYER_DIPLOMACY_SIMPLE_MODIFIER,0,0,0,0,,PLAYERS_ARE_NOT_NEIGHBORS,,
AGENDA_NARIKALA_FORTRESS_HIGH_WALLS,MODIFIER_PLAYER_DIPLOMACY_SIMPLE_MODIFIER,0,0,0,0,,PLAYER_HAS_HIGH_WALLS,,
AGENDA_NARIKALA_FORTRESS_LOW_WALLS,MODIFIER_PLAYER_DIPLOMACY_SIMPLE_MODIFIER,0,0,0,0,,PLAYER_HAS_LOW_WALLS,,
AGENDA_SPIRIT_OF_TUCAPEL_GAINING_CITIES,MODIFIER_PLAYER_DIPLOMACY_AGENDA_SPIRIT_OF_TUCAPEL,0,0,0,0,ON_TURN_STARTED,PLAYER_IS_MAJOR_CIV_KNOWN_10_TURNS,,
AGENDA_SPIRIT_OF_TUCAPEL_LOSING_CITIES,MODIFIER_PLAYER_DIPLOMACY_AGENDA_SPIRIT_OF_TUCAPEL,0,0,0,0,ON_TURN_STARTED,PLAYER_IS_MAJOR_CIV_KNOWN_10_TURNS,,
ORDU_TRAINED_UNIT_XP_MODIFIER,MODIFIER_SINGLE_CITY_GRANT_ABILITY_FOR_TRAINED_UNITS,0,0,1,0,,,,
ORDU_INCREASED_MOVEMENT_MODIFIER,MODIFIER_SINGLE_CITY_GRANT_ABILITY_FOR_TRAINED_UNITS,0,0,1,0,,,,
CONSERVATION_TSIKHE_TOURISM_GOLDEN_AGE,MODIFIER_PLAYER_DISTRICTS_ADJUST_TOURISM_CHANGE,0,0,0,0,,DISTRICT_IS_CITY_CENTER_TSIKHE_GOLDEN_AGE,,
TSIKHE_FAITH_GOLDEN_AGE,MODIFIER_BUILDING_YIELD_CHANGE,0,0,0,0,,PLAYER_HAS_GOLDEN_AGE,,
TSIKHE_PREVENT_MELEE_ATTACK_OUTER_DEFENSES,MODIFIER_SINGLE_CITY_ADJUST_PREVENT_MELEE_ATTACK_OUTER_DEFENSES,0,0,0,0,,,,
TSIKHE_PREVENT_BYPASS_OUTER_DEFENSE,MODIFIER_SINGLE_CITY_ADJUST_PREVENT_BYPASS_OUTER_DEFENSE,0,0,0,0,,,,
AMUNDSEN_ADDSCIENCEYIELD,MODIFIER_PLAYER_CITIES_ADJUST_CITY_YIELD_MODIFIER,0,0,0,0,,,,
AMUNDSEN_ADDPRODUCTIONYIELD,MODIFIER_PLAYER_CITIES_ADJUST_CITY_YIELD_MODIFIER,0,0,0,0,,,,
AMUNDSEN_SNOW_ADDSCIENCEYIELD,MODIFIER_PLAYER_CITIES_ADJUST_CITY_YIELD_MODIFIER,0,0,0,0,,AMUNDSEN_SNOW_SCIENCE,,
AMUNDSEN_SNOW_ADDPRODUCTIONYIELD,MODIFIER_PLAYER_CITIES_ADJUST_CITY_YIELD_MODIFIER,0,0,0,0,,AMUNDSEN_SNOW_PRODUCTION,,
CONTRATACION_GOVERNOR_POINTS,MODIFIER_PLAYER_ADJUST_GOVERNOR_POINTS,1,0,0,0,,,,
CONTRATACION_FOREIGNFAITH,MODIFIER_PLAYER_CITIES_ADJUST_CITY_YIELD_MODIFIER,0,0,0,0,,GOVERNOR_CITY_NOT_OWNER_CAPITAL_CONTINENT_REQUIREMENTS,,
CONTRATACION_FOREIGNGOLD,MODIFIER_PLAYER_CITIES_ADJUST_CITY_YIELD_MODIFIER,0,0,0,0,,GOVERNOR_CITY_NOT_OWNER_CAPITAL_CONTINENT_REQUIREMENTS,,
CONTRATACION_FOREIGNPRODUCTION,MODIFIER_PLAYER_CITIES_ADJUST_CITY_YIELD_MODIFIER,0,0,0,0,,GOVERNOR_CITY_NOT_OWNER_CAPITAL_CONTINENT_REQUIREMENTS,,
KILWA_SINGLE_ADDSCIENCEYIELD,MODIFIER_SINGLE_CITY_ADJUST_CITY_YIELD_MODIFIER,0,0,0,0,,SCIENTIFIC_SUZERAIN_1_REQUIREMENTS,,
KILWA_SINGLE_ADDFAITHYIELD,MODIFIER_SINGLE_CITY_ADJUST_CITY_YIELD_MODIFIER,0,0,0,0,,RELIGIOUS_SUZERAIN_1_REQUIREMENTS,,
KILWA_SINGLE_ADDGOLDYIELD,MODIFIER_SINGLE_CITY_ADJUST_CITY_YIELD_MODIFIER,0,0,0,0,,TRADE_SUZERAIN_1_REQUIREMENTS,,
KILWA_SINGLE_ADDCULTUREYIELD,MODIFIER_SINGLE_CITY_ADJUST_CITY_YIELD_MODIFIER,0,0,0,0,,CULTURAL_SUZERAIN_1_REQUIREMENTS,,
KILWA_SINGLE_ADDPRODUCTIONUNITS,MODIFIER_SINGLE_CITY_ADJUST_UNIT_PRODUCTION_MODIFIER,0,0,0,0,,MILITARISTIC_SUZERAIN_1_REQUIREMENTS,,
KILWA_SINGLE_ADDPRODUCTIONBUILDINGS,MODIFIER_SINGLE_CITY_ADJUST_BUILDING_PRODUCTION_MODIFIER,0,0,0,0,,INDUSTRIAL_SUZERAIN_1_REQUIREMENTS,,
KILWA_SINGLE_ADDPRODUCTIONDISTRICTS,MODIFIER_SINGLE_CITY_ADJUST_DISTRICT_PRODUCTION_MODIFIER,0,0,0,0,,INDUSTRIAL_SUZERAIN_1_REQUIREMENTS,,
KILWA_PLAYERCITIES_ADDSCIENCEYIELD,MODIFIER_PLAYER_CITIES_ADJUST_CITY_YIELD_MODIFIER,0,0,0,0,,SCIENTIFIC_SUZERAIN_2_REQUIREMENTS,,
KILWA_PLAYERCITIES_ADDFAITHYIELD,MODIFIER_PLAYER_CITIES_ADJUST_CITY_YIELD_MODIFIER,0,0,0,0,,RELIGIOUS_SUZERAIN_2_REQUIREMENTS,,
KILWA_PLAYERCITIES_ADDGOLDYIELD,MODIFIER_PLAYER_CITIES_ADJUST_CITY_YIELD_MODIFIER,0,0,0,0,,TRADE_SUZERAIN_2_REQUIREMENTS,,
KILWA_PLAYERCITIES_ADDCULTUREYIELD,MODIFIER_PLAYER_CITIES_ADJUST_CITY_YIELD_MODIFIER,0,0,0,0,,CULTURAL_SUZERAIN_2_REQUIREMENTS,,
KILWA_PLAYERCITIES_ADDPRODUCTIONUNITS,MODIFIER_PLAYER_CITIES_ADJUST_UNIT_PRODUCTION_MODIFIER,0,0,0,0,,MILITARISTIC_SUZERAIN_2_REQUIREMENTS,,
KILWA_PLAYERCITIES_ADDPRODUCTIONBUILDINGS,MODIFIER_PLAYER_CITIES_ADJUST_BUILDING_PRODUCTION_MODIFIER,0,0,0,0,,INDUSTRIAL_SUZERAIN_2_REQUIREMENTS,,
KILWA_PLAYERCITIES_ADDPRODUCTIONDISTRICTS,MODIFIER_PLAYER_CITIES_ADJUST_DISTRICT_PRODUCTION_MODIFIER,0,0,0,0,,INDUSTRIAL_SUZERAIN_2_REQUIREMENTS,,
KILWA_THREE_INFLUENCE_TOKENS,MODIFIER_PLAYER_GRANT_INFLUENCE_TOKEN,1,0,0,0,,,,
KOTOKU_ADDFAITHYIELD,MODIFIER_SINGLE_CITY_ADJUST_CITY_YIELD_MODIFIER,0,0,0,0,,,,
KOTOKU_GRANTMONKS,MODIFIER_SINGLE_CITY_GRANT_UNIT_IN_CITY,1,0,1,0,,,,
STATUELIBERTY_CITIES_ALWAYS_LOYAL,MODIFIER_PLAYER_CITIES_ADJUST_ALWAYS_LOYAL,0,0,0,0,,STATUELIBERTY_REQUIREMENTS,,
STATUELIBERTY_GRANTSETTLERS,MODIFIER_SINGLE_CITY_GRANT_UNIT_IN_CITY,1,0,1,0,,,,
STBASILS_ADDRELIGIOUSTOURISM,MODIFIER_SINGLE_CITY_ADJUST_TOURISM,0,0,0,0,,,,
STBASILS_ADDFOOD,MODIFIER_ALL_CITIES_ATTACH_MODIFIER,0,0,0,0,,CITY_HAS_ST_BASILS_REQUIREMENTS,,
STBASILS_ADDFOOD_MODIFIER,MODIFIER_CITY_PLOT_YIELDS_ADJUST_PLOT_YIELD,0,0,0,0,,PLOT_HAS_ANYTUNDRA_REQUIREMENTS,,
STBASILS_ADDPRODUCTION,MODIFIER_ALL_CITIES_ATTACH_MODIFIER,0,0,0,0,,CITY_HAS_ST_BASILS_REQUIREMENTS,,
STBASILS_ADDPRODUCTION_MODIFIER,MODIFIER_CITY_PLOT_YIELDS_ADJUST_PLOT_YIELD,0,0,0,0,,PLOT_HAS_ANYTUNDRA_REQUIREMENTS,,
STBASILS_ADDCULTURE,MODIFIER_ALL_CITIES_ATTACH_MODIFIER,0,0,0,0,,CITY_HAS_ST_BASILS_REQUIREMENTS,,
STBASILS_ADDCULTURE_MODIFIER,MODIFIER_CITY_PLOT_YIELDS_ADJUST_PLOT_YIELD,0,0,0,0,,PLOT_HAS_ANYTUNDRA_REQUIREMENTS,,
TAJ_MAHAL_EXTRA_ERA_SCORE,MODIFIER_PLAYER_ADJUST_PLAYER_ERA_SCORE_PER_PRIDE_MOMENT,0,0,0,0,,,,
TEMPLE_ARTEMIS_CAMP_AMENITY,MODIFIER_SINGLE_CITY_ADJUST_IMPROVEMENT_AMENITY,0,0,0,0,,TEMPLE_ARTEMIS_REQUIREMENTS,,
TEMPLE_ARTEMIS_PASTURE_AMENITY,MODIFIER_SINGLE_CITY_ADJUST_IMPROVEMENT_AMENITY,0,0,0,0,,TEMPLE_ARTEMIS_REQUIREMENTS,,
TEMPLE_ARTEMIS_PLANTATION_AMENITY,MODIFIER_SINGLE_CITY_ADJUST_IMPROVEMENT_AMENITY,0,0,0,0,,TEMPLE_ARTEMIS_REQUIREMENTS,,
TRAIT_TRADE_GAIN_TILES_EN_ROUTE,MODIFIER_PLAYER_TRADE_GAIN_TILES_EN_ROUTE,0,0,0,0,,,,
TRAIT_POTTERY_TRADE_ROUTE,MODIFIER_PLAYER_ADJUST_TRADE_ROUTE_CAPACITY,0,0,0,0,,PLAYER_HAS_POTTERY_AND_CAPITAL,,
TRAIT_POTTERY_ADD_TRADER,MODIFIER_PLAYER_GRANT_UNIT_IN_CAPITAL,1,0,1,0,PLAYER_HAS_POTTERY_AND_CAPITAL,,,
TRAIT_HARBOR_CULTURE_BOMB,MODIFIER_PLAYER_ADD_CULTURE_BOMB_TRIGGER,0,0,0,0,,,,
TRAIT_CAMPUS_RIVER_ADJACENCY,MODIFIER_PLAYER_CITIES_RIVER_ADJACENCY,0,0,0,0,,,,
TRAIT_INDUSTRIAL_ZONE_RIVER_ADJACENCY,MODIFIER_PLAYER_CITIES_RIVER_ADJACENCY,0,0,0,0,,,,
TRAIT_THEATER_DISTRICT_RIVER_ADJACENCY,MODIFIER_PLAYER_CITIES_RIVER_ADJACENCY,0,0,0,0,,,,
TRAIT_TRADING_POST_DIPLO_VISIBILITY,MODIFIER_PLAYER_ADD_DIPLO_VISIBILITY,0,0,0,0,,,,
TRAIT_IMMEDIATE_TRADING_POST,MODIFIER_PLAYER_ADJUST_IMMEDIATE_TRADING_POST,0,0,0,0,,,,
TRAIT_EACH_DIPLO_VISIBILITY_COMBAT_MODIFIER,MODIFIER_PLAYER_UNITS_ADJUST_DIPLO_VISIBILITY_COMBAT_MODIFIER,0,0,0,0,,,,
TRAIT_MINES_SCIENCE_SEOWON,MODIFIER_PLAYER_ADJUST_PLOT_YIELD,0,0,0,0,,PLOT_ADJACENT_TO_SEOWON_MINES_REQUIREMENTS,,
TRAIT_FARMS_FOOD_SEOWON,MODIFIER_PLAYER_ADJUST_PLOT_YIELD,0,0,0,0,,PLOT_ADJACENT_TO_SEOWON_FARMS_REQUIREMENTS,,
TRAIT_ALLOW_QUESTS_IN_GOLDEN_AGE,MODIFIER_PLAYER_ADJUST_PLAYER_ALWAYS_ALLOW_COMMEMORATION_QUEST_COUNT,0,0,0,0,,,,
TRAIT_WALLS_PRODUCTION,MODIFIER_PLAYER_CITIES_ADJUST_BUILDING_PRODUCTION,0,0,0,0,,,,
TRAIT_CASTLE_PRODUCTION,MODIFIER_PLAYER_CITIES_ADJUST_BUILDING_PRODUCTION,0,0,0,0,,,,
TRAIT_TSIKHE_PRODUCTION,MODIFIER_PLAYER_CITIES_ADJUST_BUILDING_PRODUCTION,0,0,0,0,,,,
TRAIT_STAR_FORT_PRODUCTION,MODIFIER_PLAYER_CITIES_ADJUST_BUILDING_PRODUCTION,0,0,0,0,,,,
TRAIT_SCIENCE_HAPPY,MODIFIER_PLAYER_CITIES_ADJUST_HAPPINESS_YIELD,0,0,0,0,,,,
TRAIT_SCIENCE_ECSTATIC,MODIFIER_PLAYER_CITIES_ADJUST_HAPPINESS_YIELD,0,0,0,0,,,,
TRAIT_PRODUCTION_HAPPY,MODIFIER_PLAYER_CITIES_ADJUST_HAPPINESS_YIELD,0,0,0,0,,,,
TRAIT_PRODUCTION_ECSTATIC,MODIFIER_PLAYER_CITIES_ADJUST_HAPPINESS_YIELD,0,0,0,0,,,,
TRAIT_SCIENTIST_HAPPY,MODIFIER_PLAYER_CITIES_ADJUST_HAPPINESS_GREAT_PERSON,0,0,0,0,,PLAYER_HAS_CAMPUS_HAPPY_REQUIREMENTS,,
TRAIT_SCIENTIST_ECSTATIC,MODIFIER_PLAYER_CITIES_ADJUST_HAPPINESS_GREAT_PERSON,0,0,0,0,,PLAYER_HAS_CAMPUS_ECSTATIC_REQUIREMENTS,,
TRAIT_ENGINEER_HAPPY,MODIFIER_PLAYER_CITIES_ADJUST_HAPPINESS_GREAT_PERSON,0,0,0,0,,PLAYER_HAS_INDUSTRIAL_ZONE_HAPPY_REQUIREMENTS,,
TRAIT_ENGINEER_ECSTATIC,MODIFIER_PLAYER_CITIES_ADJUST_HAPPINESS_GREAT_PERSON,0,0,0,0,,PLAYER_HAS_INDUSTRIAL_ZONE_ECSTATIC_REQUIREMENTS,,
TRAIT_TOQUI_UNIT_EXPERIENCE_FROM_GOVERNOR,MODIFIER_PLAYER_CITIES_ATTACH_MODIFIER,0,0,0,0,,,,
TOQUI_UNIT_XP_FROM_GOVERNOR_MODIFIER,MODIFIER_SINGLE_CITY_GRANT_ABILITY_FOR_TRAINED_UNITS,0,0,1,0,CITY_HAS_GOVERNOR_FOUNDED,,,
TRAIT_TOQUI_UNIT_EXPERIENCE_FROM_GOVERNOR_NOT_FOUNDED,MODIFIER_PLAYER_CITIES_ATTACH_MODIFIER,0,0,0,0,,,,
TOQUI_UNIT_XP_FROM_GOVERNOR_MODIFIER_NOT_FOUNDED,MODIFIER_SINGLE_CITY_GRANT_ABILITY_FOR_TRAINED_UNITS,0,0,1,0,CITY_HAS_GOVERNOR_NOT_FOUNDED,,,
TOQUI_CULTURE_FROM_GOVERNOR,MODIFIER_PLAYER_CITIES_ADJUST_CITY_YIELD_MODIFIER,0,0,0,0,,CITY_HAS_GOVERNOR_FOUNDED,,
TOQUI_CULTURE_GOVERNOR_NOT_FOUNDED,MODIFIER_PLAYER_CITIES_ADJUST_CITY_YIELD_MODIFIER,0,0,0,0,,CITY_HAS_GOVERNOR_NOT_FOUNDED,,
TOQUI_PRODUCTION_FROM_GOVERNOR,MODIFIER_PLAYER_CITIES_ADJUST_CITY_YIELD_MODIFIER,0,0,0,0,,CITY_HAS_GOVERNOR_FOUNDED,,
TOQUI_PRODUCTION_GOVERNOR_NOT_FOUNDED,MODIFIER_PLAYER_CITIES_ADJUST_CITY_YIELD_MODIFIER,0,0,0,0,,CITY_HAS_GOVERNOR_NOT_FOUNDED,,
TOQUI_DOMESTIC_LOYALTY,MODIFIER_PLAYER_GOVERNORS_ADJUST_GOVERNOR_IDENTITY_PRESSURE,0,0,0,0,,,,
TOQUI_FOREIGN_LOYALTY,MODIFIER_PLAYER_GOVERNORS_ADJUST_GOVERNOR_IDENTITY_PRESSURE,0,0,0,0,,,,
TRAIT_TOQUI_COMBAT_BONUS_VS_GOLDEN_AGE_CIV,MODIFIER_PLAYER_UNITS_ADJUST_COMBAT_STRENGTH,0,0,0,0,,OPPONENT_IS_IN_GOLDEN_AGE_FREE_CITY_REQUIREMENTS,,
TRAIT_ISIBONGO_GARRISONIDENTITY,MODIFIER_PLAYER_CITIES_ADJUST_IDENTITY_PER_TURN,0,0,0,0,,CITY_HAS_GARRISON_UNIT_REQUIERMENT,,
TRAIT_ISIBONGO_GARRISONFORMATIONIDENTITY,MODIFIER_PLAYER_CITIES_ADJUST_IDENTITY_PER_TURN,0,0,0,0,,CITY_HAS_GARRISON_CORPS_OR_ARMY_REQUIREMENT,,
TRAIT_ISIBONGO_UPGRADEMILITARYFORMATIONONCITYCONQUEST,MODIFIER_PLAYER_ADD_UPGRADE_MILITARY_FORMATION_ON_CITY_CONQUEST,0,0,0,0,,,,
TRAIT_IKANDA_BARRACKS_GOLD,MODIFIER_PLAYER_CITIES_ADJUST_BUILDING_YIELD_CHANGE,0,0,0,0,,,,
TRAIT_IKANDA_BARRACKS_SCIENCE,MODIFIER_PLAYER_CITIES_ADJUST_BUILDING_YIELD_CHANGE,0,0,0,0,,,,
TRAIT_IKANDA_STABLE_GOLD,MODIFIER_PLAYER_CITIES_ADJUST_BUILDING_YIELD_CHANGE,0,0,0,0,,,,
TRAIT_IKANDA_STABLE_SCIENCE,MODIFIER_PLAYER_CITIES_ADJUST_BUILDING_YIELD_CHANGE,0,0,0,0,,,,
TRAIT_IKANDA_ARMORY_GOLD,MODIFIER_PLAYER_CITIES_ADJUST_BUILDING_YIELD_CHANGE,0,0,0,0,,,,
TRAIT_IKANDA_ARMORY_SCIENCE,MODIFIER_PLAYER_CITIES_ADJUST_BUILDING_YIELD_CHANGE,0,0,0,0,,,,
TRAIT_IKANDA_MILITARY_ACADEMY_GOLD,MODIFIER_PLAYER_CITIES_ADJUST_BUILDING_YIELD_CHANGE,0,0,0,0,,,,
TRAIT_IKANDA_MILITARY_ACADEMY_SCIENCE,MODIFIER_PLAYER_CITIES_ADJUST_BUILDING_YIELD_CHANGE,0,0,0,0,,,,
IKANDA_TRAINED_CORPS_ARMY_DISCOUNT,MODIFIER_CITY_CORPS_ARMY_ADJUST_DISCOUNT,0,0,0,0,,,,
EYESAHARA_PRODUCTION_ATOMIC,MODIFIER_GAME_ADJUST_PLOT_YIELD,0,0,0,0,,GAME_HAS_ATOMIC_EYE_REQUIREMENTS,,
EYESAHARA_SCIENCE_ATOMIC,MODIFIER_GAME_ADJUST_PLOT_YIELD,0,0,0,0,,GAME_HAS_ATOMIC_EYE_REQUIREMENTS,,
GREAT_GENERAL_ZHANGYE,MODIFIER_ALL_PLAYERS_ADJUST_GREAT_PERSON_POINTS,0,0,0,0,,PLAYER_HAS_ZHANGYE_GENERAL,,
GREAT_MERCHANT_ZHANGYE,MODIFIER_ALL_PLAYERS_ADJUST_GREAT_PERSON_POINTS,0,0,0,0,,PLAYER_HAS_ZHANGYE_MERCHANT,,
MATTERHORN_ADJACENT_UNITS_GRANT_ABILITY,MODIFIER_ALL_UNITS_GRANT_ABILITY,0,0,1,0,MATTERHORN_REQUIREMENTS,MATTERHORN_ADJACENT_UNITS_GRANT_ABILITY_REQUIREMENTS,,
GOLFCOURSE_AMENITY,MODIFIER_SINGLE_CITY_ADJUST_IMPROVEMENT_AMENITY,0,0,0,0,,,,
GOLFCOURSE_HOUSING_WITHGLOBLIZATION,MODIFIER_SINGLE_CITY_ADJUST_IMPROVEMENT_HOUSING,0,0,0,0,,PLAYER_HAS_GLOBALIZATION_REQUIREMENTS,,
MEKEWAP_HOUSING_WITHCIVILSERVICE,MODIFIER_SINGLE_CITY_ADJUST_IMPROVEMENT_HOUSING,0,0,0,0,,PLAYER_HAS_CIVIL_SERVICE_REQUIREMENTS,,
MEKEWAP_LUXURY_GOLD,MODIFIER_SINGLE_PLOT_ADJUST_PLOT_YIELDS,0,0,0,0,,MEKEWAY_LUXURY_GOLDS_REQUIREMENTS,,
STATUELIBERTY_DIPLOVP,MODIFIER_PLAYER_ADJUST_DIPLOMATIC_VICTORY_POINTS,1,0,1,0,,,,
ORDU_ADJUST_RESOURCE_STOCKPILE_CAP,MODIFIER_PLAYER_ADJUST_RESOURCE_STOCKPILE_CAP,0,0,0,0,,,,
TRAIT_FLOOD_BARRIER_PRODUCTION,MODIFIER_PLAYER_CITIES_ADJUST_BUILDING_PRODUCTION,0,0,0,0,,,,
TRAIT_DAM_PRODUCTION_PRODUCTION,MODIFIER_PLAYER_CITIES_ADJUST_DISTRICT_PRODUCTION,0,0,0,0,,,,
ROCKBAND_SPACE_ROCK_SEOWON,MODIFIER_PLAYER_UNIT_ADJUST_ROCK_BAND_LEVEL_DISTRICT,0,0,0,0,,,,
ROCKBAND_SPACE_ROCK_SEOWON_MODIFIER,MODIFIER_PLAYER_UNIT_ADJUST_TOURISM_BOMB_DISTRICT,0,0,0,0,,,,
GOLFCOURSE_AMENITIES,MODIFIER_SINGLE_CITY_ADJUST_IMPROVEMENT_AMENITY,0,0,0,0,,,,
AGENDA_GOSSIP_POSITIVE,MODIFIER_PLAYER_DIPLOMACY_SIMPLE_MODIFIER,0,0,0,0,,PLAYER_IS_SHARING_INFO,,
AGENDA_GOSSIP_NEGATIVE,MODIFIER_PLAYER_DIPLOMACY_SIMPLE_MODIFIER,0,0,0,0,,PLAYER_IS_NOT_SHARING_INFO,,
AGENDA_SYCOPHANT_GOLDEN_AGE,MODIFIER_PLAYER_DIPLOMACY_SIMPLE_MODIFIER,0,0,0,0,,PLAYER_HAS_GOLDEN_AGE_HAVE_MET,,
AGENDA_SYCOPHANT_DARK_AGE,MODIFIER_PLAYER_DIPLOMACY_SIMPLE_MODIFIER,0,0,0,0,,PLAYER_HAS_DARK_AGE_HAVE_MET,,
AGENDA_SYMPATHIZER_GOLDEN_AGE,MODIFIER_PLAYER_DIPLOMACY_SIMPLE_MODIFIER,0,0,0,0,,PLAYER_HAS_GOLDEN_AGE_HAVE_MET,,
AGENDA_SYMPATHIZER_DARK_AGE,MODIFIER_PLAYER_DIPLOMACY_SIMPLE_MODIFIER,0,0,0,0,,PLAYER_HAS_DARK_AGE_HAVE_MET,,
ALLIANCE_SHARE_VISIBILITY,MODIFIER_ALLIANCE_SHARE_VISIBILITY,0,0,0,0,,,,
ALLIANCE_NO_CULTURE_PRESSURE,MODIFIER_ALLIANCE_DO_NOTHING,0,0,0,0,,,,
ALLIANCE_NO_RELIGIOUS_PRESSURE,MODIFIER_ALLIANCE_DO_NOTHING,0,0,0,0,,,,
ALLIANCE_ADJUST_COMBAT_STRENGTH,MODIFIER_ALLIANCE_COMBATS_UNIT_STRENGTHS,0,0,0,0,,ALLIES_AT_WAR_WITH_TARGET_REQUIREMENTS,,
ALLIANCE_ADJUST_DISTRICT_GREAT_PEOPLE_POINTS,MODIFIER_ALLIANCE_DISTRICTS_ADJUST_GREAT_POINTS,0,0,0,0,,ALLIANCE_CITY_HAS_TRADE_ROUTE_WITH_ALLY,,
ALLIANCE_ADJUST_PLAYER_TRADE_ROUTE_CAPACITY,MODIFIER_ALLIANCE_PLAYER_TRADE_ROUTE_CAPACITY,0,0,0,0,,,,
ALLIANCE_ADJUST_RELIGIOUS_COMBAT_STRENGTH,MODIFIER_ALLIANCE_COMBATS_UNIT_STRENGTHS,0,0,0,0,,RELIGIOUS_COMBAT_ENEMY_NOT_IN_ALLIED_RELIGION,,
ALLIANCE_ADD_SCIENCE_TO_ORIGIN_TRADE_ROUTE,MODIFIER_ALLIANCE_TRADE_ROUTE_ADJUST_YIELD,0,0,0,0,,ROUTE_BETWEEN_ALLIES_REQUIREMENTS,,
ALLIANCE_ADD_SCIENCE_TO_DESTINATION_TRADE_ROUTE,MODIFIER_ALLIANCE_TRADE_ROUTE_ADJUST_YIELD,0,0,0,0,,ROUTE_BETWEEN_ALLIES_REQUIREMENTS,,
ALLIANCE_ADD_CULTURE_TO_ORIGIN_TRADE_ROUTE,MODIFIER_ALLIANCE_TRADE_ROUTE_ADJUST_YIELD,0,0,0,0,,ROUTE_BETWEEN_ALLIES_REQUIREMENTS,,
ALLIANCE_ADD_CULTURE_TO_DESTINATION_TRADE_ROUTE,MODIFIER_ALLIANCE_TRADE_ROUTE_ADJUST_YIELD,0,0,0,0,,ROUTE_BETWEEN_ALLIES_REQUIREMENTS,,
ALLIANCE_ADD_FAITH_TO_ORIGIN_TRADE_ROUTE,MODIFIER_ALLIANCE_TRADE_ROUTE_ADJUST_YIELD,0,0,0,0,,ROUTE_BETWEEN_ALLIES_REQUIREMENTS,,
ALLIANCE_ADD_FAITH_TO_DESTINATION_TRADE_ROUTE,MODIFIER_ALLIANCE_TRADE_ROUTE_ADJUST_YIELD,0,0,0,0,,ROUTE_BETWEEN_ALLIES_REQUIREMENTS,,
ALLIANCE_ADD_GOLD_TO_ORIGIN_TRADE_ROUTE,MODIFIER_ALLIANCE_TRADE_ROUTE_ADJUST_YIELD,0,0,0,0,,ROUTE_BETWEEN_ALLIES_REQUIREMENTS,,
ALLIANCE_ADD_GOLD_TO_DESTINATION_TRADE_ROUTE,MODIFIER_ALLIANCE_TRADE_ROUTE_ADJUST_YIELD,0,0,0,0,,ROUTE_BETWEEN_ALLIES_REQUIREMENTS,,
ALLIANCE_INCREASE_PRODUCTION_WHEN_WAR,MODIFIER_ALLIANCE_CITIES_MILITARY_UNIT_PRODUCTION,0,0,0,0,,OWNER_OR_ALLY_IS_AT_WAR_REQUIREMENTS,,
ALLIANCE_FREE_UNIT_UPGRADE,MODIFIER_ALLIANCE_TRAINED_UNITS_FREE_UPGRADE,0,0,0,0,,,,
ALLIANCE_ENVOY_POINTS_FROM_ALLIANCE,MODIFIER_ALLIANCE_PLAYERS_ENVOY_POINTS_FROM_ALLY,0,0,0,0,,,,
ALLIANCE_RESEARCH_AGREEMENT,MODIFIER_ALLIANCE_RESEARCH_AGREEMENT,0,0,0,0,,,,
ALLIANCE_SCIENCE_SHARING_FROM_ALLY,MODIFIER_ALLIANCE_PLAYERS_SCIENCE_FROM_ALLY,0,0,0,0,,,,
ALLIANCE_TOURISM_SHARING_FROM_ALLY,MODIFIER_ALLIANCE_PLAYERS_TOURISM_FROM_ALLY,0,0,0,0,,,,
ALLIANCE_CULTURE_SHARING_FROM_ALLY,MODIFIER_ALLIANCE_PLAYERS_CULTURE_FROM_ALLY,0,0,0,0,,,,
ALLIANCE_YIELDS_FROM_FOLLOWING_ALLY_RELIGION,MODIFIER_ALLIANCE_PLAYERS_YIELD_FROM_FOLLOWERS_OF_ALLY_RELIGIONS,0,0,0,0,,,,
ALLIANCE_RELIGIOUS_PRESSURE,MODIFIER_ALLIANCE_PLAYERS_RELIGIOUS_PRESSURE,0,0,0,0,,,,
ALLIANCE_SHARE_SUZERAIN,MODIFIER_ALLIANCE_PLAYERS_SHARE_SUZERAIN,0,0,0,0,,,,
PAPAL_PRIMACY_PRESSURE_ON_ADOPTION,MODIFIER_PLAYER_RELIGION_ENABLE_AWARDS_ENVOY_RELIGIOUS_PRESSURE,0,0,0,0,,,,
GOV_TALL_AMENITY_BUFF,MODIFIER_PLAYER_CITIES_ADJUST_AMENITIES_FROM_GOVERNORS,0,0,0,0,,CITY_HAS_GOVERNOR_REQUIREMENTS,,
GOV_TALL_LOYALTY_DEBUFF,MODIFIER_PLAYER_CITIES_ADJUST_IDENTITY_PER_TURN,0,0,0,0,,CITY_HAS_NO_GOVERNOR_REQUIREMENTS,,
GOV_TALL_HOUSING_BUFF,MODIFIER_PLAYER_CITIES_ADJUST_POLICY_HOUSING,0,0,0,0,,CITY_HAS_GOVERNOR_REQUIREMENTS,,
GOV_SETTLER_COST_REDUCTION,MODIFIER_PLAYER_UNITS_ADJUST_UNIT_PRODUCTION,0,0,0,0,,,,
BUILDING_GOV_CITYSTATES_LEVERAGED_UNIT_STRENGTH,MODIFIER_PLAYER_UNITS_ATTACH_MODIFIER,0,0,0,0,,UNIT_IS_LEVERAGED_REQUIREMENTS,,
BUILDING_GOV_CITYSTATES_UNIT_STRENGTH,MODIFIER_PLAYER_CITYSTATEUNITS_ATTACH_MODIFIER,0,0,0,0,,,,
GOV_CITYSTATES_COMBAT_MODIFIER,MODIFIER_UNIT_ADJUST_COMBAT_STRENGTH,0,0,0,0,,,,
BUILDING_GOV_LEVY_DISCOUNT,MODIFIER_PLAYER_ADJUST_LEVY_DISCOUNT_PERCENT,0,0,0,0,,,,
GOV_FAITH_PURCHASE_RECON,MODIFIER_PLAYER_CITIES_ENABLE_UNIT_FAITH_PURCHASE,0,0,0,0,,,,
GOV_FAITH_PURCHASE_MELEE,MODIFIER_PLAYER_CITIES_ENABLE_UNIT_FAITH_PURCHASE,0,0,0,0,,,,
GOV_FAITH_PURCHASE_RANGED,MODIFIER_PLAYER_CITIES_ENABLE_UNIT_FAITH_PURCHASE,0,0,0,0,,,,
GOV_FAITH_PURCHASE_SIEGE,MODIFIER_PLAYER_CITIES_ENABLE_UNIT_FAITH_PURCHASE,0,0,0,0,,,,
GOV_FAITH_PURCHASE_HEAVY_CAVALRY,MODIFIER_PLAYER_CITIES_ENABLE_UNIT_FAITH_PURCHASE,0,0,0,0,,,,
GOV_FAITH_PURCHASE_LIGHT_CAVALRY,MODIFIER_PLAYER_CITIES_ENABLE_UNIT_FAITH_PURCHASE,0,0,0,0,,,,
GOV_FAITH_PURCHASE_RANGED_CAVALRY,MODIFIER_PLAYER_CITIES_ENABLE_UNIT_FAITH_PURCHASE,0,0,0,0,,,,
GOV_FAITH_PURCHASE_ANTI_CAVALRY,MODIFIER_PLAYER_CITIES_ENABLE_UNIT_FAITH_PURCHASE,0,0,0,0,,,,
GOV_FAITH_PURCHASE_HEAVY_CHARIOT,MODIFIER_PLAYER_CITIES_ENABLE_UNIT_FAITH_PURCHASE,0,0,0,0,,,,
GOV_FAITH_PURCHASE_LIGHT_CHARIOT,MODIFIER_PLAYER_CITIES_ENABLE_UNIT_FAITH_PURCHASE,0,0,0,0,,,,
GOV_FAITH_PILLAGE_IMPROVEMENT_FAITH,MODIFIER_PLAYER_UNITS_ADJUST_FAITH_ON_IMPROVEMENT_PILLAGE,0,0,0,0,,,,
GOV_FAITH_PILLAGE_DISTRICT_FAITH,MODIFIER_PLAYER_UNITS_ADJUST_FAITH_ON_DISTRICT_PILLAGE,0,0,0,0,,,,
GOV_GRANT_SPY,MODIFIER_PLAYER_GRANT_SPY,0,0,0,0,,,,
GOV_ADD_SPY_UNIT,MODIFIER_SINGLE_CITY_GRANT_UNIT_IN_CITY,1,0,0,0,,,,
GOV_INCREASE_SPY_LEVEL,MODIFIER_PLAYER_ADJUST_SPY_BONUS,0,0,0,0,,,,
GOV_HEAL_AFTER_DEFEATING_UNIT,MODIFIER_PLAYER_UNITS_ADJUST_HEAL_FROM_COMBAT,0,0,0,0,,,,
PLAYER_UNIT_INCREASE_COMBAT_STRENGTH,MODIFIER_UNIT_ADJUST_COMBAT_STRENGTH,0,0,0,0,,,,
GOV_PRODUCTION_BOOST_FROM_CAPTURE,MODIFIER_PLAYER_ADD_DIPLOMATIC_YIELD_MODIFIER,0,0,0,0,,,,
GOV_PROJECT_ABILITY,MODIFIER_PLAYER_ADJUST_UNIT_PROJECT_PERCENT,0,0,0,0,,,,
GOV_EXTRA_AMPHITHEATER_SLOTS,MODIFIER_PLAYER_CITIES_ADJUST_EXTRA_GREAT_WORK_SLOTS,0,0,0,0,,,,
GOV_SETTLER_GRANT_BUILDER,MODIFIER_PLAYER_BUILT_CITIES_GRANT_FREE_UNIT,0,0,0,0,,,,
FERRIS_WHEEL_TOURISM,MODIFIER_PLAYER_DISTRICT_ADJUST_TOURISM_CHANGE,0,0,0,0,,,,
SHOPPING_MALL_TOURISM,MODIFIER_PLAYER_DISTRICT_ADJUST_TOURISM_CHANGE,0,0,0,0,,,,
MARKET_TRADE_ROUTE_CAPACITY,MODIFIER_PLAYER_ADJUST_TRADE_ROUTE_CAPACITY,0,0,0,0,,,,
LIGHTHOUSE_TRADE_ROUTE_CAPACITY,MODIFIER_PLAYER_ADJUST_TRADE_ROUTE_CAPACITY,0,0,0,0,,LIGHTHOUSE_TRADE_ROUTE_CAPACITY_REQUIREMENTS,,
GOV_BUILDING_TALL_GRANT_GOVERNOR_POINTS,MODIFIER_ALL_PLAYERS_ADJUST_GOVERNOR_POINTS,0,0,1,0,,PLAYER_HAS_GOV_BUILDING_TALL_REQUIREMENTS,,
GOV_BUILDING_WIDE_GRANT_GOVERNOR_POINTS,MODIFIER_ALL_PLAYERS_ADJUST_GOVERNOR_POINTS,0,0,1,0,,PLAYER_HAS_GOV_BUILDING_WIDE_REQUIREMENTS,,
GOV_BUILDING_CONQUEST_GRANT_GOVERNOR_POINTS,MODIFIER_ALL_PLAYERS_ADJUST_GOVERNOR_POINTS,0,0,1,0,,PLAYER_HAS_GOV_BUILDING_CONQUEST_REQUIREMENTS,,
GOV_BUILDING_CITYSTATES_GRANT_GOVERNOR_POINTS,MODIFIER_ALL_PLAYERS_ADJUST_GOVERNOR_POINTS,0,0,1,0,,PLAYER_HAS_GOV_BUILDING_CITYSTATES_REQUIREMENTS,,
GOV_BUILDING_FAITH_GRANT_GOVERNOR_POINTS,MODIFIER_ALL_PLAYERS_ADJUST_GOVERNOR_POINTS,0,0,1,0,,PLAYER_HAS_GOV_BUILDING_FAITH_REQUIREMENTS,,
GOV_BUILDING_SPIES_GRANT_GOVERNOR_POINTS,MODIFIER_ALL_PLAYERS_ADJUST_GOVERNOR_POINTS,0,0,1,0,,PLAYER_HAS_GOV_BUILDING_SPIES_REQUIREMENTS,,
GOV_BUILDING_MILITARY_GRANT_GOVERNOR_POINTS,MODIFIER_ALL_PLAYERS_ADJUST_GOVERNOR_POINTS,0,0,1,0,,PLAYER_HAS_GOV_BUILDING_MILITARY_REQUIREMENTS,,
GOV_BUILDING_SCIENCE_GRANT_GOVERNOR_POINTS,MODIFIER_ALL_PLAYERS_ADJUST_GOVERNOR_POINTS,0,0,1,0,,PLAYER_HAS_GOV_BUILDING_SCIENCE_REQUIREMENTS,,
GOV_BUILDING_CULTURE_GRANT_GOVERNOR_POINTS,MODIFIER_ALL_PLAYERS_ADJUST_GOVERNOR_POINTS,0,0,1,0,,PLAYER_HAS_GOV_BUILDING_CULTURE_REQUIREMENTS,,
MONUMENT_LOYALTY,MODIFIER_SINGLE_CITY_ADJUST_IDENTITY_PER_TURN,0,0,0,0,,,,
MONUMENT_CULTURE_AT_FULL_LOYALTY,MODIFIER_SINGLE_CITY_ADJUST_YIELD_CHANGE,0,0,0,0,,MONUMENT_FULL_LOYALTY_REQUIREMENTS,,
AQUARIUM_SEARESOURCE_SCIENCE,MODIFIER_CITY_PLOT_YIELDS_ADJUST_PLOT_YIELD,0,0,0,0,,STAVE_CHURCH_SEA_RESOURCE_REQUIREMENTS,,
AQUARIUM_REEF_SCIENCE,MODIFIER_CITY_PLOT_YIELDS_ADJUST_PLOT_YIELD,0,0,0,0,,AQUARIUM_REEF_REQUIREMENTS,,
AQUATICS_CENTER_WONDER_TOURISM,MODIFIER_CITY_DISTRICTS_ADJUST_TOURISM_CHANGE,0,0,0,0,,AQUATICS_CENTER_WONDER_REQUIREMENTS,,
ZOO_RAINFOREST_SCIENCE,MODIFIER_CITY_PLOT_YIELDS_ADJUST_PLOT_YIELD,0,0,0,0,,ZOO_RAINFOREST_REQUIREMENTS,,
ZOO_MARSH_SCIENCE,MODIFIER_CITY_PLOT_YIELDS_ADJUST_PLOT_YIELD,0,0,0,0,,ZOO_MARSH_REQUIREMENTS,,
STADIUM_10_POPULATION_TOURISM,MODIFIER_PLAYER_DISTRICT_ADJUST_TOURISM_CHANGE,0,0,0,0,,STADIUM_10_POPULATION_REQUIREMENTS,,
STADIUM_20_POPULATION_TOURISM,MODIFIER_PLAYER_DISTRICT_ADJUST_TOURISM_CHANGE,0,0,0,0,,STADIUM_20_POPULATION_REQUIREMENTS,,
COLOSSEUM_IDENTITY,MODIFIER_PLAYER_CITIES_ADJUST_IDENTITY_PER_TURN,0,0,0,0,,COLOSSEUM_REQUIREMENTS,,
GREATLIBRARY_BOOST_SCIENTIST,MODIFIER_PLAYER_GRANT_BOOST_WITH_GREAT_PERSON,0,0,0,0,,,,
CIVIC_GRANT_PLAYER_GOVERNOR_POINTS,MODIFIER_PLAYER_ADJUST_GOVERNOR_POINTS,0,0,0,0,,,,
CONSERVATION_ARENA_TOURISM,MODIFIER_PLAYER_DISTRICTS_ADJUST_TOURISM_CHANGE,0,0,0,0,,DISTRICT_IS_ENTERTAINMENT_COMPLEX_ARENA,,
TRAIT_ALL_DIPLO_POLICY_ARE_WILDCARDS,MODIFIER_PLAYER_CULTURE_REPLACE_GOVERNMENT_SLOTS,0,0,0,0,,,,
TRAIT_MISSION_IDENTITY_PER_TURN_MODIFIER,MODIFIER_PLAYER_CITIES_ADJUST_IDENTITY_PER_TURN,0,0,0,0,,REQUIREMENTS_PLOT_ADJACENT_MISSION_FOREIGN_CONTINENT,,
TRAIT_FLOODPLAINS_VALID_GOVERNMENT,MODIFIER_PLAYER_CITIES_ADJUST_VALID_FEATURES_DISTRICTS,0,0,0,0,,,,
ROYAL_NAVY_DOCKYARD_IDENTITY_PER_TURN_MODIFIER,MODIFIER_SINGLE_CITY_ADJUST_IDENTITY_PER_TURN,0,0,0,0,,DOCKYARD_FOREIGN_CONTINENT_REQUIREMENTS,,
GOVERNMENT_IDENTITY_PER_TURN_MODIFIER,MODIFIER_SINGLE_CITY_ADJUST_IDENTITY_PER_TURN,0,0,0,0,,,,
DISTRICT_GRANT_PLAYER_GOVERNOR_POINTS,MODIFIER_ALL_PLAYERS_ADJUST_GOVERNOR_POINTS,0,0,1,0,,PLAYER_HAS_GOVERNMENT_DISTRICT_REQUIREMENTS,,
MILITARY_EMERGENCY_MEMBER_COMBAT_STRENGTH_ATTACK,MODIFIER_EMERGENCY_COMBATS_ADJUST_DEFENDER_STRENGTH,0,0,0,0,,MILITARY_EMERGENCY_COMBAT_STRENGTH_ATTACKER_REQUIREMENTS,,
MILITARY_EMERGENCY_MEMBER_COMBAT_STRENGTH_DEFEND,MODIFIER_EMERGENCY_COMBATS_ADJUST_ATTACKER_STRENGTH,0,0,0,0,,MILITARY_EMERGENCY_COMBAT_STRENGTH_DEFENDER_REQUIREMENTS,,
MILITARY_EMERGENCY_MEMBER_MOVEMENT_BUFF,MODIFIER_EMERGENCY_UNITS_ADJUST_MOVEMENT,0,0,0,0,,MILITARY_EMERGENCY_MOVEMENT_BUFF_REQUIREMENTS,,
MILITARY_EMERGENCY_TARGET_CITY_STRIKE_REWARD,MODIFIER_EMERGENCY_COMBATS_ADJUST_ATTACKER_STRENGTH,0,0,0,0,,MILITARY_EMERGENCY_TARGETS_REWARD_REQUIREMENTS,,
MILITARY_EMERGENCY_MEMBER_HEALING_REWARD,MODIFIER_EMERGENCY_UNITS_ADJUST_HEALING,0,0,0,0,,MILITARY_EMERGENCY_MEMBERS_REWARD_REQUIREMENTS,,
SETTLEMENT_EMERGENCY_MEMBER_MOVEMENT_BUFF,MODIFIER_EMERGENCY_UNITS_ADJUST_MOVEMENT,0,0,0,0,,SETTLEMENT_EMERGENCY_MEMBER_MOVEMENT_REQUIREMENTS,,
SETTLEMENT_EMERGENCY_TARGET_MOVEMENT_BUFF,MODIFIER_EMERGENCY_UNITS_ADJUST_MOVEMENT,0,0,0,0,,SETTLEMENT_EMERGENCY_TARGET_MOVEMENT_REQUIREMENTS,,
SETTLEMENT_EMERGENCY_MEMBER_GPT_REWARD,MODIFIER_EMERGENCY_PLAYERS_YIELD_PER_TURN,0,0,0,0,,SETTLEMENT_EMERGENCY_MEMBER_GPT_REQUIREMENTS,,
SETTLEMENT_EMERGENCY_TARGET_GPT_REWARD,MODIFIER_EMERGENCY_PLAYERS_YIELD_PER_TURN,0,0,0,0,,SETTLEMENT_EMERGENCY_TARGET_GPT_REQUIREMENTS,,
CITY_STATE_EMERGENCY_MEMBER_ENVOY_GOLD_REWARD,MODIFIER_EMERGENCY_PLAYERS_YIELDS_PER_ENVOY,0,0,0,0,,CITY_STATE_EMERGENCY_REWARD_MEMBER_REQUIREMENTS,,
CITY_STATE_EMERGENCY_TARGET_ENVOY_GOLD_REWARD,MODIFIER_EMERGENCY_TRADE_ROUTES_ADJUST_YIELDS,0,0,0,0,,CITY_STATE_EMERGENCY_REWARD_TARGET_REQUIREMENTS,,
RELIGIOUS_EMERGENCY_MEMBER_RELIC_REWARD,MODIFIER_EMERGENCY_PLAYERS_GRANT_RELIC,0,0,0,0,,RELIGIOUS_EMERGENCY_REWARD_MEMBER_REQUIREMENTS,,
RELIGIOUS_EMERGENCY_TARGET_PRESSURE_REWARD,MODIFIER_EMERGENCY_CITIES_EXERT_RELIGIOUS_PRESSURE,0,0,0,0,,RELIGIOUS_EMERGENCY_REWARD_TARGET_REQUIREMENTS,,
SPYING_EMERGENCY_MEMBER_ANTI_SPY_KILL_SPY,MODIFIER_EMERGENCY_CITIES_KILL_ALL_EMERGENCY_TARGET_SPIES,0,0,0,0,,SPYING_EMERGENCY_REWARD_SPY_KILLING_REQUIREMENTS,,
SPYING_EMERGENCY_MEMBER_GRANT_ABILITY_BUFF,MODIFIER_EMERGENCY_UNITS_GRANT_ABILITY,0,0,0,0,,SPYING_EMERGENCY_BUFF_ABILITY_REQUIREMENTS,,
SPYING_EMERGENCY_MEMBER_ANTI_SPY_REWARD,MODIFIER_EMERGENCY_UNITS_ADJUST_SPYING_EFFICIENCY,0,0,0,0,,SPYING_EMERGENCY_REWARD_MEMBER_REQUIREMENTS,,
SPYING_EMERGENCY_TARGET_GRANT_SPY_REWARD,MODIFIER_EMERGENCY_PLAYERS_GRANT_UNIT,0,0,0,0,,SPYING_EMERGENCY_REWARD_TARGET_REQUIREMENTS,,
NUCLEAR_EMERGENCY_MEMBER_COMBAT_STRENGTH_ATTACK,MODIFIER_EMERGENCY_COMBATS_ADJUST_DEFENDER_STRENGTH,0,0,0,0,,NUCLEAR_EMERGENCY_BUFF_COMBAT_STRENGTH_ATTACKER_REQUIREMENTS,,
NUCLEAR_EMERGENCY_MEMBER_COMBAT_STRENGTH_DEFEND,MODIFIER_EMERGENCY_COMBATS_ADJUST_ATTACKER_STRENGTH,0,0,0,0,,NUCLEAR_EMERGENCY_BUFF_COMBAT_STRENGTH_DEFENDER_REQUIREMENTS,,
NUCLEAR_EMERGENCY_MEMBER_MOVEMENT_BUFF,MODIFIER_EMERGENCY_UNITS_ADJUST_MOVEMENT,0,0,0,0,,NUCLEAR_EMERGENCY_BUFF_MOVEMENT_REQUIREMENTS,,
NUCLEAR_EMERGENCY_MEMBER_COMBAT_STRENGTH_ATTACK_REWARD,MODIFIER_EMERGENCY_COMBATS_ADJUST_DEFENDER_STRENGTH,0,0,0,0,,NUCLEAR_EMERGENCY_ATTACKER_REWARD_MEMBER_REQUIREMENTS,,
NUCLEAR_EMERGENCY_MEMBER_COMBAT_STRENGTH_DEFEND_REWARD,MODIFIER_EMERGENCY_COMBATS_ADJUST_ATTACKER_STRENGTH,0,0,0,0,,NUCLEAR_EMERGENCY_DEFENDER_REWARD_MEMBER_REQUIREMENTS,,
NUCLEAR_EMERGENCY_TARGET_CULTURAL_IDENTITY_REWARD,MODIFIER_PLAYER_CITIES_ADJUST_IDENTITY_PRESSURE_FROM_EMERGENCIES,0,0,0,0,,NUCLEAR_EMERGENCY_REWARD_TARGET_REQUIREMENTS,,
BACKSTAB_EMERGENCY_MEMBER_COMBAT_STRENGTH_ATTACK,MODIFIER_EMERGENCY_COMBATS_ADJUST_DEFENDER_STRENGTH,0,0,0,0,,BACKSTAB_EMERGENCY_BUFF_COMBAT_STRENGTH_ATTACKER_REQUIREMENTS,,
BACKSTAB_EMERGENCY_MEMBER_COMBAT_STRENGTH_DEFEND,MODIFIER_EMERGENCY_COMBATS_ADJUST_ATTACKER_STRENGTH,0,0,0,0,,BACKSTAB_EMERGENCY_BUFF_COMBAT_STRENGTH_DEFENDER_REQUIREMENTS,,
BACKSTAB_EMERGENCY_MEMBER_MOVEMENT_BUFF,MODIFIER_EMERGENCY_UNITS_ADJUST_MOVEMENT,0,0,0,0,,BACKSTAB_EMERGENCY_BUFF_MOVEMENT_REQUIREMENTS,,
BACKSTAB_EMERGENCY_MEMBER_TRADING_BUFF,MODIFIER_EMERGENCY_TRADE_ROUTES_ADJUST_YIELDS,0,0,0,0,,BACKSTAB_EMERGENCY_BUFF_TRADE_YIELDS_REQUIREMENTS,,
BACKSTAB_EMERGENCY_MEMBER_COMBAT_STRENGTH_ATTACK_REWARD,MODIFIER_EMERGENCY_COMBATS_ADJUST_DEFENDER_STRENGTH,0,0,0,0,,BACKSTAB_EMERGENCY_ATTACKER_REWARD_MEMBER_REQUIREMENTS,,
BACKSTAB_EMERGENCY_MEMBER_COMBAT_STRENGTH_DEFEND_REWARD,MODIFIER_EMERGENCY_COMBATS_ADJUST_ATTACKER_STRENGTH,0,0,0,0,,BACKSTAB_EMERGENCY_DEFENDER_REWARD_MEMBER_REQUIREMENTS,,
BACKSTAB_EMERGENCY_TARGET_WAR_WEARINESS_REWARD,MODIFIER_EMERGENCY_PLAYERS_ADJUST_WAR_WEARINESS,0,0,0,0,,BACKSTAB_EMERGENCY_REWARD_TARGET_REQUIREMENTS,,
EMERGENCY_PREVENT_FREE_CITY_BUFF,MODIFIER_EMERGENCY_TARGET_CITY_GRANT_LOYALTY,0,0,0,0,,,,
AUTOCRACY_CAPITAL,MODIFIER_PLAYER_CITIES_ADJUST_CITY_ALL_YIELDS_CHANGE,0,0,0,0,,BUILDING_IS_PALACE,,
AUTOCRACY_TIER1,MODIFIER_PLAYER_CITIES_ADJUST_CITY_ALL_YIELDS_CHANGE,0,0,0,0,,BUILDING_IS_TIER1,,
AUTOCRACY_TIER2,MODIFIER_PLAYER_CITIES_ADJUST_CITY_ALL_YIELDS_CHANGE,0,0,0,0,,BUILDING_IS_TIER2,,
AUTOCRACY_TIER3,MODIFIER_PLAYER_CITIES_ADJUST_CITY_ALL_YIELDS_CHANGE,0,0,0,0,,BUILDING_IS_TIER3,,
OLIGARCHY_MELEE,MODIFIER_PLAYER_UNITS_GRANT_ABILITY,0,0,0,0,,,,
OLIGARCHY_LEGACY_MELEE,MODIFIER_PLAYER_UNITS_GRANT_ABILITY,0,0,0,0,,,,
CLASSICAL_REPUBLIC_AMENITY,MODIFIER_PLAYER_CITIES_ADJUST_POLICY_AMENITY,0,0,0,0,,CITY_HAS_1_SPECIALTY_DISTRICT,,
CLASSICAL_REPUBLIC_HOUSING,MODIFIER_PLAYER_CITIES_ADJUST_POLICY_HOUSING,0,0,0,0,,CITY_HAS_1_SPECIALTY_DISTRICT,,
THEOCRACY_RELIGIOUS,MODIFIER_PLAYER_UNITS_GRANT_ABILITY,0,0,0,0,,,,
THEOCRACY_LEGACY_RELIGIOUS,MODIFIER_PLAYER_UNITS_GRANT_ABILITY,0,0,0,0,,,,
THEOCRACY_RELIGIOUS_PEOPLE,MODIFIER_PLAYER_CITIES_ADJUST_CITY_YIELD_PER_POPULATION,0,0,0,0,,CITY_HAS_GOVERNOR,,
MERCHANT_REPUBLIC_GOLD_MODIFIER,MODIFIER_PLAYER_CITIES_ADJUST_CITY_YIELD_MODIFIER,0,0,0,0,,CITY_HAS_GOVERNOR,,
FASCISM_ATTACK,MODIFIER_PLAYER_UNITS_GRANT_ABILITY,0,0,0,0,,,,
FASCISM_LEGACY_ATTACK,MODIFIER_PLAYER_UNITS_GRANT_ABILITY,0,0,0,0,,,,
FASCISM_WAR_WEARINESS,MODIFIER_PLAYER_ADJUST_WAR_WEARINESS,0,0,0,0,,,,
COMMUNISM_PRODUCTIVE_PEOPLE,MODIFIER_PLAYER_CITIES_ADJUST_CITY_YIELD_PER_POPULATION,0,0,0,0,,CITY_HAS_GOVERNOR,,
AUTOCRACY_WONDERS,MODIFIER_PLAYER_GOVERNMENT_FLAT_BONUS,0,0,0,0,,,,
OLIGARCHY_UNIT_EXPERIENCE,MODIFIER_PLAYER_GOVERNMENT_FLAT_BONUS,0,0,0,0,,,,
CLASSICAL_REPUBLIC_GREAT_PEOPLE,MODIFIER_PLAYER_GOVERNMENT_FLAT_BONUS,0,0,0,0,,,,
MONARCHY_ENVOYS,MODIFIER_PLAYER_GOVERNMENT_FLAT_BONUS,0,0,0,0,,,,
THEOCRACY_FAITH_PURCHASE,MODIFIER_PLAYER_GOVERNMENT_FLAT_BONUS,0,0,0,0,,,,
MERCHANT_REPUBLIC_DISTRICTS,MODIFIER_PLAYER_GOVERNMENT_FLAT_BONUS,0,0,0,0,,,,
FASCISM_UNIT_PRODUCTION,MODIFIER_PLAYER_GOVERNMENT_FLAT_BONUS,0,0,0,0,,,,
DEMOCRACY_GOLD_PURCHASE,MODIFIER_PLAYER_GOVERNMENT_FLAT_BONUS,0,0,0,0,,,,
DEFENDER_ADJUST_CITY_DEFENSE_STRENGTH,MODIFIER_PLAYER_CITIES_ADJUST_INNER_DEFENSE,0,0,0,0,,,,
CITY_DEFENDER_ADJUST_ATTACKS_PER_TURN,MODIFIER_CITY_ADJUST_ATTACKS_PER_TURN,0,0,0,0,,,,
CITY_DEFENDER_FREE_PROMOTIONS,MODIFIER_CITY_TRAINED_UNITS_ADJUST_GRANT_EXPERIENCE,0,0,0,0,,,,
GARRISON_COMMANDER_ADJUST_CITY_COMBAT_BONUS,MODIFIER_CITY_ADJUST_CITY_COMBAT_BONUS,0,0,0,0,,,,
DEFENSE_LOGISTICS_SIEGE_PROTECTION,MODIFIER_CITY_ADJUST_SIEGE_PROTECTION,0,0,0,0,,,,
DEFENSE_LOGISTICS_BONUS_STRATEGICS,MODIFIER_SINGLE_CITY_ADJUST_EXTRA_ACCUMULATION,0,0,0,0,,,,
AIR_DEFENSE_INITIATIVE_ANTI_AIR_BONUS,MODIFIER_CITY_ADJUST_AIR_DEFENSE_BONUS,0,0,0,0,,,,
PRESTIGE_IDENTITY_PRESSURE_TO_DOMESTIC_CITIES,MODIFIER_GOVERNOR_ADJUST_GOVERNOR_IDENTITY_PRESSURE,0,0,0,0,,,,
EDUCATOR_FASTER_MANHATTAN_PROJECT_RESEARCH,MODIFIER_SINGLE_CITY_ADJUST_PROJECT_PRODUCTION,0,0,0,0,,,,
EDUCATOR_FASTER_OPERATION_IVY_RESEARCH,MODIFIER_SINGLE_CITY_ADJUST_PROJECT_PRODUCTION,0,0,0,0,,,,
EDUCATOR_FASTER_NUCLEAR_DEVICE_PRODUCTION,MODIFIER_SINGLE_CITY_ADJUST_PROJECT_PRODUCTION,0,0,0,0,,,,
EDUCATOR_FASTER_THERMONUCLEAR_DEVICE_PRODUCTION,MODIFIER_SINGLE_CITY_ADJUST_PROJECT_PRODUCTION,0,0,0,0,,,,
MESSENGER_GRANT_FREE_ENVOYS,MODIFIER_GOVERNOR_ADJUST_CITY_ENVOYS,0,0,0,0,,,,
EMISSARY_IDENTITY_PRESSURE_TO_FOREIGN_CITIES,MODIFIER_GOVERNOR_ADJUST_GOVERNOR_IDENTITY_PRESSURE,0,0,0,0,,,,
AFFLUENCE_COPY_LUXURIES_FOR_IMPORT,MODIFIER_GOVERNOR_ADJUST_CITY_COPY_LUXURIES_FOR_IMPORT,0,0,0,0,,,,
FOREIGN_INVESTOR_COPY_STRATEGICS_FOR_IMPORT,MODIFIER_GOVERNOR_ADJUST_CITY_COPY_STRATEGICS_FOR_IMPORT,0,0,0,0,,,,
AMBASSADOR_ADJUST_CITY_ENVOY_MODIFIER,MODIFIER_GOVERNOR_ADJUST_CITY_ENVOYS_MODIFIER,0,0,0,0,,,,
LOCAL_INFORMANTS_SPY_DEFENSE_BONUS,MODIFIER_CITY_ADJUST_SPY_BONUS,0,0,0,0,,,,1.0
CARDINAL_BISHOP_PRESSURE,MODIFIER_SINGLE_CITY_RELIGION_PRESSURE,0,0,0,0,,,,
CARDINAL_BISHOP_FAITH_DISTRICT,MODIFIER_CITY_ADJUST_CITY_YIELD_PER_DISTRICT,0,0,0,0,,,,
CARDINAL_GRAND_INQUISITOR_COMBAT,MODIFIER_SINGLE_CITY_RELIGIOUS_COMBAT_BONUS,0,0,0,0,,,,
CARDINAL_LAYING_ON_OF_HANDS_HEAL,MODIFIER_GOVERNOR_ADJUST_HEAL,0,0,0,0,,,,
CARDINAL_LAYING_ON_OF_HANDS_RELIGIOUS_HEAL,MODIFIER_SINGLE_CITY_RELIGIOUS_HEAL,0,0,0,0,,,,
CARDINAL_FAITH_PURCHASE_DISTRICT,MODIFIER_GOVERNOR_ADJUST_CAN_FAITH_PURCHASE_DISTRICTS,0,0,0,0,,,,
CARDINAL_CITADEL_OF_GOD_PRESSURE,MODIFIER_SINGLE_CITY_RELIGION_IGNORE_PRESSURE,0,0,0,0,,,,
CARDINAL_CITADEL_OF_GOD_COMBAT,MODIFIER_SINGLE_CITY_RELIGION_IGNORE_COMBAT,0,0,0,0,,,,
CARDINAL_CITADEL_OF_GOD_FAITH_FINISH_BUILDINGS,MODIFIER_SINGLE_CITY_GRANT_YIELD_PER_BUILDING_COST,0,0,0,0,,,,
CARDINAL_PATRON_SAINT_PROMOTION,MODIFIER_SINGLE_CITY_RELIGION_EXTRA_PROMOTIONS,0,0,0,0,,,,
GROUNDBREAKER_BONUS_HARVEST_YIELDS,MODIFIER_CITY_ADJUST_RESOURCE_HARVEST_BONUS,0,0,0,0,,,,
SURPLUS_LOGISTICS_EXTRA_GROWTH,MODIFIER_SINGLE_CITY_ADJUST_CITY_GROWTH,0,0,0,0,,,,
SURPLUS_LOGISTICS_TRADE_ROUTE_FOOD,MODIFIER_SINGLE_CITY_ADJUST_TRADE_ROUTE_YIELD_TO_OTHERS,0,0,0,0,,,,
BLACK_MARKETEER_STRATEGIC_RESOURCE_COST_DISCOUNT,MODIFIER_CITY_ADJUST_STRATEGIC_RESOURCE_REQUIREMENT_MODIFIER,0,0,0,0,,,,
EXPEDITION_ADJUST_SETTLERS_CONSUME_POPULATION,MODIFIER_CITY_ADJUST_SETTLER_CONSUME_POPULATION,0,0,0,0,,,,
INDUSTRIALIST_OIL_POWER_PLANT_PRODUCTION,MODIFIER_BUILDING_YIELD_CHANGE,0,0,0,0,,,,
INDUSTRIALIST_NUCLEAR_POWER_PLANT_PRODUCTION,MODIFIER_BUILDING_YIELD_CHANGE,0,0,0,0,,,,
INDUSTRIALIST_COAL_POWER_PLANT_PRODUCTION,MODIFIER_BUILDING_YIELD_CHANGE,0,0,0,0,,,,
INDUSTRIALIST_RESOURCE_POWER_PROVIDED,MODIFIER_GOVERNOR_ADJUST_RESOURCE_POWER_PROVIDED_GOVERNOR,0,0,0,0,,,,
VERTICAL_INTEGRATION_PRODUCTION_REGIONAL_STACKING,MODIFIER_CITY_ADJUST_ALLOWED_INCOMING_REGIONAL_STACKING,0,0,0,0,,,,
GUILDMASTER_ADDITIONAL_BUILDER_CHARGES,MODIFIER_SINGLE_CITY_ATTACH_MODIFIER,0,0,0,0,,,,
REINFORCED_INFRASTRUCTURE_PREVENET_STRUCTURAL_DAMAGE,MODIFIER_GOVERNOR_ADJUST_PREVENET_STRUCTURAL_DAMAGE,0,0,0,0,,,,
AQUACULTURE_CAN_BUILD_FISHERY,MODIFIER_CITY_ADJUST_ALLOWED_IMPROVEMENT,0,0,0,0,,,,
GUILDMASTER_ADDITIONAL_BUILDER_CHARGES_UNIT_MODIFIER,MODIFIER_SINGLE_CITY_BUILDER_CHARGES,0,0,1,0,,UNIT_IS_BUILDER,,
ZONING_COMMISSIONER_FASTER_DISTRICT_CONSTRUCTION,MODIFIER_CITY_INCREASE_DISTRICT_PRODUCTION_RATE,0,0,0,0,,,,
WATER_WORKS_NEIGHBORHOOD_HOUSING,MODIFIER_CITY_DISTRICTS_ADJUST_DISTRICT_HOUSING,0,0,0,0,,DISTRICT_IS_NEIGHBORHOOD,,
WATER_WORKS_AQUEDUCT_HOUSING,MODIFIER_CITY_DISTRICTS_ADJUST_DISTRICT_HOUSING,0,0,0,0,,DISTRICT_IS_AQUEDUCT,,
WATER_WORKS_CANAL_AMENITY,MODIFIER_CITY_DISTRICTS_ADJUST_DISTRICT_AMENITY,0,0,0,0,,DISTRICT_IS_CANAL,,
WATER_WORKS_DAM_AMENITY,MODIFIER_CITY_DISTRICTS_ADJUST_DISTRICT_AMENITY,0,0,0,0,,DISTRICT_IS_DAM,,
PARKS_RECREATION_CAN_BUILD_CITY_PARK,MODIFIER_CITY_ADJUST_ALLOWED_IMPROVEMENT,0,0,0,0,,,,
LIBRARIAN_SCIENCE_YIELD_BONUS,MODIFIER_SINGLE_CITY_ADJUST_CITY_YIELD_MODIFIER,0,0,0,0,,,,
LIBRARIAN_CULTURE_YIELD_BONUS,MODIFIER_SINGLE_CITY_ADJUST_CITY_YIELD_MODIFIER,0,0,0,0,,,,
CONNOISSEUR_CULTURE_CITIZEN,MODIFIER_SINGLE_CITY_ADJUST_CITY_YIELD_PER_POPULATION,0,0,0,0,,,,
RESEARCHER_SCIENCE_CITIZEN,MODIFIER_SINGLE_CITY_ADJUST_CITY_YIELD_PER_POPULATION,0,0,0,0,,,,
EDUCATOR_INCREASE_CITY_GREAT_PERSON_POINT_BONUS,MODIFIER_CITY_INCREASE_GREAT_PERSON_POINT_BONUS,0,0,0,0,,,,
EDUCATOR_FASTER_SPACE_RACE_PRODUCTION,MODIFIER_SINGLE_CITY_ADJUST_SPACE_RACE_PROJECTS_PRODUCTION,0,0,0,0,,,,
CURATOR_DOUBLE_SCULPTURE_TOURISM,MODIFIER_SINGLE_CITY_ADJUST_TOURISM,0,0,0,0,,,,
CURATOR_DOUBLE_PORTRAIT_TOURISM,MODIFIER_SINGLE_CITY_ADJUST_TOURISM,0,0,0,0,,,,
CURATOR_DOUBLE_LANDSCAPE_TOURISM,MODIFIER_SINGLE_CITY_ADJUST_TOURISM,0,0,0,0,,,,
CURATOR_DOUBLE_RELIGIOUS_TOURISM,MODIFIER_SINGLE_CITY_ADJUST_TOURISM,0,0,0,0,,,,
CURATOR_DOUBLE_WRITING_TOURISM,MODIFIER_SINGLE_CITY_ADJUST_TOURISM,0,0,0,0,,,,
CURATOR_DOUBLE_MUSIC_TOURISM,MODIFIER_SINGLE_CITY_ADJUST_TOURISM,0,0,0,0,,,,
LAND_ACQUISITION_FASTER_PLOT_ANNEXING,MODIFIER_SINGLE_CITY_CULTURE_BORDER_EXPANSION,0,0,0,0,,,,
HARBORMASTER_BONUS_COMMERCIAL_HUB_ADJACENCY,MODIFIER_CITY_DISTRICTS_ADJUST_YIELD_MODIFIER,0,0,0,0,,DISTRICT_IS_COMMERCIAL_HUB,,
HARBORMASTER_BONUS_HARBOR_ADJACENCY,MODIFIER_CITY_DISTRICTS_ADJUST_YIELD_MODIFIER,0,0,0,0,,DISTRICT_IS_HARBOR,,
FOREIGN_EXCHANGE_GOLD_FROM_FOREIGN_TRADE_PASSING_THROUGH,MODIFIER_CITY_ADJUST_YIELD_FROM_FOREIGN_TRADE_ROUTES_PASSING_THROUGH,0,0,0,0,,,,
TAX_COLLECTOR_ADJUST_CITIZEN_GPT,MODIFIER_CITY_ADJUST_CITIZEN_GOLD_PER_TURN,0,0,0,0,,,,
CONTRACTOR_ENABLE_DISTRICT_PURCHASE,MODIFIER_CITY_ADJUST_CAN_PURCHASE_DISTRICTS,0,0,0,0,,,,
FORESTRY_MANAGEMENT_FEATURE_NO_IMPROVEMENT_APPEAL,MODIFIER_GOVERNOR_ADJUST_FEATURE_NO_IMPROVEMENT_APPEAL,0,0,0,0,,,,
FORESTRY_MANAGEMENT_FEATURE_NO_IMPROVEMENT_GOLD,MODIFIER_CITY_PLOT_YIELDS_ADJUST_PLOT_YIELD,0,0,0,0,,PLOT_HAS_ANY_FEATURE_NO_IMPROVEMENTS,,
RENEWABLE_ENERGY_IMPROVEMENT_PLOTS_GOLD,MODIFIER_CITY_PLOT_YIELDS_ADJUST_PLOT_YIELD,0,0,0,0,,PLOT_HAS_RENEWABLE_IMPROVEMENT,,
RENEWABLE_ENERGY_IMPROVEMENT_BUILDING_GOLD,MODIFIER_BUILDING_YIELD_CHANGE,0,0,0,0,,,,
GREATPERSON_TOGO_HEIHACHIRO_ACTIVE,MODIFIER_SINGLE_CITY_ADJUST_IDENTITY_PER_TURN,1,0,1,0,,,,
GREATPERSON_FERDINAND_MAGELLAN_GRANT_PLOT_RESOURCE,MODIFIER_PLAYER_GRANT_FREE_RESOURCE_FROM_UNIT_PLOT,1,0,1,0,,,,
GREATPERSON_FERDINAND_MAGELLAN_ACTIVE,MODIFIER_PLAYER_GRANT_YIELD,1,0,1,0,,,,
GREATPERSON_CULTURE_BOMB_TRIGGER_INDUSTRIAL_ZONE,MODIFIER_PLAYER_ADD_CULTURE_BOMB_TRIGGER,1,0,1,0,,,,
GREATPERSON_AETHELFLAED_ACTIVE,MODIFIER_SINGLE_CITY_ADJUST_IDENTITY_PER_TURN,1,0,1,0,,,,
GREATPERSON_TIMUR_ACTIVE,MODIFIER_PLAYER_UNIT_ADJUST_GRANT_EXPERIENCE,1,0,1,0,,,,
GREATPERSON_TIMUR_ACTIVE_UNIT_BONUS,MODIFIER_PLAYER_UNIT_GRANT_ABILITY,1,0,1,0,,,,
GREATPERSON_SIMON_BOLIVAR_ACTIVE,MODIFIER_SINGLE_CITY_ADJUST_IDENTITY_PER_TURN,1,0,1,0,,,,
GREATPERSON_SAMORI_TURE_ACTIVE,MODIFIER_PLAYER_UNIT_GRANT_UNIT_WITH_EXPERIENCE,1,0,1,0,,,,
GREATPERSON_SUDIRMAN_ACTIVE,MODIFIER_SINGLE_CITY_ADJUST_IDENTITY_PER_TURN,1,0,1,0,,,,
GREATPERSON_GOVERNOR_POINTS,MODIFIER_PLAYER_ADJUST_GOVERNOR_POINTS,1,0,1,0,,,,
CITY_PARK_WATER_AMENITY,MODIFIER_SINGLE_CITY_ADJUST_IMPROVEMENT_AMENITY,0,0,0,0,,ADJACENT_TO_WATER_REQUIREMENTS,,
FISHERY_GOVERNOR_PRODUCTION,MODIFIER_SINGLE_PLOT_ADJUST_PLOT_YIELDS,0,0,0,0,,CITY_HAS_GOVERNOR_PROMOTION_AQUACULTURE,,
CITY_PARK_GOVERNOR_CULTURE,MODIFIER_SINGLE_PLOT_ADJUST_PLOT_YIELDS,0,0,0,0,,CITY_HAS_GOVERNOR_PROMOTION_PARKS_RECREATION,,
GOLDEN_AGE_CITY_IDENTITY,MODIFIER_PLAYER_CITIES_ADJUST_IDENTITY_PER_CITIZEN,0,0,0,0,,PLAYER_HAS_GOLDEN_AGE,,
DARK_AGE_CITY_IDENTITY,MODIFIER_PLAYER_CITIES_ADJUST_IDENTITY_PER_CITIZEN,0,0,0,0,,PLAYER_HAS_DARK_AGE,,
LOW_DIFFICULTY_HUMAN_MARTIAL_LAW,MODIFIER_PLAYER_LOYALTY_ADJUST_MARTIAL_LAW_MODIFIER,0,0,0,0,,PLAYER_IS_LOW_DIFFICULTY_HUMAN,,
HIGH_DIFFICULTY_HUMAN_MARTIAL_LAW,MODIFIER_PLAYER_LOYALTY_ADJUST_MARTIAL_LAW_MODIFIER,0,0,0,0,,PLAYER_IS_HIGH_DIFFICULTY_HUMAN,,
TRAIT_DELTA_DIPLO_VISIBILITY_COMBAT_MODIFIER,MODIFIER_PLAYER_UNITS_ADJUST_DIPLO_VISIBILITY_COMBAT_MODIFIER,0,0,0,0,,,,
STANDARD_DIPLOMATIC_BROKEN_PLEDGE,MODIFIER_PLAYER_DIPLOMACY_BROKEN_PLEDGE,0,0,0,0,ON_TURN_STARTED,PLAYER_IS_KNOWN_MAJOR_CIV,,
STANDARD_DIPLOMATIC_KEPT_PLEDGE,MODIFIER_PLAYER_DIPLOMACY_KEPT_PLEDGE,0,0,0,0,ON_TURN_STARTED,PLAYER_IS_KNOWN_MAJOR_CIV,,
STANDARD_DIPLOMATIC_NO_PLEDGE,MODIFIER_PLAYER_DIPLOMACY_NO_PLEDGE,0,0,0,0,ON_TURN_STARTED,PLAYER_IS_KNOWN_MAJOR_CIV,,
STANDARD_DIPLOMATIC_SHARED_EMERGENCY,MODIFIER_PLAYER_DIPLOMACY_SIMPLE_MODIFIER,0,0,0,0,,PLAYER_SHARES_EMERGENCY,,
TRAIT_LAND_CORPS_EARLY,MODIFIER_PLAYER_CORPS_ARMY_PREREQ,0,0,0,0,,,,
TRAIT_LAND_ARMIES_EARLY,MODIFIER_PLAYER_CORPS_ARMY_PREREQ,0,0,0,0,,,,
TRAIT_LAND_CORPS_COMBAT_STRENGTH,MODIFIER_PLAYER_CORPS_ARMY_MODIFIED_STRENGTH,0,0,0,0,,,,
TRAIT_LAND_ARMIES_COMBAT_STRENGTH,MODIFIER_PLAYER_CORPS_ARMY_MODIFIED_STRENGTH,0,0,0,0,,,,
TRAIT_TERRITORIAL_WAR_COMBAT,MODIFIER_PLAYER_ADD_DIPLOMATIC_COMBAT_MODIFIER,0,0,0,0,,,,
TRAIT_TERRITORIAL_WAR_MOVEMENT,MODIFIER_PLAYER_ADD_DIPLOMATIC_MOVEMENT_MODIFIER,0,0,0,0,,,,
TRAIT_TERRITORIAL_WAR_PREREQ_OVERRIDE,MODIFIER_PLAYER_ADD_DIPLOMATIC_ACTION_OVERRIDE,0,0,0,0,,,,
TRAIT_LIBERATION_WAR_PRODUCTION,MODIFIER_PLAYER_ADD_DIPLOMATIC_YIELD_MODIFIER,0,0,0,0,,,,
TRAIT_LIBERATION_WAR_MOVEMENT,MODIFIER_PLAYER_ADD_DIPLOMATIC_MOVEMENT_MODIFIER,0,0,0,0,,,,
TRAIT_LIBERATION_WAR_PREREQ_OVERRIDE,MODIFIER_PLAYER_ADD_DIPLOMATIC_ACTION_OVERRIDE,0,0,0,0,,,,
TRAIT_ADJUST_CITY_CULTURE_PER_GOVERNOR_TITLE_MODIFIER,MODIFIER_PLAYER_CITIES_ADJUST_CITY_YIELD_MODIFIER_PER_GOVERNOR_TITLE,0,0,0,0,,,,
TRAIT_ADJUST_CITY_SCIENCE_PER_GOVERNOR_TITLE_MODIFIER,MODIFIER_PLAYER_CITIES_ADJUST_CITY_YIELD_MODIFIER_PER_GOVERNOR_TITLE,0,0,0,0,,,,
TRAIT_ALLIANCE_SHARED_VIS,MODIFIER_PLAYER_ADJUST_ALLIANCES_SHARED_VIS,0,0,0,0,,,,
TRAIT_TRADE_FOOD_FROM_CAMPS,MODIFIER_PLAYER_ADJUST_TRADE_ROUTE_YIELD_PER_IMPROVEMENT_IN_TARGET,0,0,0,0,,,,
TRAIT_TRADE_GOLD_FROM_CAMPS,MODIFIER_PLAYER_ADJUST_TRADE_ROUTE_YIELD_PER_IMPROVEMENT_IN_TARGET,0,0,0,0,,,,
TRAIT_TRADE_FOOD_FROM_PASTURES,MODIFIER_PLAYER_ADJUST_TRADE_ROUTE_YIELD_PER_IMPROVEMENT_IN_TARGET,0,0,0,0,,,,
TRAIT_TRADE_GOLD_FROM_PASTURES,MODIFIER_PLAYER_ADJUST_TRADE_ROUTE_YIELD_PER_IMPROVEMENT_IN_TARGET,0,0,0,0,,,,
TRAIT_IDENTITY_FROM_DOMESTIC_TRADE_ROUTES,MODIFIER_PLAYER_ADJUST_PLAYER_IDENTITY_PER_TURN_FOR_DOMESTIC_TRADE_ROUTE_ORIGIN,0,0,0,0,,,,
TRAIT_CULTURE_FROM_INTERNATIONAL_TRADE_ROUTES,MODIFIER_PLAYER_ADJUST_TRADE_ROUTE_YIELD_FOR_INTERNATIONAL,0,0,0,0,,,,
TRAIT_CULTURE_FROM_INCOMING_TRADE_ROUTES,MODIFIER_PLAYER_CITIES_ADJUST_TRADE_ROUTE_YIELD_FROM_OTHERS,0,0,0,0,,,,
TRAIT_DIMINISH_LOYALTY_IN_ENEMY_CITY,MODIFIER_PLAYER_ADJUST_POST_COMBAT_LOYALTY,0,0,0,0,,,,
TRAIT_PILLAGE_DIMINISH_LOYALTY_IN_ENEMY_CITY,MODIFIER_PLAYER_ADJUST_POST_PILLAGE_LOYALTY,0,0,0,0,,,,
TRAIT_LEADER_FAITH_KILLS,MODIFIER_PLAYER_UNITS_ADJUST_POST_COMBAT_YIELD,0,0,0,0,,,,
TRAIT_PROTECTORATE_WAR_FAITH,MODIFIER_PLAYER_ADD_DIPLOMATIC_YIELD_MODIFIER,0,0,0,0,,,,
TRAIT_CITY_STATE_TOKEN_SAME_RELIGION,MODIFIER_PLAYER_ADJUST_DUPLICATE_INFLUENCE_TOKEN_WHEN_SAME_RELIGION,0,0,0,0,,,,
TRAIT_COMBAT_BONUS_FOR_CAVALRY,MODIFIER_PLAYER_UNITS_GRANT_ABILITY,0,0,0,0,,REQUIREMENTS_UNIT_IS_MONGOLIAN_CAVALRY,,
TRAIT_CAVALRY_CAPTURE_CAVALRY,MODIFIER_PLAYER_UNITS_ATTACH_MODIFIER,0,0,0,0,,REQUIREMENTS_UNIT_IS_MONGOLIAN_CAVALRY,,
TRAIT_CAVALRY_CAPTURE_CAVALRY_MODIFIER,MODIFIER_UNIT_ADJUST_COMBAT_UNIT_CAPTURE,0,0,0,0,,ATTACKER_OPPONENT_IS_CAVALRY_UNIT_REQUIREMENTS,,
TRAIT_ALLIANCE_POINTS_FROM_COMMON_FOE,MODIFIER_PLAYER_ADJUST_ALLIANCE_POINTS_FOR_COMMON_FOE,0,0,0,0,,,,
TRAIT_ATTACH_ALLIANCE_COMBAT_ADJUSTMENT,MODIFIER_PLAYER_ALLIANCES_ATTACH_MODIFIER,0,0,0,0,,,,
TRAIT_ADJUST_ALLIANCE_ADJUST_COMBAT_STRENGTH,MODIFIER_ALLIANCE_COMBATS_UNIT_STRENGTHS,0,0,0,0,,ALLIES_AT_WAR_WITH_TARGET_REQUIREMENTS,,1.0
TRAIT_ALLIANCE_POINTS_FROM_TRADE,MODIFIER_PLAYER_ADJUST_ALLIANCE_POINTS_FOR_TRADE,0,0,0,0,,,,
MINOR_CIV_SCIENTIFIC_YIELD_FOR_LIBRARY,MODIFIER_PLAYER_CITIES_ADJUST_BUILDING_YIELD_CHANGE,0,0,0,0,,,,
MINOR_CIV_SCIENTIFIC_YIELD_FOR_UNIVERSITY,MODIFIER_PLAYER_CITIES_ADJUST_BUILDING_YIELD_CHANGE,0,0,0,0,,,,
MINOR_CIV_RELIGIOUS_YIELD_FOR_SHRINE,MODIFIER_PLAYER_CITIES_ADJUST_BUILDING_YIELD_CHANGE,0,0,0,0,,,,
MINOR_CIV_RELIGIOUS_YIELD_FOR_TEMPLE,MODIFIER_PLAYER_CITIES_ADJUST_BUILDING_YIELD_CHANGE,0,0,0,0,,,,
MINOR_CIV_TRADE_YIELD_FOR_MARKET,MODIFIER_PLAYER_CITIES_ADJUST_BUILDING_YIELD_CHANGE,0,0,0,0,,,,
MINOR_CIV_TRADE_YIELD_FOR_LIGHTHOUSE,MODIFIER_PLAYER_CITIES_ADJUST_BUILDING_YIELD_CHANGE,0,0,0,0,,,,
MINOR_CIV_TRADE_YIELD_FOR_BANK,MODIFIER_PLAYER_CITIES_ADJUST_BUILDING_YIELD_CHANGE,0,0,0,0,,,,
MINOR_CIV_TRADE_YIELD_FOR_SHIPYARD,MODIFIER_PLAYER_CITIES_ADJUST_BUILDING_YIELD_CHANGE,0,0,0,0,,,,
MINOR_CIV_CULTURAL_YIELD_FOR_AMPHITHEATER,MODIFIER_PLAYER_CITIES_ADJUST_BUILDING_YIELD_CHANGE,0,0,0,0,,,,
MINOR_CIV_CULTURAL_YIELD_FOR_ART,MODIFIER_PLAYER_CITIES_ADJUST_BUILDING_YIELD_CHANGE,0,0,0,0,,,,
MINOR_CIV_CULTURAL_YIELD_FOR_ARTIFACT,MODIFIER_PLAYER_CITIES_ADJUST_BUILDING_YIELD_CHANGE,0,0,0,0,,,,
MINOR_CIV_MILITARISTIC_PRODUCTION_FOR_BARRACKS_STABLE,MODIFIER_PLAYER_CITIES_ADJUST_UNIT_PRODUCTION_CHANGE,0,0,0,0,,BUILDING_IS_BARRACKS_STABLE_MILITARITIC_CITY_STATE,,
MINOR_CIV_MILITARISTIC_PRODUCTION_FOR_ARMORY,MODIFIER_PLAYER_CITIES_ADJUST_UNIT_PRODUCTION_CHANGE,0,0,0,0,,BUILDING_IS_ARMORY,,
MINOR_CIV_INDUSTRIAL_BUILDING_PRODUCTION_FOR_WORKSHOP,MODIFIER_PLAYER_CITIES_ADJUST_BUILDING_PRODUCTION_CHANGE,0,0,0,0,,BUILDING_IS_WORKSHOP,,
MINOR_CIV_INDUSTRIAL_DISTRICT_PRODUCTION_FOR_WORKSHOP,MODIFIER_PLAYER_CITIES_ADJUST_DISTRICT_PRODUCTION_CHANGE,0,0,0,0,,BUILDING_IS_WORKSHOP,,
MINOR_CIV_INDUSTRIAL_BUILDING_PRODUCTION_FOR_FACTORY,MODIFIER_PLAYER_CITIES_ADJUST_BUILDING_PRODUCTION_CHANGE,0,0,0,0,,BUILDING_IS_FACTORY,,
MINOR_CIV_INDUSTRIAL_DISTRICT_PRODUCTION_FOR_FACTORY,MODIFIER_PLAYER_CITIES_ADJUST_DISTRICT_PRODUCTION_CHANGE,0,0,0,0,,BUILDING_IS_FACTORY,,
MINOR_CIV_ANTIOCH_UNIQUE_INFLUENCE_BONUS,MODIFIER_ALL_PLAYERS_ATTACH_MODIFIER,0,0,0,0,,PLAYER_IS_SUZERAIN,,
MINOR_CIV_ANTIOCH_LUXURY_TRADE_ROUTE_BONUS,MODIFIER_PLAYER_CITIES_ADJUST_TRADE_ROUTE_YIELD_PER_DESTINATION_LUXURY_FOR_INTERNATIONAL,0,0,0,0,,,,
MINOR_CIV_BABYLON_WRITING_BONUS,MODIFIER_ALL_PLAYERS_ATTACH_MODIFIER,0,0,0,0,,PLAYER_IS_SUZERAIN,,
MINOR_CIV_BABYLON_GREAT_WORK_WRITING_SCIENCE,MODIFIER_PLAYER_CITIES_ADJUST_GREATWORK_YIELD,0,0,0,0,,,,
MINOR_CIV_BABYLON_RELIC_BONUS,MODIFIER_ALL_PLAYERS_ATTACH_MODIFIER,0,0,0,0,,PLAYER_IS_SUZERAIN,,
MINOR_CIV_BABYLON_GREAT_WORK_RELIC_SCIENCE,MODIFIER_PLAYER_CITIES_ADJUST_GREATWORK_YIELD,0,0,0,0,,,,
MINOR_CIV_BABYLON_ARTIFACT_BONUS,MODIFIER_ALL_PLAYERS_ATTACH_MODIFIER,0,0,0,0,,PLAYER_IS_SUZERAIN,,
MINOR_CIV_BABYLON_GREAT_WORK_ARTIFACT_SCIENCE,MODIFIER_PLAYER_CITIES_ADJUST_GREATWORK_YIELD,0,0,0,0,,,,
MINOR_CIV_CARTHAGE_UNIQUE_INFLUENCE_BARRACKS_STABLE_PURCHASE_BONUS,MODIFIER_ALL_PLAYERS_ATTACH_MODIFIER,0,0,0,0,,PLAYER_IS_SUZERAIN,,
MINOR_CIV_CARTHAGE_BARRACKS_STABLE_PURCHASE_BONUS,MODIFIER_PLAYER_CITIES_ADJUST_UNITS_PURCHASE_COST,0,0,0,0,,BUILDING_IS_BARRACKS_STABLE_MILITARITIC_CITY_STATE,,
MINOR_CIV_CARTHAGE_UNIQUE_INFLUENCE_ARMORY_PURCHASE_BONUS,MODIFIER_ALL_PLAYERS_ATTACH_MODIFIER,0,0,0,0,,PLAYER_IS_SUZERAIN,,
MINOR_CIV_CARTHAGE_ARMORY_PURCHASE_BONUS,MODIFIER_PLAYER_CITIES_ADJUST_UNITS_PURCHASE_COST,0,0,0,0,,BUILDING_IS_ARMORY,,
MINOR_CIV_CARTHAGE_UNIQUE_INFLUENCE_MILITARY_ACADEMY_PURCHASE_BONUS,MODIFIER_ALL_PLAYERS_ATTACH_MODIFIER,0,0,0,0,,PLAYER_IS_SUZERAIN,,
MINOR_CIV_CARTHAGE_MILITARY_ACADEMY_PURCHASE_BONUS,MODIFIER_PLAYER_CITIES_ADJUST_UNITS_PURCHASE_COST,0,0,0,0,,BUILDING_IS_MILITARY_ACADEMY,,
MINOR_CIV_JERUSALEM_UNIQUE_INFLUENCE_BONUS,MODIFIER_ALL_PLAYERS_ATTACH_MODIFIER,0,0,0,0,,PLAYER_IS_SUZERAIN,,
MINOR_CIV_JERUSALEM_HOLY_SITE_UPGRADE,MODIFIER_PLAYER_TREAT_HOLY_SITES_AS_HOLY_CITIES,0,0,0,0,,,,
MINOR_CIV_PRESLAV_UNIQUE_INFLUENCE_BARRACKS_STABLE_IDENTITY_BONUS,MODIFIER_ALL_PLAYERS_ATTACH_MODIFIER,0,0,0,0,,PLAYER_IS_SUZERAIN,,
MINOR_CIV_PRESLAV_BARRACKS_STABLE_IDENTITY_BONUS,MODIFIER_PLAYER_CITIES_ADJUST_IDENTITY_PER_TURN,0,0,0,0,,BUILDING_IS_BARRACKS_STABLE_MILITARITIC_CITY_STATE,,
MINOR_CIV_PRESLAV_UNIQUE_INFLUENCE_ARMORY_IDENTITY_BONUS,MODIFIER_ALL_PLAYERS_ATTACH_MODIFIER,0,0,0,0,,PLAYER_IS_SUZERAIN,,
MINOR_CIV_PRESLAV_ARMORY_IDENTITY_BONUS,MODIFIER_PLAYER_CITIES_ADJUST_IDENTITY_PER_TURN,0,0,0,0,,BUILDING_IS_ARMORY,,
MINOR_CIV_PRESLAV_UNIQUE_INFLUENCE_MILITARY_ACADEMY_IDENTITY_BONUS,MODIFIER_ALL_PLAYERS_ATTACH_MODIFIER,0,0,0,0,,PLAYER_IS_SUZERAIN,,
MINOR_CIV_PRESLAV_MILITARY_ACADEMY_IDENTITY_BONUS,MODIFIER_PLAYER_CITIES_ADJUST_IDENTITY_PER_TURN,0,0,0,0,,BUILDING_IS_MILITARY_ACADEMY,,
MINOR_CIV_STOCKHOLM_UNIQUE_INFLUENCE_GREAT_GENERAL_POINTS_BONUS,MODIFIER_ALL_PLAYERS_ATTACH_MODIFIER,0,0,0,0,,PLAYER_IS_SUZERAIN,,
MINOR_CIV_STOCKHOLM_GREAT_GENERAL_POINTS_BONUS,MODIFIER_PLAYER_CITIES_ADJUST_GREAT_PERSON_POINT,0,0,0,0,,BUILDING_IS_BARRACKS_STABLE_MILITARITIC_CITY_STATE,,
MINOR_CIV_STOCKHOLM_UNIQUE_INFLUENCE_GREAT_ADMIRAL_POINTS_BONUS,MODIFIER_ALL_PLAYERS_ATTACH_MODIFIER,0,0,0,0,,PLAYER_IS_SUZERAIN,,
MINOR_CIV_STOCKHOLM_GREAT_ADMIRAL_POINTS_BONUS,MODIFIER_PLAYER_CITIES_ADJUST_GREAT_PERSON_POINT,0,0,0,0,,BUILDING_IS_LIGHTHOUSE,,
MINOR_CIV_STOCKHOLM_UNIQUE_INFLUENCE_GREAT_ENGINEER_POINTS_BONUS,MODIFIER_ALL_PLAYERS_ATTACH_MODIFIER,0,0,0,0,,PLAYER_IS_SUZERAIN,,
MINOR_CIV_STOCKHOLM_GREAT_ENGINEER_POINTS_BONUS,MODIFIER_PLAYER_CITIES_ADJUST_GREAT_PERSON_POINT,0,0,0,0,,BUILDING_IS_WORKSHOP,,
MINOR_CIV_STOCKHOLM_UNIQUE_INFLUENCE_GREAT_MERCHANT_POINTS_BONUS,MODIFIER_ALL_PLAYERS_ATTACH_MODIFIER,0,0,0,0,,PLAYER_IS_SUZERAIN,,
MINOR_CIV_STOCKHOLM_GREAT_MERCHANT_POINTS_BONUS,MODIFIER_PLAYER_CITIES_ADJUST_GREAT_PERSON_POINT,0,0,0,0,,BUILDING_IS_MARKET,,
MINOR_CIV_STOCKHOLM_UNIQUE_INFLUENCE_GREAT_PROPHET_POINTS_BONUS,MODIFIER_ALL_PLAYERS_ATTACH_MODIFIER,0,0,0,0,,PLAYER_IS_SUZERAIN,,
MINOR_CIV_STOCKHOLM_GREAT_PROPHET_POINTS_BONUS,MODIFIER_PLAYER_CITIES_ADJUST_GREAT_PERSON_POINT,0,0,0,0,,BUILDING_IS_SHRINE,,
MINOR_CIV_STOCKHOLM_UNIQUE_INFLUENCE_GREAT_SCIENTIST_POINTS_BONUS,MODIFIER_ALL_PLAYERS_ATTACH_MODIFIER,0,0,0,0,,PLAYER_IS_SUZERAIN,,
MINOR_CIV_STOCKHOLM_GREAT_SCIENTIST_POINTS_BONUS,MODIFIER_PLAYER_CITIES_ADJUST_GREAT_PERSON_POINT,0,0,0,0,,BUILDING_IS_LIBRARY,,
MINOR_CIV_STOCKHOLM_UNIQUE_INFLUENCE_GREAT_WRITER_POINTS_BONUS,MODIFIER_ALL_PLAYERS_ATTACH_MODIFIER,0,0,0,0,,PLAYER_IS_SUZERAIN,,
MINOR_CIV_STOCKHOLM_GREAT_WRITER_POINTS_BONUS,MODIFIER_PLAYER_CITIES_ADJUST_GREAT_PERSON_POINT,0,0,0,0,,BUILDING_IS_AMPHITHEATER,,
MINOR_CIV_STOCKHOLM_UNIQUE_INFLUENCE_GREAT_ARTIST_POINTS_BONUS,MODIFIER_ALL_PLAYERS_ATTACH_MODIFIER,0,0,0,0,,PLAYER_IS_SUZERAIN,,
MINOR_CIV_STOCKHOLM_GREAT_ARTIST_POINTS_BONUS,MODIFIER_PLAYER_CITIES_ADJUST_GREAT_PERSON_POINT,0,0,0,0,,BUILDING_IS_AMPHITHEATER,,
MINOR_CIV_STOCKHOLM_UNIQUE_INFLUENCE_GREAT_MUSICIAN_POINTS_BONUS,MODIFIER_ALL_PLAYERS_ATTACH_MODIFIER,0,0,0,0,,PLAYER_IS_SUZERAIN,,
MINOR_CIV_STOCKHOLM_GREAT_MUSICIAN_POINTS_BONUS,MODIFIER_PLAYER_CITIES_ADJUST_GREAT_PERSON_POINT,0,0,0,0,,BUILDING_IS_AMPHITHEATER,,
MINOR_CIV_VILNIUS_UNIQUE_INFLUENCE_ALLIANCE_LEVEL_1,MODIFIER_ALL_PLAYERS_ATTACH_MODIFIER,0,0,0,0,,PLAYER_IS_SUZERAIN_ALLY_LEVEL_1,,
MINOR_CIV_VILNIUS_ALLIANCE_LEVEL_1,MODIFIER_PLAYER_DISTRICTS_ADJUST_YIELD_MODIFIER,0,0,0,0,,DISTRICT_IS_THEATER,,
MINOR_CIV_VILNIUS_UNIQUE_INFLUENCE_ALLIANCE_LEVEL_2,MODIFIER_ALL_PLAYERS_ATTACH_MODIFIER,0,0,0,0,,PLAYER_IS_SUZERAIN_ALLY_LEVEL_2,,
MINOR_CIV_VILNIUS_ALLIANCE_LEVEL_2,MODIFIER_PLAYER_DISTRICTS_ADJUST_YIELD_MODIFIER,0,0,0,0,,DISTRICT_IS_THEATER,,
MINOR_CIV_VILNIUS_UNIQUE_INFLUENCE_ALLIANCE_LEVEL_3,MODIFIER_ALL_PLAYERS_ATTACH_MODIFIER,0,0,0,0,,PLAYER_IS_SUZERAIN_ALLY_LEVEL_3,,
MINOR_CIV_VILNIUS_ALLIANCE_LEVEL_3,MODIFIER_PLAYER_DISTRICTS_ADJUST_YIELD_MODIFIER,0,0,0,0,,DISTRICT_IS_THEATER,,
COMMEMORATION_CULTURAL_GA_BOOSTS,MODIFIER_PLAYER_ADJUST_CIVIC_BOOST,0,0,0,0,PLAYER_HAS_GOLDEN_AGE,,,
COMMEMORATION_CULTURAL_DISTRICTCULTURE,MODIFIER_PLAYER_CITIES_ADJUST_CITY_YIELD_PER_DISTRICT,0,0,0,0,PLAYER_HAS_GOLDEN_AGE,,,
COMMEMORATION_ECONOMIC_GA_TRADE_ROUTE_YIELDS,MODIFIER_PLAYER_ADJUST_TRADE_ROUTE_YIELD_PER_SPECIALTY_DISTRICT_FOR_INTERNATIONAL,0,0,0,0,PLAYER_HAS_GOLDEN_AGE,,,
COMMEMORATION_ECONOMIC_GA_PLUNDER_IMMUNITY_MODIFIER,MODIFIER_PLAYER_UNITS_GRANT_ABILITY,0,0,0,0,PLAYER_HAS_GOLDEN_AGE,,,
COMMEMORATION_EXPLORATION_GA_SEA_MOVEMENT,MODIFIER_PLAYER_UNITS_ADJUST_SEA_MOVEMENT,0,0,0,0,PLAYER_HAS_GOLDEN_AGE,,,
COMMEMORATION_EXPLORATION_GA_EMBARKED_MOVEMENT,MODIFIER_PLAYER_ADJUST_EMBARKED_MOVEMENT,0,0,0,0,PLAYER_HAS_GOLDEN_AGE,,,
COMMEMORATION_EXPLORATION_GA_NEW_CITY_POPULATION,MODIFIER_PLAYER_ADJUST_EXTRA_STARTING_POPULATION_OFF_HOME_CONTINENT,0,0,0,0,PLAYER_HAS_GOLDEN_AGE,,,
COMMEMORATION_EXPLORATION_GA_FOREIGNIDENTITY,MODIFIER_PLAYER_CITIES_ADJUST_IDENTITY_PER_TURN,0,0,0,0,,PLAYER_HAS_GOLDEN_AGE_CITY_NOT_OWNER_CAPITAL_CONTINENT_REQUIREMENTS,,1.0
COMMEMORATION_INDUSTRIAL_GA_INDUSTRIALINFORMATION,MODIFIER_PLAYER_CITIES_ADJUST_WONDER_ERA_PRODUCTION,0,0,0,0,PLAYER_HAS_GOLDEN_AGE,,,
COMMEMORATION_INUDSTRIAL_GA_CAMPUS,MODIFIER_PLAYER_CITIES_ATTACH_MODIFIER,0,0,0,0,PLAYER_HAS_GOLDEN_AGE,,,
COMMEMORATION_INUDSTRIAL_GA_CAMPUS_MODIFIER,MODIFIER_PLAYER_DISTRICTS_ADJUST_YIELD_BASED_ON_ADJACENCY_BONUS,0,0,0,0,,DISTRICT_IS_CAMPUS,,
COMMEMORATION_INFRASTRUCTURE_GA_PURCHASE_CIVILIAN,MODIFIER_PLAYER_CITIES_ENABLE_UNIT_FAITH_PURCHASE,0,0,0,0,PLAYER_HAS_GOLDEN_AGE,,,
COMMEMORATION_INFRASTRUCTURE_BUILDER_DISCOUNT_MODIFIER,MODIFIER_PLAYER_CITIES_ADJUST_UNIT_PURCHASE_COST,0,0,0,0,PLAYER_HAS_GOLDEN_AGE,,,1.0
COMMEMORATION_INFRASTRUCTURE_SETTLER_DISCOUNT_MODIFIER,MODIFIER_PLAYER_CITIES_ADJUST_UNIT_PURCHASE_COST,0,0,0,0,PLAYER_HAS_GOLDEN_AGE,,,1.0
COMMEMORATION_INFRASTRUCTURE_GA_MOVEMENT,MODIFIER_PLAYER_UNITS_ADJUST_MOVEMENT,0,0,0,0,,UNIT_IS_GOLDEN_AGE_BUILDER,,
COMMEMORATION_MILITARY_GA_PRODUCTION,MODIFIER_PLAYER_CITIES_ADJUST_MILITARY_UNITS_PRODUCTION,0,0,0,0,PLAYER_HAS_GOLDEN_AGE,,,
COMMEMORATION_RELIGIOUS_GA_CHARGES,MODIFIER_PLAYER_CITIES_ATTACH_MODIFIER,0,0,0,0,PLAYER_HAS_GOLDEN_AGE,,,
COMMEMORATION_RELIGIOUS_GA_CHARGES_MODIFIER,MODIFIER_SINGLE_CITY_RELIGIOUS_SPREADS,0,0,1,0,,UNIT_IS_RELIGIOUS,,
COMMEMORATION_RELIGIOUS_GA_MOVEMENT,MODIFIER_PLAYER_UNITS_ADJUST_MOVEMENT,0,0,0,0,,UNIT_IS_GOLDEN_AGE_RELIGIOUS,,
COMMEMORATION_RELIGIOUS_GA_GREAT_PROPHET_POINTS,MODIFIER_PLAYER_ADJUST_GREAT_PERSON_POINTS,0,0,0,0,PLAYER_HAS_GOLDEN_AGE,,,
COMMEMORATION_SCIENTIFIC_GA_BOOSTS,MODIFIER_PLAYER_ADJUST_TECHNOLOGY_BOOST,0,0,0,0,PLAYER_HAS_GOLDEN_AGE,,,
COMMEMORATION_SCIENTIFIC_GA_HARBOR,MODIFIER_PLAYER_CITIES_ATTACH_MODIFIER,0,0,0,0,PLAYER_HAS_GOLDEN_AGE,,,
COMMEMORATION_SCIENTIFIC_GA_HARBOR_MODIFIER,MODIFIER_PLAYER_DISTRICTS_ADJUST_YIELD_BASED_ON_ADJACENCY_BONUS,0,0,0,0,,DISTRICT_IS_HARBOR,,
COMMEMORATION_SCIENTIFIC_GA_COMMERCIAL_HUB,MODIFIER_PLAYER_CITIES_ATTACH_MODIFIER,0,0,0,0,PLAYER_HAS_GOLDEN_AGE,,,
COMMEMORATION_SCIENTIFIC_GA_COMMERCIAL_HUB_MODIFIER,MODIFIER_PLAYER_DISTRICTS_ADJUST_YIELD_BASED_ON_ADJACENCY_BONUS,0,0,0,0,,DISTRICT_IS_COMMERCIAL_HUB,,
COMMEMORATION_TOURISM_GA_NATIONAL_PARKS,MODIFIER_PLAYER_ADJUST_TOURISM_FROM_NATIONAL_PARKS,0,0,0,0,PLAYER_HAS_GOLDEN_AGE,,,
COMMEMORATION_TOURISM_GA_WONDERS,MODIFIER_PLAYER_CITIES_ADJUST_TOURISM,0,0,0,0,,CITY_HAS_GOVERNOR_GOLDEN_AGE,,1.0
COMMEMORATION_ESPIONAGE_GA_ESTABLISH,MODIFIER_PLAYER_UNITS_ADJUST_SPY_ESTABLISH_TIME,0,0,0,0,PLAYER_HAS_GOLDEN_AGE,,,1.0
COMMEMORATION_ESPIONAGE_GA_REDUCTION,MODIFIER_PLAYER_UNITS_ADJUST_SPY_OFFENSIVE_OPERATION_TIME,0,0,0,0,PLAYER_HAS_GOLDEN_AGE,,,1.0
COMMEMORATION_AERONAUTICAL_GA_ADVANCED_FLIGHT,MODIFIER_PLAYER_GRANT_SPECIFIC_TECH_BOOST,0,0,0,0,PLAYER_HAS_GOLDEN_AGE_ATOMIC,,,
COMMEMORATION_AERONAUTICAL_GA_NUCLEAR_FISSION,MODIFIER_PLAYER_GRANT_SPECIFIC_TECH_BOOST,0,0,0,0,PLAYER_HAS_GOLDEN_AGE_ATOMIC,,,
COMMEMORATION_AERONAUTICAL_GA_ROCKETRY,MODIFIER_PLAYER_GRANT_SPECIFIC_TECH_BOOST,0,0,0,0,PLAYER_HAS_GOLDEN_AGE_ATOMIC,,,
COMMEMORATION_AERONAUTICAL_GA_SATELLITES,MODIFIER_PLAYER_GRANT_SPECIFIC_TECH_BOOST,0,0,0,0,PLAYER_HAS_GOLDEN_AGE_INFORMATION,,,
COMMEMORATION_AERONAUTICAL_GA_NUCLEAR_FUSION,MODIFIER_PLAYER_GRANT_SPECIFIC_TECH_BOOST,0,0,0,0,PLAYER_HAS_GOLDEN_AGE_INFORMATION,,,
COMMEMORATION_AERONAUTICAL_GA_NANOTECHNOLOGY,MODIFIER_PLAYER_GRANT_SPECIFIC_TECH_BOOST,0,0,0,0,PLAYER_HAS_GOLDEN_AGE_INFORMATION,,,
COMMEMORATION_AERONAUTICAL_GA_SMART_MATERIALS,MODIFIER_PLAYER_GRANT_SPECIFIC_TECH_BOOST,0,0,0,0,PLAYER_HAS_GOLDEN_AGE_FUTURE,,,
COMMEMORATION_AERONAUTICAL_GA_PREDICTIVE_SYSTEMS,MODIFIER_PLAYER_GRANT_SPECIFIC_TECH_BOOST,0,0,0,0,PLAYER_HAS_GOLDEN_AGE_FUTURE,,,
COMMEMORATION_AERONAUTICAL_GA_OFFWORLD_MISSION,MODIFIER_PLAYER_GRANT_SPECIFIC_TECH_BOOST,0,0,0,0,PLAYER_HAS_GOLDEN_AGE_FUTURE,,,
COMMEMORATION_AERONAUTICAL_GA_ALUMINUM,MODIFIER_PLAYER_CITIES_ADJUST_EXTRA_ACCUMULATION_SPECIFIC_RESOURCE,0,0,0,0,PLAYER_HAS_GOLDEN_AGE,,,
COMMEMORATION_AERONAUTICAL_GA_AIR,MODIFIER_PLAYER_UNITS_ADJUST_UNIT_EXPERIENCE_MODIFIER,0,0,0,0,,PLAYER_HAS_GOLDEN_AGE_AIR,,
COMMEMORATION_AERONAUTICAL_BUILDING_QUEST,MODIFIER_PLAYER_ADJUST_PLAYER_ERA_SCORE_PER_AERODROME_BUILDING_CONSTRUCTED,0,0,0,0,,PLAYER_ELIGIBLE_FOR_COMMEMORATION_QUEST,,
COMMEMORATION_AERONAUTICAL_GREAT_PERSON_QUEST,MODIFIER_PLAYER_ADJUST_PLAYER_ERA_SCORE_PER_GREAT_PERSON_EARNED,0,0,0,0,,PLAYER_ELIGIBLE_FOR_COMMEMORATION_QUEST,,
COMMEMORATION_CULTURAL_QUEST,MODIFIER_PLAYER_ADJUST_PLAYER_ERA_SCORE_PER_CIVIC_BOOST,0,0,0,0,,PLAYER_ELIGIBLE_FOR_COMMEMORATION_QUEST,,
COMMEMORATION_CULTURAL_BUILDING_QUEST,MODIFIER_PLAYER_ADJUST_PLAYER_ERA_SCORE_PER_CULTURE_BUILDING_CONSTRUCTED,0,0,0,0,,PLAYER_ELIGIBLE_FOR_COMMEMORATION_QUEST,,
COMMEMORATION_ECONOMIC_QUEST,MODIFIER_PLAYER_ADJUST_PLAYER_ERA_SCORE_PER_TRADE_ROUTE_COMPLETED,0,0,0,0,,PLAYER_ELIGIBLE_FOR_COMMEMORATION_QUEST,,
COMMEMORATION_ESPIONAGE_QUEST,MODIFIER_PLAYER_ADJUST_PLAYER_ERA_SCORE_PER_SPY_SUCCESSFUL_MISSION,0,0,0,0,,PLAYER_ELIGIBLE_FOR_COMMEMORATION_QUEST,,
COMMEMORATION_EXPLORATION_CONTINENT_QUEST,MODIFIER_PLAYER_ADJUST_PLAYER_ERA_SCORE_PER_CONTINENT_DISCOVERED,0,0,0,0,,PLAYER_ELIGIBLE_FOR_COMMEMORATION_QUEST,,
COMMEMORATION_EXPLORATION_NATURAL_WONDER_QUEST,MODIFIER_PLAYER_ADJUST_PLAYER_ERA_SCORE_PER_NATURAL_WONDER_DISCOVERED,0,0,0,0,,PLAYER_ELIGIBLE_FOR_COMMEMORATION_QUEST,,
COMMEMORATION_EXPLORATION_NAVAL_UNIT_QUEST,MODIFIER_PLAYER_ADJUST_PLAYER_ERA_SCORE_PER_NON_BARBARIAN_NAVAL_UNIT_KILLED,0,0,0,0,,PLAYER_ELIGIBLE_FOR_COMMEMORATION_QUEST,,
COMMEMORATION_INDUSTRIAL_QUEST,MODIFIER_PLAYER_ADJUST_PLAYER_ERA_SCORE_PER_INDUSTRIAL_BUILDING_CONSTRUCTED,0,0,0,0,,PLAYER_ELIGIBLE_FOR_COMMEMORATION_QUEST,,
COMMEMORATION_INFRASTRUCTURE_QUEST,MODIFIER_PLAYER_ADJUST_PLAYER_ERA_SCORE_PER_DISTRICT_CONSTRUCTED,0,0,0,0,,PLAYER_ELIGIBLE_FOR_COMMEMORATION_QUEST,,
COMMEMORATION_MILITARY_QUEST_CORPS,MODIFIER_PLAYER_ADJUST_PLAYER_ERA_SCORE_PER_CORPS_KILLED,0,0,0,0,,PLAYER_ELIGIBLE_FOR_COMMEMORATION_QUEST,,
COMMEMORATION_MILITARY_QUEST_ARMY,MODIFIER_PLAYER_ADJUST_PLAYER_ERA_SCORE_PER_ARMY_KILLED,0,0,0,0,,PLAYER_ELIGIBLE_FOR_COMMEMORATION_QUEST,,
COMMEMORATION_RELIGIOUS_QUEST,MODIFIER_PLAYER_ADJUST_PLAYER_ERA_SCORE_PER_CITY_RELIGION_CONVERSION,0,0,0,0,,PLAYER_ELIGIBLE_FOR_COMMEMORATION_QUEST,,
COMMEMORATION_SCIENTIFIC_QUEST,MODIFIER_PLAYER_ADJUST_PLAYER_ERA_SCORE_PER_TECH_BOOST,0,0,0,0,,PLAYER_ELIGIBLE_FOR_COMMEMORATION_QUEST,,
COMMEMORATION_SCIENTIFIC_BUILDING_QUEST,MODIFIER_PLAYER_ADJUST_PLAYER_ERA_SCORE_PER_SCIENCE_BUILDING_CONSTRUCTED,0,0,0,0,,PLAYER_ELIGIBLE_FOR_COMMEMORATION_QUEST,,
COMMEMORATION_TOURISM_QUEST,MODIFIER_PLAYER_ADJUST_PLAYER_ERA_SCORE_PER_ARTIFACT_EXTRACTED,0,0,0,0,,PLAYER_ELIGIBLE_FOR_COMMEMORATION_QUEST,,
AFTERACTIONREPORTS_EXPERIENCE,MODIFIER_PLAYER_UNITS_ADJUST_UNIT_EXPERIENCE_MODIFIER,0,0,0,0,,,,
ARSENALOFDEMOCRACY_TRADEROUTEFOODTOALLY,MODIFIER_PLAYER_ADJUST_TRADE_ROUTE_DESTINATION_YIELD_FOR_ALLY_ROUTE,0,0,0,0,,,,
ARSENALOFDEMOCRACY_TRADEROUTEPRODUCTIONTOALLY,MODIFIER_PLAYER_ADJUST_TRADE_ROUTE_DESTINATION_YIELD_FOR_ALLY_ROUTE,0,0,0,0,,,,
ARSENALOFDEMOCRACY_TRADEROUTEFOODFROMALLY,MODIFIER_PLAYER_ADJUST_TRADE_ROUTE_ORIGIN_YIELD_FOR_ALLY_ROUTE,0,0,0,0,,,,
ARSENALOFDEMOCRACY_TRADEROUTEPRODUCTIONFROMALLY,MODIFIER_PLAYER_ADJUST_TRADE_ROUTE_ORIGIN_YIELD_FOR_ALLY_ROUTE,0,0,0,0,,,,
ARSENALOFDEMOCRACY_ALLIANCEPOINTS,MODIFIER_PLAYER_ADJUST_ALLIANCE_POINTS,0,0,0,0,,,,
CIVILPRESTIGE_GOVAMENITY,MODIFIER_PLAYER_CITIES_ADJUST_POLICY_AMENITY,0,0,0,0,,CITY_HAS_2_TITLE_GOVERNOR_REQUIREMENTS,,
CIVILPRESTIGE_GOVHOUSING,MODIFIER_PLAYER_CITIES_ADJUST_POLICY_HOUSING,0,0,0,0,,CITY_HAS_2_TITLE_GOVERNOR_REQUIREMENTS,,
COLONIALOFFICES_FOREIGNIDENTITY,MODIFIER_PLAYER_CITIES_ADJUST_IDENTITY_PER_TURN,0,0,0,0,,CITY_NOT_OWNER_CAPITAL_CONTINENT_REQUIREMENTS,,
COLONIALTAXES_FOREIGNPRODUCTION,MODIFIER_PLAYER_CITIES_ADJUST_CITY_YIELD_MODIFIER,0,0,0,0,,CITY_NOT_OWNER_CAPITAL_CONTINENT_REQUIREMENTS,,
FREEMARKET_BUILDING_YIELDS_HIGH_ADJACENCY,MODIFIER_PLAYER_CITIES_ADJUST_BUILDING_YIELD_MODIFIERS_FOR_DISTRICT,0,0,0,0,,COMMERCIAL_HUB_HAS_HIGH_ADJACENCY,,
FREEMARKET_BUILDING_YIELDS_HIGH_POP,MODIFIER_PLAYER_CITIES_ADJUST_BUILDING_YIELD_MODIFIERS_FOR_DISTRICT,0,0,0,0,,CITY_HAS_HIGH_POPULATION,,
GRANDOPERA_BUILDING_YIELDS_HIGH_ADJACENCY,MODIFIER_PLAYER_CITIES_ADJUST_BUILDING_YIELD_MODIFIERS_FOR_DISTRICT,0,0,0,0,,THEATER_SQUARE_HAS_HIGH_ADJACENCY,,
GRANDOPERA_BUILDING_YIELDS_HIGH_POP,MODIFIER_PLAYER_CITIES_ADJUST_BUILDING_YIELD_MODIFIERS_FOR_DISTRICT,0,0,0,0,,CITY_HAS_HIGH_POPULATION,,
LIMITANEI_GARRISONIDENTITY,MODIFIER_PLAYER_CITIES_ADJUST_IDENTITY_PER_TURN,0,0,0,0,,CITY_HAS_GARRISON_UNIT_REQUIERMENT,,
LIMES_TSIKHEPRODUCTION,MODIFIER_PLAYER_CITIES_ADJUST_BUILDING_PRODUCTION,0,0,0,0,,,,
MARTIALLAW_GARRISONIDENTITY,MODIFIER_PLAYER_CITIES_ADJUST_IDENTITY_PER_TURN,0,0,0,0,,CITY_HAS_GARRISON_UNIT_REQUIERMENT,,
POLICESTATE_LOSEIDENTITY,MODIFIER_PLAYER_CITIES_ADJUST_IDENTITY_PER_TURN,0,0,0,0,,,,
PRAETORIUM_GOVERNORIDENTITY,MODIFIER_PLAYER_CITIES_ADJUST_IDENTITY_PER_TURN,0,0,0,0,,CITY_HAS_ASSIGNED_GOVERNOR,,
RATIONALISM_BUILDING_YIELDS_HIGH_ADJACENCY,MODIFIER_PLAYER_CITIES_ADJUST_BUILDING_YIELD_MODIFIERS_FOR_DISTRICT,0,0,0,0,,CAMPUS_HAS_HIGH_ADJACENCY,,
RATIONALISM_BUILDING_YIELDS_HIGH_POP,MODIFIER_PLAYER_CITIES_ADJUST_BUILDING_YIELD_MODIFIERS_FOR_DISTRICT,0,0,0,0,,CITY_HAS_HIGH_POPULATION,,
SECONDSTRIKE_MAINTENANCEWMDS,MODIFIER_PLAYER_ADJUST_WMD_MAINTENANCE_MODIFIER,0,0,0,0,,,,
SIMULTANEUM_BUILDING_YIELDS_HIGH_ADJACENCY,MODIFIER_PLAYER_CITIES_ADJUST_BUILDING_YIELD_MODIFIERS_FOR_DISTRICT,0,0,0,0,,HOLY_SITE_HAS_HIGH_ADJACENCY,,
SIMULTANEUM_BUILDING_YIELDS_HIGH_POP,MODIFIER_PLAYER_CITIES_ADJUST_BUILDING_YIELD_MODIFIERS_FOR_DISTRICT,0,0,0,0,,CITY_HAS_HIGH_POPULATION,,
WISSELBANKEN_TRADEROUTEFOODTOALLY,MODIFIER_PLAYER_ADJUST_TRADE_ROUTE_DESTINATION_YIELD_FOR_ALLY_ROUTE,0,0,0,0,,,,
WISSELBANKEN_TRADEROUTEPRODUCTIONTOALLY,MODIFIER_PLAYER_ADJUST_TRADE_ROUTE_DESTINATION_YIELD_FOR_ALLY_ROUTE,0,0,0,0,,,,
WISSELBANKEN_TRADEROUTEFOODFROMALLY,MODIFIER_PLAYER_ADJUST_TRADE_ROUTE_ORIGIN_YIELD_FOR_ALLY_ROUTE,0,0,0,0,,,,
WISSELBANKEN_TRADEROUTEPRODUCTIONFROMALLY,MODIFIER_PLAYER_ADJUST_TRADE_ROUTE_ORIGIN_YIELD_FOR_ALLY_ROUTE,0,0,0,0,,,,
WISSELBANKEN_TRADEROUTEFOODTOSUZERAIN,MODIFIER_PLAYER_ADJUST_TRADE_ROUTE_DESTINATION_YIELD_FOR_SUZERAIN_ROUTE,0,0,0,0,,,,
WISSELBANKEN_TRADEROUTEPRODUCTIONTOSUZERAIN,MODIFIER_PLAYER_ADJUST_TRADE_ROUTE_DESTINATION_YIELD_FOR_SUZERAIN_ROUTE,0,0,0,0,,,,
WISSELBANKEN_TRADEROUTEFOODFROMSUZERAIN,MODIFIER_PLAYER_ADJUST_TRADE_ROUTE_ORIGIN_YIELD_FOR_SUZERAIN_ROUTE,0,0,0,0,,,,
WISSELBANKEN_TRADEROUTEPRODUCTIONFROMSUZERAIN,MODIFIER_PLAYER_ADJUST_TRADE_ROUTE_ORIGIN_YIELD_FOR_SUZERAIN_ROUTE,0,0,0,0,,,,
WISSELBANKEN_ALLIANCEPOINTS,MODIFIER_PLAYER_ADJUST_ALLIANCE_POINTS,0,0,0,0,,,,
COMMUNICATIONS_OFFICE_GOVERNOR_IDENTITY_PER_TITLE,MODIFIER_PLAYER_GOVERNORS_ADJUST_IDENTITY_PER_TITLE,0,0,0,0,,,,
MACHIAVELLIANISM_OFFENSIVESPYTIME,MODIFIER_PLAYER_UNITS_ADJUST_SPY_OFFENSIVE_OPERATION_TIME,0,0,0,0,,UNIT_IS_SPY,,
MILITARYRESEARCH_MILITARY_ACADEMY_SCIENCE_MODIFIER,MODIFIER_PLAYER_CITIES_ADJUST_BUILDING_YIELD_CHANGE,0,0,0,0,,,,
MILITARYRESEARCH_SEAPORT_SCIENCE_MODIFIER,MODIFIER_PLAYER_CITIES_ADJUST_BUILDING_YIELD_CHANGE,0,0,0,0,,,,
MILITARYRESEARCH_RENAISSANCE_WALLS_SCIENCE_MODIFIER,MODIFIER_PLAYER_CITIES_ADJUST_BUILDING_YIELD_CHANGE,0,0,0,0,,,,
PUBLICTRANSPORT_FARMREPLACEGOLD,MODIFIER_PLAYER_DISTRICT_CREATE_YIELD,0,0,0,0,,,,
ECOMMERCE_TRADEROUTEPRODUCTION,MODIFIER_PLAYER_ADJUST_TRADE_ROUTE_YIELD,0,0,0,0,,,,
ECOMMERCE_TRADEROUTEGOLD,MODIFIER_PLAYER_ADJUST_TRADE_ROUTE_YIELD,0,0,0,0,,,,
TOTAL_WAR_PLUNDER_BONUS,MODIFIER_PLAYER_UNITS_ADJUST_PLUNDER_YIELDS,0,0,0,0,,,,
MONASTICISM_HOLYSITE_SCIENCE,MODIFIER_PLAYER_CITIES_ADJUST_CITY_YIELD_MODIFIER,0,0,0,0,,CITY_HAS_HOLY_SITE,,
MONASTICISM_CULTURE_MODIFIER,MODIFIER_PLAYER_CITIES_ADJUST_CITY_YIELD_MODIFIER,0,0,0,0,,,,
TWILIGHTVALOR_NO_FOREIGN_HEAL,MODIFIER_PLAYER_DISABLE_HEALING,0,0,0,0,,,,
TWILIGHTVALOR_NO_NEUTRAL_HEAL,MODIFIER_PLAYER_DISABLE_HEALING,0,0,0,0,,,,
TWILIGHTVALOR_MELEE_ATTACK_BONUS,MODIFIER_PLAYER_UNITS_GRANT_ABILITY,0,0,0,0,,,,
INQUISITION_FRIENDLY_TERRITORY_COMBAT,MODIFIER_PLAYER_UNITS_GRANT_ABILITY,0,0,0,0,,,,
INQUISITION_REDUCE_START_CHARGES,MODIFIER_PLAYER_ADJUST_INQUISITION_START_CHARGES,0,0,0,0,,,,
INQUISITION_SCIENCE_MODIFIER,MODIFIER_PLAYER_CITIES_ADJUST_CITY_YIELD_MODIFIER,0,0,0,0,,,,
ISOLATIONISM_DOMESTIC_TRADE_ROUTE_FODD,MODIFIER_PLAYER_ADJUST_TRADE_ROUTE_YIELD_FOR_DOMESTIC,0,0,0,0,,,,
ISOLATIONISM_DOMESTIC_TRADE_ROUTE_PRODUCTION,MODIFIER_PLAYER_ADJUST_TRADE_ROUTE_YIELD_FOR_DOMESTIC,0,0,0,0,,,,
ISOLATIONISM_DISABLE_SETTLING,MODIFIER_PLAYER_DISABLE_SETTLING,0,0,0,0,,,,
ISOLATIONISM_DISABLE_BUILD_SETTLER,MODIFIER_PLAYER_UNIT_BUILD_DISABLED,0,0,0,0,,,,
LETTEROFMARQUE_ANCIENT_NAVAL_RAIDER_PRODUCTION,MODIFIER_PLAYER_CITIES_ADJUST_UNIT_TAG_ERA_PRODUCTION,0,0,0,0,,,,
LETTEROFMARQUE_CLASSICAL_NAVAL_RAIDER_PRODUCTION,MODIFIER_PLAYER_CITIES_ADJUST_UNIT_TAG_ERA_PRODUCTION,0,0,0,0,,,,
LETTEROFMARQUE_MEDIEVAL_NAVAL_RAIDER_PRODUCTION,MODIFIER_PLAYER_CITIES_ADJUST_UNIT_TAG_ERA_PRODUCTION,0,0,0,0,,,,
LETTEROFMARQUE_RENAISSANCE_NAVAL_RAIDER_PRODUCTION,MODIFIER_PLAYER_CITIES_ADJUST_UNIT_TAG_ERA_PRODUCTION,0,0,0,0,,,,
LETTEROFMARQUE_INDUSTRIAL_NAVAL_RAIDER_PRODUCTION,MODIFIER_PLAYER_CITIES_ADJUST_UNIT_TAG_ERA_PRODUCTION,0,0,0,0,,,,
LETTEROFMARQUE_MODERN_NAVAL_RAIDER_PRODUCTION,MODIFIER_PLAYER_CITIES_ADJUST_UNIT_TAG_ERA_PRODUCTION,0,0,0,0,,,,
LETTEROFMARQUE_ATOMIC_NAVAL_RAIDER_PRODUCTION,MODIFIER_PLAYER_CITIES_ADJUST_UNIT_TAG_ERA_PRODUCTION,0,0,0,0,,,,
LETTEROFMARQUE_INFORMATION_NAVAL_RAIDER_PRODUCTION,MODIFIER_PLAYER_CITIES_ADJUST_UNIT_TAG_ERA_PRODUCTION,0,0,0,0,,,,
LETTEROFMARQUE_RAIDER_MOVEMENT,MODIFIER_PLAYER_UNITS_ADJUST_MOVEMENT,0,0,0,0,,UNIT_IS_NAVAL_RAIDER,,
LETTEROFMARQUE_PLUNDER_BONUS,MODIFIER_PLAYER_UNITS_ADJUST_PLUNDER_YIELDS,0,0,0,0,,,,
LETTEROFMARQUE_TRADE_ROUTE_YIELD_DROP_DEST_CULTURE,MODIFIER_PLAYER_ADJUST_TRADE_ROUTE_YIELD_MODIFIER,0,0,0,0,,,,
LETTEROFMARQUE_TRADE_ROUTE_YIELD_DROP_DEST_FAITH,MODIFIER_PLAYER_ADJUST_TRADE_ROUTE_YIELD_MODIFIER,0,0,0,0,,,,
LETTEROFMARQUE_TRADE_ROUTE_YIELD_DROP_DEST_FOOD,MODIFIER_PLAYER_ADJUST_TRADE_ROUTE_YIELD_MODIFIER,0,0,0,0,,,,
LETTEROFMARQUE_TRADE_ROUTE_YIELD_DROP_DEST_GOLD,MODIFIER_PLAYER_ADJUST_TRADE_ROUTE_YIELD_MODIFIER,0,0,0,0,,,,
LETTEROFMARQUE_TRADE_ROUTE_YIELD_DROP_DEST_PRODUCTION,MODIFIER_PLAYER_ADJUST_TRADE_ROUTE_YIELD_MODIFIER,0,0,0,0,,,,
LETTEROFMARQUE_TRADE_ROUTE_YIELD_DROP_DEST_SCIENCE,MODIFIER_PLAYER_ADJUST_TRADE_ROUTE_YIELD_MODIFIER,0,0,0,0,,,,
LETTEROFMARQUE_TRADE_ROUTE_YIELD_DROP_ORIG_CULTURE,MODIFIER_PLAYER_ADJUST_TRADE_ROUTE_YIELD_MODIFIER,0,0,0,0,,,,
LETTEROFMARQUE_TRADE_ROUTE_YIELD_DROP_ORIG_FAITH,MODIFIER_PLAYER_ADJUST_TRADE_ROUTE_YIELD_MODIFIER,0,0,0,0,,,,
LETTEROFMARQUE_TRADE_ROUTE_YIELD_DROP_ORIG_FOOD,MODIFIER_PLAYER_ADJUST_TRADE_ROUTE_YIELD_MODIFIER,0,0,0,0,,,,
LETTEROFMARQUE_TRADE_ROUTE_YIELD_DROP_ORIG_GOLD,MODIFIER_PLAYER_ADJUST_TRADE_ROUTE_YIELD_MODIFIER,0,0,0,0,,,,
LETTEROFMARQUE_TRADE_ROUTE_YIELD_DROP_ORIG_PRODUCTION,MODIFIER_PLAYER_ADJUST_TRADE_ROUTE_YIELD_MODIFIER,0,0,0,0,,,,
LETTEROFMARQUE_TRADE_ROUTE_YIELD_DROP_ORIG_SCIENCE,MODIFIER_PLAYER_ADJUST_TRADE_ROUTE_YIELD_MODIFIER,0,0,0,0,,,,
ROBBERBARONS_FACTORY_PRODUCTION,MODIFIER_PLAYER_CITIES_ADJUST_CITY_YIELD_MODIFIER,0,0,0,0,,BUILDING_IS_FACTORY,,
ROBBERBARONS_STOCKEXCHANGE_GOLD,MODIFIER_PLAYER_CITIES_ADJUST_CITY_YIELD_MODIFIER,0,0,0,0,,BUILDING_IS_STOCK_EXCHANGE,,
ROBBERBARONS_AMENITIES_LOST,MODIFIER_PLAYER_CITIES_ADJUST_POLICY_AMENITY,0,0,0,0,,,,
ELITEFORCES_EXPERIENCE_BOOST,MODIFIER_PLAYER_UNITS_ADJUST_UNIT_EXPERIENCE_MODIFIER,0,0,0,0,,,,
ELITEFORCES_EXTRA_MAINTENANCE,MODIFIER_PLAYER_ADJUST_UNIT_MAINTENANCE_DISCOUNT,0,0,0,0,,,,
COLLECTIVISM_FARM_FOOD,MODIFIER_PLAYER_CITIES_ATTACH_MODIFIER,0,0,0,0,,,,
COLLECTIVISM_FARM_FOOD_MODIFIER,MODIFIER_CITY_PLOT_YIELDS_ADJUST_PLOT_YIELD,0,0,0,0,,PLOT_HAS_FARM_REQUIREMENTS,,
COLLECTIVISM_ADD_HOUSING,MODIFIER_PLAYER_CITIES_ADJUST_POLICY_HOUSING,0,0,0,0,,,,
COLLECTIVISM_INDUSTRIAL_ADJACENCY,MODIFIER_PLAYER_DISTRICTS_ADJUST_YIELD_MODIFIER,0,0,0,0,,,,
COLLECTIVISM_REDUCE_GPP_RATE,MODIFIER_PLAYER_CITIES_ADJUST_GREAT_PERSON_POINT_BONUS,0,0,0,0,,,,
ROGUESTATE_MANHATTANPROJECT_PRODUCTION,MODIFIER_PLAYER_CITIES_ADJUST_PROJECT_PRODUCTION,0,0,0,0,,,,
ROGUESTATE_PROJECTIVY_PRODUCTION,MODIFIER_PLAYER_CITIES_ADJUST_PROJECT_PRODUCTION,0,0,0,0,,,,
ROGUESTATE_NUCLEARDEVICE_PRODUCTION,MODIFIER_PLAYER_CITIES_ADJUST_PROJECT_PRODUCTION,0,0,0,0,,,,
ROGUESTATE_THERMONUCLEARDEVICE_PRODUCTION,MODIFIER_PLAYER_CITIES_ADJUST_PROJECT_PRODUCTION,0,0,0,0,,,,
ROGUESTATE_DISABLE_INFLUENCE,MODIFIER_PLAYER_DISABLE_INFLUENCE,0,0,0,0,,,,
PROJECT_COMPLETION_LOYALTY,MODIFIER_SINGLE_CITY_GRANT_LOYALTY,1,0,1,0,,,,
ALPINE_TRAINING_IGNORE_HILLS,MODIFIER_PLAYER_UNIT_ADJUST_IGNORE_TERRAIN_COST,0,0,0,0,,,,
ALPINE_TRAINING_COMBAT_HILLS,MODIFIER_UNIT_ADJUST_COMBAT_STRENGTH,0,0,0,0,,BALKAN_CAVALRY_PLOT_IS_HILS_REQUIREMENTS,,
ORDU_TRAINED_XP,MODIFIER_PLAYER_UNIT_ADJUST_UNIT_EXPERIENCE_MODIFIER,0,0,1,0,,,,
ORDU_ADJUST_MOVEMENT,MODIFIER_PLAYER_UNIT_ADJUST_MOVEMENT,0,0,0,0,,,,
ECONOMIC_GOLDEN_AGE_PLUNDER_IMMUNITY_LAND,MODIFIER_PLAYER_UNIT_ADJUST_TRADE_ROUTE_PLUNDER_IMMUNITY,0,0,0,0,,,,
ECONOMIC_GOLDEN_AGE_PLUNDER_IMMUNITY_SEA,MODIFIER_PLAYER_UNIT_ADJUST_TRADE_ROUTE_PLUNDER_IMMUNITY,0,0,0,0,,,,
TWILIGHT_VALOR_ATTACK_BONUS,MODIFIER_UNIT_ADJUST_COMBAT_STRENGTH,0,0,0,0,,UNIT_STRONG_WHEN_ATTACKING_REQUIREMENTS,,
INQUISITION_FRIENDLY_TERRITORY_BONUS,MODIFIER_PLAYER_UNIT_ADJUST_FRIENDLY_TERRITORY_COMBAT,0,0,0,0,,,,
SPEC_OPS_PARADROP_ABILITY,MODIFIER_PLAYER_UNIT_ADJUST_PARADROP_ABILITY,0,0,0,0,,,,
BOMBARD_STR_BUFF_FROM_DRONE,MODIFIER_UNIT_ADJUST_COMBAT_STRENGTH,0,0,0,0,,BOMBARD_STRENGTH_BUFF_REQUIREMENTS,,
HIGHLANDER_COMBAT_BONUS_FOREST_AND_HILLS,MODIFIER_UNIT_ADJUST_COMBAT_STRENGTH,0,0,0,0,,HIGHLANDER_COMBAT_BONUS_TERRAIN_REQUIREMENTS,,
ZEVEN_PROVINCIEN_BONUS_VS_DEF_DISTRICTS,MODIFIER_UNIT_ADJUST_COMBAT_STRENGTH,0,0,0,0,,ZEVEN_PROVINCIEN_DISTRICT_COMBAT_BONUS_REQUIREMENTS,,
KHEVSURETI_HILLS_BUFF,MODIFIER_UNIT_ADJUST_COMBAT_STRENGTH,0,0,0,0,,KHEVSURETI_HILLS_BUFF_REQUIREMENTS,,
KHEVSURETI_IGNORE_HILLS,MODIFIER_PLAYER_UNIT_ADJUST_IGNORE_TERRAIN_COST,0,0,0,0,,,,
MALON_RAIDER_TERRITORY_COMBAT_BONUS,MODIFIER_UNIT_ADJUST_COMBAT_STRENGTH,0,0,0,0,,MALON_RAIDER_FRIENDLY_TERRITORY_REQUIREMENTS,,
MALON_RAIDER_LESS_MOVEMENT_PILLAGE,MODIFIER_PLAYER_UNIT_ADJUST_ADVANCED_PILLAGING,0,0,0,0,,,,
OKIHTCITAW_FREE_PROMOTION,MODIFIER_PLAYER_UNIT_ADJUST_GRANT_EXPERIENCE,0,0,0,0,,,,
IMPI_FASTER_COMBAT_XP,MODIFIER_PLAYER_UNIT_ADJUST_UNIT_EXPERIENCE_MODIFIER,0,0,0,0,,,,
IMPI_INCREASED_FLANKING_BONUS,MODIFIER_PLAYER_UNIT_ADJUST_FLANKING_BONUS_MODIFIER,0,0,0,0,,,,
OLIGARCHY_LEGACY_MELEE_BUFF,MODIFIER_UNIT_ADJUST_COMBAT_STRENGTH,0,0,0,0,,,,
THEOCRACY_LEGACY_RELIGIOUS_BUFF,MODIFIER_UNIT_ADJUST_COMBAT_STRENGTH,0,0,0,0,,,,
FASCISM_LEGACY_ATTACK_BUFF,MODIFIER_UNIT_ADJUST_COMBAT_STRENGTH,0,0,0,0,,FASCISM_REQUIREMENTS,,
SUPPLY_CONVOY_BONUS_MOVEMENT,MODIFIER_PLAYER_UNITS_ADJUST_MOVEMENT,0,0,0,0,,SUPPLY_CONVOY_MOVEMENT_REQUIREMENTS,,1.0
TOQUI_GOVERNOR_UNIT_EXPERIENCE,MODIFIER_PLAYER_UNIT_ADJUST_UNIT_EXPERIENCE_MODIFIER,0,0,0,0,,,,
TOQUI_GOVERNOR_UNIT_EXPERIENCE_NOT_FOUNDED,MODIFIER_PLAYER_UNIT_ADJUST_UNIT_EXPERIENCE_MODIFIER,0,0,0,0,,,,
TOQUI_COMBAT_BUFF_VS_GOLDEN_AGE,MODIFIER_PLAYER_UNITS_ADJUST_COMBAT_STRENGTH,0,0,0,0,,OPPONENT_IS_IN_GOLDEN_AGE_FREE_CITY_REQUIREMENTS,,
TIMUR_BONUS_EXPERIENCE,MODIFIER_PLAYER_UNIT_ADJUST_UNIT_EXPERIENCE_MODIFIER,0,0,0,0,,,,
GENGHIS_KHAN_CAVALRY_BONUS,MODIFIER_UNIT_ADJUST_COMBAT_STRENGTH,0,0,0,0,,,,
SPY_SMEAR_CAMPAIGN,MODIFIER_PLAYER_UNIT_ADJUST_SPY_OPERATION_CHANCE,0,0,0,0,,,,
SPY_COVERT_ACTION,MODIFIER_PLAYER_UNIT_ADJUST_SPY_OPERATION_CHANCE,0,0,0,0,,,,
SPY_LICENSE_TO_KILL,MODIFIER_PLAYER_UNIT_ADJUST_SPY_OPERATION_CHANCE,0,0,0,0,,,,
AGENDA_MONEY_GRUBBER,MODIFIER_PLAYER_DIPLOMACY_AGENDA_LORD_OF_MINES,0,0,0,0,ON_TURN_STARTED,PLAYER_IS_MAJOR_CIV_KNOWN_30_TURNS,,
AGENDA_EXPANSIONIST,MODIFIER_PLAYER_DIPLOMACY_AGENDA_OPTIMUS_PRINCEPS,0,0,0,0,ON_TURN_STARTED,PLAYER_IS_MAJOR_CIV_KNOWN_30_TURNS,,
AGENDA_GREAT_WHITE_FLEET,MODIFIER_PLAYER_DIPLOMACY_AGENDA_LAST_VIKING_KING,0,0,0,0,ON_TURN_STARTED,PLAYER_IS_MAJOR_CIV_KNOWN_30_TURNS,,
AGENDA_FLAT_EARTHER,MODIFIER_PLAYER_DIPLOMACY_AGENDA_FLAT_EARTHER,0,0,0,0,ON_TURN_STARTED,PLAYER_IS_MAJOR_CIV_KNOWN_30_TURNS,,
AGENDA_HIGH_DIPLOVP,MODIFIER_PLAYER_DIPLOMACY_SIMPLE_MODIFIER,0,0,0,0,,PLAYER_HAS_HIGH_DIPLOVP,,
AGENDA_LOW_DIPLOVP,MODIFIER_PLAYER_DIPLOMACY_SIMPLE_MODIFIER,0,0,0,0,,PLAYER_HAS_LOW_DIPLOVP,,
AGENDA_HIGH_FAVOR,MODIFIER_PLAYER_DIPLOMACY_SIMPLE_MODIFIER,0,0,0,0,,PLAYER_HAS_HIGH_FAVOR,,
AGENDA_LOW_FAVOR,MODIFIER_PLAYER_DIPLOMACY_SIMPLE_MODIFIER,0,0,0,0,,PLAYER_HAS_LOW_FAVOR,,
AGENDA_HIGH_TOURISM,MODIFIER_PLAYER_DIPLOMACY_SIMPLE_MODIFIER,0,0,0,0,,PLAYER_HAS_HIGH_TOURISM,,
AGENDA_LOW_TOURISM,MODIFIER_PLAYER_DIPLOMACY_SIMPLE_MODIFIER,0,0,0,0,,PLAYER_HAS_LOW_TOURISM,,
AGENDA_HIGH_PILLAGE,MODIFIER_PLAYER_DIPLOMACY_SIMPLE_MODIFIER,0,0,0,0,,PLAYER_HAS_HIGH_PILLAGE,,
AGENDA_INTOLERANT_SAME_RELIGION,MODIFIER_PLAYER_DIPLOMACY_SIMPLE_MODIFIER,0,0,0,0,,PLAYER_SAME_RELIGION,,
AGENDA_INTOLERANT_ENCROACHING_RELIGION,MODIFIER_PLAYER_DIPLOMACY_SIMPLE_MODIFIER,0,0,0,0,,PLAYER_ENCROACHING_RELIGION,,
AGENDA_LOW_PILLAGE,MODIFIER_PLAYER_DIPLOMACY_SIMPLE_MODIFIER,0,0,0,0,,PLAYER_HAS_LOW_PILLAGE,,
AGENDA_TURTLER,MODIFIER_PLAYER_DIPLOMACY_AGENDA_TURTLER,0,0,0,0,ON_TURN_STARTED,PLAYER_IS_MAJOR_CIV_KNOWN_30_TURNS,,
AGENDA_ZEALOT,MODIFIER_PLAYER_DIPLOMACY_AGENDA_ZEALOT,0,0,0,0,ON_TURN_STARTED,PLAYER_IS_MAJOR_CIV_KNOWN_30_TURNS,,
LADY_OF_THE_REEDS_PRODUCTION2_MODIFIER,MODIFIER_CITY_PLOT_YIELDS_ADJUST_PLOT_YIELD,0,0,0,0,,PLOT_HAS_REEDS_REQUIREMENTS,,
LADY_OF_THE_REEDS_PRODUCTION2,MODIFIER_ALL_CITIES_ATTACH_MODIFIER,0,0,0,0,,CITY_FOLLOWS_PANTHEON_REQUIREMENTS,,
RIVER_GODDESS_HOLY_SITE_AMENITIES,MODIFIER_ALL_CITIES_ATTACH_MODIFIER,0,0,0,0,,CITY_FOLLOWS_PANTHEON_REQUIREMENTS,,
RIVER_GODDESS_HOLY_SITE_AMENITIES_MODIFIER,MODIFIER_CITY_DISTRICTS_ADJUST_DISTRICT_AMENITY,0,0,0,0,,PLOT_HAS_HOLY_SITE_RIVER_REQUIREMENTS,,
RIVER_GODDESS_HOLY_SITE_HOUSING,MODIFIER_ALL_CITIES_ATTACH_MODIFIER,0,0,0,0,,CITY_FOLLOWS_PANTHEON_REQUIREMENTS,,
RIVER_GODDESS_HOLY_SITE_HOUSING_MODIFIER,MODIFIER_CITY_DISTRICTS_ADJUST_DISTRICT_HOUSING,0,0,0,0,,PLOT_HAS_HOLY_SITE_RIVER_REQUIREMENTS,,
GODDESS_OF_FIRE_FEATURES_FAITH,MODIFIER_ALL_CITIES_ATTACH_MODIFIER,0,0,0,0,,CITY_FOLLOWS_PANTHEON_REQUIREMENTS,,
GODDESS_OF_FIRE_FEATURES_FAITH_MODIFIER,MODIFIER_CITY_PLOT_YIELDS_ADJUST_PLOT_YIELD,0,0,0,0,,PLOT_HAS_GODDES_FIRE_REQUIREMENTS,,
DIVINE_SPARK_SCIENTIST,MODIFIER_ALL_CITIES_ATTACH_MODIFIER,0,0,0,0,,CITY_FOLLOWS_PANTHEON_REQUIREMENTS,,
DIVINE_SPARK_SCIENTIST_MODIFIER,MODIFIER_SINGLE_CITY_ADJUST_GREAT_PERSON_POINT,0,0,0,0,,BUILDING_IS_LIBRARY,,
DIVINE_SPARK_WRITER,MODIFIER_ALL_CITIES_ATTACH_MODIFIER,0,0,0,0,,CITY_FOLLOWS_PANTHEON_REQUIREMENTS,,
DIVINE_SPARK_WRITER_MODIFIER,MODIFIER_SINGLE_CITY_ADJUST_GREAT_PERSON_POINT,0,0,0,0,,BUILDING_IS_AMPHITHEATER,,
GODDESS_OF_FESTIVALS_PLANTATION_CULTURE,MODIFIER_ALL_CITIES_ATTACH_MODIFIER,0,0,0,0,,CITY_FOLLOWS_PANTHEON_REQUIREMENTS,,
GODDESS_OF_FESTIVALS_PLANTATION_CULTURE_MODIFIER,MODIFIER_CITY_PLOT_YIELDS_ADJUST_PLOT_YIELD,0,0,0,0,,PLOT_HAS_PLANTATION_REQUIREMENTS,,
FERTILITY_RITES_BUILDER,MODIFIER_ALL_PLAYERS_ATTACH_MODIFIER,0,0,0,0,,PLAYER_HAS_PANTHEON_REQUIREMENTS,,
FERTILITY_RITES_BUILDER_MODIFIER,MODIFIER_PLAYER_GRANT_UNIT_IN_CAPITAL,1,0,1,0,,PLAYER_HAS_AT_LEAST_ONE_CITY_REQUIREMENTS,,
RELIGIOUS_SETTLEMENTS_SETTLER,MODIFIER_ALL_PLAYERS_ATTACH_MODIFIER,0,0,0,0,,PLAYER_HAS_PANTHEON_REQUIREMENTS,,
RELIGIOUS_SETTLEMENTS_SETTLER_MODIFIER,MODIFIER_PLAYER_GRANT_UNIT_IN_CAPITAL,1,0,1,0,,PLAYER_HAS_AT_LEAST_ONE_CITY_REQUIREMENTS,,
EARTH_GODDESS_APPEAL_FAITH,MODIFIER_ALL_CITIES_ATTACH_MODIFIER,0,0,0,0,,CITY_FOLLOWS_PANTHEON_REQUIREMENTS,,
EARTH_GODDESS_APPEAL_FAITH_MODIFIER,MODIFIER_CITY_PLOT_YIELDS_ADJUST_PLOT_YIELD,0,0,0,0,,PLOT_BREATHTAKING_APPEAL,,
INITIATION_RITES_HEALING_DISPERSAL,MODIFIER_ALL_PLAYERS_ATTACH_MODIFIER,0,0,0,0,,PLAYER_HAS_PANTHEON_REQUIREMENTS,,
INITIATION_RITES_HEALING_DISPERSAL_MODIFIER,MODIFIER_PLAYER_ADJUST_HEALING_FROM_DISPERSAL,0,0,0,0,,,,
GODDESS_OF_THE_HUNT_CAMP_PRODUCTION,MODIFIER_ALL_CITIES_ATTACH_MODIFIER,0,0,0,0,,CITY_FOLLOWS_PANTHEON_REQUIREMENTS,,
GODDESS_OF_THE_HUNT_CAMP_PRODUCTION_MODIFIER,MODIFIER_CITY_PLOT_YIELDS_ADJUST_PLOT_YIELD,0,0,0,0,,PLOT_HAS_CAMP_REQUIREMENTS,,
GOD_OF_CRAFTSMEN_STRATEGIC_IMPROVED_PRODUCTION,MODIFIER_ALL_CITIES_ATTACH_MODIFIER,0,0,0,0,,CITY_FOLLOWS_PANTHEON_REQUIREMENTS,,
GOD_OF_CRAFTSMEN_STRATEGIC_IMPROVED_PRODUCTION_MODIFIER,MODIFIER_CITY_PLOT_YIELDS_ADJUST_PLOT_YIELD,0,0,0,0,,PLOT_HAS_STRATEGIC_IMPROVED_REQUIREMENTS,,
GOD_OF_CRAFTSMEN_STRATEGIC_IMPROVED_FAITH,MODIFIER_ALL_CITIES_ATTACH_MODIFIER,0,0,0,0,,CITY_FOLLOWS_PANTHEON_REQUIREMENTS,,
GOD_OF_CRAFTSMEN_STRATEGIC_IMPROVED_FAITH_MODIFIER,MODIFIER_CITY_PLOT_YIELDS_ADJUST_PLOT_YIELD,0,0,0,0,,PLOT_HAS_STRATEGIC_IMPROVED_REQUIREMENTS,,
HOLY_WATERS_HEALING,MODIFIER_ALL_DISTRICTS_ATTACH_MODIFIER,0,0,0,0,,HOLY_WATERS_HEALING_REQUIREMENTS,,
HOLY_WATERS_HEALING_MODIFIER,MODIFIER_ALL_UNITS_ADJUST_HEAL_RELIGION_PER_TURN,0,0,0,0,,HOLY_WATERS_HEALING_MODIFIER_REQUIREMENTS,,
FEED_THE_WORLD_SHRINE_FOOD3,MODIFIER_ALL_CITIES_ATTACH_MODIFIER,0,0,0,0,,CITY_FOLLOWS_RELIGION_REQUIREMENTS,,
FEED_THE_WORLD_SHRINE_FOOD3_MODIFIER,MODIFIER_BUILDING_YIELD_CHANGE,0,0,0,0,,,,
FEED_THE_WORLD_TEMPLE_FOOD3,MODIFIER_ALL_CITIES_ATTACH_MODIFIER,0,0,0,0,,CITY_FOLLOWS_RELIGION_REQUIREMENTS,,
FEED_THE_WORLD_TEMPLE_FOOD3_MODIFIER,MODIFIER_BUILDING_YIELD_CHANGE,0,0,0,0,,,,
FEED_THE_WORLD_SHRINE_HOUSING,MODIFIER_ALL_CITIES_ATTACH_MODIFIER,0,0,0,0,,CITY_FOLLOWS_RELIGION_HAS_SHRINE,,
FEED_THE_WORLD_SHRINE_HOUSING_MODIFIER,MODIFIER_SINGLE_CITY_ADJUST_BUILDING_HOUSING,0,0,0,0,,,,
FEED_THE_WORLD_TEMPLE_HOUSING,MODIFIER_ALL_CITIES_ATTACH_MODIFIER,0,0,0,0,,CITY_FOLLOWS_RELIGION_HAS_TEMPLE,,
FEED_THE_WORLD_TEMPLE_HOUSING_MODIFIER,MODIFIER_SINGLE_CITY_ADJUST_BUILDING_HOUSING,0,0,0,0,,,,
RELIGIOUS_COMMUNITY_HOLY_SITE_TRADING,MODIFIER_ALL_CITIES_ATTACH_MODIFIER,0,0,0,0,,CITY_FOLLOWS_RELIGION_REQUIREMENTS,,
RELIGIOUS_COMMUNITY_HOLY_SITE_TRADING_MODIFIER,MODIFIER_SINGLE_CITY_ADJUST_TRADE_ROUTE_YIELD_FOR_INTERNATIONAL,0,0,0,0,,CITY_HAS_HOLY_SITE,,
RELIGIOUS_COMMUNITY_SHRINE_TRADING,MODIFIER_ALL_CITIES_ATTACH_MODIFIER,0,0,0,0,,CITY_FOLLOWS_RELIGION_REQUIREMENTS,,
RELIGIOUS_COMMUNITY_SHRINE_TRADING_MODIFIER,MODIFIER_SINGLE_CITY_ADJUST_TRADE_ROUTE_YIELD_FOR_INTERNATIONAL,0,0,0,0,,BUILDING_IS_SHRINE,,
RELIGIOUS_COMMUNITY_TEMPLE_TRADING,MODIFIER_ALL_CITIES_ATTACH_MODIFIER,0,0,0,0,,CITY_FOLLOWS_RELIGION_REQUIREMENTS,,
RELIGIOUS_COMMUNITY_TEMPLE_TRADING_MODIFIER,MODIFIER_SINGLE_CITY_ADJUST_TRADE_ROUTE_YIELD_FOR_INTERNATIONAL,0,0,0,0,,BUILDING_IS_TEMPLE_XP2,,
RELIGIOUS_COMMUNITY_TIER3_TRADING,MODIFIER_ALL_CITIES_ATTACH_MODIFIER,0,0,0,0,,CITY_FOLLOWS_RELIGION_REQUIREMENTS,,
RELIGIOUS_COMMUNITY_TIER3_TRADING_MODIFIER,MODIFIER_SINGLE_CITY_ADJUST_TRADE_ROUTE_YIELD_FOR_INTERNATIONAL,0,0,0,0,,BUILDING_IS_TIER3_HOLY_SITE,,
WORK_ETHIC_ADJACENCY_PRODUCTION_2,MODIFIER_ALL_DISTRICTS_ADJUST_YIELD_BASED_ON_ADJACENCY_BONUS,0,0,0,0,,WORK_ETHIC_ADJACENCY_PRODUCTION_REQUIREMENTS,,
WORK_ETHIC_ADJACENCY_PRODUCTION,MODIFIER_ALL_DISTRICTS_ATTACH_MODIFIER,0,0,0,0,,CITY_FOLLOWS_RELIGION_REQUIREMENTS,,
WORK_ETHIC_ADJACENCY_PRODUCTION_MODIFIER,MODIFIER_PLAYER_DISTRICT_ADJUST_YIELD_BASED_ON_ADJACENCY_BONUS,0,0,0,0,,DISTRICT_IS_HOLY_SITE,,
CROSS_CULTURAL_DIALOGUE_SCIENCE_FOLLOWER,MODIFIER_ALL_PLAYERS_ATTACH_MODIFIER,0,0,0,0,,PLAYER_FOUNDED_RELIGION_REQUIREMENTS,,
CROSS_CULTURAL_DIALOGUE_SCIENCE_FOLLOWER_MODIFIER,MODIFIER_PLAYER_RELIGION_ADD_RELIGIOUS_BELIEF_YIELD,0,0,0,0,,,,
PILGRIMAGE_FAITH_CITY,MODIFIER_ALL_PLAYERS_ATTACH_MODIFIER,0,0,0,0,,PLAYER_FOUNDED_RELIGION_REQUIREMENTS,,
PILGRIMAGE_FAITH_CITY_MODIFIER,MODIFIER_PLAYER_RELIGION_ADD_RELIGIOUS_BELIEF_YIELD,0,0,0,0,,,,
SACRED_PLACES_FAITH_WONDER_CITY,MODIFIER_ALL_PLAYERS_ATTACH_MODIFIER,0,0,0,0,,PLAYER_FOUNDED_RELIGION_REQUIREMENTS,,
SACRED_PLACES_FAITH_WONDER_CITY_MODIFIER,MODIFIER_PLAYER_RELIGION_ADD_RELIGIOUS_BELIEF_YIELD,0,0,0,0,,,,
SACRED_PLACES_CULTURE_WONDER_CITY,MODIFIER_ALL_PLAYERS_ATTACH_MODIFIER,0,0,0,0,,PLAYER_FOUNDED_RELIGION_REQUIREMENTS,,
SACRED_PLACES_CULTURE_WONDER_CITY_MODIFIER,MODIFIER_PLAYER_RELIGION_ADD_RELIGIOUS_BELIEF_YIELD,0,0,0,0,,,,
SACRED_PLACES_SCIENCE_WONDER_CITY,MODIFIER_ALL_PLAYERS_ATTACH_MODIFIER,0,0,0,0,,PLAYER_FOUNDED_RELIGION_REQUIREMENTS,,
SACRED_PLACES_SCIENCE_WONDER_CITY_MODIFIER,MODIFIER_PLAYER_RELIGION_ADD_RELIGIOUS_BELIEF_YIELD,0,0,0,0,,,,
SACRED_PLACES_GOLD_WONDER_CITY,MODIFIER_ALL_PLAYERS_ATTACH_MODIFIER,0,0,0,0,,PLAYER_FOUNDED_RELIGION_REQUIREMENTS,,
SACRED_PLACES_GOLD_WONDER_CITY_MODIFIER,MODIFIER_PLAYER_RELIGION_ADD_RELIGIOUS_BELIEF_YIELD,0,0,0,0,,,,
WORLD_CHURCH_CULTURE_FOLLOWER,MODIFIER_ALL_PLAYERS_ATTACH_MODIFIER,0,0,0,0,,PLAYER_FOUNDED_RELIGION_REQUIREMENTS,,
WORLD_CHURCH_CULTURE_FOLLOWER_MODIFIER,MODIFIER_PLAYER_RELIGION_ADD_RELIGIOUS_BELIEF_YIELD,0,0,0,0,,,,
TITHE_GOLD_CITY,MODIFIER_ALL_PLAYERS_ATTACH_MODIFIER,0,0,0,0,,PLAYER_FOUNDED_RELIGION_REQUIREMENTS,,
TITHE_GOLD_CITY_MODIFIER,MODIFIER_PLAYER_RELIGION_ADD_RELIGIOUS_BELIEF_YIELD,0,0,0,0,,,,
WARRIOR_MONKS_CULTURE_BOMB_TRIGGER_HOLY_SITE,MODIFIER_ALL_PLAYERS_ATTACH_MODIFIER,0,0,0,0,,PLAYER_FOUNDED_RELIGION_REQUIREMENTS,,
WARRIOR_MONKS_CULTURE_BOMB_TRIGGER_HOLY_SITE_MODIFIER,MODIFIER_PLAYER_ADD_CULTURE_BOMB_TRIGGER,0,0,0,0,,,,
HYDROELECTRIC_DAM_FREE_POWER,MODIFIER_SINGLE_CITY_ADJUST_FREE_POWER,0,0,0,0,,,,
BIG_BEN_INCREASE_GOLD,MODIFIER_PLAYER_MULTIPLY_TREASURY,1,0,1,0,,,,
MAHABODHI_DIPLOVP,MODIFIER_PLAYER_ADJUST_DIPLOMATIC_VICTORY_POINTS,1,0,1,0,,,,
POTALA_DIPLOVP,MODIFIER_PLAYER_ADJUST_DIPLOMATIC_VICTORY_POINTS,1,0,1,0,,,,
MERCHANT_RENEWABLE_ENERGY_HYDROELECTRIC_DAM_FREE_POWER,MODIFIER_SINGLE_CITY_ADJUST_FREE_POWER,0,0,0,0,,CITY_HAS_GOVERNOR_PROMOTION_MERCHANT_RENEWABLE_ENERGY,,
BARRACKS_ADJUST_RESOURCE_STOCKPILE_CAP,MODIFIER_PLAYER_ADJUST_RESOURCE_STOCKPILE_CAP,0,0,0,0,,,,
STABLE_ADJUST_RESOURCE_STOCKPILE_CAP,MODIFIER_PLAYER_ADJUST_RESOURCE_STOCKPILE_CAP,0,0,0,0,,,,
ARMORY_ADJUST_RESOURCE_STOCKPILE_CAP,MODIFIER_PLAYER_ADJUST_RESOURCE_STOCKPILE_CAP,0,0,0,0,,,,
MILITARY_ACADEMY_ADJUST_RESOURCE_STOCKPILE_CAP,MODIFIER_PLAYER_ADJUST_RESOURCE_STOCKPILE_CAP,0,0,0,0,,,,
CASTLE_PREVENT_MELEE_ATTACK_OUTER_DEFENSES,MODIFIER_SINGLE_CITY_ADJUST_PREVENT_MELEE_ATTACK_OUTER_DEFENSES,0,0,0,0,,,,
STAR_FORT_PREVENT_MELEE_ATTACK_OUTER_DEFENSES,MODIFIER_SINGLE_CITY_ADJUST_PREVENT_MELEE_ATTACK_OUTER_DEFENSES,0,0,0,0,,,,
STAR_FORT_PREVENT_BYPASS_OUTER_DEFENSE,MODIFIER_SINGLE_CITY_ADJUST_PREVENT_BYPASS_OUTER_DEFENSE,0,0,0,0,,,,
LIGHTHOUSE_COASTAL_CITY_HOUSING,MODIFIER_CITY_OWNER_ADJUST_BUILDING_HOUSING,0,0,0,0,,PLOT_IS_ADJACENT_TO_COAST,,
SHIPYARD_UNIMPROVED_COAST_PRODUCTION,MODIFIER_CITY_PLOT_YIELDS_ADJUST_PLOT_YIELD,0,0,0,0,,PLOT_HAS_UNIMPROVED_COAST_REQUIREMENTS,,
GOVCITYSTATES_ADJUST_FAVOR,MODIFIER_PLAYER_ADJUST_EXTRA_FAVOR_PER_TURN,0,0,0,0,,,,
PAGODA_ADJUST_FAVOR,MODIFIER_PLAYER_ADJUST_EXTRA_FAVOR_PER_TURN,0,0,0,0,,,,
ENVIRONMENTALISM_BOOST_ALL_TOURISM,MODIFIER_PLAYER_ADJUST_TOURISM,0,0,0,0,,,,
CIVIC_GRANT_FAVOR,MODIFIER_PLAYER_ADD_FAVOR,0,0,0,0,,,,
CIVIC_MITIGATION_GRANT_DIPLOVP,MODIFIER_PLAYER_ADJUST_DIPLOMATIC_VICTORY_POINTS,0,0,0,0,,,,
TRAIT_WILD_CARD_FAVOR,MODIFIER_PLAYER_ADJUST_GOVERNMENT_SLOT_TYPE_GRANT_FAVOR,0,0,0,0,,,,
TRAIT_POWERED_BUILDINGS_MORE_CULTURE,MODIFIER_PLAYER_CITIES_ADJUST_YIELD_FROM_POWERED_BUILDINGS,0,0,0,0,,,,
TRAIT_POWERED_BUILDINGS_MORE_GOLD,MODIFIER_PLAYER_CITIES_ADJUST_YIELD_FROM_POWERED_BUILDINGS,0,0,0,0,,,,
TRAIT_POWERED_BUILDINGS_MORE_PRODUCTION,MODIFIER_PLAYER_CITIES_ADJUST_YIELD_FROM_POWERED_BUILDINGS,0,0,0,0,,,,
TRAIT_POWERED_BUILDINGS_MORE_SCIENCE,MODIFIER_PLAYER_CITIES_ADJUST_YIELD_FROM_POWERED_BUILDINGS,0,0,0,0,,,,
TRAIT_POWERED_BUILDINGS_MORE_FOOD,MODIFIER_PLAYER_CITIES_ADJUST_YIELD_FROM_POWERED_BUILDINGS,0,0,0,0,,,,
TRAIT_ACCUMULATE_MORE_COAL,MODIFIER_PLAYER_CITIES_ADJUST_EXTRA_ACCUMULATION_SPECIFIC_RESOURCE,0,0,0,0,,,,
TRAIT_ACCUMULATE_MORE_IRON,MODIFIER_PLAYER_CITIES_ADJUST_EXTRA_ACCUMULATION_SPECIFIC_RESOURCE,0,0,0,0,,,,
TRAIT_ADJUST_MILITARY_ENGINEER_PRODUCTION,MODIFIER_PLAYER_UNITS_ADJUST_UNIT_PRODUCTION,0,0,0,0,,,,
TRAIT_ADJUST_MILITARY_ENGINEER_BUILDCHARGES,MODIFIER_PLAYER_TRAINED_UNITS_ADJUST_BUILDER_CHARGES,0,0,1,0,,UNIT_IS_MILITARY_ENGINEER,,
TRAIT_ADJUST_INDUSTRIAL_ZONE_BUILDINGS_PRODUCTION,MODIFIER_PLAYER_CITIES_ADJUST_BUILDING_PRODUCTION,0,0,0,0,,,,
TRAIT_ADJUST_LIGHTHOUSE_STOCKPILE_CAP,MODIFIER_PLAYER_CITIES_ADJUST_RESOURCE_STOCKPILE_CAP,0,0,0,0,,BUILDING_IS_LIGHTHOUSE,,
TRAIT_ADJUST_SHIPYARD_STOCKPILE_CAP,MODIFIER_PLAYER_CITIES_ADJUST_RESOURCE_STOCKPILE_CAP,0,0,0,0,,BUILDING_IS_SHIPYARD,,
TRAIT_ADJUST_SEAPORT_STOCKPILE_CAP,MODIFIER_PLAYER_CITIES_ADJUST_RESOURCE_STOCKPILE_CAP,0,0,0,0,,BUILDING_IS_SEAPORT,,
TRAIT_AVOID_MODERATE_FLOOD,MODIFIER_PLAYER_ADJUST_AVOID_RANDOM_EVENT,0,0,0,0,,,,
TRAIT_AVOID_MAJOR_FLOOD,MODIFIER_PLAYER_ADJUST_AVOID_RANDOM_EVENT,0,0,0,0,,,,
TRAIT_AVOID_THOUSAND_FLOOD,MODIFIER_PLAYER_ADJUST_AVOID_RANDOM_EVENT,0,0,0,0,,,,
TRAIT_MISSIONARY_SPREADS,MODIFIER_PLAYER_UNITS_RELIGIOUS_SPREADS,0,0,1,0,,UNIT_IS_MISSIONARY,,
TRAIT_AMENITIES_FOR_MIN_FOLLOWERS,MODIFIER_PLAYER_CITIES_ADJUST_RELIGION_AMENITIES_FOR_MINIMUM_FOLLOWERS,0,0,0,0,,,,
TRAIT_ORIGIN_DESTINATION_RELIGIOUS_PRESSURE,MODIFIER_PLAYER_ADJUST_TRADE_ROUTE_RELIGIOUS_PRESSURE,0,0,0,0,,,,
TRAIT_BLIZZARD_PREVENTION_SIGNIFICANT,MODIFIER_PLAYER_ADJUST_RANDOM_EVENT_NO_UNIT_DAMAGE,0,0,0,0,,,,
TRAIT_BLIZZARD_PREVENTION_CRIPPLING,MODIFIER_PLAYER_ADJUST_RANDOM_EVENT_NO_UNIT_DAMAGE,0,0,0,0,,,,
TRAIT_BLIZZARD_DOUBLE_DAMAGE_SIGNIFICANT,MODIFIER_PLAYER_ADJUST_RANDOM_EVENT_MODIFIED_DAMAGE_OPPOSING_PLAYER,0,0,0,0,,,,
TRAIT_BLIZZARD_DOUBLE_DAMAGE_CRIPPLING,MODIFIER_PLAYER_ADJUST_RANDOM_EVENT_MODIFIED_DAMAGE_OPPOSING_PLAYER,0,0,0,0,,,,
APPLY_INCREASED_DIPLO_VP_TO_PLAYER,MODIFIER_CONGRESS_ATTACH_MODIFIER_TO_PLAYERTYPE,0,0,0,0,,,,
APPLY_DECREASED_DIPLO_VP_TO_PLAYER,MODIFIER_CONGRESS_ATTACH_MODIFIER_TO_PLAYERTYPE,0,0,0,0,,,,
ADD_DIPLOMATIC_VICTORY_POINTS,MODIFIER_PLAYER_ADJUST_DIPLOMATIC_VICTORY_POINTS,0,0,0,0,,,,
SUBTRACT_DIPLOMATIC_VICTORY_POINTS,MODIFIER_PLAYER_ADJUST_DIPLOMATIC_VICTORY_POINTS,0,0,0,0,,,,
NO_CAP_LUXURY_RESOURCE,MODIFIER_PLAYER_ADJUST_NO_CAP_RESOURCE,0,0,0,0,,,,
BAN_LUXURY_RESOURCE,MODIFIER_PLAYER_ADJUST_BAN_RESOURCE,0,0,0,0,,,,
APPLY_TARGET_FREE_TRADE_ROUTE,MODIFIER_CONGRESS_ATTACH_MODIFIER_TO_PLAYERTYPE,0,0,0,0,,,,
TARGET_ADD_TRADE_ROUTE,MODIFIER_PLAYER_ADJUST_TRADE_ROUTE_CAPACITY,0,0,0,0,,,,
APPLY_INCREASES_TRADE_TO_GOLD_TO_PLAYER,MODIFIER_CONGRESS_ATTACH_MODIFIER_TO_PLAYERTYPE,0,0,0,0,,,,
INCREASES_TRADE_TO_GOLD,MODIFIER_PLAYER_CITIES_ADJUST_TRADE_ROUTE_YIELD_FROM_OTHERS,0,0,0,0,,,,
APPLY_INTERNATIONAL_MAJOR_TRADE_ROUTES_DISABLED,MODIFIER_CONGRESS_ATTACH_MODIFIER_TO_PLAYERTYPE,0,0,0,0,,,,
INTERNATIONAL_MAJOR_TRADE_ROUTES_DISABLED,MODIFIER_PLAYER_TRADE_ROUTES_DISABLE,0,0,0,0,,,,
ADD_TOURISM_FROM_GREAT_WORK_OBJECT,MODIFIER_PLAYER_ADJUST_GREAT_WORK_OBJECT_TOURISM,0,0,0,0,,,,
NO_TOURISM_FROM_GREAT_WORK_OBJECT,MODIFIER_PLAYER_ADJUST_GREAT_WORK_OBJECT_NO_TOURISM,0,0,0,0,,,,
WC_RES_DEFORESTATION_BAN,MODIFIER_PLAYERS_ADJUST_CHOP_BAN,0,0,0,0,,,,
WC_RES_DEFORESTATION_GOLD,MODIFIER_PLAYERS_ADD_CHOP_YIELD,0,0,0,0,,,,
WC_RES_RELIGIOUS_UNITS_STRENGTH,MODIFIER_MAJOR_PLAYERS_ADJUST_UNITS_RELIGIOUS_STRENGTH_BY_RELIGION_TYPE,0,0,0,0,,,,
ANYONE_CONDEMNS_FOR_FAVOR,MODIFIER_RELIGION_ADJUST_ANYONE_CONDEMNS_FAVOR,0,0,0,0,,,,
WC_RES_MEET_WMD_TARGET,MODIFIER_CONGRESS_ATTACH_MODIFIER_TO_PLAYERTYPE,0,0,0,0,,,,
PLAYERS_EQUALIZE_WMD_COUNTS,MODIFIER_PLAYERS_ADJUST_WMD_STOCKPILE,0,0,0,0,,,,
WC_RES_WMD_BAN,MODIFIER_CONGRESS_ATTACH_MODIFIER_TO_PLAYERTYPE,0,0,0,0,,,,
PLAYER_TARGET_WMD_BAN,MODIFIER_PLAYERS_ADJUST_WMD_STOCKPILE,0,0,0,0,,,,
GOVT_ADD_WILDCARD_SLOT,MODIFIER_GOVERNMENT_ADJUST_SLOTS,0,0,0,0,,,,
GOVT_LOSE_WILDCARD_SLOT,MODIFIER_GOVERNMENT_ADJUST_SLOTS,0,0,0,0,,,,
APPLY_NO_CULTURE_BORDER_EXPANSION_TO_PLAYER,MODIFIER_CONGRESS_ATTACH_MODIFIER_TO_PLAYERTYPE,0,0,0,0,,,,
NO_CULTURE_BORDER_EXPANSION,MODIFIER_PLAYER_CITIES_NO_CULTURE_BORDER_EXPANSION,0,0,0,0,,,,
APPLY_ALL_DISTRICTS_CULTURE_BOMB_TO_PLAYER,MODIFIER_CONGRESS_ATTACH_MODIFIER_TO_PLAYERTYPE,0,0,0,0,,,,
ALL_DISTRICTS_CULTURE_BOMB,MODIFIER_PLAYER_ADJUST_ALL_DISTRICTS_CULTURE_BOMB,0,0,0,0,,,,
INCREASE_PROJECT_PRODUCTION,MODIFIER_ALL_CITIES_ADJUST_PROJECT_PRODUCTION,0,0,0,0,,,,
DECREASE_PROJECT_PRODUCTION,MODIFIER_ALL_CITIES_ADJUST_PROJECT_PRODUCTION,0,0,0,0,,,,
INCREASE_DISTRICT_BUILDING_PRODUCTION,MODIFIER_ALL_CITIES_ADJUST_DISTRICT_BUILDING_PRODUCTION,0,0,0,0,,,,
BAN_DISTRICT_BUILDING,MODIFIER_MAJOR_PLAYERS_ADJUST_BANNED_CITY_PRODUCTION,0,0,0,0,,,,
INCREASE_GREAT_PERSON_POINTS,MODIFIER_MAJOR_PLAYERS_ADJUST_GREAT_PERSON_POINTS_PERCENT,0,0,0,0,,,,
NO_GREAT_PERSON_POINTS,MODIFIER_MAJOR_PLAYERS_ADJUST_NO_GREAT_PERSON_POINTS,0,0,0,0,,,,
WC_RES_BUILDING_PRODUCTION_BAN,MODIFIER_MAJOR_PLAYERS_ADJUST_BANNED_CITY_PRODUCTION,0,0,0,0,,,,
WC_RES_BUILDING_PRODUCTION_BUFF,MODIFIER_ALL_CITIES_ADJUST_BUILDING_PRODUCTION,0,0,0,0,,,,
WC_RES_MODIFY_CITY_STATE_TRADE_YIELD,MODIFIER_MAJOR_PLAYER_TRADE_ROUTE_BY_CITY_STATE_BONUS_TYPE_MODIFIER,0,0,0,0,,,,
APPLY_DISABLE_UNIQUE_SUZERAIN_BONUS_TO_MINORCIVTYPES,MODIFIER_CONGRESS_ATTACH_MODIFIER_TO_MINORCIVBONUSTYPE,0,0,0,0,,,,
WC_RES_DISABLE_UNIQUE_SUZERAIN_BONUS,MODIFIER_PLAYER_ADJUST_SUZERAIN_BONUS_DISABLED,0,0,0,0,,,,
APPLY_GROWTH_BONUS_TO_PLAYER,MODIFIER_CONGRESS_ATTACH_MODIFIER_TO_PLAYERTYPE,0,0,0,0,,,,
APPLY_GROWTH_PENALTY_TO_PLAYER,MODIFIER_CONGRESS_ATTACH_MODIFIER_TO_PLAYERTYPE,0,0,0,0,,,,
APPLY_LOYALTY_BONUS_TO_PLAYER,MODIFIER_CONGRESS_ATTACH_MODIFIER_TO_PLAYERTYPE,0,0,0,0,,,,
APPLY_LOYALTY_PENALTY_TO_PLAYER,MODIFIER_CONGRESS_ATTACH_MODIFIER_TO_PLAYERTYPE,0,0,0,0,,,,
WC_RES_CITY_GROWTH_BONUS,MODIFIER_PLAYER_CITIES_ADJUST_CITY_GROWTH,0,0,0,0,,,,
WC_RES_CITY_LOYALTY_PENALTY,MODIFIER_PLAYER_CITIES_ADJUST_IDENTITY_PER_TURN,0,0,0,0,,,,
WC_RES_CITY_GROWTH_PENALTY,MODIFIER_PLAYER_CITIES_ADJUST_CITY_GROWTH,0,0,0,0,,,,
WC_RES_CITY_LOYALTY_BONUS,MODIFIER_PLAYER_CITIES_ADJUST_IDENTITY_PER_TURN,0,0,0,0,,,,
WC_RES_UNIT_PRODUCTION_YIELD_DEBUFF,MODIFIER_PLAYERS_ADJUST_UNIT_BUFF_PRODUCTION_YIELD,0,0,0,0,,,,
WC_RES_UNIT_PRODUCTION_YIELD_BUFF,MODIFIER_PLAYERS_ADJUST_UNIT_BUFF_PRODUCTION_YIELD,0,0,0,0,,,,
WC_RES_PLAYER_GRIEVANCES_BUFF,MODIFIER_PLAYER_ADJUST_GRIEVANCE_MULTIPLIER,0,0,0,0,,,,
APPLY_PLAYER_GRIEVANCES_BUFF,MODIFIER_CONGRESS_ATTACH_MODIFIER_TO_PLAYERTYPE,0,0,0,0,,,,
WC_RES_PLAYER_GRIEVANCES_DEBUFF,MODIFIER_PLAYER_ADJUST_GRIEVANCE_MULTIPLIER,0,0,0,0,,,,
APPLY_PLAYER_GRIEVANCES_DEBUFF,MODIFIER_CONGRESS_ATTACH_MODIFIER_TO_PLAYERTYPE,0,0,0,0,,,,
WC_RES_OPERATION_CHANCE_BUFF,MODIFIER_ALL_UNITS_ADJUST_SPYING_EFFICIENCY,0,0,0,0,,,,
WC_RES_OPERATION_REMOVE,MODIFIER_ALL_UNITS_DISABLE_OPERATION,0,0,0,0,,,,
APPLY_RES_UNIT_COMBAT_BUFF,MODIFIER_ALL_UNITS_APPLY_MODIFIER_IF_PROMOTION_CLASS_MATCHES,0,0,0,0,,,,
WC_RES_UNIT_COMBAT_BUFF,MODIFIER_UNIT_ADJUST_COMBAT_STRENGTH,0,0,0,0,,,,
APPLY_RES_UNIT_COMBAT_DEBUFF,MODIFIER_ALL_UNITS_APPLY_MODIFIER_IF_PROMOTION_CLASS_MATCHES,0,0,0,0,,,,
WC_RES_UNIT_COMBAT_DEBUFF,MODIFIER_UNIT_ADJUST_COMBAT_STRENGTH,0,0,0,0,,,,
AQUEDUCT_ADDAMENITIES,MODIFIER_PLAYER_DISTRICT_ADJUST_DISTRICT_AMENITY,0,0,0,0,,DISTRICT_IS_AQUEDUCT_ADJACENT_TO_GEOTHERMAL,,
BATH_ADDAMENITIES,MODIFIER_PLAYER_DISTRICT_ADJUST_DISTRICT_AMENITY,0,0,0,0,,DISTRICT_IS_BATH_ADJACENT_TO_GEOTHERMAL,,
COTHON_HEALFRIENDLY,MODIFIER_PLAYER_UNITS_ADJUST_HEAL_PER_TURN,0,0,0,0,,CITY_HAS_COTHON_ON_UNIT_PLOT_REQUIREMENTS,,1.0
COTHON_NAVAL_UNIT_PRODUCTION,MODIFIER_CITY_ADJUST_UNIT_DOMAIN_PRODUCTION,0,0,0,0,,,,
COTHON_SETTLER_PRODUCTION,MODIFIER_PLAYER_UNITS_ADJUST_UNIT_PRODUCTION,0,0,0,0,,,,
SUGUBA_CHEAPER_BUILDING_PURCHASE,MODIFIER_SINGLE_CITY_ADJUST_ALL_BUILDINGS_PURCHASE_COST,0,0,0,0,,,,
SUGUBA_CHEAPER_DISTRICT_PURCHASE,MODIFIER_SINGLE_CITY_ADJUST_ALL_DISTRICTS_PURCHASE_COST,0,0,0,0,,,,
SUGUBA_CHEAPER_UNIT_PURCHASE,MODIFIER_SINGLE_CITY_ADJUST_ALL_UNITS_PURCHASE_COST,0,0,0,0,,,,
AID_REQUEST_GRANT_PROJECT,MODIFIER_EMERGENCY_PLAYERS_MAKE_PROJECT_AVAILABLE,0,0,0,0,,EMERGENCY_MEMBER_REQUIREMENTS,,
ISS_GRANT_PROJECT,MODIFIER_EMERGENCY_PLAYERS_MAKE_PROJECT_AVAILABLE,0,0,0,0,,EMERGENCY_MEMBER_REQUIREMENTS,,
WORLD_GAMES_GRANT_PROJECT,MODIFIER_EMERGENCY_PLAYERS_MAKE_PROJECT_AVAILABLE,0,0,0,0,,EMERGENCY_MEMBER_REQUIREMENTS,,
CLIMATE_ACCORDS_GRANT_DECOMMISSION_COAL_POWER_PLANT_PROJECT,MODIFIER_EMERGENCY_PLAYERS_MAKE_PROJECT_AVAILABLE,0,0,0,0,,EMERGENCY_MEMBER_REQUIREMENTS,,
CLIMATE_ACCORDS_GRANT_DECOMMISSION_OIL_POWER_PLANT_PROJECT,MODIFIER_EMERGENCY_PLAYERS_MAKE_PROJECT_AVAILABLE,0,0,0,0,,EMERGENCY_MEMBER_REQUIREMENTS,,
CLIMATE_ACCORDS_GRANT_DECOMMISSION_NUCLEAR_POWER_PLANT_PROJECT,MODIFIER_EMERGENCY_PLAYERS_MAKE_PROJECT_AVAILABLE,0,0,0,0,,EMERGENCY_MEMBER_REQUIREMENTS,,
NON_EMERGENCY_FIRST_PLACE_VICTORY_POINT,MODIFIER_EMERGENCY_PLAYERS_ADJUST_DIPLOMATIC_VICTORY_POINTS,0,0,0,0,,SCORED_COMPETITION_FIRST_PLACE_REQUIREMENTS,,
AID_REQUEST_FIRST_PLACE_VICTORY_POINT,MODIFIER_EMERGENCY_PLAYERS_ADJUST_DIPLOMATIC_VICTORY_POINTS,0,0,0,0,,SCORED_COMPETITION_FIRST_PLACE_REQUIREMENTS,,
AID_REQUEST_TOP_TIER_FAVOR,MODIFIER_EMERGENCY_PLAYERS_ADD_FAVOR,0,0,0,0,,SCORED_COMPETITION_TOP_TIER_REQUIREMENTS,,
AID_REQUEST_BOTTOM_TIER_FAVOR,MODIFIER_EMERGENCY_PLAYERS_ADD_FAVOR,0,0,0,0,,SCORED_COMPETITION_BOTTOM_TIER_REQUIREMENTS,,
WORLD_FAIR_FIRST_PLACE_GREAT_PERSON_POINTS,MODIFIER_EMERGENCY_PLAYERS_ADJUST_GREAT_PERSON_POINTS,0,0,0,0,,SCORED_COMPETITION_FIRST_PLACE_REQUIREMENTS,,
WORLD_FAIR_TOP_TIER_FAVOR,MODIFIER_EMERGENCY_PLAYERS_ADD_FAVOR,0,0,0,0,,SCORED_COMPETITION_TOP_TIER_REQUIREMENTS,,
WORLD_FAIR_TOP_TIER_CULTURE,MODIFIER_EMERGENCY_PLAYERS_GRANT_RANDOM_CIVIC_BOOST_BY_ERA,0,0,0,0,,SCORED_COMPETITION_TOP_TIER_REQUIREMENTS,,
WORLD_FAIR_BOTTOM_TIER_CULTURE,MODIFIER_EMERGENCY_PLAYERS_GRANT_RANDOM_CIVIC_BOOST_BY_ERA,0,0,0,0,,SCORED_COMPETITION_BOTTOM_TIER_REQUIREMENTS,,
WORLD_GAMES_FIRST_PLACE_CAMPUS_TOURISM,MODIFIER_EMERGENCY_DISTRICTS_ADJUST_TOURISM_CHANGE,0,0,0,0,,WORLD_GAMES_FIRST_PLACE_CAMPUS_TOURISM_REQUIREMENTS,,
WORLD_GAMES_TOP_TIER_FAVOR,MODIFIER_EMERGENCY_PLAYERS_ADD_FAVOR,0,0,0,0,,SCORED_COMPETITION_TOP_TIER_REQUIREMENTS,,
WORLD_GAMES_TOP_TIER_STADIUMS_TOURISM,MODIFIER_EMERGENCY_DISTRICTS_ADJUST_TOURISM_CHANGE,0,0,0,0,,WORLD_GAMES_TOP_TIER_STADIUM_TOURISM_REQUIREMENTS,,
WORLD_GAMES_TOP_TIER_AQUATIC_CENTERS_TOURISM,MODIFIER_EMERGENCY_DISTRICTS_ADJUST_TOURISM_CHANGE,0,0,0,0,,WORLD_GAMES_TOP_TIER_AQUATIC_CENTER_TOURISM_REQUIREMENTS,,
WORLD_GAMES_BOTTOM_TIER_STADIUMS_TOURISM,MODIFIER_EMERGENCY_DISTRICTS_ADJUST_TOURISM_CHANGE,0,0,0,0,,WORLD_GAMES_BOTTOM_TIER_STADIUM_TOURISM_REQUIREMENTS,,
WORLD_GAMES_BOTTOM_TIER_AQUATIC_CENTERS_TOURISM,MODIFIER_EMERGENCY_DISTRICTS_ADJUST_TOURISM_CHANGE,0,0,0,0,,WORLD_GAMES_BOTTOM_TIER_AQUATIC_CENTER_TOURISM_REQUIREMENTS,,
ISS_FIRST_PLACE_SPACESHIP_SPEED_ATTACH_MODIFIER,MODIFIER_EMERGENCY_PLAYERS_ATTACH_MODIFIER,0,0,0,0,,SCORED_COMPETITION_FIRST_PLACE_REQUIREMENTS,,
ISS_FIRST_PLACE_SPACESHIP_SPEED,MODIFIER_PLAYER_ADJUST_SCIENCE_VICTORY_POINTS_PER_TURN,0,0,0,0,,ISS_SPACESHIP_SPEED_REQUIREMENTS,,
ISS_TOP_TIER_FAVOR,MODIFIER_EMERGENCY_PLAYERS_ADD_FAVOR,0,0,0,0,,SCORED_COMPETITION_TOP_TIER_REQUIREMENTS,,
ISS_TOP_TIER_SPACE_RACE_PRODUCTION,MODIFIER_EMERGENCY_CITIES_ADJUST_SPACE_RACE_PROJECTS_PRODUCTION,0,0,0,0,,SCORED_COMPETITION_TOP_TIER_REQUIREMENTS,,
ISS_BOTTOM_TIER_SPACE_RACE_PRODUCTION,MODIFIER_EMERGENCY_CITIES_ADJUST_SPACE_RACE_PROJECTS_PRODUCTION,0,0,0,0,,SCORED_COMPETITION_BOTTOM_TIER_REQUIREMENTS,,
CLIMATE_ACCORDS_FIRST_PLACE_VICTORY_POINT,MODIFIER_EMERGENCY_PLAYERS_ADJUST_DIPLOMATIC_VICTORY_POINTS,0,0,0,0,,SCORED_COMPETITION_FIRST_PLACE_REQUIREMENTS,,
CLIMATE_ACCORDS_TOP_TIER_FAVOR,MODIFIER_EMERGENCY_PLAYERS_ADD_FAVOR,0,0,0,0,,SCORED_COMPETITION_TOP_TIER_REQUIREMENTS,,
CLIMATE_ACCORDS_BOTTOM_TIER_FAVOR,MODIFIER_EMERGENCY_PLAYERS_ADD_FAVOR,0,0,0,0,,SCORED_COMPETITION_BOTTOM_TIER_REQUIREMENTS,,
NOBEL_PRIZE_LIT_FIRST_PLACE_ROCK_BAND_CHEAPER,MODIFIER_EMERGENCY_CITIES_ADJUST_UNIT_PURCHASE_COST,0,0,0,0,,SCORED_COMPETITION_FIRST_PLACE_REQUIREMENTS,,
NOBEL_PRIZE_LIT_FIRST_PLACE_ROCK_BAND_BUFF,MODIFIER_EMERGENCY_PLAYERS_ADJUST_ROCK_BAND_UNIT_ALBUM_SALES,0,0,0,0,,SCORED_COMPETITION_FIRST_PLACE_REQUIREMENTS,,
NOBEL_PRIZE_LIT_TOP_TIER_ROCK_BAND_BUFF,MODIFIER_EMERGENCY_PLAYERS_ADJUST_ROCK_BAND_UNIT_ALBUM_SALES,0,0,0,0,,SCORED_COMPETITION_TOP_TIER_REQUIREMENTS,,
NOBEL_PRIZE_LIT_BOTTOM_TIER_ROCK_BAND_BUFF,MODIFIER_EMERGENCY_PLAYERS_ADJUST_ROCK_BAND_UNIT_ALBUM_SALES,0,0,0,0,,SCORED_COMPETITION_BOTTOM_TIER_REQUIREMENTS,,
NOBEL_PRIZE_PHY_FIRST_PLACE_TECH_BOOST,MODIFIER_EMERGENCY_PLAYERS_GRANT_RANDOM_TECHNOLOGY_BOOST_BY_ERA,0,0,0,0,,SCORED_COMPETITION_FIRST_PLACE_REQUIREMENTS,,
NOBEL_PRIZE_PHY_FIRST_PLACE_UNIVERSITY_RESOURCES,MODIFIER_EMERGENCY_CITIES_ADJUST_EXTRA_ACCUMULATION,0,0,0,0,,NOBEL_PRIZE_FIRST_PLACE_UNIVERSITY_RESOURCES_REQUIREMENTS,,
NOBEL_PRIZE_PHY_TOP_TIER_TECH_BOOST,MODIFIER_EMERGENCY_PLAYERS_GRANT_RANDOM_TECHNOLOGY_BOOST_BY_ERA,0,0,0,0,,SCORED_COMPETITION_TOP_TIER_REQUIREMENTS,,
NOBEL_PRIZE_PHY_TOP_TIER_RESEARCH_LAB_RESOURCES,MODIFIER_EMERGENCY_CITIES_ADJUST_EXTRA_ACCUMULATION,0,0,0,0,,NOBEL_PRIZE_TOP_TIER_RESEARCH_LAB_RESOURCES_REQUIREMENTS,,
NOBEL_PRIZE_PHY_BOTTOM_TIER_TECH_BOOST,MODIFIER_EMERGENCY_PLAYERS_GRANT_RANDOM_TECHNOLOGY_BOOST_BY_ERA,0,0,0,0,,SCORED_COMPETITION_BOTTOM_TIER_REQUIREMENTS,,
NOBEL_PRIZE_PEACE_FIRST_PLACE_GREAT_MUSICIAN,MODIFIER_EMERGENCY_CAPITAL_CITIES_GRANT_GREAT_PERSON_CLASS_IN_CITY,0,0,0,0,,SCORED_COMPETITION_FIRST_PLACE_REQUIREMENTS,,
NOBEL_PRIZE_PEACE_FIRST_PLACE_GREAT_SCIENTIST,MODIFIER_EMERGENCY_CAPITAL_CITIES_GRANT_GREAT_PERSON_CLASS_IN_CITY,0,0,0,0,,SCORED_COMPETITION_FIRST_PLACE_REQUIREMENTS,,
NOBEL_PRIZE_PEACE_TOP_TIER_GREAT_ENGINEER,MODIFIER_EMERGENCY_CAPITAL_CITIES_GRANT_GREAT_PERSON_CLASS_IN_CITY,0,0,0,0,,SCORED_COMPETITION_TOP_TIER_REQUIREMENTS,,
NOBEL_PRIZE_PEACE_TOP_TIER_GREAT_ARTIST,MODIFIER_EMERGENCY_CAPITAL_CITIES_GRANT_GREAT_PERSON_CLASS_IN_CITY,0,0,0,0,,SCORED_COMPETITION_TOP_TIER_REQUIREMENTS,,
NOBEL_PRIZE_PEACE_BOTTOM_TIER_GREAT_ARTIST,MODIFIER_EMERGENCY_CAPITAL_CITIES_GRANT_GREAT_PERSON_CLASS_IN_CITY,0,0,0,0,,SCORED_COMPETITION_BOTTOM_TIER_REQUIREMENTS,,
HOSTILE_EMERGENCY_GRANT_FAVOR_TO_MEMBERS,MODIFIER_EMERGENCY_PLAYERS_ADD_FAVOR,0,0,0,0,,HOSTILE_EMERGENCY_MEMBER_FAVOR_REWARDS_REQUIREMENTS,,
HOSTILE_EMERGENCY_GRANT_FAVOR_TO_TARGET,MODIFIER_EMERGENCY_PLAYERS_ADD_FAVOR,0,0,0,0,,HOSTILE_EMERGENCY_TARGET_FAVOR_REWARDS_REQUIREMENTS,,
IKKIL_PRODUCTION_WONDER,MODIFIER_ALL_CITIES_ADJUST_WONDER_ADJACENT_NATURAL_WONDER_PRODUCTION,0,0,0,0,IKKIL_REQUIREMENTS,,,
IKKIL_PRODUCTION_DISTRICT,MODIFIER_ALL_CITIES_ADJUST_DISTRICT_ADJACENT_NATURAL_WONDER_PRODUCTION,0,0,0,0,IKKIL_REQUIREMENTS,,,
PAMUKKALE_AMENITY,MODIFIER_ALL_CITIES_ADJUST_NATURAL_WONDER_AMENITY,0,0,0,0,PAMUKKALE_REQUIREMENTS,CITY_HAS_PAMUKKALE,,
PAMUKKALE_AMENITY_ENTERTAINMENT_COMPLEX,MODIFIER_ALL_CITIES_ADJUST_NATURAL_WONDER_AMENITY,0,0,0,0,PAMUKKALE_REQUIREMENTS,DISTRICT_IS_ADJACENT_TO_ENTERTAINMENT_COMPLEX,,
GOODY_DIPLOMACY_GRANT_GOVERNOR_TITLE,MODIFIER_PLAYER_ADJUST_GOVERNOR_POINTS,1,0,1,0,,,,
GOODY_DIPLOMACY_GRANT_ENVOY,MODIFIER_PLAYER_GRANT_INFLUENCE_TOKEN,1,0,1,0,,,,
GOODY_DIPLOMACY_GRANT_FAVOR,MODIFIER_PLAYER_ADD_FAVOR,1,0,1,0,,,,
GOODY_MILITARY_ADJUST_STRATEGIC_RESOURCES,MODIFIER_PLAYER_ADJUST_MOST_ADVANCED_STRATEGIC_RESOURCE_COUNT,1,0,1,0,,,,
DEMOCRACY_TRADEROUTEFOODTOALLY,MODIFIER_PLAYER_ADJUST_TRADE_ROUTE_DESTINATION_YIELD_FOR_ALLY_ROUTE,0,0,0,0,,,,
DEMOCRACY_TRADEROUTEPRODUCTIONTOALLY,MODIFIER_PLAYER_ADJUST_TRADE_ROUTE_DESTINATION_YIELD_FOR_ALLY_ROUTE,0,0,0,0,,,,
DEMOCRACY_TRADEROUTEFOODFROMALLY,MODIFIER_PLAYER_ADJUST_TRADE_ROUTE_ORIGIN_YIELD_FOR_ALLY_ROUTE,0,0,0,0,,,,
DEMOCRACY_TRADEROUTEPRODUCTIONFROMALLY,MODIFIER_PLAYER_ADJUST_TRADE_ROUTE_ORIGIN_YIELD_FOR_ALLY_ROUTE,0,0,0,0,,,,
DEMOCRACY_TRADEROUTEFOODTOSUZERAIN,MODIFIER_PLAYER_ADJUST_TRADE_ROUTE_DESTINATION_YIELD_FOR_SUZERAIN_ROUTE,0,0,0,0,,,,
DEMOCRACY_TRADEROUTEPRODUCTIONTOSUZERAIN,MODIFIER_PLAYER_ADJUST_TRADE_ROUTE_DESTINATION_YIELD_FOR_SUZERAIN_ROUTE,0,0,0,0,,,,
DEMOCRACY_TRADEROUTEFOODFROMSUZERAIN,MODIFIER_PLAYER_ADJUST_TRADE_ROUTE_ORIGIN_YIELD_FOR_SUZERAIN_ROUTE,0,0,0,0,,,,
DEMOCRACY_TRADEROUTEPRODUCTIONFROMSUZERAIN,MODIFIER_PLAYER_ADJUST_TRADE_ROUTE_ORIGIN_YIELD_FOR_SUZERAIN_ROUTE,0,0,0,0,,,,
DEMOCRACY_ALLIANCEPOINTS,MODIFIER_PLAYER_ADJUST_ALLIANCE_POINTS,0,0,0,0,,,,
COMMUNISM_SCIENCE,MODIFIER_PLAYER_CITIES_ADJUST_CITY_YIELD_MODIFIER,0,0,0,0,,,,
CORPORATE_LIBERTARIANISM_RESOURCE_EXTRACTION,MODIFIER_PLAYER_CITIES_ADJUST_EXTRA_ACCUMULATION,0,0,0,0,,,,
CORPORATE_LIBERTARIANISM_COMMERCIAL_HUB_PRODUCTION,MODIFIER_PLAYER_CITIES_ADJUST_CITY_YIELD_MODIFIER,0,0,0,0,,CITY_HAS_COMMERCIAL_HUB,,
CORPORATE_LIBERTARIANISM_ENCAMPMENT_PRODUCTION,MODIFIER_PLAYER_CITIES_ADJUST_CITY_YIELD_MODIFIER,0,0,0,0,,CITY_HAS_ENCAMPMENT,,
CORPORATE_LIBERTARIANISM_SCIENCE_PENALTY,MODIFIER_PLAYER_CITIES_ADJUST_CITY_YIELD_MODIFIER,0,0,0,0,,,,
DIGITAL_DEMOCRACY_CITY_AMENITIES,MODIFIER_PLAYER_CITIES_ADJUST_POLICY_AMENITY,0,0,0,0,,,,
DIGITAL_DEMOCRACY_DISTRICT_CULTURE,MODIFIER_PLAYER_CITIES_ADJUST_CITY_YIELD_PER_DISTRICT,0,0,0,0,,,,
DIGITAL_DEMOCRACY_COMBAT_STRENGTH_PENALTY,MODIFIER_PLAYER_UNITS_GRANT_ABILITY,0,0,0,0,,,,
SYNTHETIC_TECHNOCRACY_CITY_POWER,MODIFIER_PLAYER_CITIES_ADJUST_FREE_POWER,0,0,0,0,,,,
SYNTHETIC_TECHNOCRACY_CITY_PROJECT_PRODUCTION,MODIFIER_PLAYER_CITIES_ADJUST_ALL_PROJECTS_PRODUCTION,0,0,0,0,,,,
SYNTHETIC_TECHNOCRACY_TOURISM_PENALTY,MODIFIER_PLAYER_ADJUST_TOURISM,0,0,0,0,,,,
MONARCHY_STARFORT_FAVOR,MODIFIER_PLAYER_CITIES_ADJUST_EXTRA_FAVOR_PER_TURN,0,0,0,0,,CITY_HAS_RENAISSANCE_WALLS,,
PASHA_BONUS_UNIT_PRODUCTION,MODIFIER_GOVERNOR_ADJUST_CITY_MILITARY_UNIT_PRODUCTION,0,0,0,0,,,,
HEAD_FALCONER_ADJUST_CITY_COMBAT_BONUS,MODIFIER_CITY_ADJUST_CITY_FRIENDLY_COMBAT_BONUS,0,0,0,0,,,,
SERASKER_ADJUST_GOVERNOR_COMBAT_DISTRICT,MODIFIER_GOVERNOR_ADJUST_DISTRICT_COMBAT_BONUS,0,0,0,0,,PLOT_10_TILES_AWAY_MAX_REQUIREMENTS,,
KHASS_ODA_BASHI_ADJUST_ALLIANCE_POINTS,MODIFIER_GOVERNOR_ADJUST_ALLIANCE_POINTS,0,0,0,0,,,,
CAPOU_AGHA_ADJUST_GRIEVANCES,MODIFIER_GOVERNOR_ADJUST_GRIEVENCE_SCORE,0,0,0,0,,,,
GRAND_VIZIER_ADJUST_IGNORE_CULTURAL_IDENTITY,MODIFIER_GOVERNOR_ADJUST_IGNORE_CULTURAL_IDENTITY,0,0,0,0,,,,
GREATPERSON_GRANT_1_COAL_PER_TURN,MODIFIER_PLAYER_ADJUST_FREE_RESOURCE_EXTRACTION,1,0,1,0,,,,
GREATPERSON_RAJENDRA_CHOLA_ACTIVE,MODIFIER_PLAYER_UNITS_GRANT_ABILITY,0,0,1,0,,,,
GREATPERSON_LEIF_ERIKSON_SIGHT_BONUS,MODIFIER_PLAYER_UNITS_GRANT_ABILITY,0,0,1,0,,,,
GREATPERSON_ZHENG_HE_ACTIVE,MODIFIER_PLAYER_ADJUST_TRADE_ROUTE_CAPACITY,1,0,1,0,,,,
GREATPERSON_ZHENG_HE_GOLD_TO_INCOMING_FOREIGN_ROUTES,MODIFIER_SINGLE_CITY_ADJUST_TRADE_ROUTE_YIELD_TO_OTHERS,1,0,1,0,,,,
GREATPERSON_ZHENG_HE_GOLD_FROM_INCOMING_FOREIGN_ROUTES,MODIFIER_SINGLE_CITY_ADJUST_TRADE_ROUTE_YIELD_FROM_OTHERS,1,0,1,0,,,,
GREATPERSON_ZHENG_HE_FREE_TRADER_UNIT,MODIFIER_SINGLE_CITY_GRANT_UNIT_IN_CITY,1,0,1,0,,,,
GREATPERSON_CHING_SHIH_ACTIVE,MODIFIER_PLAYER_GRANT_YIELD,1,0,1,0,,,,
GREATPERSON_CHESTER_NIMITZ_UNIT_PROMOTION,MODIFIER_PLAYER_UNIT_GRANT_UNIT_WITH_EXPERIENCE,1,0,1,0,,,,
GREATPERSON_CHESTER_NIMITZ_ACTIVE,MODIFIER_PLAYER_CITIES_ADJUST_MILITARY_UNITS_PRODUCTION,0,0,1,0,,,,
GREATPERSON_FRANCIS_DRAKE_ACTIVE,MODIFIER_PLAYER_UNIT_GRANT_UNIT_WITH_EXPERIENCE,1,0,1,0,,,,
GREATPERSON_THEMISTOCLES_NAVAL_RANGED,MODIFIER_PLAYER_CITIES_ADJUST_MILITARY_UNITS_PRODUCTION,0,0,1,0,,,,
GREATPERSON_HORATIO_NELSON_LIGHTHOUSE,MODIFIER_SINGLE_CITY_GRANT_BUILDING_IN_CITY_IGNORE,1,0,1,0,,,,
GREATPERSON_HORATIO_NELSON_SHIPYARD,MODIFIER_SINGLE_CITY_GRANT_BUILDING_IN_CITY_IGNORE,1,0,1,0,,,,
GREATPERSON_HORATIO_NELSON_ACTIVE,MODIFIER_PLAYER_UNITS_GRANT_ABILITY,0,0,1,0,,GREATPERSON_HORATIO_NELSON_SEA_REQUIREMENTS,,
GREATPERSON_GRACE_HOPPER_ACTIVE,MODIFIER_PLAYER_GRANT_RANDOM_TECHNOLOGY,1,0,1,0,,,,
GREATPERSON_GRANT_1_OIL_PER_TURN,MODIFIER_PLAYER_ADJUST_FREE_RESOURCE_EXTRACTION,1,0,1,0,,,,
GREATPERSON_GRANT_3_OIL_PER_TURN,MODIFIER_SINGLE_CITY_ADJUST_FREE_RESOURCE_EXTRACTION,1,0,1,0,,,,
SOLAR_FARM_GENERATE_POWER,MODIFIER_SINGLE_CITY_ADJUST_FREE_POWER,0,0,0,0,,,,
WIND_FARM_GENERATE_POWER,MODIFIER_SINGLE_CITY_ADJUST_FREE_POWER,0,0,0,0,,,,
GEOTHERMAL_GENERATE_POWER,MODIFIER_SINGLE_CITY_ADJUST_FREE_POWER,0,0,0,0,,,,
OFFSHORE_WIND_FARM_GENERATE_POWER,MODIFIER_SINGLE_CITY_ADJUST_FREE_POWER,0,0,0,0,,,,
MOAI_COASTADJACENCY_CULTURE,MODIFIER_SINGLE_PLOT_ADJUST_PLOT_YIELDS,0,0,0,0,,PLOT_IS_OR_ADJACENT_TO_COAST,,
MOAI_VOLCANICADJACENCY_CULTURE,MODIFIER_SINGLE_PLOT_ADJUST_PLOT_YIELDS,0,0,0,0,,PLOT_WITHIN_ONE_HEX_TO_VOLCANIC_SOIL_REQUIREMENTS,,
NAZCA_LINE_ADJACENCY_FAITH,MODIFIER_PLAYER_ADJUST_PLOT_YIELD,0,0,0,0,,NAZCA_LINE_ADJACENCY_FAITH_REQUIREMENTS,,
NAZCA_LINE_ADJACENCY_FAITH_RESOURCE,MODIFIER_PLAYER_ADJUST_PLOT_YIELD,0,0,0,0,,NAZCA_LINE_ADJACENCY_FAITH_RESOURCE_REQUIREMENTS,,
NAZCA_LINE_ADJACENCY_FOOD_DESERT_CIVIL_SERVICE,MODIFIER_PLAYER_ADJUST_PLOT_YIELD,0,0,0,0,,NAZCA_LINE_ADJACENCY_FOOD_DESERT_CIVIL_SERVICE_REQUIREMENTS,,
NAZCA_LINE_ADJACENCY_FOOD_DESERT_HILLS_CIVIL_SERVICE,MODIFIER_PLAYER_ADJUST_PLOT_YIELD,0,0,0,0,,NAZCA_LINE_ADJACENCY_FOOD_DESERT_HILLS_CIVIL_SERVICE_REQUIREMENTS,,
NAZCA_LINE_ADJACENCY_PRODUCTION_FLAT_MASS_PRODUCTION,MODIFIER_PLAYER_ADJUST_PLOT_YIELD,0,0,0,0,,NAZCA_LINE_ADJACENCY_PRODUCTION_FLAT_MASS_PRODUCTION_REQUIREMENTS,,
MOUND_AMENITY_MAX_ONE,MODIFIER_CITY_OWNER_ADJUST_IMPROVEMENT_AMENITY,0,0,0,0,,PLAYER_DOES_NOT_HAVE_NATURAL_HISTORY_REQUIREMENTS,,1.0
MOUND_AMENITY_MAX_TWO,MODIFIER_CITY_OWNER_ADJUST_IMPROVEMENT_AMENITY,0,0,0,0,,PLAYER_HAS_NATURAL_HISTORY_REQUIREMENTS,,2.0
MOUND_HOUSING,MODIFIER_SINGLE_CITY_ADJUST_IMPROVEMENT_HOUSING,0,0,0,0,,PLAYER_HAS_CULTURAL_HERITAGE_REQUIREMENTS,,
SKI_RESORT_AMENITY,MODIFIER_CITY_OWNER_ADJUST_IMPROVEMENT_AMENITY,0,0,0,0,,,,
MOUNTAIN_PORTAL,MODIFIER_MOUNTAIN_PORTAL,0,0,0,0,,,,
SPHINX_FLOODPLAINS_CULTURE,MODIFIER_SINGLE_PLOT_ADJUST_PLOT_YIELDS,0,0,0,0,,PLOT_FLOODPLAINS_REQUIREMENTS,,
MERCHANT_RENEWABLE_ENERGY_SOLAR_FARM_GENERATE_POWER,MODIFIER_SINGLE_CITY_ADJUST_FREE_POWER,0,0,0,0,,CITY_HAS_GOVERNOR_PROMOTION_MERCHANT_RENEWABLE_ENERGY,,
MERCHANT_RENEWABLE_ENERGY_WIND_FARM_GENERATE_POWER,MODIFIER_SINGLE_CITY_ADJUST_FREE_POWER,0,0,0,0,,CITY_HAS_GOVERNOR_PROMOTION_MERCHANT_RENEWABLE_ENERGY,,
MERCHANT_RENEWABLE_ENERGY_GEOTHERMAL_GENERATE_POWER,MODIFIER_SINGLE_CITY_ADJUST_FREE_POWER,0,0,0,0,,CITY_HAS_GOVERNOR_PROMOTION_MERCHANT_RENEWABLE_ENERGY,,
MERCHANT_RENEWABLE_ENERGY_OFFSHORE_WIND_FARM_GENERATE_POWER,MODIFIER_SINGLE_CITY_ADJUST_FREE_POWER,0,0,0,0,,CITY_HAS_GOVERNOR_PROMOTION_MERCHANT_RENEWABLE_ENERGY,,
STANDARD_DIPLOMATIC_THIRD_PARTY_WARMONGER,MODIFIER_PLAYER_DIPLOMACY_THIRD_PARTY_WARMONGER,0,0,0,0,ON_TURN_STARTED,PLAYER_IS_NEW_WARMONGER_SUBJECT,,
TRAIT_FOREIGN_CONTINENT_TRADE_ROUTE,MODIFIER_PLAYER_ADJUST_TRADE_ROUTE_CAPACITY_FOUND_FOREIGN_CITY,0,0,0,0,,,,
TRAIT_FOREIGN_CONTINENT_MELEE_UNIT,MODIFIER_PLAYER_ADJUST_SETTLE_FOREIGN_CONTINENT_UNIT_CLASS,0,0,0,0,,,,
TRAIT_ROYAL_NAVY_DOCKYARD_NAVAL_UNIT,MODIFIER_PLAYER_ADJUST_DISTRICT_ADD_NAVAL_UNIT,0,0,0,0,,,,
TRAIT_HURRICANE_PREVENTION_CAT_4,MODIFIER_PLAYER_ADJUST_RANDOM_EVENT_NO_UNIT_DAMAGE,0,0,0,0,,,,
TRAIT_HURRICANE_PREVENTION_CAT_5,MODIFIER_PLAYER_ADJUST_RANDOM_EVENT_NO_UNIT_DAMAGE,0,0,0,0,,,,
TRAIT_HURRICANE_DOUBLE_DAMAGE_CAT_4,MODIFIER_PLAYER_ADJUST_RANDOM_EVENT_MODIFIED_DAMAGE_OPPOSING_PLAYER,0,0,0,0,,,,
TRAIT_HURRICANE_DOUBLE_DAMAGE_CAT_5,MODIFIER_PLAYER_ADJUST_RANDOM_EVENT_MODIFIED_DAMAGE_OPPOSING_PLAYER,0,0,0,0,,,,
TRAIT_INQUISITORS_FULL_EVICT,MODIFIER_PLAYER_UNITS_ADJUST_EVICT_PERCENT,0,0,0,0,,UNIT_IS_INQUISITOR,,
TRAIT_LEADER_PILLAGE_SCIENCE_MINES,MODIFIER_PLAYER_ADJUST_ADDITIONAL_PILLAGING,0,0,0,0,,,,
TRAIT_LEADER_PILLAGE_CULTURE_QUARRIES,MODIFIER_PLAYER_ADJUST_ADDITIONAL_PILLAGING,0,0,0,0,,,,
TRAIT_LEADER_PILLAGE_CULTURE_PLANTATIONS,MODIFIER_PLAYER_ADJUST_ADDITIONAL_PILLAGING,0,0,0,0,,,,
TRAIT_LEADER_PILLAGE_CULTURE_PASTURES,MODIFIER_PLAYER_ADJUST_ADDITIONAL_PILLAGING,0,0,0,0,,,,
TRAIT_LEADER_PILLAGE_CULTURE_CAMPS,MODIFIER_PLAYER_ADJUST_ADDITIONAL_PILLAGING,0,0,0,0,,,,
TRAIT_WITH_SHIELD_GRIEVANCE_DECAY,MODIFIER_PLAYER_ADJUST_GRIEVANCE_DECAY,0,0,0,0,,,,
MINOR_CIV_AKKAD_UNIQUE_INFLUENCE_BONUS_MELEE,MODIFIER_ALL_PLAYERS_ATTACH_MODIFIER,0,0,0,0,,PLAYER_IS_SUZERAIN,,
MINOR_CIV_AKKAD_ENABLE_WALL_ATTACK_WHOLE_GAME_MELEE,MODIFIER_PLAYER_UNITS_ADJUST_ENABLE_WALL_ATTACK_WHOLE_GAME_PROMOTION_CLASS,0,0,0,0,,,,
MINOR_CIV_AKKAD_UNIQUE_INFLUENCE_BONUS_ANTI_CAVALRY,MODIFIER_ALL_PLAYERS_ATTACH_MODIFIER,0,0,0,0,,PLAYER_IS_SUZERAIN,,
MINOR_CIV_AKKAD_ENABLE_WALL_ATTACK_WHOLE_GAME_ANTI_CAVALRY,MODIFIER_PLAYER_UNITS_ADJUST_ENABLE_WALL_ATTACK_WHOLE_GAME_PROMOTION_CLASS,0,0,0,0,,,,
MINOR_CIV_BOLOGNA_UNIQUE_INFLUENCE_GREAT_GENERAL_POINTS_BONUS,MODIFIER_ALL_PLAYERS_ATTACH_MODIFIER,0,0,0,0,,PLAYER_IS_SUZERAIN,,
MINOR_CIV_BOLOGNA_GREAT_GENERAL_POINTS_BONUS,MODIFIER_PLAYER_CITIES_ADJUST_GREAT_PERSON_POINT,0,0,0,0,,BUILDING_IS_BARRACKS_STABLE_MILITARITIC_CITY_STATE,,
MINOR_CIV_BOLOGNA_UNIQUE_INFLUENCE_GREAT_ADMIRAL_POINTS_BONUS,MODIFIER_ALL_PLAYERS_ATTACH_MODIFIER,0,0,0,0,,PLAYER_IS_SUZERAIN,,
MINOR_CIV_BOLOGNA_GREAT_ADMIRAL_POINTS_BONUS,MODIFIER_PLAYER_CITIES_ADJUST_GREAT_PERSON_POINT,0,0,0,0,,BUILDING_IS_LIGHTHOUSE,,
MINOR_CIV_BOLOGNA_UNIQUE_INFLUENCE_GREAT_ENGINEER_POINTS_BONUS,MODIFIER_ALL_PLAYERS_ATTACH_MODIFIER,0,0,0,0,,PLAYER_IS_SUZERAIN,,
MINOR_CIV_BOLOGNA_GREAT_ENGINEER_POINTS_BONUS,MODIFIER_PLAYER_CITIES_ADJUST_GREAT_PERSON_POINT,0,0,0,0,,BUILDING_IS_WORKSHOP,,
MINOR_CIV_BOLOGNA_UNIQUE_INFLUENCE_GREAT_MERCHANT_POINTS_BONUS,MODIFIER_ALL_PLAYERS_ATTACH_MODIFIER,0,0,0,0,,PLAYER_IS_SUZERAIN,,
MINOR_CIV_BOLOGNA_GREAT_MERCHANT_POINTS_BONUS,MODIFIER_PLAYER_CITIES_ADJUST_GREAT_PERSON_POINT,0,0,0,0,,BUILDING_IS_MARKET,,
MINOR_CIV_BOLOGNA_UNIQUE_INFLUENCE_GREAT_PROPHET_POINTS_BONUS,MODIFIER_ALL_PLAYERS_ATTACH_MODIFIER,0,0,0,0,,PLAYER_IS_SUZERAIN,,
MINOR_CIV_BOLOGNA_GREAT_PROPHET_POINTS_BONUS,MODIFIER_PLAYER_CITIES_ADJUST_GREAT_PERSON_POINT,0,0,0,0,,BUILDING_IS_SHRINE,,
MINOR_CIV_BOLOGNA_UNIQUE_INFLUENCE_GREAT_SCIENTIST_POINTS_BONUS,MODIFIER_ALL_PLAYERS_ATTACH_MODIFIER,0,0,0,0,,PLAYER_IS_SUZERAIN,,
MINOR_CIV_BOLOGNA_GREAT_SCIENTIST_POINTS_BONUS,MODIFIER_PLAYER_CITIES_ADJUST_GREAT_PERSON_POINT,0,0,0,0,,BUILDING_IS_LIBRARY,,
MINOR_CIV_BOLOGNA_UNIQUE_INFLUENCE_GREAT_WRITER_POINTS_BONUS,MODIFIER_ALL_PLAYERS_ATTACH_MODIFIER,0,0,0,0,,PLAYER_IS_SUZERAIN,,
MINOR_CIV_BOLOGNA_GREAT_WRITER_POINTS_BONUS,MODIFIER_PLAYER_CITIES_ADJUST_GREAT_PERSON_POINT,0,0,0,0,,BUILDING_IS_AMPHITHEATER,,
MINOR_CIV_BOLOGNA_UNIQUE_INFLUENCE_GREAT_ARTIST_POINTS_BONUS,MODIFIER_ALL_PLAYERS_ATTACH_MODIFIER,0,0,0,0,,PLAYER_IS_SUZERAIN,,
MINOR_CIV_BOLOGNA_GREAT_ARTIST_POINTS_BONUS,MODIFIER_PLAYER_CITIES_ADJUST_GREAT_PERSON_POINT,0,0,0,0,,BUILDING_IS_AMPHITHEATER,,
MINOR_CIV_BOLOGNA_UNIQUE_INFLUENCE_GREAT_MUSICIAN_POINTS_BONUS,MODIFIER_ALL_PLAYERS_ATTACH_MODIFIER,0,0,0,0,,PLAYER_IS_SUZERAIN,,
MINOR_CIV_BOLOGNA_GREAT_MUSICIAN_POINTS_BONUS,MODIFIER_PLAYER_CITIES_ADJUST_GREAT_PERSON_POINT,0,0,0,0,,BUILDING_IS_AMPHITHEATER,,
MINOR_CIV_CAHOKIA_UNIQUE_INFLUENCE_BONUS,MODIFIER_ALL_PLAYERS_ATTACH_MODIFIER,0,0,0,0,,PLAYER_IS_SUZERAIN,,
MINOR_CIV_CAHOKIA_CAN_MOUND,MODIFIER_PLAYER_ADJUST_VALID_IMPROVEMENT,0,0,0,0,,,,
MINOR_CIV_CARDIFF_UNIQUE_INFLUENCE_POWER_LIGHTHOUSE,MODIFIER_ALL_PLAYERS_ATTACH_MODIFIER,0,0,0,0,,PLAYER_IS_SUZERAIN,,
MINOR_CIV_CARDIFF_POWER_LIGHTHOUSE,MODIFIER_PLAYER_CITIES_ADJUST_FREE_POWER,0,0,0,0,,BUILDING_IS_LIGHTHOUSE,,
MINOR_CIV_CARDIFF_UNIQUE_INFLUENCE_POWER_SHIPYARD,MODIFIER_ALL_PLAYERS_ATTACH_MODIFIER,0,0,0,0,,PLAYER_IS_SUZERAIN,,
MINOR_CIV_CARDIFF_POWER_SHIPYARD,MODIFIER_PLAYER_CITIES_ADJUST_FREE_POWER,0,0,0,0,,BUILDING_IS_SHIPYARD,,
MINOR_CIV_CARDIFF_UNIQUE_INFLUENCE_POWER_SEAPORT,MODIFIER_ALL_PLAYERS_ATTACH_MODIFIER,0,0,0,0,,PLAYER_IS_SUZERAIN,,
MINOR_CIV_CARDIFF_POWER_SEAPORT,MODIFIER_PLAYER_CITIES_ADJUST_FREE_POWER,0,0,0,0,,BUILDING_IS_SEAPORT,,
MINOR_CIV_FEZ_UNIQUE_INFLUENCE_BONUS,MODIFIER_ALL_PLAYERS_ATTACH_MODIFIER,0,0,0,0,,PLAYER_IS_SUZERAIN,,
MINOR_CIV_FEZ_INITIATION_SCIENCE_POPULATION,MODIFIER_PLAYER_UNITS_ADJUST_INITIATION_YIELD_POPULATION,0,0,0,0,,,,
MINOR_CIV_HATTUSA_UNIQUE_INFLUENCE_ALUMINUM_RESOURCE_XP2,MODIFIER_ALL_PLAYERS_ATTACH_MODIFIER,0,0,0,0,,PLAYER_IS_SUZERAIN,,
MINOR_CIV_HATTUSA_ALUMINUM_RESOURCE_XP2,MODIFIER_PLAYER_ADJUST_FREE_RESOURCE_IMPORT_EXTRACTION,0,0,0,0,,PLAYER_HAS_NO_IMPROVED_ALUMINUM,,
MINOR_CIV_HATTUSA_UNIQUE_INFLUENCE_COAL_RESOURCE_XP2,MODIFIER_ALL_PLAYERS_ATTACH_MODIFIER,0,0,0,0,,PLAYER_IS_SUZERAIN,,
MINOR_CIV_HATTUSA_COAL_RESOURCE_XP2,MODIFIER_PLAYER_ADJUST_FREE_RESOURCE_IMPORT_EXTRACTION,0,0,0,0,,PLAYER_HAS_NO_IMPROVED_COAL,,
MINOR_CIV_HATTUSA_UNIQUE_INFLUENCE_HORSES_RESOURCE_XP2,MODIFIER_ALL_PLAYERS_ATTACH_MODIFIER,0,0,0,0,,PLAYER_IS_SUZERAIN,,
MINOR_CIV_HATTUSA_HORSES_RESOURCE_XP2,MODIFIER_PLAYER_ADJUST_FREE_RESOURCE_IMPORT_EXTRACTION,0,0,0,0,,PLAYER_HAS_NO_IMPROVED_HORSES,,
MINOR_CIV_HATTUSA_UNIQUE_INFLUENCE_IRON_RESOURCE_XP2,MODIFIER_ALL_PLAYERS_ATTACH_MODIFIER,0,0,0,0,,PLAYER_IS_SUZERAIN,,
MINOR_CIV_HATTUSA_IRON_RESOURCE_XP2,MODIFIER_PLAYER_ADJUST_FREE_RESOURCE_IMPORT_EXTRACTION,0,0,0,0,,PLAYER_HAS_NO_IMPROVED_IRON,,
MINOR_CIV_HATTUSA_UNIQUE_INFLUENCE_NITER_RESOURCE_XP2,MODIFIER_ALL_PLAYERS_ATTACH_MODIFIER,0,0,0,0,,PLAYER_IS_SUZERAIN,,
MINOR_CIV_HATTUSA_NITER_RESOURCE_XP2,MODIFIER_PLAYER_ADJUST_FREE_RESOURCE_IMPORT_EXTRACTION,0,0,0,0,,PLAYER_HAS_NO_IMPROVED_NITER,,
MINOR_CIV_HATTUSA_UNIQUE_INFLUENCE_OIL_RESOURCE_XP2,MODIFIER_ALL_PLAYERS_ATTACH_MODIFIER,0,0,0,0,,PLAYER_IS_SUZERAIN,,
MINOR_CIV_HATTUSA_OIL_RESOURCE_XP2,MODIFIER_PLAYER_ADJUST_FREE_RESOURCE_IMPORT_EXTRACTION,0,0,0,0,,PLAYER_HAS_NO_IMPROVED_OIL,,
MINOR_CIV_HATTUSA_UNIQUE_INFLUENCE_URANIUM_RESOURCE_XP2,MODIFIER_ALL_PLAYERS_ATTACH_MODIFIER,0,0,0,0,,PLAYER_IS_SUZERAIN,,
MINOR_CIV_HATTUSA_URANIUM_RESOURCE_XP2,MODIFIER_PLAYER_ADJUST_FREE_RESOURCE_IMPORT_EXTRACTION,0,0,0,0,,PLAYER_HAS_NO_IMPROVED_URANIUM,,
MINOR_CIV_MEXICO_CITY_UNIQUE_INFLUENCE_BONUS,MODIFIER_ALL_PLAYERS_ATTACH_MODIFIER,0,0,0,0,,PLAYER_IS_SUZERAIN,,
MINOR_CIV_MEXICO_CITY_REGIONAL_RANGE_BONUS,MODIFIER_PLAYER_DISTRICTS_ADJUST_EXTRA_REGIONAL_RANGE,0,0,0,0,,DISTRICT_IS_INDUSTRIAL_ZONE_OR_ENTERTAINMENT_COMPLEX_OR_WATER_PARK,,
MINOR_CIV_NGAZARGAMU_UNIQUE_INFLUENCE_BARRACKS_STABLE_PURCHASE_BONUS,MODIFIER_ALL_PLAYERS_ATTACH_MODIFIER,0,0,0,0,,PLAYER_IS_SUZERAIN,,
MINOR_CIV_NAZCA_UNIQUE_INFLUENCE_BONUS,MODIFIER_ALL_PLAYERS_ATTACH_MODIFIER,0,0,0,0,,PLAYER_IS_SUZERAIN,,
MINOR_CIV_NAZCA_CAN_NAZCA_LINE,MODIFIER_PLAYER_ADJUST_VALID_IMPROVEMENT,0,0,0,0,,,,
MINOR_CIV_NGAZARGAMU_BARRACKS_STABLE_PURCHASE_BONUS,MODIFIER_PLAYER_CITIES_ADJUST_UNITS_PURCHASE_COST,0,0,0,0,,BUILDING_IS_BARRACKS_STABLE_MILITARITIC_CITY_STATE,,
MINOR_CIV_NGAZARGAMU_UNIQUE_INFLUENCE_ARMORY_PURCHASE_BONUS,MODIFIER_ALL_PLAYERS_ATTACH_MODIFIER,0,0,0,0,,PLAYER_IS_SUZERAIN,,
MINOR_CIV_NGAZARGAMU_ARMORY_PURCHASE_BONUS,MODIFIER_PLAYER_CITIES_ADJUST_UNITS_PURCHASE_COST,0,0,0,0,,BUILDING_IS_ARMORY,,
MINOR_CIV_NGAZARGAMU_UNIQUE_INFLUENCE_MILITARY_ACADEMY_PURCHASE_BONUS,MODIFIER_ALL_PLAYERS_ATTACH_MODIFIER,0,0,0,0,,PLAYER_IS_SUZERAIN,,
MINOR_CIV_NGAZARGAMU_MILITARY_ACADEMY_PURCHASE_BONUS,MODIFIER_PLAYER_CITIES_ADJUST_UNITS_PURCHASE_COST,0,0,0,0,,BUILDING_IS_MILITARY_ACADEMY,,
MINOR_CIV_RAPA_NUI_UNIQUE_INFLUENCE_BONUS,MODIFIER_ALL_PLAYERS_ATTACH_MODIFIER,0,0,0,0,,PLAYER_IS_SUZERAIN,,
MINOR_CIV_RAPA_NUI_CAN_MOAI,MODIFIER_PLAYER_ADJUST_VALID_IMPROVEMENT,0,0,0,0,,,,
COMMEMORATION_AUTOMATON_GA_URANIUM_MINES,MODIFIER_PLAYER_CITIES_ADJUST_EXTRA_ACCUMULATION_SPECIFIC_RESOURCE,0,0,0,0,PLAYER_HAS_GOLDEN_AGE,,,
COMMEMORATION_AUTOMATON_GA_FREE_GDR,MODIFIER_PLAYER_GRANT_UNIT_IN_CAPITAL,1,0,0,0,PLAYER_HAS_GOLDEN_AGE,,,
COMMEMORATION_AUTOMATON_GA_FREE_URANIUM,MODIFIER_PLAYER_ADJUST_FREE_RESOURCE_EXTRACTION,0,0,0,0,PLAYER_HAS_GOLDEN_AGE,,,
COMMEMORATION_AUTOMATON_QUEST,MODIFIER_PLAYER_ADJUST_PLAYER_ERA_SCORE_PER_NON_BARBARIAN_UNIT_KILLED_BY_GDR,0,0,0,0,,PLAYER_ELIGIBLE_FOR_COMMEMORATION_QUEST,,
FUTURE_VICTORY_SCIENCE_SPACEPORT_POWER,MODIFIER_PLAYER_CITIES_ATTACH_MODIFIER,0,0,0,0,,CITY_HAS_SPACEPORT_REQUIREMENTS,,
FUTURE_VICTORY_SCIENCE_SPACEPORT_POWER_IN_CITY,MODIFIER_SINGLE_CITY_ADJUST_FREE_POWER,0,0,0,0,,,,
FUTURE_VICTORY_SCIENCE_SPACEPORT_ALUMINUM,MODIFIER_PLAYER_CITIES_ATTACH_MODIFIER,0,0,0,0,,CITY_HAS_SPACEPORT_REQUIREMENTS,,
FUTURE_COUNTER_CULTURE_TOURISM_REDUCTION,MODIFIER_PLAYER_ADJUST_OVERALL_TOURISM_REDUCTION,0,0,0,0,,,,
FUTURE_VICTORY_SCIENCE_SPACEPORT_ALUMINUM_IN_CITY,MODIFIER_SINGLE_CITY_ADJUST_FREE_RESOURCE_EXTRACTION,0,0,0,0,,,,
FUTURE_VICTORY_CULTURE_ROCK_BAND_PROMOTIONS,MODIFIER_PLAYER_UNIT_GRANT_UNLIMITED_PROMOTION_CHOICES,0,0,0,0,,,,
FUTURE_COUNTER_SCIENCE_SPY_PROMOTIONS,MODIFIER_PLAYER_UNIT_GRANT_UNLIMITED_PROMOTION_CHOICES,0,0,0,0,,,,
FUTURE_VICTORY_DOMINATION_GDR_PRODUCTION,MODIFIER_PLAYER_UNITS_ADJUST_UNIT_PRODUCTION,0,0,0,0,,,,
FUTURE_VICTORY_DOMINATION_ENEMY_TERRITORY_MOVEMENT,MODIFIER_PLAYER_UNITS_ADJUST_ENEMY_TERRITORY_START_MOVEMENT,0,0,0,0,,,,
FUTURE_COUNTER_DIPLOMATIC_REFUND_VP_RESOLUTION,MODIFIER_PLAYER_ADJUST_FAVOR_REFUND_FOR_SUCCESSFUL_RESOLUTION,0,0,0,0,,,,
FUTURE_COUNTER_DIPLOMATIC_FAVOR_PER_TURN,MODIFIER_PLAYER_ADJUST_EXTRA_FAVOR_PER_TURN,0,0,0,0,,,,
FUTURE_VICTORY_DIPLOMATIC_FAVOR_PER_TURN,MODIFIER_PLAYER_ADJUST_EXTRA_FAVOR_PER_TURN,0,0,0,0,,,,
FUTURE_COUNTER_DOMINATION_FRIENDLY_TERRITORY_STRENGTH,MODIFIER_PLAYER_UNITS_GRANT_ABILITY,0,0,0,0,,,,
EQUESTRIAN_ORDERS_ADDITIONAL_HORSES_EXTRACTION,MODIFIER_PLAYER_ADJUST_RESOURCE_ACCUMULATION_MODIFIER,0,0,0,0,,,,
EQUESTRIAN_ORDERS_ADDITIONAL_IRON_EXTRACTION,MODIFIER_PLAYER_ADJUST_RESOURCE_ACCUMULATION_MODIFIER,0,0,0,0,,,,
DRILL_MANUALS_ADDITIONAL_NITER_EXTRACTION,MODIFIER_PLAYER_ADJUST_RESOURCE_ACCUMULATION_MODIFIER,0,0,0,0,,,,
DRILL_MANUALS_ADDITIONAL_COAL_EXTRACTION,MODIFIER_PLAYER_ADJUST_RESOURCE_ACCUMULATION_MODIFIER,0,0,0,0,,,,
MUSIC_CENSORSHIP_BLOCK_ROCK_BAND_ENTRY,MODIFIER_PLAYER_ADJUST_BLOCK_UNIT_ENTRY,0,0,0,0,,,,
MUSIC_CENSORSHIP_AMENITY_LOSS,MODIFIER_PLAYER_CITIES_ADJUST_POLICY_AMENITY,0,0,0,0,,MUSIC_CENSORSHIP_10_POPULATION_REQUIREMENT,,
FLOWER_POWER_ROCKBAND_DISCOUNT,MODIFIER_PLAYER_CITIES_ADJUST_UNIT_PURCHASE_COST,0,0,0,0,,,,
FLOWER_POWER_PRODUCTION_INCREASE,MODIFIER_PLAYER_CITIES_ADJUST_UNIT_PRODUCTION_MODIFIER,0,0,0,0,,,,
FLOWER_POWER_PURCHASE_INCREASE,MODIFIER_PLAYER_CITIES_ADJUST_UNITS_PURCHASE_COST,0,0,0,0,,,,
FLOWER_POWER_TOURISM_BOMB_CONCERT_VALUE,MODIFIER_PLAYER_UNITS_ADJUST_ROCK_BAND_TOURISM_BOMB_VALUE_PEACE,0,0,0,0,,UNIT_IS_ROCK_BAND,,
CYBER_WARFARE_COMBAT_BONUS,MODIFIER_PLAYER_UNITS_GRANT_ABILITY,0,0,0,0,,,,
CYBER_WARFARE_DISABLE_GRIEVANCE_DECAY,MODIFIER_PLAYER_DISABLE_GRIEVANCE_DECAY,0,0,0,0,,,,
AUTOMATED_WORKFORCE_PROJECT_PRODUCTION,MODIFIER_PLAYER_CITIES_ADJUST_ALL_PROJECTS_PRODUCTION,0,0,0,0,,,,
AUTOMATED_WORKFORCE_AMENITY_LOSS,MODIFIER_PLAYER_CITIES_ADJUST_POLICY_AMENITY,0,0,0,0,,,,
AUTOMATED_WORKFORCE_LOYALTY_LOSS,MODIFIER_PLAYER_CITIES_ADJUST_IDENTITY_PER_TURN,0,0,0,0,,,,
DISINFORMATION_CAMPAIGN_BROADCAST_FAVOR,MODIFIER_PLAYER_ADJUST_BUILDING_FAVOR,0,0,0,0,,,,
DISINFORMATION_CAMPAIGN_SCIENCE_REDUCTION,MODIFIER_PLAYER_CITIES_ADJUST_CITY_YIELD_MODIFIER,0,0,0,0,,,,
DISINFORMATION_CAMPAIGN_CULTURE_REDUCTION,MODIFIER_PLAYER_CITIES_ADJUST_CITY_YIELD_MODIFIER,0,0,0,0,,,,
PROFESSIONAL_ARMY_UPGRADE_RESOURCE_DISCOUNT,MODIFIER_PLAYER_ADJUST_UNIT_UPGRADE_RESOURCE_COST_MODIFIER,0,0,0,0,,,,
RESOURCE_MANAGEMENT_ADDITIONAL_ALUMINUM_EXTRACTION,MODIFIER_PLAYER_ADJUST_RESOURCE_ACCUMULATION_MODIFIER,0,0,0,0,,,,
RESOURCE_MANAGEMENT_ADDITIONAL_OIL_EXTRACTION,MODIFIER_PLAYER_ADJUST_RESOURCE_ACCUMULATION_MODIFIER,0,0,0,0,,,,
FINEST_HOUR_FRIENDLY_TERRITORY,MODIFIER_PLAYER_UNITS_GRANT_ABILITY,0,0,0,0,,,,
THIRDALTERNATIVE_MILITARY_ACADEMY_CULTURE_MODIFIER,MODIFIER_PLAYER_CITIES_ADJUST_BUILDING_YIELD_CHANGE,0,0,0,0,,,,
THIRDALTERNATIVE_RESEARCH_LAB_CULTURE_MODIFIER,MODIFIER_PLAYER_CITIES_ADJUST_BUILDING_YIELD_CHANGE,0,0,0,0,,,,
THIRDALTERNATIVE_COAL_POWER_PLANT_CULTURE_MODIFIER,MODIFIER_PLAYER_CITIES_ADJUST_BUILDING_YIELD_CHANGE,0,0,0,0,,,,
THIRDALTERNATIVE_FOSSIL_FUEL_POWER_PLANT_CULTURE_MODIFIER,MODIFIER_PLAYER_CITIES_ADJUST_BUILDING_YIELD_CHANGE,0,0,0,0,,,,
THIRDALTERNATIVE_POWER_PLANT_CULTURE_MODIFIER,MODIFIER_PLAYER_CITIES_ADJUST_BUILDING_YIELD_CHANGE,0,0,0,0,,,,
THIRDALTERNATIVE_COAL_POWER_PLANT_GOLD_MODIFIER,MODIFIER_PLAYER_CITIES_ADJUST_BUILDING_YIELD_CHANGE,0,0,0,0,,,,
THIRDALTERNATIVE_FOSSIL_FUEL_POWER_PLANT_GOLD_MODIFIER,MODIFIER_PLAYER_CITIES_ADJUST_BUILDING_YIELD_CHANGE,0,0,0,0,,,,
COLLECTIVIZATION_INTERNAL_TRADE_PRODUCTION,MODIFIER_PLAYER_ADJUST_TRADE_ROUTE_YIELD_FOR_DOMESTIC,0,0,0,0,,,,
DEFENSEOFMOTHERLAND_MODERN_SUPPORT_PRODUCTION,MODIFIER_PLAYER_CITIES_ADJUST_UNIT_TAG_ERA_PRODUCTION,0,0,0,0,,,,
DEFENSEOFMOTHERLAND_ATOMIC_SUPPORT_PRODUCTION,MODIFIER_PLAYER_CITIES_ADJUST_UNIT_TAG_ERA_PRODUCTION,0,0,0,0,,,,
DEFENSEOFMOTHERLAND_INFORMATION_SUPPORT_PRODUCTION,MODIFIER_PLAYER_CITIES_ADJUST_UNIT_TAG_ERA_PRODUCTION,0,0,0,0,,,,
VETERANCY_HARBOR_PRODUCTION,MODIFIER_PLAYER_CITIES_ADJUST_DISTRICT_PRODUCTION,0,0,0,0,,,,
VETERANCY_HARBOR_BUILDINGS_PRODUCTION,MODIFIER_PLAYER_CITIES_ADJUST_BUILDING_PRODUCTION,0,0,0,0,,,,
RAJ_CITY_TRADE_ROUTE_GOLD,MODIFIER_PLAYER_ADJUST_TRADE_ROUTES_CITY_STATE_YIELD,0,0,0,0,,,,
PUBLICTRANSPORT_NEIGHBORHOOD_GOLD,MODIFIER_PLAYER_DISTRICTS_ADJUST_YIELD_CHANGE,0,0,0,0,,DISTRICT_IS_NEIGHBORHOOD,,
PUBLICTRANSPORT_CHARMING_NEIGHBORHOOD_FOOD,MODIFIER_PLAYER_DISTRICTS_ADJUST_YIELD_CHANGE,0,0,0,0,,DISTRICT_IS_CHARMING_NEIGHBORHOOD,,
PUBLICTRANSPORT_CHARMING_NEIGHBORHOOD_PRODUCTION,MODIFIER_PLAYER_DISTRICTS_ADJUST_YIELD_CHANGE,0,0,0,0,,DISTRICT_IS_CHARMING_NEIGHBORHOOD,,
PUBLICTRANSPORT_BREATHTAKING_NEIGHBORHOOD_FOOD,MODIFIER_PLAYER_DISTRICTS_ADJUST_YIELD_CHANGE,0,0,0,0,,DISTRICT_IS_BREATHTAKING_NEIGHBORHOOD,,
PUBLICTRANSPORT_BREATHTAKING_NEIGHBORHOOD_PRODUCTION,MODIFIER_PLAYER_DISTRICTS_ADJUST_YIELD_CHANGE,0,0,0,0,,DISTRICT_IS_BREATHTAKING_NEIGHBORHOOD,,
FRESCOES_ARTIST_ARTMUSEUM,MODIFIER_PLAYER_CITIES_ADJUST_GREAT_PERSON_POINT,0,0,0,0,,BUILDING_IS_MUSEUM_ART,,
SYMPHONIES_MUSICIAN_BROADCASTCENTER,MODIFIER_PLAYER_CITIES_ADJUST_GREAT_PERSON_POINT,0,0,0,0,,BUILDING_IS_BROADCAST_CENTER,,
INVENTION_ENGINEER_WORKSHOP,MODIFIER_PLAYER_CITIES_ADJUST_GREAT_PERSON_POINT,0,0,0,0,,BUILDING_IS_WORKSHOP,,
INVENTION_GREATENGINEERPOINTS,MODIFIER_PLAYER_ADJUST_GREAT_PERSON_POINTS,0,0,0,0,,,,
LAISSEZFAIRE_MERCHANT_BANK,MODIFIER_PLAYER_CITIES_ADJUST_GREAT_PERSON_POINT,0,0,0,0,,BUILDING_IS_BANK,,
LAISSEZFAIRE_MERCHANT_STOCKEXCHANGE,MODIFIER_PLAYER_CITIES_ADJUST_GREAT_PERSON_POINT,0,0,0,0,,BUILDING_IS_STOCK_EXCHANGE,,
LAISSEZFAIRE_ADMIRAL_SHIPYARD,MODIFIER_PLAYER_CITIES_ADJUST_GREAT_PERSON_POINT,0,0,0,0,,BUILDING_IS_SHIPYARD,,
LAISSEZFAIRE_ADMIRAL_SEAPORT,MODIFIER_PLAYER_CITIES_ADJUST_GREAT_PERSON_POINT,0,0,0,0,,BUILDING_IS_SEAPORT,,
SCIENCEFOUNDATION_SCIENTIST_UNIVERSITY,MODIFIER_PLAYER_CITIES_ADJUST_GREAT_PERSON_POINT,0,0,0,0,,BUILDING_IS_UNIVERSITY,,
SCIENCEFOUNDATION_SCIENTIST_RESEARCHLAB,MODIFIER_PLAYER_CITIES_ADJUST_GREAT_PERSON_POINT,0,0,0,0,,BUILDING_IS_RESEARCH_LAB,,
SCIENCEFOUNDATION_ENGINEER_FACTORY,MODIFIER_PLAYER_CITIES_ADJUST_GREAT_PERSON_POINT,0,0,0,0,,BUILDING_IS_FACTORY,,
SCIENCEFOUNDATION_ENGINEER_POWERPLANT,MODIFIER_PLAYER_CITIES_ADJUST_GREAT_PERSON_POINT,0,0,0,0,,BUILDING_IS_POWER_PLANT,,
MILITARYORGANIZATION_GREATGENERAL_ARMORY,MODIFIER_PLAYER_CITIES_ADJUST_GREAT_PERSON_POINT,0,0,0,0,,BUILDING_IS_ARMORY,,
MILITARYORGANIZATION_GREATGENERAL_MILITARYACADEMY,MODIFIER_PLAYER_CITIES_ADJUST_GREAT_PERSON_POINT,0,0,0,0,,BUILDING_IS_MILITARY_ACADEMY,,
MILITARYORGANIZATION_GREATGENERAL_MOVEMENT,MODIFIER_PLAYER_UNITS_GRANT_ABILITY,0,0,0,0,,UNIT_IS_GREAT_GENERAL,,
PROJECT_COMPLETION_FAVOR_SEQUESTRATION,MODIFIER_PLAYER_ADD_FAVOR,0,0,0,0,,,,
PROJECT_COMPLETION_CARBON_SEQUESTRATION,MODIFIER_PLAYER_ADD_SEQUESTERED_CARBON,0,0,0,0,,,,
PROJECT_COMPLETION_EXOPLANET_SCIENCE_VP,MODIFIER_PLAYER_ADJUST_SCIENCE_VICTORY_POINTS_PER_TURN,0,0,0,0,,,,
PROJECT_COMPLETION_ORBITAL_LASER_SCIENCE_VP,MODIFIER_PLAYER_ADJUST_SCIENCE_VICTORY_POINTS_PER_TURN,0,0,0,0,,,,
PROJECT_COMPLETION_TERRESTRIAL_LASER_SCIENCE_VP,MODIFIER_PLAYER_ADJUST_SCIENCE_VICTORY_POINTS_PER_TURN,0,0,0,0,,CITY_IS_POWERED,,
PROJECT_COMPLETION_TERRESTRIAL_LASER_REQUIRED_POWER,MODIFIER_SINGLE_CITY_ADJUST_REQUIRED_POWER,0,0,0,0,,,,
PROJECT_COMPLETION_RECOMMISSION_REACTOR,MODIFIER_SINGLE_CITY_RECOMMISSION_REACTOR,0,0,1,0,,,,
PROJECT_COMPLETION_SEND_AID_TO_AID_REQUESTS,MODIFIER_PLAYER_SEND_GOLD_TO_EMERGENCIES_OF_TYPE,0,0,1,0,,,,
PROJECT_COMPLETION_SEND_AID_TO_MILITARY_AID_REQUESTS,MODIFIER_PLAYER_SEND_GOLD_TO_EMERGENCIES_OF_TYPE,0,0,1,0,,,,
GDR_AA_DEFENSE_UPGRADE,MODIFIER_PLAYER_UNITS_GRANT_PROMOTION,0,0,0,0,,GDR_AA_DEFENSE_UPGRADE_REQUIREMENTS,,
GDR_SIEGE_LASER_UPGRADE,MODIFIER_PLAYER_UNITS_GRANT_PROMOTION,0,0,0,0,,GDR_SIEGE_LASER_UPGRADE_REQUIREMENTS,,
GDR_BONUS_MOVEMENT_UPGRADE,MODIFIER_PLAYER_UNITS_GRANT_PROMOTION,0,0,0,0,,GDR_BONUS_MOVEMENT_UPGRADE_REQUIREMENTS,,
GDR_ARMOR_UPGRADE,MODIFIER_PLAYER_UNITS_GRANT_PROMOTION,0,0,0,0,,GDR_ARMOR_UPGRADE_REQUIREMENTS,,
UNIT_CO2_REDUCTION,MODIFIER_PLAYER_ADJUST_CO2_GENERATION_REDUCTION,0,0,0,0,,,,
TECH_SEASTEADS_DIPLOVP,MODIFIER_PLAYER_ADJUST_DIPLOMATIC_VICTORY_POINTS,0,0,0,0,,,,
FUTURE_TECH_PROJECT_PRODUCTION,MODIFIER_PLAYER_CITIES_ADJUST_ALL_PROJECTS_PRODUCTION,0,0,0,0,,,,
GUIDE_MOVEMENT_AOE_RELIGIOUS_XP2,MODIFIER_PLAYER_UNITS_GRANT_ABILITY,0,0,0,0,,AOE_RELIGIOUS_REQUIREMENTS_XP2,,
SAGE_COMBAT_AOE_RELIGIOUS_XP2,MODIFIER_PLAYER_UNITS_GRANT_ABILITY,0,0,0,0,,AOE_RELIGIOUS_REQUIREMENTS_XP2,,
GURU_MOVEMENT_XP2,MODIFIER_PLAYER_UNIT_ADJUST_MOVEMENT,0,0,0,0,,AOE_GURU_REQUIREMENTS_XP2,,
GURU_STRENGTH_XP2,MODIFIER_UNIT_ADJUST_COMBAT_STRENGTH,0,0,0,0,,AOE_GURU_REQUIREMENTS_XP2,,
GDR_WMD_RESISTANCE,MODIFIER_PLAYER_UNIT_ADJUST_WMD_RESISTANCE,0,0,0,0,,,,
GDR_FIGHT_WHILE_EMBARKED,MODIFIER_SINGLE_UNIT_ADJUST_FIGHT_WHILE_EMBARKED,0,0,0,0,,,,
GDR_VETERAN_NAME,MODIFIER_PLAYER_UNIT_ADJUST_EXPERIENCE_LEVEL,0,0,0,0,,,,
FINEST_HOUR_FRIENDLY_BUFF,MODIFIER_UNIT_ADJUST_COMBAT_STRENGTH,0,0,0,0,,COSSACK_PLOT_IS_OWNER_OR_ADJACENT_REQUIREMENTS,,
DIGITAL_DEMOCRACY_DEBUFF,MODIFIER_UNIT_ADJUST_COMBAT_STRENGTH,0,0,0,0,,,,
GLOBAL_COALITION_FRIENDLY_TERRITORY,MODIFIER_UNIT_ADJUST_COMBAT_STRENGTH,0,0,0,0,,FRIENDLY_TERRITORY_REQUIREMENTS,,
CYBER_WARFARE_INFO_FUTURE_BUFF,MODIFIER_UNIT_ADJUST_COMBAT_STRENGTH,0,0,0,0,,CYBER_WARFARE_REQUIREMENTS,,
VARU_NEGATIVE_COMBAT,MODIFIER_ALL_UNITS_ATTACH_MODIFIER,0,0,0,0,,VARU_ADJACENT_AT_WAR_REQUIREMENTS,,1.0
VARU_NEGATIVE_COMBAT_MODIFIER,MODIFIER_UNIT_ADJUST_COMBAT_STRENGTH,0,0,0,0,,,,1.0
ENABLE_WALL_ATTACK_MELEE,MODIFIER_PLAYER_UNIT_ADJUST_ENABLE_WALL_ATTACK_PROMOTION_CLASS,0,0,0,0,,,,
ENABLE_WALL_ATTACK_ANTI_CAVALRY,MODIFIER_PLAYER_UNIT_ADJUST_ENABLE_WALL_ATTACK_PROMOTION_CLASS,0,0,0,0,,,,
BYPASS_WALLS_MELEE,MODIFIER_PLAYER_UNIT_ADJUST_BYPASS_WALLS_PROMOTION_CLASS,0,0,0,0,,,,
BYPASS_WALLS_ANTI_CAVALRY,MODIFIER_PLAYER_UNIT_ADJUST_BYPASS_WALLS_PROMOTION_CLASS,0,0,0,0,,,,
CHOLA_NAVAL_UNITS_COMBAT_STRENGTH,MODIFIER_UNIT_ADJUST_COMBAT_STRENGTH,0,0,0,0,,,,
ERIKSON_NAVAL_UNITS_SIGHT_RANGE,MODIFIER_PLAYER_UNIT_ADJUST_SIGHT,0,0,0,0,,,,
MILITARYORGANIZATION_MOVEMENT,MODIFIER_PLAYER_UNIT_ADJUST_MOVEMENT,0,0,0,0,,,,
ROCKBAND_ALBUM_COVER_ART,MODIFIER_PLAYER_UNIT_ADJUST_ROCK_BAND_LEVEL_DISTRICT,0,0,0,0,,,,
ROCKBAND_ARENA_ROCK,MODIFIER_PLAYER_UNIT_ADJUST_ROCK_BAND_LEVEL_DISTRICT,0,0,0,0,,,,
ROCKBAND_ARENA_ROCK_CARNIVAL,MODIFIER_PLAYER_UNIT_ADJUST_ROCK_BAND_LEVEL_DISTRICT,0,0,0,0,,,,
ROCKBAND_GLAM_ROCK,MODIFIER_PLAYER_UNIT_ADJUST_ROCK_BAND_LEVEL_DISTRICT,0,0,0,0,,,,
ROCKBAND_GLAM_ROCK_ACROPOLIS,MODIFIER_PLAYER_UNIT_ADJUST_ROCK_BAND_LEVEL_DISTRICT,0,0,0,0,,,,
ROCKBAND_GOES_TO,MODIFIER_PLAYER_UNIT_ADJUST_TOURISM_BOMB_RANGE,0,0,0,0,,,,
ROCKBAND_INDIE,MODIFIER_SINGLE_UNIT_ADJUST_POST_TOURISM_BOMB_LOYALTY,0,0,0,0,,,,
ROCKBAND_MUSIC_FESTIVAL_TOURISM_BOMB,MODIFIER_PLAYER_UNIT_ADJUST_TOURISM_BOMB_NATIONAL_PARK,0,0,0,0,,,,
ROCKBAND_MUSIC_FESTIVAL_LEVEL,MODIFIER_PLAYER_UNIT_ADJUST_ROCK_BAND_LEVEL_NATIONAL_PARK,0,0,0,0,,,,
ROCKBAND_MUSIC_FESTIVAL_TOURISM_BOMB_NATURAL_WONDER,MODIFIER_PLAYER_UNIT_ADJUST_TOURISM_BOMB_NATURAL_WONDER,0,0,0,0,,,,
ROCKBAND_MUSIC_FESTIVAL_LEVEL_NATURAL_WONDER,MODIFIER_PLAYER_UNIT_ADJUST_ROCK_BAND_LEVEL_NATURAL_WONDER,0,0,0,0,,,,
ROCKBAND_POP,MODIFIER_PLAYER_UNIT_ADJUST_TOURISM_BOMB_ADDITIONAL_YIELD,0,0,0,0,,,,
ROCKBAND_REGGAE_ROCK,MODIFIER_PLAYER_UNIT_ADJUST_ROCK_BAND_LEVEL_DISTRICT,0,0,0,0,,,,
ROCKBAND_REGGAE_ROCK_CARNIVAL,MODIFIER_PLAYER_UNIT_ADJUST_ROCK_BAND_LEVEL_DISTRICT,0,0,0,0,,,,
ROCKBAND_RELIGIOUS_ROCK,MODIFIER_PLAYER_UNIT_ADJUST_TOURISM_BOMB_CONVERT_CITY,0,0,0,0,,,,
ROCKBAND_ROADIES,MODIFIER_PLAYER_UNIT_ADJUST_MOVEMENT,0,0,0,0,,,,
ROCKBAND_SPACE_ROCK_TOURISM_BOMB,MODIFIER_PLAYER_UNIT_ADJUST_TOURISM_BOMB_DISTRICT,0,0,0,0,,,,
ROCKBAND_SPACE_ROCK_LEVEL,MODIFIER_PLAYER_UNIT_ADJUST_ROCK_BAND_LEVEL_DISTRICT,0,0,0,0,,,,
ROCKBAND_SPACE_ROCK_CAMPUS,MODIFIER_PLAYER_UNIT_ADJUST_ROCK_BAND_LEVEL_DISTRICT,0,0,0,0,,,,
ROCKBAND_SPACE_ROCK_CAMPUS_MODIFIER,MODIFIER_PLAYER_UNIT_ADJUST_TOURISM_BOMB_DISTRICT,0,0,0,0,,,,
ROCKBAND_SURF_ROCK_TOURISM_BOMB,MODIFIER_PLAYER_UNIT_ADJUST_TOURISM_BOMB_IMPROVEMENT,0,0,0,0,,,,
ROCKBAND_SURF_ROCK_LEVEL,MODIFIER_PLAYER_UNIT_ADJUST_ROCK_BAND_LEVEL_IMPROVEMENT,0,0,0,0,,,,
ROCKBAND_SURF_ROCK_HARBOR,MODIFIER_PLAYER_UNIT_ADJUST_ROCK_BAND_LEVEL_DISTRICT,0,0,0,0,,,,
ROCKBAND_SURF_ROCK_HARBOR_MODIFIER,MODIFIER_PLAYER_UNIT_ADJUST_TOURISM_BOMB_DISTRICT,0,0,0,0,,,,
ROCKBAND_SURF_ROCK_ROYAL_NAVY_DOCKYARD,MODIFIER_PLAYER_UNIT_ADJUST_ROCK_BAND_LEVEL_DISTRICT,0,0,0,0,,,,
ROCKBAND_SURF_ROCK_ROYAL_NAVY_DOCKYARD_MODIFIER,MODIFIER_PLAYER_UNIT_ADJUST_TOURISM_BOMB_DISTRICT,0,0,0,0,,,,
SPY_SATCHEL_CHARGES,MODIFIER_PLAYER_UNIT_ADJUST_SPY_OPERATION_CHANCE,0,0,0,0,,,,
SPY_SURVEILLANCE_ENTIRE_CITY,MODIFIER_SINGLE_UNIT_ADJUST_SPY_COUNTERSPY_ENTIRE_CITY,0,0,0,0,,,,
SPY_SURVEILLANCE_ADJACENT_LEVEL,MODIFIER_SINGLE_UNIT_ADJUST_SPY_COUNTERSPY_ADJACENT_LEVEL_BOOST,0,0,0,0,,,,
SPY_POLYGRAPH,MODIFIER_PLAYER_UNIT_BOOST_ALL_SPIES,0,0,0,0,,,,
GDR_AA_DEFENSE,MODIFIER_SINGLE_UNIT_ADJUST_ANTI_AIR_STRENGTH_MODIFIER,0,0,0,0,,,,
GDR_SIEGE_LASER,MODIFIER_PLAYER_UNIT_IGNORE_RANGED_VS_DISTRICT_PENALTY,0,0,0,0,,,,
GDR_SIEGE_LASER_RANGE_STR,MODIFIER_UNIT_ADJUST_COMBAT_STRENGTH,0,0,0,0,,SIEGE_LASER_STRENGTH_REQUIREMENTS,,
GDR_BONUS_MOVEMENT,MODIFIER_PLAYER_UNIT_ADJUST_MOVEMENT,0,0,0,0,,,,
GDR_JUMP_ABILITY,MODIFIER_SINGLE_UNIT_ADJUST_JUMP_DISTANCE,0,0,0,0,,,,
GDR_ARMOR_DEFENSES,MODIFIER_UNIT_ADJUST_COMBAT_STRENGTH,0,0,0,0,,GDR_DEFENSE_UPGRADE_REQUIREMENTS,,
AGENDA_ANGEVIN_EMPIRE,MODIFIER_PLAYER_DIPLOMACY_AGENDA_ANGEVIN_EMPIRE,0,0,0,0,ON_TURN_STARTED,PLAYER_IS_MAJOR_CIV_KNOWN_10_TURNS,,
AGENDA_CANADIAN_EXPEDITIONARY,MODIFIER_PLAYER_DIPLOMACY_AGENDA_CANADIAN_EXPEDITIONARY,0,0,0,0,ON_TURN_STARTED,PLAYER_IS_MAJOR_CIV_KNOWN_10_TURNS,,
AGENDA_KAITIAKITANGA,MODIFIER_PLAYER_DIPLOMACY_AGENDA_KAITIAKITANGA,0,0,0,0,ON_TURN_STARTED,PLAYER_IS_MAJOR_CIV_KNOWN_10_TURNS,,
AGENDA_LAWGIVER,MODIFIER_PLAYER_DIPLOMACY_AGENDA_LAWGIVER,0,0,0,0,ON_TURN_STARTED,PLAYER_IS_MAJOR_CIV_KNOWN_10_TURNS,,
AGENDA_LORD_OF_MINES,MODIFIER_PLAYER_DIPLOMACY_AGENDA_LORD_OF_MINES,0,0,0,0,ON_TURN_STARTED,PLAYER_IS_MAJOR_CIV_KNOWN_10_TURNS,,
AGENDA_PATRON_OF_ARTS,MODIFIER_PLAYER_DIPLOMACY_AGENDA_PATRON_OF_ARTS,0,0,0,0,ON_TURN_STARTED,PLAYER_IS_MAJOR_CIV_KNOWN_10_TURNS,,
AGENDA_RAVEN_BANNER,MODIFIER_PLAYER_DIPLOMACY_AGENDA_RAVEN_BANNER,0,0,0,0,ON_TURN_STARTED,PLAYER_IS_MAJOR_CIV_KNOWN_10_TURNS,,
AGENDA_SAPA_INCA_LOW_MOUNTAIN_CITIES,MODIFIER_PLAYER_DIPLOMACY_SIMPLE_MODIFIER,0,0,0,0,,PLAYER_HAS_LOW_MOUNTAIN_CITIES,,
AGENDA_SAPA_INCA_HIGH_MOUNTAIN_CITIES,MODIFIER_PLAYER_DIPLOMACY_SIMPLE_MODIFIER,0,0,0,0,,PLAYER_HAS_HIGH_MOUNTAIN_CITIES,,
AGENDA_SICILIAN_WARS_LOW_COASTAL_CITES,MODIFIER_PLAYER_DIPLOMACY_SIMPLE_MODIFIER,0,0,0,0,,PLAYER_HAS_LOW_COASTAL_CITIES,,
AGENDA_SICILIAN_WARS_HIGH_COASTAL_CITIES,MODIFIER_PLAYER_DIPLOMACY_SIMPLE_MODIFIER,0,0,0,0,,PLAYER_HAS_HIGH_COASTAL_CITIES,,
QUEENS_BIBLIOTHEQUE_GRANT_GOVERNOR_POINTS,MODIFIER_ALL_PLAYERS_ADJUST_GOVERNOR_POINTS,0,0,1,0,,PLAYER_HAS_QUEENS_BIBLIOTHEQUE_REQUIREMENTS,,
THERMALBATH_ADDTOURISM,MODIFIER_PLAYER_DISTRICT_ADJUST_TOURISM_CHANGE,0,0,0,0,,CITY_HAS_1_OR_MORE_GEOTHERMALFISSURE_REQUIREMENTS,,
THERMALBATH_ADDAMENITIES,MODIFIER_SINGLE_CITY_ADJUST_ENTERTAINMENT,0,0,0,0,,CITY_HAS_1_OR_MORE_GEOTHERMALFISSURE_REQUIREMENTS,,
MARAE_FAITH_FEATURES,MODIFIER_CITY_PLOT_YIELDS_ADJUST_PLOT_YIELD,0,0,0,0,,PLOT_HAS_ANY_PASSABLE_FEATURE_REQUIREMENTS,,
MARAE_CULTURE_FEATURES,MODIFIER_CITY_PLOT_YIELDS_ADJUST_PLOT_YIELD,0,0,0,0,,PLOT_HAS_ANY_PASSABLE_FEATURE_REQUIREMENTS,,
MARAE_TOURISM_FEATURES,MODIFIER_SINGLE_CITY_ADJUST_TOURISM_PER_FEATURE,0,0,0,0,,MAORI_MARAE_FLIGHT_REQUIREMENT,,
GRANDBAZAAR_AMENITIES_LUXURIES,MODIFIER_SINGLE_CITY_ADJUST_EXTRA_AMENITY_FOR_LUXURY_DIVERSITY,0,0,0,0,,,,
GRANDBAZAAR_ACCUMULATION_STRATEGICS,MODIFIER_SINGLE_CITY_ADJUST_EXTRA_ACCUMULATION_FOR_STRATEGIC_DIVERSITY,0,0,0,0,,,,
GOLDENGATE_CITYAPPEAL,MODIFIER_SINGLE_CITY_ADJUST_CITY_APPEAL,0,0,0,0,,,,
GOLDENGATE_GRANT_ROUTES,MODIFIER_GRANT_ROUTE_IN_RADIUS,0,0,0,0,,,,
GOLDENGATE_IMPROVEMENT_TOURISM,MODIFIER_SINGLE_CITY_ADJUST_IMPROVEMENT_TOURISM,0,0,0,0,,,,
GOLDENGATE_NATIONAL_PARK_TOURISM,MODIFIER_SINGLE_CITY_ADJUST_NATIONAL_PARK_TOURISM,0,0,0,0,,,,
GOLDENGATE_REMOVE_CLIFFS,MODIFIER_MAP_REMOVE_CLIFFS_IN_DIRECTION,0,0,0,0,,,,
GREATBATH_FLOODFAITH,MODIFIER_SINGLE_CITY_ADJUST_YIELD_FOR_FLOOD,0,0,0,0,,,,
MACHUPICCHU_COMMERCIALHUB_GRASSMOUNTAIN_GOLD,MODIFIER_PLAYER_CITIES_TERRAIN_ADJACENCY,0,0,0,0,,,,
MACHUPICCHU_COMMERCIALHUB_PLAINSMOUNTAIN_GOLD,MODIFIER_PLAYER_CITIES_TERRAIN_ADJACENCY,0,0,0,0,,,,
MACHUPICCHU_COMMERCIALHUB_DESERTMOUNTAIN_GOLD,MODIFIER_PLAYER_CITIES_TERRAIN_ADJACENCY,0,0,0,0,,,,
MACHUPICCHU_COMMERCIALHUB_TUNDRAMOUNTAIN_GOLD,MODIFIER_PLAYER_CITIES_TERRAIN_ADJACENCY,0,0,0,0,,,,
MACHUPICCHU_COMMERCIALHUB_SNOWMOUNTAIN_GOLD,MODIFIER_PLAYER_CITIES_TERRAIN_ADJACENCY,0,0,0,0,,,,
MACHUPICCHU_INDUSTRIALZONE_GRASSMOUNTAIN_PRODUCTION,MODIFIER_PLAYER_CITIES_TERRAIN_ADJACENCY,0,0,0,0,,,,
MACHUPICCHU_INDUSTRIALZONE_PLAINSMOUNTAIN_PRODUCTION,MODIFIER_PLAYER_CITIES_TERRAIN_ADJACENCY,0,0,0,0,,,,
MACHUPICCHU_INDUSTRIALZONE_DESERTMOUNTAIN_PRODUCTION,MODIFIER_PLAYER_CITIES_TERRAIN_ADJACENCY,0,0,0,0,,,,
MACHUPICCHU_INDUSTRIALZONE_TUNDRAMOUNTAIN_PRODUCTION,MODIFIER_PLAYER_CITIES_TERRAIN_ADJACENCY,0,0,0,0,,,,
MACHUPICCHU_INDUSTRIALZONE_SNOWMOUNTAIN_PRODUCTION,MODIFIER_PLAYER_CITIES_TERRAIN_ADJACENCY,0,0,0,0,,,,
MACHUPICCHU_THEATER_GRASSMOUNTAIN_CULTURE,MODIFIER_PLAYER_CITIES_TERRAIN_ADJACENCY,0,0,0,0,,,,
MACHUPICCHU_THEATER_PLAINSMOUNTAIN_CULTURE,MODIFIER_PLAYER_CITIES_TERRAIN_ADJACENCY,0,0,0,0,,,,
MACHUPICCHU_THEATER_DESERTMOUNTAIN_CULTURE,MODIFIER_PLAYER_CITIES_TERRAIN_ADJACENCY,0,0,0,0,,,,
MACHUPICCHU_THEATER_TUNDRAMOUNTAIN_CULTURE,MODIFIER_PLAYER_CITIES_TERRAIN_ADJACENCY,0,0,0,0,,,,
MACHUPICCHU_THEATER_SNOWMOUNTAIN_CULTURE,MODIFIER_PLAYER_CITIES_TERRAIN_ADJACENCY,0,0,0,0,,,,
MEENAKSHITEMPLE_FREE_GURU,MODIFIER_SINGLE_CITY_GRANT_UNIT_IN_CITY,1,0,1,0,,,,
MEENAKSHITEMPLE_RELIGIOUS_UNITS_MOVEMENT,MODIFIER_PLAYER_UNITS_GRANT_ABILITY,0,0,1,0,,,,
MEENAKSHITEMPLE_RELIGIOUS_UNITS_COMBAT,MODIFIER_PLAYER_UNITS_GRANT_ABILITY,0,0,1,0,,,,
MEENAKSHITEMPLE_GURU_DISCOUNT,MODIFIER_PLAYER_CITIES_ADJUST_UNIT_PURCHASE_COST,0,0,0,0,,,,
ORSZAGHAZ_DOUBLE_FAVOR_SUZERAIN,MODIFIER_PLAYER_ADJUST_SUZERAIN_FAVOR_MULTIPLIER,0,0,0,0,,,,
SANKORE_TRADE_OFFER_SCIENCE,MODIFIER_SINGLE_CITY_ADJUST_TRADE_ROUTE_YIELD_TO_OTHERS,0,0,0,0,,,,
SANKORE_TRADE_OFFER_GOLD,MODIFIER_SINGLE_CITY_ADJUST_TRADE_ROUTE_YIELD_TO_OTHERS,0,0,0,0,,,,
SANKORE_TRADE_GAIN_SCIENCE,MODIFIER_SINGLE_CITY_ADJUST_TRADE_ROUTE_YIELD_FROM_OTHERS,0,0,0,0,,,,
SANKORE_TRADE_DOMESTIC_SCIENCE,MODIFIER_SINGLE_CITY_ADJUST_TRADE_ROUTE_YIELD_TO_OTHERS,0,0,0,0,,,,
SANKORE_TRADE_DOMESTIC_FAITH,MODIFIER_SINGLE_CITY_ADJUST_TRADE_ROUTE_YIELD_TO_OTHERS,0,0,0,0,,,,
TRAIT_NO_SUPRISE_WAR_FOR_CANADA,MODIFIER_PLAYER_ADJUST_BANNED_DIPLOMATIC_ACTION,0,0,0,0,,,,
TRAIT_NO_SUPRISE_WAR_ON_CANADA,MODIFIER_PLAYER_ADJUST_BANNED_DIPLOMATIC_ACTION_SPECIFIC_CIVILIZATION,0,0,0,0,,,,
TRAIT_TOURISM_INTO_FAVOR,MODIFIER_PLAYER_ADJUST_TOURISM_INTO_FAVOR,0,0,0,0,,,,
TRAIT_EMERGENCY_FAVOR_MODIFIER,MODIFIER_PLAYER_ADJUST_EMERGENCY_FAVOR_MODIFIER,0,0,0,0,,,,
TRAIT_CITY_ADJACENT_RIVER_BUILDING_PRODUCTION,MODIFIER_PLAYER_CITIES_ADJUST_ADJACENT_RIVER_BUILDING_PRODUCTION,0,0,0,0,,,,
TRAIT_CITY_ADJACENT_RIVER_DISTRICT_PRODUCTION,MODIFIER_PLAYER_CITIES_ADJUST_ADJACENT_RIVER_DISTRICT_PRODUCTION,0,0,0,0,,,,
TRAIT_WORK_GRASS_MOUNTAIN,MODIFIER_PLAYER_ADJUST_TERRAIN_WORKABLE,0,0,0,0,,,,
TRAIT_WORK_PLAINS_MOUNTAIN,MODIFIER_PLAYER_ADJUST_TERRAIN_WORKABLE,0,0,0,0,,,,
TRAIT_WORK_DESERT_MOUNTAIN,MODIFIER_PLAYER_ADJUST_TERRAIN_WORKABLE,0,0,0,0,,,,
TRAIT_WORK_TUNDRA_MOUNTAIN,MODIFIER_PLAYER_ADJUST_TERRAIN_WORKABLE,0,0,0,0,,,,
TRAIT_WORK_SNOW_MOUNTAIN,MODIFIER_PLAYER_ADJUST_TERRAIN_WORKABLE,0,0,0,0,,,,
TRAIT_PRODUCTION_MOUNTAIN,MODIFIER_PLAYER_ADJUST_PLOT_YIELD,0,0,0,0,,REQUIREMENTS_PLOT_IS_MOUNTAIN,,
TRAIT_PRODUCTION_MOUNTAIN_LATE,MODIFIER_PLAYER_ADJUST_PLOT_YIELD,0,0,0,0,,REQUIREMENTS_PLOT_IS_MOUNTAIN_LATE,,
TRAIT_TERRACE_GRASS_MOUNTAIN,MODIFIER_PLAYER_CITIES_ADJUST_TERRAIN_YIELD_FROM_ADJACENT_IMPROVEMENTS,0,0,0,0,,,,
TRAIT_TERRACE_PLAINS_MOUNTAIN,MODIFIER_PLAYER_CITIES_ADJUST_TERRAIN_YIELD_FROM_ADJACENT_IMPROVEMENTS,0,0,0,0,,,,
TRAIT_TERRACE_TUNDRA_MOUNTAIN,MODIFIER_PLAYER_CITIES_ADJUST_TERRAIN_YIELD_FROM_ADJACENT_IMPROVEMENTS,0,0,0,0,,,,
TRAIT_TERRACE_DESERT_MOUNTAIN,MODIFIER_PLAYER_CITIES_ADJUST_TERRAIN_YIELD_FROM_ADJACENT_IMPROVEMENTS,0,0,0,0,,,,
TRAIT_TERRACE_SNOW_MOUNTAIN,MODIFIER_PLAYER_CITIES_ADJUST_TERRAIN_YIELD_FROM_ADJACENT_IMPROVEMENTS,0,0,0,0,,,,
TRAIT_DESERT_CITY_CENTER_FAITH,MODIFIER_PLAYER_CITIES_TERRAIN_ADJACENCY,0,0,0,0,,,,
TRAIT_DESERT_HILLS_CITY_CENTER_FAITH,MODIFIER_PLAYER_CITIES_TERRAIN_ADJACENCY,0,0,0,0,,,,
TRAIT_DESERT_CITY_CENTER_FOOD,MODIFIER_PLAYER_CITIES_TERRAIN_ADJACENCY,0,0,0,0,,,,
TRAIT_DESERT_HILLS_CITY_CENTER_FOOD,MODIFIER_PLAYER_CITIES_TERRAIN_ADJACENCY,0,0,0,0,,,,
TRAIT_PURCHASE_COMMERCIAL_HUB_BUILDINGS_FAITH,MODIFIER_PLAYER_CITIES_ENABLE_BUILDING_FAITH_PURCHASE,0,0,0,0,,,,
TRAIT_MALI_MINES_PRODUCTION,MODIFIER_PLAYER_ADJUST_PLOT_YIELD,0,0,0,0,,PLOT_HAS_MINE_REQUIREMENTS,,
TRAIT_MALI_MINES_GOLD,MODIFIER_PLAYER_ADJUST_PLOT_YIELD,0,0,0,0,,PLOT_HAS_MINE_REQUIREMENTS,,
TRAIT_LESS_BUILDING_PRODUCTION,MODIFIER_PLAYER_CITIES_ADJUST_BUILDING_PRODUCTION_MODIFIER,0,0,0,0,,,,
TRAIT_LESS_UNIT_PRODUCTION,MODIFIER_PLAYER_CITIES_ADJUST_UNIT_PRODUCTION_MODIFIER,0,0,0,0,,,,
TRAIT_MAORI_MANA_OCEAN,MODIFIER_PLAYER_UNITS_ADJUST_VALID_TERRAIN,0,0,0,0,,,,
TRAIT_MAORI_MANA_SAILING,MODIFIER_PLAYER_GRANT_SPECIFIC_TECHNOLOGY,0,0,0,0,,,,
TRAIT_MAORI_MANA_SHIPBUILDING,MODIFIER_PLAYER_GRANT_SPECIFIC_TECHNOLOGY,0,0,0,0,,,,
TRAIT_MAORI_EMBARKED_ABILITY,MODIFIER_PLAYER_UNITS_GRANT_ABILITY,0,0,1,0,,,,
TRAIT_MAORI_PREVENT_HARVEST,MODIFIER_PLAYER_ADJUST_PREVENT_HARVEST_RESOURCE,0,0,0,0,,,,
TRAIT_MAORI_PRODUCTION_WOODS,MODIFIER_PLAYER_ADJUST_PLOT_YIELD,0,0,0,0,,PLOT_HAS_FOREST_NO_IMPROVEMENT_REQUIREMENTS,,
TRAIT_MAORI_PRODUCTION_RAINFOREST,MODIFIER_PLAYER_ADJUST_PLOT_YIELD,0,0,0,0,,PLOT_HAS_JUNGLE_NO_IMPROVEMENT_REQUIREMENTS,,
TRAIT_MAORI_PRODUCTION_RAINFOREST_MERCANTILISM,MODIFIER_PLAYER_ADJUST_PLOT_YIELD,0,0,0,0,,PLOT_HAS_JUNGLE_MERCANTILISM_REQUIREMENTS,,
TRAIT_MAORI_PRODUCTION_WOODS_MERCANTILISM,MODIFIER_PLAYER_ADJUST_PLOT_YIELD,0,0,0,0,,PLOT_HAS_FOREST_MERCANTILISM_REQUIREMENTS,,
TRAIT_MAORI_PRODUCTION_RAINFOREST_CONSERVATION,MODIFIER_PLAYER_ADJUST_PLOT_YIELD,0,0,0,0,,PLOT_HAS_JUNGLE_CONSERVATION_REQUIREMENTS,,
TRAIT_MAORI_PRODUCTION_WOODS_CONSERVATION,MODIFIER_PLAYER_ADJUST_PLOT_YIELD,0,0,0,0,,PLOT_HAS_FOREST_CONSERVATION_REQUIREMENTS,,
TRAIT_MAORI_FISHING_BOAT_FOOD,MODIFIER_PLAYER_ADJUST_PLOT_YIELD,0,0,0,0,,PLOT_HAS_FISHINGBOATS_REQUIREMENTS,,
TRAIT_MAORI_FISHING_BOAT_CULTURE_BOMB,MODIFIER_PLAYER_ADD_CULTURE_BOMB_TRIGGER,0,0,0,0,,,,
TRAIT_MAORI_PA,MODIFIER_PLAYER_UNITS_GRANT_HEAL_AFTER_ACTION,0,0,0,0,,PLOT_HAS_MAORI_PA_REQUIREMENTS,,
TRAIT_COASTAL_CITIES_FULL_LOYALTY,MODIFIER_PLAYER_ADJUST_ALWAYS_LOYAL_COASTAL_HOME_CONTINENT,0,0,0,0,,,,
TRAIT_MEDITERRANEAN_COLONIES_GRANT_SETTLERS_ABILITY,MODIFIER_PLAYER_UNITS_GRANT_ABILITY,0,0,1,0,,,,
TRAIT_FREE_TECH_BOOST_WRITING,MODIFIER_PLAYER_GRANT_SPECIFIC_TECH_BOOST,1,0,1,0,,,,
TRAIT_CAPTURED_LOYALTY,MODIFIER_PLAYER_CITIES_ADJUST_IDENTITY_PER_TURN,0,0,0,0,,CITY_NOT_FOUNDED,,
TRAIT_CAPTURED_AMENITY,MODIFIER_PLAYER_CITIES_ADJUST_TRAIT_AMENITY,0,0,0,0,,CITY_NOT_FOUNDED,,
TRAIT_CAPTURED_NO_POPULATION_LOSS,MODIFIER_PLAYER_ADJUST_POPULATION_AFTER_CONQUEST,0,0,0,0,,,,
TRAIT_SIEGE_ABILITY,MODIFIER_PLAYER_UNITS_GRANT_ABILITY,0,0,1,0,,,,
TRAIT_SIEGE_PRODUCTION,MODIFIER_PLAYER_CITIES_ADJUST_UNIT_TAG_ERA_PRODUCTION,0,0,0,0,,,,
TRAIT_GREATPERSON_FAVOR_MODIFIER,MODIFIER_PLAYER_ADJUST_GREATPERSON_FAVOR_MODIFIER,0,0,0,0,,,,
TRAIT_GREAT_SCIENTIST_UNIVERSITY_MODIFIER,MODIFIER_PLAYER_CITIES_ADJUST_GREAT_PERSON_POINT,0,0,0,0,,BUILDING_IS_UNIVERSITY,,
TRAIT_GREAT_ENGINEER_FACTORY_MODIFIER,MODIFIER_PLAYER_CITIES_ADJUST_GREAT_PERSON_POINT,0,0,0,0,,BUILDING_IS_FACTORY,,
ICEHOCKEYRINK_AMENITY,MODIFIER_SINGLE_CITY_ADJUST_IMPROVEMENT_AMENITY,0,0,0,0,,,,
ICEHOCKEYRINK_CULTURE_STADIUM,MODIFIER_SINGLE_PLOT_ADJUST_PLOT_YIELDS,0,0,0,0,,PLOT_IS_ADJACENT_TO_STADIUM,,
TERRACE_FARM_PRODUCTION_FRESH_WATER_NO_AQUEDUCT,MODIFIER_SINGLE_PLOT_ADJUST_PLOT_YIELDS,0,0,0,0,,PLOT_IS_ADJACENT_TO_FRESH_WATER_NOT_AQUEDUCT,,
OPEN_AIR_MUSEUM_LOYALTY,MODIFIER_SINGLE_CITY_ADJUST_IDENTITY_PER_TURN,0,0,0,0,,,,
OPEN_AIR_MUSEUM_CULTURE_FOR_TERRAIN_CLASS_CITIES,MODIFIER_SINGLE_CITY_ADJUST_YIELD_FOR_TERRAIN_CLASS_CITIES_IMPROVEMENT,0,0,0,0,,,,
TRADE_ROUTE_GOVERNMENT_DISTRICT,MODIFIER_PLAYER_CITIES_ADJUST_TRADE_ROUTE_CAPACITY,0,0,0,0,,CITY_HAS_GOV_DISTRICT,,
TRADE_ROUTE_GOVERNMENT_TIER_1_BUILDING,MODIFIER_PLAYER_CITIES_ADJUST_TRADE_ROUTE_CAPACITY,0,0,0,0,,CITY_HAS_TIER_1_GOV_BUILDING,,
TRADE_ROUTE_GOVERNMENT_TIER_2_BUILDING,MODIFIER_PLAYER_CITIES_ADJUST_TRADE_ROUTE_CAPACITY,0,0,0,0,,CITY_HAS_TIER_2_GOV_BUILDING,,
TRADE_ROUTE_GOVERNMENT_TIER_3_BUILDING,MODIFIER_PLAYER_CITIES_ADJUST_TRADE_ROUTE_CAPACITY,0,0,0,0,,CITY_HAS_TIER_3_GOV_BUILDING,,
PRODUCTION_GOVERNMENT_DISTRICT,MODIFIER_PLAYER_CITIES_ADJUST_DISTRICT_PRODUCTION_MODIFIER,0,0,0,0,,CITY_HAS_GOV_DISTRICT,,
DISTRICT_COMPLETE_MOVE_CAPITAL,MODIFIER_PLAYER_ADJUST_CAPITAL,0,0,0,0,,,,
TUNDRA_FARMS,MODIFIER_PLAYER_CITIES_ADJUST_IMPROVEMENT_VALID_TERRAIN,0,0,0,0,,,,
TUNDRA_HILLS_FARMS,MODIFIER_PLAYER_CITIES_ADJUST_IMPROVEMENT_VALID_TERRAIN,0,0,0,0,,PLAYER_HAS_CIVIL_ENGINEERING,,
TUNDRA_PLOT_COST,MODIFIER_PLAYER_CITIES_ADJUST_PLOT_PURCHASE_COST_TERRAIN,0,0,0,0,,,,
TUNDRA_HILLS_PLOT_COST,MODIFIER_PLAYER_CITIES_ADJUST_PLOT_PURCHASE_COST_TERRAIN,0,0,0,0,,,,
SNOW_PLOT_COST,MODIFIER_PLAYER_CITIES_ADJUST_PLOT_PURCHASE_COST_TERRAIN,0,0,0,0,,,,
SNOW_HILLS_PLOT_COST,MODIFIER_PLAYER_CITIES_ADJUST_PLOT_PURCHASE_COST_TERRAIN,0,0,0,0,,,,
TUNDRA_RESOURCE_EXTRACTION,MODIFIER_PLAYER_CITIES_ADJUST_EXTRA_ACCUMALATION_TERRAIN,0,0,0,0,,,,
TUNDRA_HILLS_RESOURCE_EXTRACTION,MODIFIER_PLAYER_CITIES_ADJUST_EXTRA_ACCUMALATION_TERRAIN,0,0,0,0,,,,
SNOW_RESOURCE_EXTRACTION,MODIFIER_PLAYER_CITIES_ADJUST_EXTRA_ACCUMALATION_TERRAIN,0,0,0,0,,,,
SNOW_HILLS_RESOURCE_EXTRACTION,MODIFIER_PLAYER_CITIES_ADJUST_EXTRA_ACCUMALATION_TERRAIN,0,0,0,0,,,,
TUNDRA_MINES_PRODUCTION,MODIFIER_PLAYER_ADJUST_PLOT_YIELD,0,0,0,0,,PLOT_HAS_TUNDRA_MINE_REQUIREMENTS,,
TUNDRA_HILLS_MINES_PRODUCTION,MODIFIER_PLAYER_ADJUST_PLOT_YIELD,0,0,0,0,,PLOT_HAS_TUNDRA_HILLS_MINE_REQUIREMENTS,,
SNOW_MINES_PRODUCTION,MODIFIER_PLAYER_ADJUST_PLOT_YIELD,0,0,0,0,,PLOT_HAS_SNOW_MINE_REQUIREMENTS,,
SNOW_HILLS_MINES_PRODUCTION,MODIFIER_PLAYER_ADJUST_PLOT_YIELD,0,0,0,0,,PLOT_HAS_SNOW_HILLS_MINE_REQUIREMENTS,,
TUNDRA_CAMPS_FOOD,MODIFIER_PLAYER_ADJUST_PLOT_YIELD,0,0,0,0,,PLOT_HAS_TUNDRA_CAMP_REQUIREMENTS,,
TUNDRA_HILLS_CAMPS_FOOD,MODIFIER_PLAYER_ADJUST_PLOT_YIELD,0,0,0,0,,PLOT_HAS_TUNDRA_HILLS_CAMP_REQUIREMENTS,,
SNOW_CAMPS_FOOD,MODIFIER_PLAYER_ADJUST_PLOT_YIELD,0,0,0,0,,PLOT_HAS_SNOW_CAMP_REQUIREMENTS,,
SNOW_HILLS_CAMPS_FOOD,MODIFIER_PLAYER_ADJUST_PLOT_YIELD,0,0,0,0,,PLOT_HAS_SNOW_HILLS_CAMP_REQUIREMENTS,,
TUNDRA_FARMS_FOOD,MODIFIER_PLAYER_ADJUST_PLOT_YIELD,0,0,0,0,,PLOT_HAS_TUNDRA_FARM_REQUIREMENTS,,
TUNDRA_HILLS_FARMS_FOOD,MODIFIER_PLAYER_ADJUST_PLOT_YIELD,0,0,0,0,,PLOT_HAS_TUNDRA_HILLS_FARM_REQUIREMENTS,,
SNOW_FARMS_FOOD,MODIFIER_PLAYER_ADJUST_PLOT_YIELD,0,0,0,0,,PLOT_HAS_SNOW_FARM_REQUIREMENTS,,
SNOW_HILLS_FARMS_FOOD,MODIFIER_PLAYER_ADJUST_PLOT_YIELD,0,0,0,0,,PLOT_HAS_SNOW_HILLS_FARM_REQUIREMENTS,,
TUNDRA_LUMBER_MILLS_PRODUCTION,MODIFIER_PLAYER_ADJUST_PLOT_YIELD,0,0,0,0,,PLOT_HAS_TUNDRA_LUMBER_MILL_REQUIREMENTS,,
TUNDRA_HILLS_LUMBER_MILLS_PRODUCTION,MODIFIER_PLAYER_ADJUST_PLOT_YIELD,0,0,0,0,,PLOT_HAS_TUNDRA_HILLS_LUMBER_MILL_REQUIREMENTS,,
SNOW_LUMBER_MILLS_PRODUCTION,MODIFIER_PLAYER_ADJUST_PLOT_YIELD,0,0,0,0,,PLOT_HAS_SNOW_LUMBER_MILL_REQUIREMENTS,,
SNOW_HILLS_LUMBER_MILLS_PRODUCTION,MODIFIER_PLAYER_ADJUST_PLOT_YIELD,0,0,0,0,,PLOT_HAS_SNOW_HILLS_LUMBER_MILL_REQUIREMENTS,,
LEVY_MILITARY_TWO_FREE_ENVOYS,MODIFIER_PLAYER_ADJUST_ENVOYS_FROM_LEVIED_CITY_STATES,0,0,0,0,,,,
LEVY_UNITS_GRANT_ABILITY,MODIFIER_PLAYER_UNITS_GRANT_ABILITY,0,0,1,0,,UNIT_IS_LEVIED_REQUIREMENTS_XP2,,
LEVY_UNITUPGRADEDISCOUNT,MODIFIER_PLAYER_ADJUST_LEVIED_UNIT_UPGRADE_DISCOUNT_PERCENT,0,0,0,0,,,,
TRADE_ROUTE_GOLD_DESERT_ORIGIN,MODIFIER_PLAYER_ADJUST_TRADE_ROUTE_YIELD_PER_TERRAIN_INTERNATIONAL,0,0,0,0,,,,
GOLDEN_AGE_TRADE_ROUTE,MODIFIER_PLAYER_ADJUST_TRADE_ROUTE_CAPACITY_GOLDEN_AGE,0,0,0,0,,,,
AUTO_THEME_AT_LEAST_3_SLOTS,MODIFIER_PLAYER_ADJUST_AUTO_THEME_BUILDINGS_WITH_X_SLOTS,0,0,0,0,,,,
AUTO_THEME_AT_LEAST_2_SLOTS,MODIFIER_PLAYER_ADJUST_AUTO_THEME_BUILDINGS_WITH_X_SLOTS,0,0,0,0,,,,
THEMED_YIELD_MODIFIER,MODIFIER_PLAYER_ADJUST_THEMED_ALL_YIELDS,0,0,0,0,,,,
THEMED_TOURISM_MODIFIER,MODIFIER_PLAYER_ADJUST_THEMED_TOURISM,0,0,0,0,,,,
SCIENCE_PRESETTLEMENT,MODIFIER_PLAYER_ADJUST_YIELD_CHANGE,0,0,0,0,,PLAYER_HAS_NO_CITIES,,
CULTURE_PRESETTLEMENT,MODIFIER_PLAYER_ADJUST_YIELD_CHANGE,0,0,0,0,,PLAYER_HAS_NO_CITIES,,
BUILDER_PRESETTLEMENT,MODIFIER_PLAYER_BUILT_CITIES_GRANT_FREE_UNIT,0,0,0,0,,PLAYER_HAS_ONE_CITY,,
POPULATION_PRESETTLEMENT,MODIFIER_PLAYER_BUILT_CITIES_GRANT_FREE_POPULATION,0,0,1,0,,PLAYER_HAS_ONE_CITY,,
CAPITAL_HOUSING,MODIFIER_PLAYER_CAPITAL_CITY_ADJUST_BUILDING_HOUSING,0,0,0,0,,,,
CAPITAL_ENTERTAINMENT,MODIFIER_PLAYER_CAPITAL_CITY_ADJUST_CITY_ENTERTAINMENT,0,0,0,0,,,,
SKIP_FREE_CITY,MODIFIER_PLAYER_ADJUST_SKIP_FREE_CITY_STEP,0,0,0,0,,,,
IDENTITY_NEARBY_GREATWORKS,MODIFIER_PLAYER_ADJUST_IDENTITY_PER_TURN_FROM_NEARBY_GREAT_WORKS,0,0,0,0,,,,
DOMESTIC_TRADE_ROUTE_FOOD_GRASS_MOUNTAIN_ORIGIN,MODIFIER_PLAYER_ADJUST_TRADE_ROUTE_YIELD_PER_TERRAIN_DOMESTIC,0,0,0,0,,,,
DOMESTIC_TRADE_ROUTE_FOOD_PLAINS_MOUNTAIN_ORIGIN,MODIFIER_PLAYER_ADJUST_TRADE_ROUTE_YIELD_PER_TERRAIN_DOMESTIC,0,0,0,0,,,,
DOMESTIC_TRADE_ROUTE_FOOD_DESERT_MOUNTAIN_ORIGIN,MODIFIER_PLAYER_ADJUST_TRADE_ROUTE_YIELD_PER_TERRAIN_DOMESTIC,0,0,0,0,,,,
DOMESTIC_TRADE_ROUTE_FOOD_TUNDRA_MOUNTAIN_ORIGIN,MODIFIER_PLAYER_ADJUST_TRADE_ROUTE_YIELD_PER_TERRAIN_DOMESTIC,0,0,0,0,,,,
DOMESTIC_TRADE_ROUTE_FOOD_SNOW_MOUNTAIN_ORIGIN,MODIFIER_PLAYER_ADJUST_TRADE_ROUTE_YIELD_PER_TERRAIN_DOMESTIC,0,0,0,0,,,,
TRAIT_CANAL_UNLOCK_MASONRY,MODIFIER_PLAYER_ADJUST_DISTRICT_UNLOCK,0,0,0,0,,,,
SULEIMAN_GOVERNOR_POINTS,MODIFIER_PLAYER_ADJUST_GOVERNOR_POINTS,1,0,0,0,,PLAYER_HAS_GUNPOWDER_TECH,,
MEDITERRANEAN_COLONIES_IGNORE_EMBARK_DISEMBARK_COST,MODIFIER_PLAYER_UNIT_ADJUST_IGNORE_SHORES,0,0,0,0,,,,
MEDITERRANEAN_COLONIES_EXTRA_MOVEMENT,MODIFIER_PLAYER_UNIT_ADJUST_MOVEMENT,0,0,0,0,,REQUIREMENTS_UNIT_IS_EMBARKED,,
MEDITERRANEAN_COLONIES_EXTRA_SIGHT,MODIFIER_PLAYER_UNIT_ADJUST_SIGHT,0,0,0,0,,REQUIREMENTS_UNIT_IS_EMBARKED,,
BIREME_GRANT_TRADER_IMMUNITY,MODIFIER_PLAYER_UNITS_GRANT_ABILITY,0,0,0,0,,AOE_TRADER_REQUIREMENTS,,
TRADE_ROUTE_PLUNDER_IMMUNITY_SEA_NEAR_BIREME,MODIFIER_PLAYER_UNIT_ADJUST_TRADE_ROUTE_PLUNDER_IMMUNITY,0,0,0,0,,,,
RAVEN_LEVY_MOVEMENT,MODIFIER_PLAYER_UNIT_ADJUST_MOVEMENT,0,0,0,0,,,,
RAVEN_LEVY_COMBAT,MODIFIER_UNIT_ADJUST_COMBAT_STRENGTH,0,0,0,0,,,,
BLACK_ARMY_ADJACENT_LEVY,MODIFIER_SINGLE_UNIT_ADJUST_COMBAT_FOR_ADJACENT_LEVIED_UNITS,0,0,0,0,,,,
HUSZAR_ALLIES_COMBAT_BONUS,MODIFIER_SINGLE_UNIT_ADJUST_COMBAT_FOR_NUMBER_ALLIES,0,0,0,0,,,,
ALL_PARK_COMBAT_BONUS,MODIFIER_UNIT_ADJUST_COMBAT_STRENGTH,0,0,0,0,,UNIT_ON_PARK_REQUIREMENTS,,
OWNER_PARK_COMBAT_BONUS,MODIFIER_UNIT_ADJUST_COMBAT_STRENGTH,0,0,0,0,,UNIT_ON_OWN_PARK_REQUIREMENTS,,
MANDEKALU_GRANT_TRADER_IMMUNITY,MODIFIER_PLAYER_UNITS_GRANT_ABILITY,0,0,0,0,,AOE_TRADER_REQUIREMENTS,,
TRADE_ROUTE_PLUNDER_IMMUNITY_LAND_NEAR_MANDEKALU,MODIFIER_PLAYER_UNIT_ADJUST_TRADE_ROUTE_PLUNDER_IMMUNITY,0,0,0,0,,,,
MANDEKALU_POST_COMBAT_GOLD,MODIFIER_UNIT_ADJUST_POST_COMBAT_YIELD,0,0,0,0,,,,
CORBACI_FREE_PROMOTION,MODIFIER_PLAYER_UNIT_ADJUST_GRANT_EXPERIENCE,0,0,0,0,,,,
GREAT_TURKISH_BOMBARD_STRENGTH,MODIFIER_UNIT_ADJUST_COMBAT_STRENGTH,0,0,0,0,,SHELLS_REQUIREMENTS,,
TOA_NEGATIVE_COMBAT,MODIFIER_ALL_UNITS_ATTACH_MODIFIER,0,0,0,0,,VARU_ADJACENT_AT_WAR_REQUIREMENTS,,1.0
TOA_NEGATIVE_COMBAT_MODIFIER,MODIFIER_UNIT_ADJUST_COMBAT_STRENGTH,0,0,0,0,,,,1.0
CAROLEAN_UNUSED_MOVEMENT_COMBAT,MODIFIER_SINGLE_UNIT_ADJUST_COMBAT_FOR_UNUSED_MOVEMENT,0,0,0,0,,,,
MANA_EMBARKED_EXTRA_MOVEMENT,MODIFIER_PLAYER_UNIT_ADJUST_MOVEMENT,0,0,0,0,REQUIREMENTS_UNIT_IS_EMBARKED,,,
CORSAIR_LESS_MOVEMENT_RAID,MODIFIER_PLAYER_UNIT_ADJUST_ADVANCED_COASTAL_RAID,0,0,0,0,,,,
ROCKBAND_SURF_ROCK_COTHON,MODIFIER_PLAYER_UNIT_ADJUST_ROCK_BAND_LEVEL_DISTRICT,0,0,0,0,,,,
ROCKBAND_SURF_ROCK_COTHON_MODIFIER,MODIFIER_PLAYER_UNIT_ADJUST_TOURISM_BOMB_DISTRICT,0,0,0,0,,,,
JANISSARY_LOSE_POPULATION_IN_FOUNDED_CITIES,MODIFIER_PLAYER_CITIES_CHANGE_POPULATION_CREATE_UNIT,0,0,0,0,,JANISSARY_CITY_FOUNDED,,
TRAIT_ANTIQUES_AND_PARKS_CULTURE_FORESTS_OR_WONDERS,MODIFIER_PLAYER_ADJUST_PLOT_YIELD,0,0,0,0,,REQUIREMENTS_PLOT_ADJACENT_FORESTS_OR_WONDERS_BREATHTAKING,,
TRAIT_ANTIQUES_AND_PARKS_SCIENCE_NATIONAL_WONDERS_OR_MOUNTAINS,MODIFIER_PLAYER_ADJUST_PLOT_YIELD,0,0,0,0,,REQUIREMENTS_PLOT_ADJACENT_NATURAL_WONDERS_OR_MOUNTAINS_BREATHTAKING,,
TRAIT_ROOSEVELT_COROLLARY_TRADE_ROUTE_TOKEN,MODIFIER_PLAYER_ADJUST_DUPLICATE_INFLUENCE_TOKEN_WHEN_TRADE_ROUTE_TO,0,0,0,0,,,,
AGENDA_BULL_MOOSE,MODIFIER_PLAYER_DIPLOMACY_AGENDA_BULL_MOOSE,0,0,0,0,ON_TURN_STARTED,PLAYER_IS_MAJOR_CIV_KNOWN_10_TURNS,,
ELIZABETH_TRADE_ROUTES_MODIFIER,MODIFIER_PLAYER_ADJUST_TRADE_ROUTE_CAPACITY,1,0,1,0,PLAYER_HAS_GREAT_ADMIRAL_CLASS_REQUIREMENTS,,,
ELIZABETH_TRADE_ROUTES_YIELDS,MODIFIER_PLAYER_CITIES_ADJUST_CITY_STATE_TRADE_ROUTE_DISTRICT_YIELD,0,0,0,0,,,,
ELIZABETH_PLUNDER_ABILITY,MODIFIER_PLAYER_UNITS_GRANT_ABILITY,0,0,0,0,,,,
ELIZABETH_PLUNDER_BONUS,MODIFIER_PLAYER_UNIT_ADJUST_PLUNDER_YIELDS,0,0,0,0,,,,
AGENDA_TRADE_AGREEMENT,MODIFIER_PLAYER_DIPLOMACY_TRADE_RELATIONS,0,0,0,0,ON_TURN_STARTED,PLAYER_IS_MAJOR_CIV_KNOWN_30_TURNS,,
HARALD_LEVY_DISCOUNT,MODIFIER_PLAYER_ADJUST_LEVY_DISCOUNT_PERCENT,0,0,0,0,,,,
HARALD_MAINTENANCE_DISCOUNT,MODIFIER_PLAYER_ADJUST_UNIT_MAINTENANCE_DISCOUNT,0,0,0,0,,,,
STAVE_CHURCH_INFLUENCEPOINTS,MODIFIER_PLAYER_ADJUST_INFLUENCE_POINTS_PER_TURN,0,0,0,0,,PLAYER_IS_HARALD_ALT,,
AGENDA_SAGA_HIGH_PROTECT_CITY_STATES,MODIFIER_PLAYER_DIPLOMACY_SIMPLE_MODIFIER,0,0,0,0,,PLAYER_HAS_HIGH_CITY_STATE_PROTECTION,,
AGENDA_SAGA_MED_PROTECT_CITY_STATES,MODIFIER_PLAYER_DIPLOMACY_SIMPLE_MODIFIER,0,0,0,0,,PLAYER_HAS_MED_CITY_STATE_PROTECTION,,
AGENDA_SAGA_MED_ATTACK_CITY_STATES,MODIFIER_PLAYER_DIPLOMACY_SIMPLE_MODIFIER,0,0,0,0,,PLAYER_HAS_MED_CITY_STATE_AGGRESSION,,
AGENDA_SAGA_HIGH_ATTACK_CITY_STATES,MODIFIER_PLAYER_DIPLOMACY_SIMPLE_MODIFIER,0,0,0,0,,PLAYER_HAS_HIGH_CITY_STATE_AGGRESSION,,
VICTORIA_PRODUCTION_WORKSHOP,MODIFIER_PLAYER_CITIES_ADJUST_CITY_YIELD_MODIFIER,0,0,0,0,,BUILDING_IS_WORKSHOP_ENGLAND,,
VICTORIA_PRODUCTION_FACTORY,MODIFIER_PLAYER_CITIES_ADJUST_CITY_YIELD_MODIFIER,0,0,0,0,,BUILDING_IS_FACTORY_ENGLAND,,
VICTORIA_PRODUCTION_POWER_PLANT,MODIFIER_PLAYER_CITIES_ADJUST_CITY_YIELD_MODIFIER,0,0,0,0,,BUILDING_IS_POWER_PLANT_ENGLAND,,
VICTORIA_STRATEGIC_RESOURCE,MODIFIER_PLAYER_ADJUST_PLOT_YIELD,0,0,0,0,,PLOT_HAS_STRATEGIC_RESOURCE_ENGLAND,,
AGENDA_HIGH_INDUSTRY_ENGLAND,MODIFIER_PLAYER_DIPLOMACY_SIMPLE_MODIFIER,0,0,0,0,,PLAYER_HAS_HIGH_INDUSTRY,,
AGENDA_LOW_INDUSTRY_ENGLAND,MODIFIER_PLAYER_DIPLOMACY_SIMPLE_MODIFIER,0,0,0,0,,PLAYER_HAS_LOW_INDUSTRY,,
HARALD_LEVY_UNITS_GRANT_ABILITY,MODIFIER_PLAYER_UNITS_GRANT_ABILITY,0,0,1,0,,UNIT_IS_LEVERAGED_REQUIREMENTS,,
HARALD_LEVIED_UNITS_FAITH,MODIFIER_UNIT_ADJUST_POST_COMBAT_YIELD,0,0,0,0,,,,
HARALD_LEVIED_UNITS_SCIENCE,MODIFIER_UNIT_ADJUST_POST_COMBAT_YIELD,0,0,0,0,,,,
HARALD_LEVIED_UNITS_CULTURE,MODIFIER_UNIT_ADJUST_POST_COMBAT_YIELD,0,0,0,0,,,,
TRAIT_LINCOLN_INDUSTRIAL_ZONE_FREE_MELEE_UNIT,MODIFIER_PLAYER_DISTRICT_ADJUST_PLAYER_DISTRICT_AND_BUILDINGS_CREATE_UNIT_WITH_ABILITY_BY_CLASS_GREAT_NEGOTIATORS,0,0,0,0,,,,
LINCOLN_MELEE_BUFF,MODIFIER_UNIT_ADJUST_COMBAT_STRENGTH,0,0,0,0,,,,
AGENDA_DIFFERENT_GOVERNMENT_LINCOLN,MODIFIER_PLAYER_DIPLOMACY_SIMPLE_MODIFIER,0,0,0,0,,AGENDA_REQUIRE_PLAYER_HAS_DIFFERENT_GOVERNMENT,,
AGENDA_SAME_GOVERNMENT_LINCOLN,MODIFIER_PLAYER_DIPLOMACY_SIMPLE_MODIFIER,0,0,0,0,,AGENDA_REQUIRE_PLAYER_HAS_SAME_GOVERNMENT,,
AGENDA_ADJUST_GOVERNMENT_INTOLERANCE_LINCOLN,MODIFIER_PLAYER_GOVERNMENT_ADJUST_OTHER_GOVERNMENT_INTOLERANCE,0,0,0,0,,,,
INDUSTRIAL_ZONE_ADDAMENITIES,MODIFIER_PLAYER_DISTRICTS_ADJUST_DISTRICT_AMENITY,0,0,0,0,,DISTRICT_IS_INDUSTRIAL_ZONE,,
SALADIN_ALT_FLANKING_ABILITY,MODIFIER_PLAYER_UNITS_GRANT_ABILITY,0,0,0,0,,,,
SALADIN_FLANKING_BONUS_UNITS,MODIFIER_PLAYER_UNIT_ADJUST_FLANKING_BONUS_MODIFIER,0,0,0,0,,,,
SALADIN_SUPPORT_BONUS_UNITS,MODIFIER_PLAYER_UNIT_ADJUST_SUPPORT_BONUS_MODIFIER,0,0,0,0,,,,
AGENDA_SULTAN_RELIGION_NOT_RECEIVED,MODIFIER_PLAYER_DIPLOMACY_SIMPLE_MODIFIER,0,0,0,0,,PLAYER_RELIGION_NOT_RECEIVED,,
AGENDA_SULTAN_RELIGION_RECEIVED,MODIFIER_PLAYER_DIPLOMACY_SIMPLE_MODIFIER,0,0,0,0,,PLAYER_RELIGION_RECEIVED,,
TRAIT_FOREIGN_CONTINENT_YIELD,MODIFIER_PLAYER_CITIES_ADJUST_CITY_YIELD_MODIFIER,0,0,0,0,,REQUIRES_CITY_IS_OTHER_CONTINENT,,
TRAIT_SAME_CONTINENT_YIELD,MODIFIER_PLAYER_CITIES_ADJUST_CITY_YIELD_MODIFIER,0,0,0,0,,REQUIRES_CITY_IS_SAME_CONTINENT,,
AGENDA_DECOLONIZATION_HOME_CONTINENT,MODIFIER_PLAYER_DIPLOMACY_SIMPLE_MODIFIER,0,0,0,0,,PLAYER_SAME_HOME_CONTINENT,,
AGENDA_DECOLONIZATION_NEW_CONTINENT,MODIFIER_PLAYER_DIPLOMACY_SIMPLE_MODIFIER,0,0,0,0,,PLAYER_ON_NEW_CONTINENT,,
LINCOLN_RESOURCE_FREE_UNITS,MODIFIER_PLAYER_UNIT_ADJUST_IGNORE_RESOURCE_MAINTENANCE,0,0,0,0,,,,
PLANTATION_NEGATIVE_LOYALTY,MODIFIER_SINGLE_CITY_ADJUST_IDENTITY_PER_TURN,0,0,0,0,,REQUIRES_PLAYER_IS_LINCOLN,,
TRAIT_LINCOLN_INDUSTRIAL_ZONE_LOYALTY,MODIFIER_PLAYER_CITIES_ADJUST_IDENTITY_PER_TURN,0,0,0,0,,REQUIRES_CITY_HAS_INDUSTRIAL_ZONE,,
QIN_MELEE_UNIT_ABILITY,MODIFIER_PLAYER_UNITS_GRANT_ABILITY,0,0,0,0,,,,
QIN_MELEE_UNIT_SPREAD_CHARGE,MODIFIER_SINGLE_UNIT_RELIGIOUS_SPREADS,0,0,0,0,,,,
QIN_MELEE_UNIT_CONVERT_BARBS,MODIFIER_PLAYER_UNIT_ADJUST_CONVERTS_BARBARIANS,0,0,0,0,,,,
AGENDA_SIHAI_CLEARS_BARBARIAN_CAMPS,MODIFIER_PLAYER_DIPLOMACY_SIMPLE_MODIFIER,0,0,0,0,,PLAYER_CLEARS_BARBARIAN_CAMPS,,
AGENDA_SIHAI_IGNORES_BARBARIAN_CAMPS,MODIFIER_PLAYER_DIPLOMACY_SIMPLE_MODIFIER,0,0,0,0,,PLAYER_IGNORES_BARBARIAN_CAMPS,,
YONGLE_FAITH_PROJECT,MODIFIER_PLAYER_ALLOW_PROJECT_CHINA,0,0,0,0,,,,
YONGLE_FOOD_PROJECT,MODIFIER_PLAYER_ALLOW_PROJECT_CHINA,0,0,0,0,,,,
YONGLE_GOLD_PROJECT,MODIFIER_PLAYER_ALLOW_PROJECT_CHINA,0,0,0,0,,,,
AGENDA_YINDING_POSITIVE_INCOME,MODIFIER_PLAYER_DIPLOMACY_SIMPLE_MODIFIER,0,0,0,0,,PLAYER_HAS_POSITIVE_INCOME,,
AGENDA_YINDING_NEGATIVE_INCOME,MODIFIER_PLAYER_DIPLOMACY_SIMPLE_MODIFIER,0,0,0,0,,PLAYER_HAS_NEGATIVE_INCOME,,
WU_ZETIAN_FREE_SPY,MODIFIER_PLAYER_GRANT_UNIT_IN_CAPITAL,1,0,1,0,PLAYER_HAS_DEFENSIVE_TACTICS_AND_CAPITAL,,,
WU_ZETIAN_FREE_SPY_CAPACITY,MODIFIER_PLAYER_GRANT_SPY,0,0,0,0,,PLAYER_HAS_DEFENSIVE_TACTICS_AND_CAPITAL,,
WU_ZETIAN_OFFENSIVE_SPY_BETTER,MODIFIER_PLAYER_ADJUST_SPY_BONUS,0,0,0,0,,,,
WU_ZETIAN_OFFENSIVE_SPY_SCIENCE,MODIFIER_PLAYER_ADJUST_TARGET_CITY_SPY_YIELD_PERCENT,0,0,0,0,,,,
WU_ZETIAN_OFFENSIVE_SPY_CULTURE,MODIFIER_PLAYER_ADJUST_TARGET_CITY_SPY_YIELD_PERCENT,0,0,0,0,,,,
WU_ZETIAN_OFFENSIVE_SPY_FAITH,MODIFIER_PLAYER_ADJUST_TARGET_CITY_SPY_YIELD_PERCENT,0,0,0,0,,,,
WU_ZETIAN_PURCHASE_SPY,MODIFIER_PLAYER_CITIES_ENABLE_UNIT_FAITH_PURCHASE,0,0,0,0,,,,
AGENDA_COURT_INTRIGUE,MODIFIER_PLAYER_DIPLOMACY_AGENDA_PARANOID,0,0,0,0,ON_TURN_STARTED,PLAYER_IS_MAJOR_CIV_KNOWN_30_TURNS,,
YONGLE_SCIENCE_POPULATION,MODIFIER_PLAYER_CITIES_ADJUST_CITY_YIELD_PER_POPULATION,0,0,0,0,,STADIUM_10_POPULATION_REQUIREMENTS,,
YONGLE_CULTURE_POPULATION,MODIFIER_PLAYER_CITIES_ADJUST_CITY_YIELD_PER_POPULATION,0,0,0,0,,STADIUM_10_POPULATION_REQUIREMENTS,,
YONGLE_GOLD_POPULATION,MODIFIER_PLAYER_CITIES_ADJUST_CITY_YIELD_PER_POPULATION,0,0,0,0,,STADIUM_10_POPULATION_REQUIREMENTS,,
RAMSES_CULTURE_POSITIVE_WONDERS_BUILDINGS,MODIFIER_PLAYER_CITIES_GRANT_YIELD_PER_BUILDING_COST,0,0,0,0,,,,
RAMSES_CULTURE_NEGATIVE_BUILDINGS,MODIFIER_PLAYER_CITIES_GRANT_YIELD_PER_BUILDING_COST,0,0,0,0,,,,
AGENDA_MAAT,MODIFIER_PLAYER_DIPLOMACY_AGENDA_EXPLOITATIVE,0,0,0,0,ON_TURN_STARTED,PLAYER_IS_MAJOR_CIV_KNOWN_30_TURNS,,
CLEOPATRA_FLOODPLAINS_APPEAL,MODIFIER_PLAYER_CITIES_ADJUST_FEATURE_APPEAL_MODIFIER,0,0,0,0,,,,
CLEOPATRA_FLOODPLAINS_RESOURCE_YIELD,MODIFIER_PLAYER_ADJUST_PLOT_YIELD,0,0,0,0,,PLOT_IS_FLOODPLAINS_RESOURCE,,
AGENDA_HIGH_FOOD,MODIFIER_PLAYER_DIPLOMACY_SIMPLE_MODIFIER,0,0,0,0,,PLAYER_HAS_HIGH_FOOD,,
AGENDA_LOW_FOOD,MODIFIER_PLAYER_DIPLOMACY_SIMPLE_MODIFIER,0,0,0,0,,PLAYER_HAS_LOW_FOOD,,
CLEOPATRA_GRASS_FLOODPLAINS_APPEAL,MODIFIER_PLAYER_CITIES_ADJUST_FEATURE_APPEAL_MODIFIER,0,0,0,0,,,,
CLEOPATRA_PLAINS_FLOODPLAINS_APPEAL,MODIFIER_PLAYER_CITIES_ADJUST_FEATURE_APPEAL_MODIFIER,0,0,0,0,,,,
SUNDIATA_KEITA_MARKET_GREAT_WRITING_SLOTS,MODIFIER_PLAYER_CITIES_ADJUST_EXTRA_GREAT_WORK_SLOTS,0,0,0,0,,,,
SUNDIATA_KEITA_PURCHASE_GREAT_PEOPLE,MODIFIER_PLAYER_ADJUST_GREAT_PERSON_PATRONAGE_DISCOUNT_PERCENT,0,0,0,0,,,,
SUNDIATA_KEITA_GREAT_WORK_GOLD_WRITING,MODIFIER_PLAYER_CITIES_ADJUST_GREATWORK_YIELD,0,0,0,0,,,,
SUNDIATA_KEITA_GREAT_WORK_PRODUCTION_WRITING,MODIFIER_PLAYER_CITIES_ADJUST_GREATWORK_YIELD,0,0,0,0,,,,
AGENDA_HIGH_TOURISM_MALI,MODIFIER_PLAYER_DIPLOMACY_SIMPLE_MODIFIER,0,0,0,0,,PLAYER_HAS_HIGH_TOURISM,,
AGENDA_LOW_TOURISM_MALI,MODIFIER_PLAYER_DIPLOMACY_SIMPLE_MODIFIER,0,0,0,0,,PLAYER_HAS_LOW_TOURISM,,
LAHORE_NIHANG_BARRACKS_ABILITY,MODIFIER_PLAYER_UNITS_GRANT_ABILITY,0,0,0,0,,,,
LAHORE_NIHANG_ARMORY_ABILITY,MODIFIER_PLAYER_UNITS_GRANT_ABILITY,0,0,0,0,,,,
LAHORE_NIHANG_ACADEMY_ABILITY,MODIFIER_PLAYER_UNITS_GRANT_ABILITY,0,0,0,0,,,,
WATERMILL_ADDMAIZEYIELD,MODIFIER_CITY_PLOT_YIELDS_ADJUST_PLOT_YIELD,0,0,0,0,,RESOURCE_IS_MAIZE,,
TRAIT_EJERCITO_PATRIOTA_EXTRA_MOVEMENT,MODIFIER_PLAYER_UNITS_GRANT_ABILITY_GRANCOLOMBIA_MAYA,0,0,0,0,,,,
EJERCITO_PATRIOTA_EXTRA_MOVEMENT,MODIFIER_PLAYER_UNIT_ADJUST_MOVEMENT,0,0,0,0,,,,
TRAIT_PROMOTE_NO_FINISH_MOVES,MODIFIER_PLAYER_UNITS_PROMOTE_NO_FINISH_MOVES,0,0,0,0,,,,
TRAIT_NO_FRESH_WATER_HOUSING,MODIFIER_PLAYER_CITIES_ADJUST_NO_FRESH_WATER_HOUSING,0,0,0,0,,,,
TRAIT_ADD_AMENITY_PER_ADJACENT_LUXURY,MODIFIER_PLAYER_CITIES_ADD_AMENITY_PER_ADJACENT_LUXURY,0,0,0,0,,,,
TRAIT_MAYA_FARMS_PRODUCTION,MODIFIER_PLAYER_ADJUST_PLOT_YIELD_GRANCOLOMBIA_MAYA,0,0,0,0,,PLOT_HAS_FARMS_GRANCOLOMBIA_MAYA_REQUIREMENTS,,
FARM_HOUSING_WITH_MAYAB_TRAIT,MODIFIER_SINGLE_CITY_ADJUST_IMPROVEMENT_HOUSING_GRANCOLOMBIA_MAYA,0,0,0,0,,MAYA_REQUIREMENTS,,
FOUNTAIN_OF_YOUTH_UNITS_GRANT_ABILITY,MODIFIER_ALL_UNITS_GRANT_ABILITY,0,0,1,0,FOUNTAIN_OF_YOUTH_REQUIREMENTS,UNIT_ENTERS_FOUNTAIN_OF_YOUTH,,
WATER_OF_LIFE_HEAL_EVERYWHERE,MODIFIER_PLAYER_UNIT_ADJUST_HEAL_PER_TURN,0,0,0,0,,,,
PAITITI_GOLD_FROM_INTERNATIONAL_TRADE_ROUTES,MODIFIER_ALL_CITIES_ADJUST_TRADE_ROUTE_YIELD_FOR_INTERNATIONAL,0,0,0,0,PAITITI_REQUIREMENTS,CITY_HAS_PAITITI,,
BERMUDA_TRIANGLE_TELEPORT,MODIFIER_UNIT_TELEPORT,0,0,1,1,BERMUDA_TRIANGLE_REQUIREMENTS,UNIT_ENTERS_BERMUDA_TRIANGLE,,
BERMUDA_TRIANGLE_UNITS_GRANT_ABILITY,MODIFIER_ALL_UNITS_GRANT_ABILITY,0,0,1,0,BERMUDA_TRIANGLE_REQUIREMENTS,UNIT_ENTERS_BERMUDA_TRIANGLE,,
MYSTERIOUS_CURRENTS_MOVEMENT,MODIFIER_PLAYER_UNIT_ADJUST_MOVEMENT,0,0,0,0,,,,
GREATPERSON_COMANDANTE_MOVEMENT_AOE_LAND,MODIFIER_PLAYER_UNITS_GRANT_ABILITY,0,0,0,0,,AOE_LAND_REQUIREMENTS,,
COMANDANTE_AOE_MOVEMENT,MODIFIER_PLAYER_UNIT_ADJUST_MOVEMENT,0,0,0,0,,,,
GREATPERSON_COMANDANTE_STRENGTH_AOE_LAND,MODIFIER_PLAYER_UNITS_GRANT_ABILITY,0,0,0,0,,AOE_LAND_REQUIREMENTS,,
COMANDANTE_AOE_STRENGTH,MODIFIER_UNIT_ADJUST_COMBAT_STRENGTH,0,0,0,0,,,,
GREAT_PERSON_JOSE_DE_SUCRE_SPAWN_UNIT,MODIFIER_PLAYER_UNIT_GRANT_UNIT_BY_DOMAIN,1,0,1,0,,,,
GREAT_PERSON_INDIVIDUAL_COMMANDANTE_UNIT_PROMOTION,MODIFIER_PLAYER_UNIT_ADJUST_GRANT_EXPERIENCE,1,0,1,0,,,,
GREAT_PERSON_JOSE_DE_SUCRE_UNIT_NO_RESOURCE_MAINTENANCE,MODIFIER_PLAYER_UNIT_ADJUST_IGNORE_RESOURCE_MAINTENANCE,1,0,1,0,,,,
GREAT_PERSON_INDIVIDUAL_COMMANDANTE_RANDOM_CIVIC,MODIFIER_PLAYER_GRANT_RANDOM_CIVIC,1,0,1,0,,,,
GREAT_PERSON_INDIVIDUAL_COMMANDANTE_GOVERNOR_TITLE,MODIFIER_PLAYER_ADJUST_GOVERNOR_POINTS,1,0,1,0,,,,
GREAT_PERSON_INDIVIDUAL_COMMANDANTE_CAVALRY_BUFF,MODIFIER_PLAYER_UNITS_GRANT_ABILITY,1,0,1,0,,AOE_LAND_REQUIREMENTS,,
COMMANDANTE_CAVALRY_BUFF,MODIFIER_UNIT_ADJUST_COMBAT_STRENGTH,0,0,0,0,,,,
GREAT_PERSON_INDIVIDUAL_COMMANDANTE_RESET_UNIT_MOVES,MODIFIER_PLAYER_UNITS_RESET_MOVES,1,0,1,0,,AOE_LAND_REQUIREMENTS,,
GREAT_PERSON_INDIVIDUAL_COMMANDANTE_MELEE_ANTICAV_BUFF,MODIFIER_PLAYER_UNITS_GRANT_ABILITY,1,0,1,0,,AOE_LAND_REQUIREMENTS,,
COMMANDANTE_MELEE_ANTICAV_BUFF,MODIFIER_UNIT_ADJUST_COMBAT_STRENGTH,0,0,0,0,,,,
GREAT_PERSON_INDIVIDUAL_COMMANDANTE_UNIT_GOLD,MODIFIER_PLAYER_GRANT_YIELD_PERCENT_UNIT_COST,1,0,1,0,,,,
GREAT_PERSON_COMMANDANTE_MACGREGOR_UNIT_PROMOTION,MODIFIER_PLAYER_UNIT_ADJUST_GRANT_EXPERIENCE,1,0,1,0,,,,
GREAT_PERSON_INDIVIDUAL_COMMANDANTE_UNIT_STRENGTH,MODIFIER_PLAYER_UNIT_GRANT_ABILITY,1,0,1,0,,,,
COMMANDANTE_UNIT_STRENGTH_BUFF,MODIFIER_UNIT_ADJUST_COMBAT_STRENGTH,0,0,0,0,,,,
GREAT_PERSON_INDIVIDUAL_NARINO_TRADE_ROUTE,MODIFIER_PLAYER_ADJUST_TRADE_ROUTE_CAPACITY,1,0,1,0,,,,
GREAT_PERSON_INDIVIDUAL_NARINO_TRADE_UNIT,MODIFIER_SINGLE_CITY_GRANT_UNIT_IN_NEAREST_CITY,1,0,1,0,,,,
GREAT_PERSON_INDIVIDUAL_MONTILLA_UNIT_STR_VS_DISTRICTS,MODIFIER_PLAYER_UNITS_GRANT_ABILITY,1,0,1,0,,AOE_LAND_REQUIREMENTS,,
COMMANDANTE_UNIT_STR_VS_DISTRICTS,MODIFIER_UNIT_ADJUST_COMBAT_STRENGTH,0,0,0,0,,OPPONENT_IS_DISTRICT_REQUIREMENTS,,
GREAT_PERSON_INDIVIDUAL_RIBAS_DAMAGE_NEARBY_UNITS,MODIFIER_WORLD_UNITS_ADJUST_DAMAGE,1,0,1,0,,AOE_ENEMY_REQUIREMENTS,,
COMMANDANTE_HEAL_LLANERO_ON_RETIRE,MODIFIER_PLAYER_UNITS_ADJUST_DAMAGE,1,0,1,0,,ADJACENT_LLANERO_UNIT_REQUIREMENTS,,
TRAIT_LEADER_COMANDANTE_GENERAL_GUARANTEE_CLASSICAL,MODIFIER_PLAYER_ADJUST_GREAT_PERSON_GUARANTEE,0,0,0,0,,,,
TRAIT_LEADER_COMANDANTE_GENERAL_GUARANTEE_MEDIEVAL,MODIFIER_PLAYER_ADJUST_GREAT_PERSON_GUARANTEE,0,0,0,0,,,,
TRAIT_LEADER_COMANDANTE_GENERAL_GUARANTEE_RENAISSANCE,MODIFIER_PLAYER_ADJUST_GREAT_PERSON_GUARANTEE,0,0,0,0,,,,
TRAIT_LEADER_COMANDANTE_GENERAL_GUARANTEE_INDUSTRIAL,MODIFIER_PLAYER_ADJUST_GREAT_PERSON_GUARANTEE,0,0,0,0,,,,
TRAIT_LEADER_COMANDANTE_GENERAL_GUARANTEE_MODERN,MODIFIER_PLAYER_ADJUST_GREAT_PERSON_GUARANTEE,0,0,0,0,,,,
TRAIT_LEADER_COMANDANTE_GENERAL_GUARANTEE_ATOMIC,MODIFIER_PLAYER_ADJUST_GREAT_PERSON_GUARANTEE,0,0,0,0,,,,
TRAIT_LEADER_COMANDANTE_GENERAL_GUARANTEE_INFORMATION,MODIFIER_PLAYER_ADJUST_GREAT_PERSON_GUARANTEE,0,0,0,0,,,,
TRAIT_LEADER_NEARBY_CITIES_GAIN_BUILDER,MODIFIER_PLAYER_CITIES_GRANT_UNIT_IN_CITY_GRANCOLOMBIA_MAYA,0,0,1,0,,OBJECT_IS_FOUNDED_6_TILES_FROM_CAPITAL_NOT_CAPITAL_REQUIREMENTS,,
TRAIT_LEADER_NEARBY_CITIES_GAIN_YIELDS,MODIFIER_PLAYER_CITIES_ADJUST_CITY_YIELD_MODIFIER_GRANCOLOMBIA_MAYA,0,0,0,0,,OBJECT_IS_6_TILES_FROM_CAPITAL_NOT_CAPITAL_REQUIREMENTS,,
TRAIT_LEADER_NEARBY_CITIES_LOSE_YIELDS,MODIFIER_PLAYER_CITIES_ADJUST_CITY_YIELD_MODIFIER_GRANCOLOMBIA_MAYA,0,0,0,0,,OBJECT_IS_7_OR_MORE_TILES_FROM_CAPITAL_REQUIREMENTS,,
TRAIT_LEADER_NEARBY_CITIES_GAIN_ABILITY,MODIFIER_PLAYER_UNITS_GRANT_ABILITY_GRANCOLOMBIA_MAYA,0,0,0,0,,OBJECT_IS_6_TILES_FROM_CAPITAL_REQUIREMENTS,,
MUTAL_NEAR_CAPITAL_COMBAT,MODIFIER_UNIT_ADJUST_COMBAT_STRENGTH,0,0,0,0,,,,
MINOR_CIV_CAGUANA_UNIQUE_INFLUENCE_BONUS,MODIFIER_ALL_PLAYERS_ATTACH_MODIFIER,0,0,0,0,,PLAYER_IS_SUZERAIN,,
MINOR_CIV_CAGUANA_CAN_BATEY,MODIFIER_PLAYER_ADJUST_VALID_IMPROVEMENT,0,0,0,0,,,,
MINOR_CIV_HUNZA_UNIQUE_INFLUENCE_BONUS,MODIFIER_ALL_PLAYERS_ATTACH_MODIFIER,0,0,0,0,,PLAYER_IS_SUZERAIN,,
MINOR_CIV_HUNZA_GOLD_FROM_TRADE_ROUTE_LENGTH,MODIFIER_PLAYER_ADJUST_TRADE_ROUTE_YIELD_PER_PATH_TILE,0,0,0,0,,,,
MINOR_CIV_LAHORE_UNIQUE_UNIT_UNLOCK,MODIFIER_ALL_PLAYERS_ATTACH_MODIFIER,0,0,0,0,,PLAYER_IS_SUZERAIN,,
MINOR_CIV_LAHORE_NIHANG_UNIQUE_UNIT,MODIFIER_PLAYER_ADJUST_VALID_UNIT_BUILD,0,0,0,0,,,,
MINOR_CIV_SINGAPORE_UNIQUE_INFLUENCE_BONUS,MODIFIER_ALL_PLAYERS_ATTACH_MODIFIER,0,0,0,0,,PLAYER_IS_SUZERAIN,,
MINOR_CIV_SINGAPORE_PRODUCTION_PER_MAJOR_TRADE_PARTNER,MODIFIER_PLAYER_CITIES_ADJUST_CITY_YIELD_PER_MAJOR_TRADE_PARTNER,0,0,0,0,,,,
MINOR_CIV_TARUGA_UNIQUE_INFLUENCE_ALUMINUM_RESOURCE,MODIFIER_ALL_PLAYERS_ATTACH_MODIFIER,0,0,0,0,,PLAYER_IS_SUZERAIN,,
MINOR_CIV_TARUGA_ALUMINUM_RESOURCE_SCIENCE,MODIFIER_PLAYER_CITIES_ADJUST_CITY_YIELD_MODIFIER,0,0,0,0,,CITY_HAS_IMPROVED_ALUMINUM,,
MINOR_CIV_TARUGA_UNIQUE_INFLUENCE_COAL_RESOURCE,MODIFIER_ALL_PLAYERS_ATTACH_MODIFIER,0,0,0,0,,PLAYER_IS_SUZERAIN,,
MINOR_CIV_TARUGA_COAL_RESOURCE_SCIENCE,MODIFIER_PLAYER_CITIES_ADJUST_CITY_YIELD_MODIFIER,0,0,0,0,,CITY_HAS_IMPROVED_COAL,,
MINOR_CIV_TARUGA_UNIQUE_INFLUENCE_HORSES_RESOURCE,MODIFIER_ALL_PLAYERS_ATTACH_MODIFIER,0,0,0,0,,PLAYER_IS_SUZERAIN,,
MINOR_CIV_TARUGA_HORSES_RESOURCE_SCIENCE,MODIFIER_PLAYER_CITIES_ADJUST_CITY_YIELD_MODIFIER,0,0,0,0,,CITY_HAS_IMPROVED_HORSES,,
MINOR_CIV_TARUGA_UNIQUE_INFLUENCE_IRON_RESOURCE,MODIFIER_ALL_PLAYERS_ATTACH_MODIFIER,0,0,0,0,,PLAYER_IS_SUZERAIN,,
MINOR_CIV_TARUGA_IRON_RESOURCE_SCIENCE,MODIFIER_PLAYER_CITIES_ADJUST_CITY_YIELD_MODIFIER,0,0,0,0,,CITY_HAS_IMPROVED_IRON,,
MINOR_CIV_TARUGA_UNIQUE_INFLUENCE_NITER_RESOURCE,MODIFIER_ALL_PLAYERS_ATTACH_MODIFIER,0,0,0,0,,PLAYER_IS_SUZERAIN,,
MINOR_CIV_TARUGA_NITER_RESOURCE_SCIENCE,MODIFIER_PLAYER_CITIES_ADJUST_CITY_YIELD_MODIFIER,0,0,0,0,,CITY_HAS_IMPROVED_NITER,,
MINOR_CIV_TARUGA_UNIQUE_INFLUENCE_OIL_RESOURCE,MODIFIER_ALL_PLAYERS_ATTACH_MODIFIER,0,0,0,0,,PLAYER_IS_SUZERAIN,,
MINOR_CIV_TARUGA_OIL_RESOURCE_SCIENCE,MODIFIER_PLAYER_CITIES_ADJUST_CITY_YIELD_MODIFIER,0,0,0,0,,CITY_HAS_IMPROVED_OIL,,
MINOR_CIV_TARUGA_UNIQUE_INFLUENCE_URANIUM_RESOURCE,MODIFIER_ALL_PLAYERS_ATTACH_MODIFIER,0,0,0,0,,PLAYER_IS_SUZERAIN,,
MINOR_CIV_TARUGA_URANIUM_RESOURCE_SCIENCE,MODIFIER_PLAYER_CITIES_ADJUST_CITY_YIELD_MODIFIER,0,0,0,0,,CITY_HAS_IMPROVED_URANIUM,,
MINOR_CIV_VATICAN_CITY_UNIQUE_INFLUENCE_BONUS,MODIFIER_ALL_PLAYERS_ATTACH_MODIFIER,0,0,0,0,,PLAYER_IS_SUZERAIN,,
MINOR_CIV_VATICAN_CITY_GREAT_PERSON_RELIGIOUS_PRESSURE,MODIFIER_PLAYER_GRANT_RELIGIOUS_PRESSURE_GREAT_PERSON_ACTIVATED,0,0,0,0,,,,
AGENDA_MODIFIER_LADY_SIX_SKY_NEIGHBORS,MODIFIER_PLAYER_DIPLOMACY_SIMPLE_MODIFIER,0,0,0,0,,PLAYERS_ARE_NEIGHBORS,,
AGENDA_MODIFIER_LADY_SIX_SKY_NOT_NEIGHBORS,MODIFIER_PLAYER_DIPLOMACY_SIMPLE_MODIFIER,0,0,0,0,,PLAYERS_ARE_NOT_NEIGHBORS,,
AGENDA_MODIFIER_SIMON_BOLIVAR,MODIFIER_PLAYER_DIPLOMACY_AGENDA_SIMON_BOLIVAR,0,0,0,0,ON_TURN_STARTED,PLAYER_IS_MAJOR_CIV_KNOWN_10_TURNS,,
NIHANG_FLANKED_BONUS,MODIFIER_UNIT_ADJUST_COMBAT_STRENGTH,0,0,0,0,,UNIT_IS_FLANKED_REQUIREMENTS,,
NIHANG_FAITH_FOR_VICTORIES,MODIFIER_UNIT_ADJUST_POST_COMBAT_YIELD,0,0,0,0,,,,
NIHANG_MOVEMENT_BONUS,MODIFIER_PLAYER_UNIT_ADJUST_MOVEMENT,0,0,0,0,,,,
NIHANG_NO_WOUNDED_PENALTY,MODIFIER_PLAYER_UNIT_ADJUST_NO_REDUCTION_DAMAGE,0,0,0,0,,,,
NIHANG_SUZERAIN_COMBAT_BONUS,MODIFIER_UNIT_ADJUST_COMBAT_STRENGTH,0,0,0,0,,PLAYER_HAS_LAHORE_SUZERAIN_REQUIREMENTS,,
HULCHE_BONUS_VS_WOUNDED_UNITS,MODIFIER_UNIT_ADJUST_COMBAT_STRENGTH,0,0,0,0,,REQUIREMENTS_OPPONENT_IS_WOUNDED,,
NIHANG_BARRACKS_STRENGTH,MODIFIER_UNIT_ADJUST_BASE_COMBAT_STRENGTH,0,0,0,0,,,,
NIHANG_ARMORY_STRENGTH,MODIFIER_UNIT_ADJUST_BASE_COMBAT_STRENGTH,0,0,0,0,,,,
NIHANG_ACADEMY_STRENGTH,MODIFIER_UNIT_ADJUST_BASE_COMBAT_STRENGTH,0,0,0,0,,,,
LLANERO_ADJACENCY_STRENGTH,GRANT_STRENGTH_PER_ADJACENT_UNIT_TYPE,0,0,0,0,LLANERO_IS_ADJACENT_REQUIREMENTS,,,
ROCKBAND_SPACE_ROCK_OBSERVATORY,MODIFIER_PLAYER_UNIT_ADJUST_ROCK_BAND_LEVEL_DISTRICT,0,0,0,0,,,,
ROCKBAND_SPACE_ROCK_OBSERVATORY_MODIFIER,MODIFIER_PLAYER_UNIT_ADJUST_TOURISM_BOMB_DISTRICT,0,0,0,0,,,,
TRAIT_LEADER_COMANDANTE_GENERAL_GUARANTEE_FUTURE,MODIFIER_PLAYER_ADJUST_GREAT_PERSON_GUARANTEE,0,0,0,0,,,,
GOODY_METEOR_FREE_UNIT,MODIFIER_PLAYER_GRANT_ADVANCED_UNIT_OF_CLASS_IN_NEAREST_OWNER_CITY_AND_APPLY_ABILITY,1,0,1,0,,,,
GOODY_METEOR_UNIT_REFUND_COST,MODIFIER_PLAYER_UNIT_ADJUST_IGNORE_RESOURCE_MAINTENANCE,0,0,0,0,,,,
TRAIT_CAESAR_NO_XP_LIMIT,MODIFIER_PLAYER_UNITS_ADJUST_UNIT_NO_BARB_XP_LIMIT,0,0,0,0,,,,
TRAIT_CAESAR_BARB_COMBAT,MODIFIER_PLAYER_UNITS_ADJUST_BARBARIAN_COMBAT,0,0,0,0,,,,
TRAIT_CAESAR_GOLD_CAPTURED_CITY,MODIFIER_PLAYER_CAPTURED_CITY_ATTACH_MODIFIER,0,0,0,0,,,,
TRAIT_CAESAR_GOLD_CAPTURED_CITY_MODIFIER,MODIFIER_PLAYER_GRANT_YIELD,1,0,1,0,,,,
TRAIT_CAESAR_GOLD_CAPTURED_CITY_METAL_CASTING,MODIFIER_PLAYER_CAPTURED_CITY_ATTACH_MODIFIER,0,0,0,0,,PLAYER_HAS_METAL_CASTING_REQUIREMENTS,,
TRAIT_CAESAR_GOLD_CAPTURED_CITY_METAL_CASTING_MODIFIER,MODIFIER_PLAYER_GRANT_YIELD,1,0,1,0,,,,
TRAIT_CAESAR_GOLD_CAPTURED_CITY_STEEL,MODIFIER_PLAYER_CAPTURED_CITY_ATTACH_MODIFIER,0,0,0,0,,PLAYER_HAS_STEEL_REQUIREMENTS,,
TRAIT_CAESAR_GOLD_CAPTURED_CITY_STEEL_MODIFIER,MODIFIER_PLAYER_GRANT_YIELD,1,0,1,0,,,,
BARBARIAN_CAMP_GOLD_CAPTURED_CITY,MODIFIER_PLAYER_ADJUST_GOLD_DISPERSAL,0,0,0,0,,,,
BARBARIAN_CAMP_GOLD_CAPTURED_CITY_METAL_CASTING,MODIFIER_PLAYER_ADJUST_GOLD_DISPERSAL,0,0,0,0,,PLAYER_HAS_METAL_CASTING_REQUIREMENTS,,
BARBARIAN_CAMP_GOLD_CAPTURED_CITY_STEEL,MODIFIER_PLAYER_ADJUST_GOLD_DISPERSAL,0,0,0,0,,PLAYER_HAS_STEEL_REQUIREMENTS,,
AGENDA_CLEARS_BARBARIAN_CAMPS_CAESAR,MODIFIER_PLAYER_DIPLOMACY_SIMPLE_MODIFIER,0,0,0,0,,PLAYER_CLEARS_BARBARIAN_CAMPS,,
AGENDA_IGNORES_BARBARIAN_CAMPS_CAESAR,MODIFIER_PLAYER_DIPLOMACY_SIMPLE_MODIFIER,0,0,0,0,,PLAYER_IGNORES_BARBARIAN_CAMPS,,
STAUEZEUS_GRANT_SPEARMEN,MODIFIER_SINGLE_CITY_GRANT_UNIT_IN_CITY,1,0,1,0,,,,
STAUEZEUS_GRANT_ARCHERS,MODIFIER_SINGLE_CITY_GRANT_UNIT_IN_CITY,1,0,1,0,,,,
STAUEZEUS_GRANT_BATTERINGRAM,MODIFIER_SINGLE_CITY_GRANT_UNIT_IN_CITY,1,0,1,0,,,,
STAUEZEUS_ANTI_CAVALRY_PRODUCTION,MODIFIER_PLAYER_CITIES_ADJUST_UNIT_TAG_ERA_PRODUCTION,0,0,0,0,,,,
BIOSPHERE_ADJUST_APPEAL_MARSH,MODIFIER_PLAYER_CITIES_ADJUST_FEATURE_APPEAL_MODIFIER,0,0,0,0,,,,
BIOSPHERE_ADJUST_APPEAL_RAINFOREST,MODIFIER_PLAYER_CITIES_ADJUST_FEATURE_APPEAL_MODIFIER,0,0,0,0,,,,
TRAIT_HOLY_CITIES_COMBAT,MODIFIER_PLAYER_UNITS_GRANT_ABILITY,0,0,1,0,,,,
TRAIT_HOLY_CITIES_RELIGIOUS_COMBAT,MODIFIER_PLAYER_UNITS_GRANT_ABILITY,0,0,1,0,,,,
BYZANTIUM_PRESSURE_KILLS,MODIFIER_PLAYER_UNIT_ADJUST_LAND_VICTORY_SPREAD,0,0,0,0,,,,
BYZANTIUM_COMBAT_HOLY_CITIES,MODIFIER_PLAYER_UNIT_ADJUST_COMBAT_FOR_NUMBER_HOLY_CITIES,0,0,0,0,,,,
BYZANTIUM_RELIGIOUS_COMBAT_HOLY_CITIES,MODIFIER_PLAYER_UNIT_ADJUST_COMBAT_FOR_NUMBER_HOLY_CITIES,0,0,0,0,,,,
BYZANTIUM_GREATPROPHETPOINTS,MODIFIER_PLAYER_DISTRICTS_ADJUST_GREAT_PERSON_POINTS,0,0,0,0,,DISTRICT_IS_HOLY_SITE,,
GAUL_MINE_CULTURE_BOMB,MODIFIER_PLAYER_ADD_CULTURE_BOMB_TRIGGER,0,0,0,0,,,,
GAUL_MINE_CULTURE,MODIFIER_PLAYER_ADJUST_PLOT_YIELD,0,0,0,0,,PLOT_HAS_MINE_REQUIREMENTS,,
GAUL_MINE_TOURISM,MODIFIER_PLAYER_ADJUST_PLOT_YIELD,0,0,0,0,,PLAYER_HAS_FLIGHT,,
TRAIT_CIVILIZATION_GAUL_HOLYSITE_ADJACENCYFAITH,MODIFIER_PLAYER_CITIES_IMPROVEMENT_ADJACENCY,0,0,0,0,,,,
TRAIT_CIVILIZATION_GAUL_CAMPUS_ADJACENCYSCIENCE,MODIFIER_PLAYER_CITIES_IMPROVEMENT_ADJACENCY,0,0,0,0,,,,
TRAIT_CIVILIZATION_GAUL_HARBOR_ADJACENCYGOLD,MODIFIER_PLAYER_CITIES_IMPROVEMENT_ADJACENCY,0,0,0,0,,,,
TRAIT_CIVILIZATION_GAUL_COMMERCIALHUB_ADJACENCYGOLD,MODIFIER_PLAYER_CITIES_IMPROVEMENT_ADJACENCY,0,0,0,0,,,,
TRAIT_CIVILIZATION_GAUL_THEATER_ADJACENCYCULTURE,MODIFIER_PLAYER_CITIES_IMPROVEMENT_ADJACENCY,0,0,0,0,,,,
TRAIT_CIVILIZATION_GAUL_OPPIDUM_ADJACENCYPRODUCTION,MODIFIER_PLAYER_CITIES_IMPROVEMENT_ADJACENCY,0,0,0,0,,,,
TRAIT_CIVILIZATION_GAUL_CITY_NO_ADJACENT_DISTRICT,MODIFIER_PLAYER_ADJUST_SPECIALTY_DISTRICT_CANNOT_BE_BUILT_ADJACENT_TO_CITY,0,0,0,0,,,,
OPPIDUM_GRANT_TECH_APPRENTICESHIP,MODIFIER_PLAYER_GRANT_SPECIFIC_TECHNOLOGY_GAUL,1,0,1,0,,,,
TRAIT_CREATE_HIPPODROME_HEAVY_CAVALRY,MODIFIER_PLAYER_DISTRICT_ADJUST_PLAYER_DISTRICT_AND_BUILDINGS_CREATE_UNIT_WITH_ABILITY_BY_CLASS,0,0,0,0,,,,
TRAIT_GRANT_CULTURE_UNIT_TRAINED,MODIFIER_PLAYER_CITIES_GRANT_YIELD_PER_UNIT_COST,0,0,0,0,,,,
TRAIT_NEIGHBOR_COMBAT,MODIFIER_PLAYER_UNITS_GRANT_ABILITY,0,0,1,0,,,,
AMBIORIX_NEIGHBOR_COMBAT,MODIFIER_PLAYER_UNIT_ADJUST_COMBAT_FOR_NUMBER_NEIGHBORS,0,0,0,0,,,,
TRAIT_ENABLE_WALL_ATTACK_SAME_RELIGION,MODIFIER_PLAYER_UNITS_GRANT_ABILITY,0,0,1,0,,,,
TRAIT_ABILITY_ENABLE_WALL_ATTACK_SAME_RELIGION,MODIFIER_PLAYER_ADJUST_ENABLE_WALL_ATTACK_WHOLE_GAME_SAME_RELIGION,0,0,0,0,,,,
TRAIT_ENABLE_WALL_ATTACK_LIGHT,MODIFIER_PLAYER_ADJUST_ENABLE_WALL_ATTACK_WHOLE_GAME_SAME_RELIGION_PROMOTION_CLASS,0,0,0,0,,,,
TRAIT_ENABLE_WALL_ATTACK_HEAVY,MODIFIER_PLAYER_ADJUST_ENABLE_WALL_ATTACK_WHOLE_GAME_SAME_RELIGION_PROMOTION_CLASS,0,0,0,0,,,,
AGENDA_BASIL_ZEALOT,MODIFIER_PLAYER_DIPLOMACY_AGENDA_ZEALOT,0,0,0,0,ON_TURN_STARTED,PLAYER_IS_MAJOR_CIV_KNOWN_30_TURNS,,
AGENDA_AMBIORIX_ARMY,MODIFIER_PLAYER_DIPLOMACY_AGENDA_AMBIORIX_ARMY,0,0,0,0,ON_TURN_STARTED,PLAYER_IS_MAJOR_CIV,,
DROMON_COMBAT_STRENGTH_AGAINST_UNITS,MODIFIER_UNIT_ADJUST_COMBAT_STRENGTH,0,0,0,0,,COMBAT_AGAINST_UNITS_REQUIREMENTS,,
TAGMA_GRANT_RELIGIOUS_AOE_STRENGTH,MODIFIER_PLAYER_UNITS_GRANT_ABILITY,0,0,0,0,,AOE_TAGMA_RELIGIOUS_REQUIREMENTS,,
TAGMA_GRANT_NONRELIGIOUS_AOE_STRENGTH,MODIFIER_PLAYER_UNITS_GRANT_ABILITY,0,0,0,0,,AOE_TAGMA_NONRELIGIOUS_REQUIREMENTS,,
TAGMA_RELIGIOUS_COMBAT,MODIFIER_UNIT_ADJUST_COMBAT_STRENGTH,0,0,0,0,,AOE_TAGMA_REQUIREMENTS,,
TAGMA_COMBAT_STRENGTH,MODIFIER_UNIT_ADJUST_COMBAT_STRENGTH,0,0,0,0,,AOE_TAGMA_NOTCENTER_REQUIREMENTS,,
GAESATAE_STRONG_AGAINST_STRONGER_UNITS,MODIFIER_UNIT_ADJUST_COMBAT_STRENGTH,0,0,0,0,,COMBAT_AGAINST_STRONGER_UNIT_REQUIREMENTS,,
GAESATAE_STRONG_AGAINST_DISTRICTS,MODIFIER_UNIT_ADJUST_COMBAT_STRENGTH,0,0,0,0,,SHELLS_REQUIREMENTS,,
ROCKBAND_ARENA_ROCK_HIPPODROME,MODIFIER_PLAYER_UNIT_ADJUST_ROCK_BAND_LEVEL_DISTRICT,0,0,0,0,,,,
HIPPODROME_RESOURCE_FREE,MODIFIER_PLAYER_UNIT_ADJUST_IGNORE_RESOURCE_MAINTENANCE,0,0,0,0,,,,
BIOSPHERE_MODIFIED_FREE_POWER,MODIFIER_PLAYER_CITIES_ADJUST_MODIFIED_FREE_POWER_MODIFIER,0,0,0,0,,,,
BIOSPHERE_GREEN_ENERGY_TOURISM,MODIFIER_PLAYER_CITIES_ADJUST_GREEN_ENERGY_TOURISM_MODIFIER,0,0,0,0,,,,
TRAIT_DISTRICTS_FOREST_ONLY,MODIFIER_PLAYER_ADJUST_FEAUTE_REQUIRED_FOR_SPECIALTY_DISTRICTS,0,0,0,0,,,,
TRAIT_DISTRICTS_MARSH_ONLY,MODIFIER_PLAYER_ADJUST_FEAUTE_REQUIRED_FOR_SPECIALTY_DISTRICTS,0,0,0,0,,,,
TRAIT_DISTRICTS_JUNGLE_ONLY,MODIFIER_PLAYER_ADJUST_FEAUTE_REQUIRED_FOR_SPECIALTY_DISTRICTS,0,0,0,0,,,,
TRAIT_FOREST_BUILDINGS_CULTURE,MODIFIER_PLAYER_CITIES_ADJUST_BUILDING_FEATURE_YIELD_CHANGE,0,0,0,0,,,,
TRAIT_JUNGLE_BUILDINGS_SCIENCE,MODIFIER_PLAYER_CITIES_ADJUST_BUILDING_FEATURE_YIELD_CHANGE,0,0,0,0,,,,
TRAIT_MARSH_BUILDINGS_PRODUCTION,MODIFIER_PLAYER_CITIES_ADJUST_BUILDING_FEATURE_YIELD_CHANGE,0,0,0,0,,,,
TRAIT_PLANT_MEDIEVAL_WOODS,MODIFIER_PLAYER_ADJUST_FEATURE_UNLOCK,0,0,0,0,,,,
THANH_TOURISM_CULTURE,MODIFIER_PLAYER_DISTRICT_ADJUST_TOURISM_ADJACENCY_YIELD_MOFIFIER,0,0,0,0,,THANH_PLAYER_HAS_FLIGHT_REQUIREMENTS,,
MAJOR_PLAYERS_ACTIVATE_PRESERVE_CULTURE_BOMB,MODIFIER_ALL_PLAYERS_ADD_CULTURE_BOMB_TRIGGER,0,0,0,0,,,,
TRAIT_ECONOMIC_GOVERNMENT_SLOT,MODIFIER_PLAYER_CULTURE_ADJUST_GOVERNMENT_SLOTS_MODIFIER,0,0,0,0,,,,
TRAIT_TRADING_POST_CIVIC_BOOST,MODIFIER_PLAYER_ADJUST_FREE_CIVIC_BOOST_FIRST_TRADING_POST_EACH_CIV,0,0,0,0,,,,
TRAIT_TRADING_POST_TECH_BOOST,MODIFIER_PLAYER_ADJUST_FREE_TECH_BOOST_FIRST_TRADING_POST_EACH_CIV,0,0,0,0,,,,
TRAIT_TRIEU_ABILITY,MODIFIER_PLAYER_UNITS_GRANT_ABILITY,0,0,1,0,,,,
TRIEU_FRIENDLY_MOVEMENT,MODIFIER_PLAYER_UNIT_ADJUST_MOVEMENT,0,0,0,0,,REQUIREMENTS_UNIT_IS_FRIENDLY_TRIEU_FEATURES,,
TRIEU_FRIENDLY_COMBAT,MODIFIER_UNIT_ADJUST_COMBAT_STRENGTH,0,0,0,0,,REQUIREMENTS_UNIT_IS_FRIENDLY_TRIEU_FEATURES,,
TRIEU_UNFRIENDLY_MOVEMENT,MODIFIER_PLAYER_UNIT_ADJUST_MOVEMENT,0,0,0,0,,REQUIREMENTS_UNIT_IS_UNFRIENDLY_TRIEU_FEATURES,,
TRIEU_UNFRIENDLY_COMBAT,MODIFIER_UNIT_ADJUST_COMBAT_STRENGTH,0,0,0,0,,REQUIREMENTS_UNIT_IS_UNFRIENDLY_TRIEU_FEATURES,,
AGENDA_TRIEU_DEFENDER,MODIFIER_PLAYER_DIPLOMACY_AGENDA_TRIEU_DEFENDER,0,0,0,0,ON_TURN_STARTED,PLAYER_IS_MAJOR_CIV_KNOWN_10_TURNS,,
AGENDA_KUBLAI_PAX,MODIFIER_PLAYER_DIPLOMACY_AGENDA_KUBLAI_PAX,0,0,0,0,ON_TURN_STARTED,PLAYER_IS_MAJOR_CIV_KNOWN_30_TURNS,,
VOI_CHIEN_MOVE_AND_ATTACK,MODIFIER_PLAYER_UNIT_ADJUST_ATTACK_AND_MOVE,0,0,0,0,,,,
MAGNIFICENCES_ALLOW_PROJECT,MODIFIER_PLAYER_ALLOW_PROJECT_CATHERINE,0,0,0,0,,,,
MAGNIFICENCES_CULTURE_LUXURY_ADJACENT_TO_THEATER_SQUARE_OR_CHATEAU,MODIFIER_PLAYER_ADJUST_PLOT_YIELD,0,0,0,0,,PLOT_LUXURY_ADJACENT_TO_THEATER_SQUARE_OR_CHATEAU_REQUIREMENTS,,
AGENDA_MAGNIFICENCES,MODIFIER_PLAYER_DIPLOMACY_AGENDA_MAGNIFICENCES,0,0,0,0,ON_TURN_STARTED,PLAYER_IS_MAJOR_CIV_KNOWN_10_TURNS,,
PROJECT_COMPLETION_GRANT_CULTURE_BASED_ON_EXCESS_LUXURIES,MODIFIER_PLAYER_GRANT_YIELD_PER_EXCESS_LUXURIES,1,0,1,0,,,,
PROJECT_COMPLETION_GRANT_TOURISM_BASED_ON_EXCESS_LUXURIES,MODIFIER_PLAYER_GRANT_TOURISM_PER_EXCESS_LUXURIES,1,0,1,0,,,,
TOKUGAWA_NEGATIVE_INTERNATIONAL_TOURISM,MODIFIER_PLAYER_ADJUST_TRADE_ROUTE_TOURISM_MODIFIER,0,0,0,0,,,,
TOKUGAWA_NEGATIVE_INTERNATIONAL_YIELDS,MODIFIER_PLAYER_ADJUST_INTERNATIONAL_TRADE_ROUTE_YIELD_MODIFIER_WARLORDS,0,0,0,0,,,,
TOKUGAWA_POSITIVE_DOMESTIC_CULTURE_DISTRICTS,MODIFIER_PLAYER_ADJUST_TRADE_ROUTE_YIELD_PER_SPECIALTY_DISTRICT_FOR_DOMESTIC,0,0,0,0,,,,
TOKUGAWA_POSITIVE_DOMESTIC_SCIENCE_DISTRICTS,MODIFIER_PLAYER_ADJUST_TRADE_ROUTE_YIELD_PER_SPECIALTY_DISTRICT_FOR_DOMESTIC,0,0,0,0,,,,
TOKUGAWA_POSITIVE_DOMESTIC_GOLD_DISTRICTS,MODIFIER_PLAYER_ADJUST_TRADE_ROUTE_YIELD_PER_SPECIALTY_DISTRICT_FOR_DOMESTIC,0,0,0,0,,,,
TOKUGAWA_TOURISM_DISTRICTS,MODIFIER_PLAYER_DISTRICTS_ADJUST_TOURISM_CHANGE,0,0,0,0,,PLAYER_HAS_FLIGHT_GREATWARLORDS,,
NADER_SHAH_COMBAT_ABILITY,MODIFIER_PLAYER_UNITS_GRANT_ABILITY,0,0,0,0,,,,
NADER_SHAH_COMBAT_BUFF,MODIFIER_UNIT_ADJUST_COMBAT_STRENGTH,0,0,0,0,,OPPONENT_IS_FULL_HEALTH_REQUIREMENTS,,
NADER_SHAH_TRADE_GOLD,MODIFIER_PLAYER_CITIES_ADJUST_TRADE_ROUTE_YIELD_FOR_DOMESTIC_WARLORDS,0,0,0,0,,CITY_WAS_NOT_FOUNDED_BY_THEM_REQUIREMENTS,,
NADER_SHAH_TRADE_FAITH,MODIFIER_PLAYER_CITIES_ADJUST_TRADE_ROUTE_YIELD_FOR_DOMESTIC_WARLORDS,0,0,0,0,,CITY_WAS_NOT_FOUNDED_BY_THEM_REQUIREMENTS,,
AGENDA_HIGH_LANDPOWER,MODIFIER_PLAYER_DIPLOMACY_SIMPLE_MODIFIER,0,0,0,0,,PLAYER_HAS_HIGH_STANDING_ARMY,,
AGENDA_LOW_LANDPOWER,MODIFIER_PLAYER_DIPLOMACY_SIMPLE_MODIFIER,0,0,0,0,,PLAYER_HAS_LOW_STANDING_ARMY,,
AGENDA_SAKOKU_TURTLER,MODIFIER_PLAYER_DIPLOMACY_AGENDA_SAKOKU_TURTLER,0,0,0,0,ON_TURN_STARTED,PLAYER_IS_MAJOR_CIV_KNOWN_30_TURNS,,
TRAIT_TOKUGAWA_LOYALTY_NEAR_CAPITAL,MODIFIER_PLAYER_CITIES_ADJUST_ALWAYS_LOYAL,0,0,0,0,,PLAYER_HAS_BAKUHAN_REUIREMENTS,,
TRAIT_SULEIMAN_ALT_SCIENCE_CULTURE_GOLDEN_AGE,MODIFIER_PLAYER_CITIES_ADJUST_CITY_YIELD_MODIFIER,0,0,0,0,,PLAYER_HAS_GOLDEN_AGE,,
SULEIMAN_ALT_COMBAT_ABILITY,MODIFIER_PLAYER_UNITS_GRANT_ABILITY,0,0,0,0,,PLAYER_NO_GOLDEN_AGE_REQUIREMENTS,,
SULEIMAN_COMBAT_BUFF,MODIFIER_UNIT_ADJUST_COMBAT_STRENGTH,0,0,0,0,,OPPONENT_IS_NOT_IN_GOLDEN_AGE_REQUIREMENTS,,
CONSULATE_INFLUENCEPOINTS,MODIFIER_PLAYER_ADJUST_INFLUENCE_POINTS_PER_TURN,0,0,0,0,,,,
CONSULATE_SPY_BONUS,MODIFIER_PLAYER_CITIES_ADJUST_SPY_BONUS,0,0,0,0,,CITY_HAS_CONSULATE_OR_ENCAMPMENT,,
CHANCERY_INFLUENCEPOINTS,MODIFIER_PLAYER_ADJUST_INFLUENCE_POINTS_PER_TURN,0,0,0,0,,,,
CHANCERY_COUNTERYSPY_SCIENCE,MODIFIER_PLAYER_ADJUST_COUNTER_SPY_AWARD_YIELD_PER_LEVEL,0,0,0,0,,,,
MINOR_CIV_SCIENTIFIC_SMALL_INFLUENCE_CAPITAL,MODIFIER_ALL_PLAYERS_ATTACH_MODIFIER,0,0,0,0,,PLAYER_HAS_SMALL_INFLUENCE,,
MINOR_CIV_SCIENTIFIC_SMALL_INFLUENCE_ETHIOPIA,MODIFIER_ALL_PLAYERS_ATTACH_MODIFIER,0,0,0,0,,PLAYER_HAS_SMALL_INFLUENCE,,
MINOR_CIV_SCIENTIFIC_MEDIUM_INFLUENCE_ETHIOPIA,MODIFIER_ALL_PLAYERS_ATTACH_MODIFIER,0,0,0,0,,PLAYER_HAS_MEDIUM_INFLUENCE,,
MINOR_CIV_SCIENTIFIC_MEDIUM_INFLUENCE_UNIVERSITY,MODIFIER_ALL_PLAYERS_ATTACH_MODIFIER,0,0,0,0,,PLAYER_HAS_MEDIUM_INFLUENCE,,
MINOR_CIV_SCIENTIFIC_LARGE_INFLUENCE_ETHIOPIA,MODIFIER_ALL_PLAYERS_ATTACH_MODIFIER,0,0,0,0,,PLAYER_HAS_LARGE_INFLUENCE,,
MINOR_CIV_SCIENTIFIC_LARGE_INFLUENCE_RESEARCH_LAB,MODIFIER_ALL_PLAYERS_ATTACH_MODIFIER,0,0,0,0,,PLAYER_HAS_LARGE_INFLUENCE,,
MINOR_CIV_SCIENTIFIC_YIELD_FOR_CAPITAL_ETHIOPIA,MODIFIER_PLAYER_CAPITAL_CITY_ADJUST_CITY_YIELD_CHANGE,0,0,0,0,,,,
MINOR_CIV_SCIENTIFIC_YIELD_FOR_LIBRARY_ETHIOPIA,MODIFIER_PLAYER_CITIES_ADJUST_BUILDING_YIELD_CHANGE,0,0,0,0,,,,
MINOR_CIV_SCIENTIFIC_YIELD_FOR_CONSULATE,MODIFIER_PLAYER_CITIES_ADJUST_BUILDING_YIELD_CHANGE,0,0,0,0,,,,
MINOR_CIV_SCIENTIFIC_YIELD_FOR_UNIVERSITY_ETHIOPIA,MODIFIER_PLAYER_CITIES_ADJUST_BUILDING_YIELD_CHANGE,0,0,0,0,,,,
MINOR_CIV_SCIENTIFIC_YIELD_FOR_CHANCERY,MODIFIER_PLAYER_CITIES_ADJUST_BUILDING_YIELD_CHANGE,0,0,0,0,,,,
MINOR_CIV_SCIENTIFIC_YIELD_FOR_RESEARCH_LAB,MODIFIER_PLAYER_CITIES_ADJUST_BUILDING_YIELD_CHANGE,0,0,0,0,,,,
MINOR_CIV_RELIGIOUS_SMALL_INFLUENCE_CAPITAL,MODIFIER_ALL_PLAYERS_ATTACH_MODIFIER,0,0,0,0,,PLAYER_HAS_SMALL_INFLUENCE,,
MINOR_CIV_RELIGIOUS_SMALL_INFLUENCE_ETHIOPIA,MODIFIER_ALL_PLAYERS_ATTACH_MODIFIER,0,0,0,0,,PLAYER_HAS_SMALL_INFLUENCE,,
MINOR_CIV_RELIGIOUS_MEDIUM_INFLUENCE_ETHIOPIA,MODIFIER_ALL_PLAYERS_ATTACH_MODIFIER,0,0,0,0,,PLAYER_HAS_MEDIUM_INFLUENCE,,
MINOR_CIV_RELIGIOUS_MEDIUM_INFLUENCE_TEMPLE,MODIFIER_ALL_PLAYERS_ATTACH_MODIFIER,0,0,0,0,,PLAYER_HAS_MEDIUM_INFLUENCE,,
MINOR_CIV_RELIGIOUS_LARGE_INFLUENCE_ETHIOPIA,MODIFIER_ALL_PLAYERS_ATTACH_MODIFIER,0,0,0,0,,PLAYER_HAS_LARGE_INFLUENCE,,
MINOR_CIV_RELIGIOUS_LARGE_INFLUENCE_CATHEDRAL,MODIFIER_ALL_PLAYERS_ATTACH_MODIFIER,0,0,0,0,,PLAYER_HAS_LARGE_INFLUENCE,,
MINOR_CIV_RELIGIOUS_LARGE_INFLUENCE_DAR_E_MEHR,MODIFIER_ALL_PLAYERS_ATTACH_MODIFIER,0,0,0,0,,PLAYER_HAS_LARGE_INFLUENCE,,
MINOR_CIV_RELIGIOUS_LARGE_INFLUENCE_GURDWARA,MODIFIER_ALL_PLAYERS_ATTACH_MODIFIER,0,0,0,0,,PLAYER_HAS_LARGE_INFLUENCE,,
MINOR_CIV_RELIGIOUS_LARGE_INFLUENCE_MEETING_HOUSE,MODIFIER_ALL_PLAYERS_ATTACH_MODIFIER,0,0,0,0,,PLAYER_HAS_LARGE_INFLUENCE,,
MINOR_CIV_RELIGIOUS_LARGE_INFLUENCE_MOSQUE,MODIFIER_ALL_PLAYERS_ATTACH_MODIFIER,0,0,0,0,,PLAYER_HAS_LARGE_INFLUENCE,,
MINOR_CIV_RELIGIOUS_LARGE_INFLUENCE_PAGODA,MODIFIER_ALL_PLAYERS_ATTACH_MODIFIER,0,0,0,0,,PLAYER_HAS_LARGE_INFLUENCE,,
MINOR_CIV_RELIGIOUS_LARGE_INFLUENCE_STUPA,MODIFIER_ALL_PLAYERS_ATTACH_MODIFIER,0,0,0,0,,PLAYER_HAS_LARGE_INFLUENCE,,
MINOR_CIV_RELIGIOUS_LARGE_INFLUENCE_SYNAGOGUE,MODIFIER_ALL_PLAYERS_ATTACH_MODIFIER,0,0,0,0,,PLAYER_HAS_LARGE_INFLUENCE,,
MINOR_CIV_RELIGIOUS_LARGE_INFLUENCE_WAT,MODIFIER_ALL_PLAYERS_ATTACH_MODIFIER,0,0,0,0,,PLAYER_HAS_LARGE_INFLUENCE,,
MINOR_CIV_RELIGIOUS_YIELD_FOR_CAPITAL_ETHIOPIA,MODIFIER_PLAYER_CAPITAL_CITY_ADJUST_CITY_YIELD_CHANGE,0,0,0,0,,,,
MINOR_CIV_RELIGIOUS_YIELD_FOR_SHRINE_ETHIOPIA,MODIFIER_PLAYER_CITIES_ADJUST_BUILDING_YIELD_CHANGE,0,0,0,0,,,,
MINOR_CIV_RELIGIOUS_YIELD_FOR_CONSULATE,MODIFIER_PLAYER_CITIES_ADJUST_BUILDING_YIELD_CHANGE,0,0,0,0,,,,
MINOR_CIV_RELIGIOUS_YIELD_FOR_TEMPLE_ETHIOPIA,MODIFIER_PLAYER_CITIES_ADJUST_BUILDING_YIELD_CHANGE,0,0,0,0,,,,
MINOR_CIV_RELIGIOUS_YIELD_FOR_CATHEDRAL,MODIFIER_PLAYER_CITIES_ADJUST_BUILDING_YIELD_CHANGE,0,0,0,0,,,,
MINOR_CIV_RELIGIOUS_YIELD_FOR_DAR_E_MEHR,MODIFIER_PLAYER_CITIES_ADJUST_BUILDING_YIELD_CHANGE,0,0,0,0,,,,
MINOR_CIV_RELIGIOUS_YIELD_FOR_GURDWARA,MODIFIER_PLAYER_CITIES_ADJUST_BUILDING_YIELD_CHANGE,0,0,0,0,,,,
MINOR_CIV_RELIGIOUS_YIELD_FOR_MEETING_HOUSE,MODIFIER_PLAYER_CITIES_ADJUST_BUILDING_YIELD_CHANGE,0,0,0,0,,,,
MINOR_CIV_RELIGIOUS_YIELD_FOR_MOSQUE,MODIFIER_PLAYER_CITIES_ADJUST_BUILDING_YIELD_CHANGE,0,0,0,0,,,,
MINOR_CIV_RELIGIOUS_YIELD_FOR_PAGODA,MODIFIER_PLAYER_CITIES_ADJUST_BUILDING_YIELD_CHANGE,0,0,0,0,,,,
MINOR_CIV_RELIGIOUS_YIELD_FOR_STUPA,MODIFIER_PLAYER_CITIES_ADJUST_BUILDING_YIELD_CHANGE,0,0,0,0,,,,
MINOR_CIV_RELIGIOUS_YIELD_FOR_SYNAGOGUE,MODIFIER_PLAYER_CITIES_ADJUST_BUILDING_YIELD_CHANGE,0,0,0,0,,,,
MINOR_CIV_RELIGIOUS_YIELD_FOR_WAT,MODIFIER_PLAYER_CITIES_ADJUST_BUILDING_YIELD_CHANGE,0,0,0,0,,,,
MINOR_CIV_RELIGIOUS_YIELD_FOR_CHANCERY,MODIFIER_PLAYER_CITIES_ADJUST_BUILDING_YIELD_CHANGE,0,0,0,0,,,,
MINOR_CIV_TRADE_SMALL_INFLUENCE_CAPITAL,MODIFIER_ALL_PLAYERS_ATTACH_MODIFIER,0,0,0,0,,PLAYER_HAS_SMALL_INFLUENCE,,
MINOR_CIV_TRADE_SMALL_INFLUENCE_ETHIOPIA,MODIFIER_ALL_PLAYERS_ATTACH_MODIFIER,0,0,0,0,,PLAYER_HAS_SMALL_INFLUENCE,,
MINOR_CIV_TRADE_SMALL_INFLUENCE_LIGHTHOUSE,MODIFIER_ALL_PLAYERS_ATTACH_MODIFIER,0,0,0,0,,PLAYER_HAS_SMALL_INFLUENCE,,
MINOR_CIV_TRADE_MEDIUM_INFLUENCE_ETHIOPIA,MODIFIER_ALL_PLAYERS_ATTACH_MODIFIER,0,0,0,0,,PLAYER_HAS_MEDIUM_INFLUENCE,,
MINOR_CIV_TRADE_MEDIUM_INFLUENCE_BANK,MODIFIER_ALL_PLAYERS_ATTACH_MODIFIER,0,0,0,0,,PLAYER_HAS_MEDIUM_INFLUENCE,,
MINOR_CIV_TRADE_MEDIUM_INFLUENCE_SHIPYARD,MODIFIER_ALL_PLAYERS_ATTACH_MODIFIER,0,0,0,0,,PLAYER_HAS_MEDIUM_INFLUENCE,,
MINOR_CIV_TRADE_LARGE_INFLUENCE_ETHIOPIA,MODIFIER_ALL_PLAYERS_ATTACH_MODIFIER,0,0,0,0,,PLAYER_HAS_LARGE_INFLUENCE,,
MINOR_CIV_TRADE_LARGE_INFLUENCE_STOCK_EXCHANGE,MODIFIER_ALL_PLAYERS_ATTACH_MODIFIER,0,0,0,0,,PLAYER_HAS_LARGE_INFLUENCE,,
MINOR_CIV_TRADE_LARGE_INFLUENCE_SEAPORT,MODIFIER_ALL_PLAYERS_ATTACH_MODIFIER,0,0,0,0,,PLAYER_HAS_LARGE_INFLUENCE,,
MINOR_CIV_TRADE_YIELD_FOR_CAPITAL_ETHIOPIA,MODIFIER_PLAYER_CAPITAL_CITY_ADJUST_CITY_YIELD_CHANGE,0,0,0,0,,,,
MINOR_CIV_TRADE_YIELD_FOR_MARKET_ETHIOPIA,MODIFIER_PLAYER_CITIES_ADJUST_BUILDING_YIELD_CHANGE,0,0,0,0,,,,
MINOR_CIV_TRADE_YIELD_FOR_LIGHTHOUSE_ETHIOPIA,MODIFIER_PLAYER_CITIES_ADJUST_BUILDING_YIELD_CHANGE,0,0,0,0,,,,
MINOR_CIV_TRADE_YIELD_FOR_CONSULATE,MODIFIER_PLAYER_CITIES_ADJUST_BUILDING_YIELD_CHANGE,0,0,0,0,,,,
MINOR_CIV_TRADE_YIELD_FOR_BANK_ETHIOPIA,MODIFIER_PLAYER_CITIES_ADJUST_BUILDING_YIELD_CHANGE,0,0,0,0,,,,
MINOR_CIV_TRADE_YIELD_FOR_SHIPYARD_ETHIOPIA,MODIFIER_PLAYER_CITIES_ADJUST_BUILDING_YIELD_CHANGE,0,0,0,0,,,,
MINOR_CIV_TRADE_YIELD_FOR_CHANCERY,MODIFIER_PLAYER_CITIES_ADJUST_BUILDING_YIELD_CHANGE,0,0,0,0,,,,
MINOR_CIV_TRADE_YIELD_FOR_STOCK_EXCHANGE,MODIFIER_PLAYER_CITIES_ADJUST_BUILDING_YIELD_CHANGE,0,0,0,0,,,,
MINOR_CIV_TRADE_YIELD_FOR_SEAPORT,MODIFIER_PLAYER_CITIES_ADJUST_BUILDING_YIELD_CHANGE,0,0,0,0,,,,
MINOR_CIV_CULTURAL_SMALL_INFLUENCE_CAPITAL,MODIFIER_ALL_PLAYERS_ATTACH_MODIFIER,0,0,0,0,,PLAYER_HAS_SMALL_INFLUENCE,,
MINOR_CIV_CULTURAL_SMALL_INFLUENCE_ETHIOPIA,MODIFIER_ALL_PLAYERS_ATTACH_MODIFIER,0,0,0,0,,PLAYER_HAS_SMALL_INFLUENCE,,
MINOR_CIV_CULTURAL_MEDIUM_INFLUENCE_ETHIOPIA,MODIFIER_ALL_PLAYERS_ATTACH_MODIFIER,0,0,0,0,,PLAYER_HAS_MEDIUM_INFLUENCE,,
MINOR_CIV_CULTURAL_MEDIUM_INFLUENCE_MUSEUM_ART,MODIFIER_ALL_PLAYERS_ATTACH_MODIFIER,0,0,0,0,,PLAYER_HAS_MEDIUM_INFLUENCE,,
MINOR_CIV_CULTURAL_MEDIUM_INFLUENCE_MUSEUM_ARTIFACT,MODIFIER_ALL_PLAYERS_ATTACH_MODIFIER,0,0,0,0,,PLAYER_HAS_MEDIUM_INFLUENCE,,
MINOR_CIV_CULTURAL_LARGE_INFLUENCE_ETHIOPIA,MODIFIER_ALL_PLAYERS_ATTACH_MODIFIER,0,0,0,0,,PLAYER_HAS_LARGE_INFLUENCE,,
MINOR_CIV_CULTURAL_LARGE_INFLUENCE_BROADCAST_CENTER,MODIFIER_ALL_PLAYERS_ATTACH_MODIFIER,0,0,0,0,,PLAYER_HAS_LARGE_INFLUENCE,,
MINOR_CIV_CULTURAL_YIELD_FOR_CAPITAL_ETHIOPIA,MODIFIER_PLAYER_CAPITAL_CITY_ADJUST_CITY_YIELD_CHANGE,0,0,0,0,,,,
MINOR_CIV_CULTURAL_YIELD_FOR_AMPHITHEATER_ETHIOPIA,MODIFIER_PLAYER_CITIES_ADJUST_BUILDING_YIELD_CHANGE,0,0,0,0,,,,
MINOR_CIV_CULTURAL_YIELD_FOR_CONSULATE,MODIFIER_PLAYER_CITIES_ADJUST_BUILDING_YIELD_CHANGE,0,0,0,0,,,,
MINOR_CIV_CULTURAL_YIELD_FOR_MUSEUM_ART,MODIFIER_PLAYER_CITIES_ADJUST_BUILDING_YIELD_CHANGE,0,0,0,0,,,,
MINOR_CIV_CULTURAL_YIELD_FOR_MUSEUM_ARTIFACT,MODIFIER_PLAYER_CITIES_ADJUST_BUILDING_YIELD_CHANGE,0,0,0,0,,,,
MINOR_CIV_CULTURAL_YIELD_FOR_CHANCERY,MODIFIER_PLAYER_CITIES_ADJUST_BUILDING_YIELD_CHANGE,0,0,0,0,,,,
MINOR_CIV_CULTURAL_YIELD_FOR_BROADCAST_CENTER,MODIFIER_PLAYER_CITIES_ADJUST_BUILDING_YIELD_CHANGE,0,0,0,0,,,,
MINOR_CIV_MILITARISTIC_SMALL_INFLUENCE_CAPITAL,MODIFIER_ALL_PLAYERS_ATTACH_MODIFIER,0,0,0,0,,PLAYER_HAS_SMALL_INFLUENCE,,
MINOR_CIV_MILITARISTIC_SMALL_INFLUENCE_ETHIOPIA,MODIFIER_ALL_PLAYERS_ATTACH_MODIFIER,0,0,0,0,,PLAYER_HAS_SMALL_INFLUENCE,,
MINOR_CIV_MILITARISTIC_MEDIUM_INFLUENCE_ETHIOPIA,MODIFIER_ALL_PLAYERS_ATTACH_MODIFIER,0,0,0,0,,PLAYER_HAS_MEDIUM_INFLUENCE,,
MINOR_CIV_MILITARISTIC_MEDIUM_INFLUENCE_ARMORY,MODIFIER_ALL_PLAYERS_ATTACH_MODIFIER,0,0,0,0,,PLAYER_HAS_MEDIUM_INFLUENCE,,
MINOR_CIV_MILITARISTIC_LARGE_INFLUENCE_ETHIOPIA,MODIFIER_ALL_PLAYERS_ATTACH_MODIFIER,0,0,0,0,,PLAYER_HAS_LARGE_INFLUENCE,,
MINOR_CIV_MILITARISTIC_LARGE_INFLUENCE_MILITARY_ACADEMY,MODIFIER_ALL_PLAYERS_ATTACH_MODIFIER,0,0,0,0,,PLAYER_HAS_LARGE_INFLUENCE,,
MINOR_CIV_MILITARISTIC_YIELD_FOR_CAPITAL_ETHIOPIA,MODIFIER_PLAYER_CAPITAL_CITY_ADJUST_UNIT_PRODUCTION,0,0,0,0,,,,
MINOR_CIV_MILITARISTIC_PRODUCTION_FOR_BARRACKS_STABLE_ETHIOPIA,MODIFIER_PLAYER_CITIES_ADJUST_UNIT_PRODUCTION_CHANGE_ETHIOPIA,0,0,0,0,,BUILDING_IS_BARRACKS_STABLE_ETHIOPIA,,
MINOR_CIV_MILITARISTIC_PRODUCTION_FOR_CONSULATE,MODIFIER_PLAYER_CITIES_ADJUST_UNIT_PRODUCTION_CHANGE_ETHIOPIA,0,0,0,0,,BUILDING_IS_CONSULATE,,
MINOR_CIV_MILITARISTIC_PRODUCTION_FOR_ARMORY_ETHIOPIA,MODIFIER_PLAYER_CITIES_ADJUST_UNIT_PRODUCTION_CHANGE_ETHIOPIA,0,0,0,0,,BUILDING_IS_ARMORY_ETHIOPIA,,
MINOR_CIV_MILITARISTIC_PRODUCTION_FOR_CHANCERY,MODIFIER_PLAYER_CITIES_ADJUST_UNIT_PRODUCTION_CHANGE_ETHIOPIA,0,0,0,0,,BUILDING_IS_CHANCERY,,
MINOR_CIV_MILITARISTIC_PRODUCTION_FOR_MILITARY_ACADEMY_ETHIOPIA,MODIFIER_PLAYER_CITIES_ADJUST_UNIT_PRODUCTION_CHANGE_ETHIOPIA,0,0,0,0,,BUILDING_IS_MILITARY_ACADEMY_ETHIOPIA,,
MINOR_CIV_INDUSTRIAL_SMALL_INFLUENCE_BONUS_BUILDING_CAPITAL,MODIFIER_ALL_PLAYERS_ATTACH_MODIFIER,0,0,0,0,,PLAYER_HAS_SMALL_INFLUENCE,,
MINOR_CIV_INDUSTRIAL_SMALL_INFLUENCE_BONUS_DISTRICT_CAPITAL,MODIFIER_ALL_PLAYERS_ATTACH_MODIFIER,0,0,0,0,,PLAYER_HAS_SMALL_INFLUENCE,,
MINOR_CIV_INDUSTRIAL_SMALL_INFLUENCE_ETHIOPIA_BUILDING,MODIFIER_ALL_PLAYERS_ATTACH_MODIFIER,0,0,0,0,,PLAYER_HAS_SMALL_INFLUENCE,,
MINOR_CIV_INDUSTRIAL_SMALL_INFLUENCE_ETHIOPIA_DISTRICT,MODIFIER_ALL_PLAYERS_ATTACH_MODIFIER,0,0,0,0,,PLAYER_HAS_SMALL_INFLUENCE,,
MINOR_CIV_INDUSTRIAL_MEDIUM_INFLUENCE_ETHIOPIA_BUILDING,MODIFIER_ALL_PLAYERS_ATTACH_MODIFIER,0,0,0,0,,PLAYER_HAS_MEDIUM_INFLUENCE,,
MINOR_CIV_INDUSTRIAL_MEDIUM_INFLUENCE_ETHIOPIA_DISTRICT,MODIFIER_ALL_PLAYERS_ATTACH_MODIFIER,0,0,0,0,,PLAYER_HAS_MEDIUM_INFLUENCE,,
MINOR_CIV_INDUSTRIAL_MEDIUM_INFLUENCE_FACTORY_BUILDING,MODIFIER_ALL_PLAYERS_ATTACH_MODIFIER,0,0,0,0,,PLAYER_HAS_MEDIUM_INFLUENCE,,
MINOR_CIV_INDUSTRIAL_MEDIUM_INFLUENCE_FACTORY_DISTRICT,MODIFIER_ALL_PLAYERS_ATTACH_MODIFIER,0,0,0,0,,PLAYER_HAS_MEDIUM_INFLUENCE,,
MINOR_CIV_INDUSTRIAL_LARGE_INFLUENCE_ETHIOPIA_BUILDING,MODIFIER_ALL_PLAYERS_ATTACH_MODIFIER,0,0,0,0,,PLAYER_HAS_LARGE_INFLUENCE,,
MINOR_CIV_INDUSTRIAL_LARGE_INFLUENCE_ETHIOPIA_DISTRICT,MODIFIER_ALL_PLAYERS_ATTACH_MODIFIER,0,0,0,0,,PLAYER_HAS_LARGE_INFLUENCE,,
MINOR_CIV_INDUSTRIAL_LARGE_INFLUENCE_POWER_PLANT_BUILDING,MODIFIER_ALL_PLAYERS_ATTACH_MODIFIER,0,0,0,0,,PLAYER_HAS_LARGE_INFLUENCE,,
MINOR_CIV_INDUSTRIAL_LARGE_INFLUENCE_POWER_PLANT_DISTRICT,MODIFIER_ALL_PLAYERS_ATTACH_MODIFIER,0,0,0,0,,PLAYER_HAS_LARGE_INFLUENCE,,
MINOR_CIV_INDUSTRIAL_BUILDING_PRODUCTION_FOR_CAPITAL_ETHIOPIA,MODIFIER_PLAYER_CAPITAL_CITY_ADJUST_BUILDING_PRODUCTION,0,0,0,0,,,,
MINOR_CIV_INDUSTRIAL_DISTRICT_PRODUCTION_FOR_CAPITAL_ETHIOPIA,MODIFIER_PLAYER_CAPITAL_CITY_ADJUST_DISTRICT_PRODUCTION,0,0,0,0,,,,
MINOR_CIV_INDUSTRIAL_BUILDING_PRODUCTION_FOR_WORKSHOP_ETHIOPIA,MODIFIER_PLAYER_CITIES_ADJUST_BUILDING_PRODUCTION_CHANGE_ETHIOPIA,0,0,0,0,,BUILDING_IS_WORKSHOP_ETHIOPIA,,
MINOR_CIV_INDUSTRIAL_DISTRICT_PRODUCTION_FOR_WORKSHOP_ETHIOPIA,MODIFIER_PLAYER_CITIES_ADJUST_DISTRICT_PRODUCTION_CHANGE_ETHIOPIA,0,0,0,0,,BUILDING_IS_WORKSHOP_ETHIOPIA,,
MINOR_CIV_INDUSTRIAL_BUILDING_PRODUCTION_FOR_CONSULATE,MODIFIER_PLAYER_CITIES_ADJUST_BUILDING_PRODUCTION_CHANGE_ETHIOPIA,0,0,0,0,,BUILDING_IS_CONSULATE,,
MINOR_CIV_INDUSTRIAL_DISTRICT_PRODUCTION_FOR_CONSULATE,MODIFIER_PLAYER_CITIES_ADJUST_DISTRICT_PRODUCTION_CHANGE_ETHIOPIA,0,0,0,0,,BUILDING_IS_CONSULATE,,
MINOR_CIV_INDUSTRIAL_BUILDING_PRODUCTION_FOR_FACTORY_ETHIOPIA,MODIFIER_PLAYER_CITIES_ADJUST_BUILDING_PRODUCTION_CHANGE_ETHIOPIA,0,0,0,0,,BUILDING_IS_FACTORY_ETHIOPIA,,
MINOR_CIV_INDUSTRIAL_DISTRICT_PRODUCTION_FOR_FACTORY_ETHIOPIA,MODIFIER_PLAYER_CITIES_ADJUST_DISTRICT_PRODUCTION_CHANGE_ETHIOPIA,0,0,0,0,,BUILDING_IS_FACTORY_ETHIOPIA,,
MINOR_CIV_INDUSTRIAL_BUILDING_PRODUCTION_FOR_CHANCERY,MODIFIER_PLAYER_CITIES_ADJUST_BUILDING_PRODUCTION_CHANGE_ETHIOPIA,0,0,0,0,,BUILDING_IS_CHANCERY,,
MINOR_CIV_INDUSTRIAL_DISTRICT_PRODUCTION_FOR_CHANCERY,MODIFIER_PLAYER_CITIES_ADJUST_DISTRICT_PRODUCTION_CHANGE_ETHIOPIA,0,0,0,0,,BUILDING_IS_CHANCERY,,
MINOR_CIV_INDUSTRIAL_BUILDING_PRODUCTION_FOR_POWER_PLANT_ETHIOPIA,MODIFIER_PLAYER_CITIES_ADJUST_BUILDING_PRODUCTION_CHANGE_ETHIOPIA,0,0,0,0,,BUILDING_IS_POWER_PLANT_ETHIOPIA,,
MINOR_CIV_INDUSTRIAL_DISTRICT_PRODUCTION_FOR_POWER_PLANT_ETHIOPIA,MODIFIER_PLAYER_CITIES_ADJUST_DISTRICT_PRODUCTION_CHANGE_ETHIOPIA,0,0,0,0,,BUILDING_IS_POWER_PLANT_ETHIOPIA,,
TRAIT_FAITH_RESOURCES,MODIFIER_PLAYER_CITIES_ADJUST_RESOURCE_YIELD_BY_COUNT,0,0,0,0,,,,
TRAIT_FAITH_BONUS_RESOURCES_TRADE_INTERNATIONAL,MODIFIER_PLAYER_CITIES_TRADE_ROUTE_YIELD_PER_LOCAL_BONUS_RESOURCE_FOR_INTERNATIONAL,0,0,0,0,,,,
TRAIT_FAITH_LUXURY_RESOURCES_TRADE_INTERNATIONAL,MODIFIER_PLAYER_CITIES_TRADE_ROUTE_YIELD_PER_LOCAL_LUXURY_RESOURCE_FOR_INTERNATIONAL,0,0,0,0,,,,
TRAIT_FAITH_STRATEGIC_RESOURCES_TRADE_INTERNATIONAL,MODIFIER_PLAYER_CITIES_TRADE_ROUTE_YIELD_PER_LOCAL_STRATEGIC_RESOURCE_FOR_INTERNATIONAL,0,0,0,0,,,,
TRAIT_FAITH_ARCHAEOLOGIST,MODIFIER_PLAYER_CITIES_ENABLE_UNIT_FAITH_PURCHASE,0,0,0,0,,,,
TRAIT_FAITH_MUSEUM_ARTIFACT,MODIFIER_PLAYER_CITIES_ENABLE_SPECIFIC_BUILDING_FAITH_PURCHASE,0,0,0,0,,,,
DIPLOMATIC_QUARTER_DELEGATION_CULTURE,MODIFIER_PLAYER_ADJUST_YIELD_FROM_DELEGATIONS,0,0,0,0,,,,
DIPLOMATIC_QUARTER_EMBASSY_CULTURE,MODIFIER_PLAYER_ADJUST_YIELD_FROM_EMBASSIES,0,0,0,0,,,,
DIPLOMATIC_QUARTER_ESPIONAGE_BONUS,MODIFIER_DISTRICT_ADJUST_WITHIN_ONE_HEX_ESPIONAGE_DEFENSE_BONUS,0,0,0,0,,,,
DIPLOMATIC_QUARTER_AWARD_ONE_INFLUENCE_TOKEN,MODIFIER_PLAYER_GRANT_INFLUENCE_TOKEN,0,0,0,0,,DISTRICT_IS_ADJACENT_TO_CITY_CENTER,,
TRAIT_FAITH_INTO_SCIENCE_HILLS,MODIFIER_PLAYER_CITIES_ADJUST_YIELD_MODIFIER_FROM_FAITH,0,0,0,0,,ETHIOPIA_PLOT_IS_HILLS_REQUIREMENTS,,
TRAIT_FAITH_INTO_CULTURE_HILLS,MODIFIER_PLAYER_CITIES_ADJUST_YIELD_MODIFIER_FROM_FAITH,0,0,0,0,,ETHIOPIA_PLOT_IS_HILLS_REQUIREMENTS,,
TRAIT_HILLS_COMBAT,MODIFIER_PLAYER_UNITS_GRANT_ABILITY,0,0,0,0,,,,
MENELIK_HILLS_COMBAT,MODIFIER_UNIT_ADJUST_COMBAT_STRENGTH,0,0,0,0,,ETHIOPIA_PLOT_IS_HILLS_REQUIREMENTS,,
AGENDA_MODIFIER_CITIES_NEAR_HILLS,MODIFIER_PLAYER_DIPLOMACY_AGENDA_ETHIOPIAN_HIGHLANDS,0,0,0,0,ON_TURN_STARTED,PLAYER_IS_MAJOR_CIV,,
ETHIOPIAN_OROMO_CAVALRY_IGNORE_HILLS_MOVEMENT_PENALTY,MODIFIER_PLAYER_UNIT_ADJUST_IGNORE_TERRAIN_COST,0,0,0,0,,,,
DIPLOMATIC_QUARTER_DELEGATION_FAVOR,MODIFIER_PLAYER_ADJUST_FAVOR_FROM_DELEGATIONS,0,0,0,0,,,,
DIPLOMATIC_QUARTER_EMBASSY_FAVOR,MODIFIER_PLAYER_ADJUST_FAVOR_FROM_EMBASSIES,0,0,0,0,,,,
CONSULATE_TIER1,MODIFIER_PLAYER_CITIES_ADJUST_CITY_ALL_YIELDS_CHANGE,0,0,0,0,,BUILDING_IS_CONSULATE,,
CHANCERY_TIER2,MODIFIER_PLAYER_CITIES_ADJUST_CITY_ALL_YIELDS_CHANGE,0,0,0,0,,BUILDING_IS_CHANCERY,,
BUILDING_ALCHEMICAL_SOCIETY_GOLD_MIRRORS_SCIENCE,MODIFIER_PLAYER_DISTRICT_ADJUST_YIELD_BASED_ON_ADJACENCY_BONUS,0,0,0,0,,,,
BUILDING_GILDED_VAULT_CULTURE_MIRRORS_GOLD,MODIFIER_PLAYER_DISTRICT_ADJUST_YIELD_BASED_ON_ADJACENCY_BONUS,0,0,0,0,,,,
BUILDING_GILDED_VAULT_TRADE_ROUTE_CAPACITY,MODIFIER_PLAYER_ADJUST_TRADE_ROUTE_CAPACITY,0,0,0,0,,THIS_CITY_HAS_HARBOR,,
GOVERNOR_PROMOTION_OWLS_OF_MINERVA_1_ECONOMIC_POLICY_SLOT,MODIFIER_PLAYER_CULTURE_ADJUST_GOVERNMENT_SLOTS_MODIFIER,0,0,0,0,,,,
GOVERNOR_PROMOTION_OWLS_OF_MINERVA_1_ENVOY_FROM_TRADE_ROUTE,MODIFIER_PLAYER_ADJUST_TOKEN_ON_TRADE_ROUTE_STARTED,0,0,0,0,,,,
GOVERNOR_PROMOTION_OWLS_OF_MINERVA_2_UNLOCK_GILDED_VAULT,MODIFIER_PLAYER_ADJUST_VALID_BUILDING,0,0,0,0,,,,
GOVERNOR_PROMOTION_OWLS_OF_MINERVA_3_WILDCARD_POLICY_SLOT,MODIFIER_PLAYER_CULTURE_ADJUST_GOVERNMENT_SLOTS_MODIFIER,0,0,0,0,,,,
GOVERNOR_PROMOTION_OWLS_OF_MINERVA_3_LOYALTY_FROM_COUNTERSPY,MODIFIER_PLAYER_CITIES_ADJUST_IDENTITY_PER_TURN,0,0,0,0,,THIS_CITY_HAS_COUNTERSPY,,
GOVERNOR_PROMOTION_OWLS_OF_MINERVA_3_AMENITY_FROM_COUNTERSPY,MODIFIER_PLAYER_CITIES_ADJUST_TRAIT_AMENITY,0,0,0,0,,THIS_CITY_HAS_COUNTERSPY,,
GOVERNOR_PROMOTION_OWLS_OF_MINERVA_3_SPY_CAPACITY,MODIFIER_PLAYER_GRANT_SPY,0,0,0,0,,,,
GOVERNOR_PROMOTION_OWLS_OF_MINERVA_4_SPY_SUCCESS_GRANTS_SCIENCE,MODIFIER_PLAYER_ADJUST_TARGET_CITY_SPY_YIELD_PERCENT,0,0,0,0,,,,
GOVERNOR_PROMOTION_OWLS_OF_MINERVA_4_SPY_SUCCESS_GRANTS_CULTURE,MODIFIER_PLAYER_ADJUST_TARGET_CITY_SPY_YIELD_PERCENT,0,0,0,0,,,,
GOVERNOR_PROMOTION_OWLS_OF_MINERVA_4_SPY_SUCCESS_GRANTS_GOLD,MODIFIER_PLAYER_ADJUST_TARGET_CITY_SPY_YIELD_PERCENT,0,0,0,0,,,,
GOVERNOR_PROMOTION_OWLS_OF_MINERVA_4_SPY_SUCCESS_GRANTS_FAITH,MODIFIER_PLAYER_ADJUST_TARGET_CITY_SPY_YIELD_PERCENT,0,0,0,0,,,,
GOVERNOR_PROMOTION_OWLS_OF_MINERVA_4_GOLD_INTEREST,MODIFIER_PLAYER_ADJUST_GOLD_INTEREST_PERCENT,0,0,0,0,,,,
GOVERNOR_PROMOTION_HERMETIC_ORDER_1_UNLOCK_LEY_LINE,MODIFIER_PLAYER_GRANT_FREE_RESOURCE_VISIBILITY,0,0,0,0,,,,
GOVERNOR_PROMOTION_HERMETIC_ORDER_2_UNLOCK_ALCHEMICAL_SOCIETY,MODIFIER_PLAYER_ADJUST_VALID_BUILDING,0,0,0,0,,,,
HERMETIC_ORDER_GREAT_ARTIST_LEY_LINE_CULTURE,MODIFIER_PLAYER_ADJUST_GREAT_PERSON_RESOURCE_YIELD_CHANGE,0,0,0,0,,,,
HERMETIC_ORDER_GREAT_ADMIRAL_LEY_LINE_SCIENCE,MODIFIER_PLAYER_ADJUST_GREAT_PERSON_RESOURCE_YIELD_CHANGE,0,0,0,0,,,,
HERMETIC_ORDER_GREAT_ENGINEER_LEY_LINE_PRODUCTION,MODIFIER_PLAYER_ADJUST_GREAT_PERSON_RESOURCE_YIELD_CHANGE,0,0,0,0,,,,
HERMETIC_ORDER_GREAT_GENERAL_LEY_LINE_SCIENCE,MODIFIER_PLAYER_ADJUST_GREAT_PERSON_RESOURCE_YIELD_CHANGE,0,0,0,0,,,,
HERMETIC_ORDER_GREAT_MERCHANT_LEY_LINE_GOLD,MODIFIER_PLAYER_ADJUST_GREAT_PERSON_RESOURCE_YIELD_CHANGE,0,0,0,0,,,,
HERMETIC_ORDER_GREAT_MUSICIAN_LEY_LINE_CULTURE,MODIFIER_PLAYER_ADJUST_GREAT_PERSON_RESOURCE_YIELD_CHANGE,0,0,0,0,,,,
HERMETIC_ORDER_GREAT_PROPHET_LEY_LINE_FAITH,MODIFIER_PLAYER_ADJUST_GREAT_PERSON_RESOURCE_YIELD_CHANGE,0,0,0,0,,,,
HERMETIC_ORDER_GREAT_SCIENTIST_LEY_LINE_SCIENCE,MODIFIER_PLAYER_ADJUST_GREAT_PERSON_RESOURCE_YIELD_CHANGE,0,0,0,0,,,,
HERMETIC_ORDER_GREAT_WRITER_LEY_LINE_CULTURE,MODIFIER_PLAYER_ADJUST_GREAT_PERSON_RESOURCE_YIELD_CHANGE,0,0,0,0,,,,
HERMETIC_ORDER_ALLOW_PROJECT,MODIFIER_PLAYER_ALLOW_PROJECT,0,0,0,0,,,,
GOVERNOR_PROMOTION_VOIDSINGERS_1_UNLOCK_OLD_GOD_OBELISK,MODIFIER_PLAYER_ADJUST_VALID_BUILDING,0,0,0,0,,,,
GOVERNOR_PROMOTION_VOIDSINGERS_2_GOLD_FROM_FAITH,MODIFIER_PLAYER_CITIES_ADJUST_YIELD_MODIFIER_FROM_FAITH,0,0,0,0,,,,
GOVERNOR_PROMOTION_VOIDSINGERS_2_SCIENCE_FROM_FAITH,MODIFIER_PLAYER_CITIES_ADJUST_YIELD_MODIFIER_FROM_FAITH,0,0,0,0,,,,
GOVERNOR_PROMOTION_VOIDSINGERS_2_CULTURE_FROM_FAITH,MODIFIER_PLAYER_CITIES_ADJUST_YIELD_MODIFIER_FROM_FAITH,0,0,0,0,,,,
SECRET_SOCIETY_TEMP_GOLD_PER_TURN,MODIFIER_PLAYER_ADJUST_YIELD_CHANGE,0,0,0,0,,,,
SECRET_SOCIETY_UNLOCK_CULTIST_UNIT,MODIFIER_PLAYER_ADJUST_VALID_UNIT_BUILD,0,0,0,0,,,,
VOIDSINGERS_ALLOW_PROJECT_DARK_SUMMONING,MODIFIER_PLAYER_ALLOW_PROJECT,0,0,0,0,,,,
SECRET_SOCIETIES_ENABLE_VAMPIRE_COMBAT_STRENGTH_FROM_PROPERTY,MODIFIER_ALL_UNITS_ATTACH_MODIFIER,0,0,0,0,,THIS_UNIT_IS_A_VAMPIRE,,
SECRET_SOCIETIES_ENABLE_VAMPIRE_BARB_COMBAT_STRENGTH_FROM_PROPERTY,MODIFIER_ALL_UNITS_ATTACH_MODIFIER,0,0,0,0,,THIS_UNIT_IS_A_VAMPIRE,,
SECRET_SOCIETIES_ENABLE_VAMPIRE_PILLAGE_HEALING,MODIFIER_ALL_UNITS_ADJUST_PROPERTY,0,0,0,0,,THIS_UNIT_IS_A_VAMPIRE,,
SECRET_SOCIETIES_DISABLE_VAMPIRE_NORMAL_HEALING,MODIFIER_ALL_UNITS_ADJUST_HEAL_PER_TURN,0,0,0,0,,THIS_UNIT_IS_A_VAMPIRE,,
SECRET_SOCIETIES_CASTLES_ATTACH_REDUCE_BUILD_CHARGES,MODIFIER_ALL_PLAYERS_ATTACH_MODIFIER,0,0,0,0,,THIS_PLAYER_IS_MAJOR,,
SECRET_SOCIETIES_ATTACH_PLAYER_CASTLES_GAIN_ADJACENT_YIELDS,MODIFIER_ALL_PLAYERS_ATTACH_MODIFIER,0,0,0,0,,THIS_PLAYER_IS_MAJOR,,
SECRET_SOCIETIES_ATTACH_PLAYER_CASTLES_ENABLE_TELEPORT,MODIFIER_ALL_PLAYERS_ATTACH_MODIFIER,0,0,0,0,,THIS_PLAYER_IS_MAJOR,,
SANGUINE_PACT_VAMPIRE_COMBAT_STRENGTH_ON_DEAD_UNIT_ADJACENT,MODIFIER_ALL_COMBAT_RESULTS_APPLY_MODIFIER_TO_UNITS_ON_ADJACENT_TILES,0,0,0,0,,THIS_COMBAT_RESULTS_IN_UNIT_DEATH,,
SANGUINE_PACT_VAMPIRE_COMBAT_STRENGTH_ON_DEAD_UNIT,MODIFIER_ALL_COMBAT_RESULTS_APPLY_MODIFIER_TO_UNITS_ON_TILE,0,0,0,0,,THIS_COMBAT_RESULTS_IN_UNIT_DEATH,,
SANGUINE_PACT_VAMPIRE_COMBAT_STRENGTH_ON_DEAD_BARB_UNIT_ADJACENT,MODIFIER_ALL_COMBAT_RESULTS_APPLY_MODIFIER_TO_UNITS_ON_ADJACENT_TILES,0,0,0,0,,THIS_COMBAT_RESULTS_IN_BARB_UNIT_DEATH,,
SANGUINE_PACT_VAMPIRE_COMBAT_STRENGTH_ON_DEAD_BARB_UNIT,MODIFIER_ALL_COMBAT_RESULTS_APPLY_MODIFIER_TO_UNITS_ON_TILE,0,0,0,0,,THIS_COMBAT_RESULTS_IN_BARB_UNIT_DEATH,,
SANGUINE_PACT_VAMPIRE_COMBAT_STRENGTH_FROM_PROPERTY,MODIFIER_UNIT_ADJUST_COMBAT_STRENGTH,0,0,0,0,,,,
SANGUINE_PACT_VAMPIRE_BARB_COMBAT_STRENGTH_FROM_PROPERTY,MODIFIER_UNIT_ADJUST_COMBAT_STRENGTH,0,0,0,0,,,,
SANGUINE_PACT_VAMPIRE_COMBAT_STRENGTH_ATTACHMENT,MODIFIER_UNIT_ADJUST_PROPERTY,1,0,1,0,,THIS_UNIT_IS_A_VAMPIRE,,
SANGUINE_PACT_VAMPIRE_BARB_COMBAT_STRENGTH_ATTACHMENT,MODIFIER_UNIT_ADJUST_PROPERTY,1,0,1,0,,THIS_UNIT_IS_A_VAMPIRE,,
SECRET_SOCIETY_GRANT_VAMPIRE,MODIFIER_PLAYER_GRANT_UNIT_IN_CAPITAL,1,0,1,0,,,,
SECRET_SOCIETY_GRANT_TWO_VAMPIRE_BUILDS,MODIFIER_PLAYER_UNITS_ADJUST_BUILDER_CHARGES,0,0,0,0,,THIS_UNIT_IS_A_VAMPIRE,,
SECRET_SOCIETY_GRANT_ONE_VAMPIRE_BUILD,MODIFIER_PLAYER_UNITS_ADJUST_BUILDER_CHARGES,0,0,0,0,,THIS_UNIT_IS_A_VAMPIRE,,
SECRET_SOCIETY_VAMPIRES_ADVANCED_PILLAGING,MODIFIER_PLAYER_UNITS_ADJUST_ADVANCED_PILLAGING,0,0,0,0,,THIS_UNIT_IS_A_VAMPIRE,,
SECRET_SOCIETIES_CASTLE_REDUCE_BUILD_CHARGES,MODIFIER_ALL_PLAYER_IMPROVEMENTS_ATTACH_MODIFIER,0,0,0,0,,THIS_PLOT_IS_A_VAMPIRE_CASTLE,,
SANGUINE_PACT_GRANT_CASTLES_ADJACENT_YIELDS,MODIFIER_ALL_PLAYER_IMPROVEMENTS_GRANT_ADJACENT_YIELDS,0,0,0,0,,THIS_PLOT_IS_A_VAMPIRE_CASTLE,,
SECRET_SOCIETIES_ATTACH_PLAYER_CASTLES_TELEPORT,MODIFIER_ALL_PLAYER_IMPROVEMENTS_ADJUST_PROPERTY,0,0,0,0,,THIS_PLOT_IS_A_VAMPIRE_CASTLE,,
SECRET_SOCIETIES_SINGLE_CASTLE_REDUCE_BUILD_CHARGES,MODIFIER_PLAYER_UNITS_ADJUST_BUILDER_CHARGES,0,0,0,0,,THIS_UNIT_IS_A_VAMPIRE,,
SECRET_SOCIETIES_ENABLE_VAMPIRE_INTIMIDATION,MODIFIER_ALL_PLAYERS_ATTACH_MODIFIER,0,0,0,0,,THIS_PLAYER_IS_MAJOR,,
SECRET_SOCIETY_INTIMIDATE_ENEMIES_ATTACHMENT,MODIFIER_PLAYER_UNITS_ATTACH_MODIFIER,0,0,0,0,,THIS_UNIT_IS_A_VAMPIRE,,
SECRET_SOCIETY_INTIMIDATE_ADJACENT_ENEMIES,MODIFIER_ALL_UNITS_ATTACH_MODIFIER,0,0,0,0,,THIS_UNIT_IS_ADJACENT_AND_AT_WAR_REQUIREMENTS,,
SECRET_SOCIETY_INTIMIDATE_ADJACENT_ENEMIES_MODIFIER,MODIFIER_UNIT_ADJUST_COMBAT_STRENGTH,0,0,0,0,,,,
SPREAD_DISSENT_LOYALTY_DAMAGE,MODIFIER_UNIT_ADJUST_DIRECT_LOYALTY_DAMAGE,0,0,0,0,,,,
SPREAD_CHAOS_ADDITIONAL_LOYALTY_DAMAGE,MODIFIER_PLAYER_UNITS_ADJUST_DIRECT_LOYALTY_DAMAGE,0,0,0,0,,UNIT_IS_CULTIST,,
CULTIST_RELIC_ON_DEATH,MODIFIER_PLAYER_UNIT_ADJUST_RELIC_UPON_DEATH,0,0,0,0,,,,
VOIDSINGERS_ALLOW_PROJECT,MODIFIER_PLAYER_ALLOW_PROJECT,0,0,0,0,,,,
STANDARD_DIPLOMATIC_SAME_SECRET_SOCIETY,MODIFIER_PLAYER_DIPLOMACY_SIMPLE_MODIFIER,0,0,0,0,,THIS_PLAYER_IS_SAME_SECRET_SOCIETY,,
STANDARD_DIPLOMATIC_DIFFERENT_SECRET_SOCIETY,MODIFIER_PLAYER_DIPLOMACY_SIMPLE_MODIFIER,0,0,0,0,,THIS_PLAYER_IS_DIFFERENT_SECRET_SOCIETY,,
PROJECT_COMPLETION_MODIFIER_LEY_LINE_SCIENCE,MODIFIER_GRANT_YIELD_PER_RESOURCE_TYPE_IN_CITY,1,0,1,0,,,,
HERMETIC_ORDER_COMANDANTE_GENERAL_LEY_LINE_SCIENCE,MODIFIER_PLAYER_ADJUST_GREAT_PERSON_RESOURCE_YIELD_CHANGE,0,0,0,0,,,,
PALGUM_ADDFOOD,MODIFIER_CITY_PLOT_YIELDS_ADJUST_PLOT_YIELD,0,0,0,0,,PLOT_IS_FRESH,,
TRAIT_EUREKA_INCREASE,MODIFIER_PLAYER_ADJUST_TECHNOLOGY_BOOST,0,0,0,0,,,,
TRAIT_SCIENCE_DECREASE,MODIFIER_PLAYER_CITIES_ADJUST_CITY_YIELD_MODIFIER,0,0,0,0,,,,
GREAT_PERSON_INDIVIDUAL_DANDARA_ACTIVE,MODIFIER_PLAYER_UNIT_GRANT_UNIT_WITH_EXPERIENCE,1,0,1,0,,,,
GREAT_PERSON_INDIVIDUAL_TRUNG_TRAC_PERMANENT_ACTIVE,MODIFIER_PLAYER_ADJUST_WAR_WEARINESS,1,0,1,0,,,,
GREAT_PERSON_INDIVIDUAL_TUPAC_AMARU_ACTIVE,MODIFIER_GRANT_UNITS_IN_DISTRICTS,1,0,1,0,,,,
GREAT_PERSON_INDIVIDUAL_BOOST_OR_GRANT_MATHEMATICS,MODIFIER_PLAYER_GRANT_SPECIFIC_TECH_BOOST,1,0,1,0,,,,
GREAT_PERSON_INDIVIDUAL_BOOST_OR_GRANT_CEL_NAV,MODIFIER_PLAYER_GRANT_SPECIFIC_TECH_BOOST,1,0,1,0,,,,
GREAT_PERSON_INDIVIDUAL_BOOST_OR_GRANT_ENGINEERING,MODIFIER_PLAYER_GRANT_SPECIFIC_TECH_BOOST,1,0,1,0,,,,
GREAT_PERSON_INDIVIDUAL_IBN_KHALDUN_CAMPUS_HOUSING,MODIFIER_ADJUST_HOUSING_IN_DISTRICT,1,0,1,0,,,,
GREAT_PERSON_INDIVIDUAL_IBN_KHALDUN_CAMPUS_AMENITY,MODIFIER_ADJUST_AMENITIES_IN_DISTRICT,1,0,1,0,,,,
GREAT_PERSON_INDIVIDUAL_IBN_KHALDUN_EMPIRE_HAPPY_SCIENCE,MODIFIER_PLAYER_CITIES_ADJUST_HAPPINESS_YIELD_BAB,1,0,1,0,,,,
GREAT_PERSON_INDIVIDUAL_IBN_KHALDUN_EMPIRE_HAPPY_CULTURE,MODIFIER_PLAYER_CITIES_ADJUST_HAPPINESS_YIELD_BAB,1,0,1,0,,,,
GREAT_PERSON_INDIVIDUAL_IBN_KHALDUN_EMPIRE_HAPPY_PRODUCTION,MODIFIER_PLAYER_CITIES_ADJUST_HAPPINESS_YIELD_BAB,1,0,1,0,,,,
GREAT_PERSON_INDIVIDUAL_IBN_KHALDUN_EMPIRE_HAPPY_GOLD,MODIFIER_PLAYER_CITIES_ADJUST_HAPPINESS_YIELD_BAB,1,0,1,0,,,,
GREAT_PERSON_INDIVIDUAL_IBN_KHALDUN_EMPIRE_HAPPY_FAITH,MODIFIER_PLAYER_CITIES_ADJUST_HAPPINESS_YIELD_BAB,1,0,1,0,,,,
GREAT_PERSON_INDIVIDUAL_IBN_KHALDUN_EMPIRE_ECSTATIC_SCIENCE,MODIFIER_PLAYER_CITIES_ADJUST_HAPPINESS_YIELD_BAB,1,0,1,0,,,,
GREAT_PERSON_INDIVIDUAL_IBN_KHALDUN_EMPIRE_ECSTATIC_CULTURE,MODIFIER_PLAYER_CITIES_ADJUST_HAPPINESS_YIELD_BAB,1,0,1,0,,,,
GREAT_PERSON_INDIVIDUAL_IBN_KHALDUN_EMPIRE_ECSTATIC_PRODUCTION,MODIFIER_PLAYER_CITIES_ADJUST_HAPPINESS_YIELD_BAB,1,0,1,0,,,,
GREAT_PERSON_INDIVIDUAL_IBN_KHALDUN_EMPIRE_ECSTATIC_GOLD,MODIFIER_PLAYER_CITIES_ADJUST_HAPPINESS_YIELD_BAB,1,0,1,0,,,,
GREAT_PERSON_INDIVIDUAL_IBN_KHALDUN_EMPIRE_ECSTATIC_FAITH,MODIFIER_PLAYER_CITIES_ADJUST_HAPPINESS_YIELD_BAB,1,0,1,0,,,,
GREAT_PERSON_INDIVIDUAL_HIMERIOS_ACTIVE,MODIFIER_PLAYER_UNIT_ADJUST_GRANT_EXPERIENCE,1,0,1,0,,,,
GREAT_PERSON_INDIVIDUAL_HIMERIOS_ACTIVE_UNIT_BONUS,MODIFIER_PLAYER_UNIT_GRANT_ABILITY,1,0,1,0,,,,
HIMERIOS_BONUS_EXPERIENCE,MODIFIER_PLAYER_UNIT_ADJUST_UNIT_EXPERIENCE_MODIFIER,0,0,0,0,,,,
GREATPERSON_CITY_STATE_STEAL_ENVOYS,MODIFIER_UNIT_BECOME_CITY_SUZERAIN,1,0,1,0,,,,
GREAT_PERSON_INDIVIDUAL_HANNO_THE_NAVIGATOR_FREE_UNIT,MODIFIER_PLAYER_GRANT_UNIT_OF_ABILITY_WITH_MODIFIER,1,0,1,0,,,,
HANNO_FREE_UNIT_MOVEMENT_BUFF,MODIFIER_PLAYER_UNIT_ADJUST_SEA_MOVEMENT,0,0,0,0,,,,
GREAT_PERSON_INDIVIDUAL_IMHOTEP_PRODUCTION_ANCIENT_CLASSICAL,MODIFIER_SINGLE_CITY_GRANT_PRODUCTION_IN_CITY,1,0,1,0,,THIS_WONDER_IS_ANCIENT_OR_CLASSICAL,,
GREAT_PERSON_INDIVIDUAL_IMHOTEP_PRODUCTION_OTHER,MODIFIER_SINGLE_CITY_GRANT_PRODUCTION_IN_CITY,1,0,1,0,,THIS_WONDER_IS_ANCIENT_OR_CLASSICAL_INVERSE,,
GREATPERSON_DISTRICT_SCIENCE_ADJACENCY_AS_TOURISM,MODIFIER_CITY_DISTRICTS_ADJUST_TOURISM_ADJACENCY_YIELD_MOFIFIER,1,0,1,0,,,,
GREATPERSON_DISTRICT_CULTURE_ADJACENCY_AS_TOURISM,MODIFIER_CITY_DISTRICTS_ADJUST_TOURISM_ADJACENCY_YIELD_MOFIFIER,1,0,1,0,,,,
GREATPERSON_DISTRICT_GOLD_ADJACENCY_AS_TOURISM,MODIFIER_CITY_DISTRICTS_ADJUST_TOURISM_ADJACENCY_YIELD_MOFIFIER,1,0,1,0,,,,
GREATPERSON_DISTRICT_FAITH_ADJACENCY_AS_TOURISM,MODIFIER_CITY_DISTRICTS_ADJUST_TOURISM_ADJACENCY_YIELD_MOFIFIER,1,0,1,0,,,,
GREATPERSON_DISTRICT_PRODUCTION_ADJACENCY_AS_TOURISM,MODIFIER_CITY_DISTRICTS_ADJUST_TOURISM_ADJACENCY_YIELD_MOFIFIER,1,0,1,0,,,,
GREATPERSON_WONDER_PURCHASE,MODIFIER_CITY_PURCHASE_PRODUCTION,1,0,1,0,,,,
GREATPERSON_HAVE_A_FREE_TRADE_ROUTE,MODIFIER_PLAYER_ADJUST_TRADE_ROUTE_CAPACITY,1,0,1,0,,,,
GREATPERSON_CITY_STATE_TRADE_FAITH,MODIFIER_PLAYER_ADJUST_TRADE_ROUTES_CITY_STATE_YIELD,1,0,1,0,,,,
GREATPERSON_GAIN_THREE_ENVOYS_HERE,MODIFIER_CITY_GRANT_FREE_ENVOYS_HERE,1,0,1,0,,,,
GREAT_PERSON_GRANT_LOTSO_SCIENCE,MODIFIER_PLAYER_GRANT_YIELD,1,0,1,0,,,,
GREAT_PERSON_GRANT_LOTSO_CULTURE,MODIFIER_PLAYER_GRANT_YIELD,1,0,1,0,,,,
GREAT_PERSON_ENTER_FOREIGN_LANDS,MODIFIER_PLAYER_UNIT_ADJUST_ENTER_FOREIGN_LANDS,0,0,0,0,,,,
TRAIT_FREE_BUILDING_WHEN_DISTRICT_MADE,MODIFIER_PLAYER_DISTRICT_ADJUST_FREE_BUILDING_WHEN_SPECIALTY_DISTRICT_CONSTRUCTED,0,0,0,0,,,,
TRAIT_FREE_ENVOY_WHEN_DISTRICT_MADE,MODIFIER_PLAYER_DISTRICT_ADJUST_PLAYER_ENVOYS_NON_SPECIALTY,0,0,0,0,,,,
MINOR_CIV_AYUTTHAYA_UNIQUE_INFLUENCE_BONUS,MODIFIER_ALL_PLAYERS_ATTACH_MODIFIER,0,0,0,0,,PLAYER_IS_SUZERAIN,,
MINOR_CIV_AYUTTHAYA_CULTURE_COMPLETE_BUILDING,MODIFIER_PLAYER_CITIES_GRANT_YIELD_PER_BUILDING_COST,0,0,0,0,,,,
MINOR_CIV_CHINGUETTI_UNIQUE_INFLUENCE_BONUS,MODIFIER_ALL_PLAYERS_ATTACH_MODIFIER,0,0,0,0,,PLAYER_IS_SUZERAIN,,
MINOR_CIV_CHINGUETTI_FAITH_FOLLOWERS,MODIFIER_PLAYER_ADJUST_TRADE_ROUTE_YIELD_PER_FOLLOWER,0,0,0,0,,,,
MINOR_CIV_JOHANNESBURG_UNIQUE_INFLUENCE_BONUS,MODIFIER_ALL_PLAYERS_ATTACH_MODIFIER,0,0,0,0,,PLAYER_IS_SUZERAIN,,
MINOR_CIV_JOHANNESBURG_PRODUCTION_RESOURCES,MODIFIER_PLAYER_CITIES_ADJUST_YIELD_BY_NUMBER_RESOURCES,0,0,0,0,,,,
MINOR_CIV_JOHANNESBURG_UNIQUE_INFLUENCE_BONUS_LATE,MODIFIER_ALL_PLAYERS_ATTACH_MODIFIER,0,0,0,0,,PLAYER_IS_SUZERAIN,,
MINOR_CIV_JOHANNESBURG_PRODUCTION_RESOURCES_LATE,MODIFIER_PLAYER_CITIES_ADJUST_YIELD_BY_NUMBER_RESOURCES,0,0,0,0,,PLAYER_HAS_INDUSTRIALIZATION,,
MINOR_CIV_NALANDA_UNIQUE_INFLUENCE_BONUS,MODIFIER_ALL_PLAYERS_ATTACH_MODIFIER,0,0,0,0,,PLAYER_IS_SUZERAIN,,
MINOR_CIV_NALANDA_CAN_MAHAVIHARA,MODIFIER_PLAYER_ADJUST_VALID_IMPROVEMENT,0,0,0,0,,,,
MINOR_CIV_NALANDA_FREE_TECHNOLOGY,MODIFIER_ALL_PLAYERS_ATTACH_MODIFIER,0,0,1,0,,PLAYER_IS_SUZERAIN,,
MINOR_CIV_NALANDA_FREE_TECHNOLOGY_MODIFIER,MODIFIER_PLAYER_GRANT_RANDOM_TECHNOLOGY,0,0,1,0,,PLAYER_HAS_MAHAVIHARA,,
MINOR_CIV_SAMARKAND_UNIQUE_INFLUENCE_BONUS,MODIFIER_ALL_PLAYERS_ATTACH_MODIFIER,0,0,0,0,,PLAYER_IS_SUZERAIN,,
MINOR_CIV_SAMARKAND_CAN_TRADING_DOME,MODIFIER_PLAYER_ADJUST_VALID_IMPROVEMENT,0,0,0,0,,,,
MINOR_CIV_SAMARKAND_TRADE_GOLD,MODIFIER_ALL_PLAYERS_ATTACH_MODIFIER,0,0,0,0,,PLAYER_IS_SUZERAIN,,
MINOR_CIV_SAMARKAND_TRADE_GOLD_MODIFIER,MODIFIER_PLAYER_ADJUST_TRADE_ROUTE_YIELD_PER_IMPROVEMENT_AT_LOCATION_BABYLON,0,0,0,0,,,,
MINOR_CIV_WOLIN_GREAT_GENERAL_INFLUENCE_BONUS,MODIFIER_ALL_PLAYERS_ATTACH_MODIFIER,0,0,0,0,,PLAYER_IS_SUZERAIN,,
MINOR_CIV_WOLIN_GREAT_GENERAL_INFLUENCE_BONUS_MODIFIER,MODIFIER_PLAYER_UNITS_GRANT_ABILITY,0,0,0,0,,,,
MINOR_CIV_WOLIN_GREAT_ADMIRAL_INFLUENCE_BONUS,MODIFIER_ALL_PLAYERS_ATTACH_MODIFIER,0,0,0,0,,PLAYER_IS_SUZERAIN,,
MINOR_CIV_WOLIN_GREAT_ADMIRAL_INFLUENCE_BONUS_MODIFIER,MODIFIER_PLAYER_UNITS_GRANT_ABILITY,0,0,0,0,,,,
WOLIN_GREAT_GENERAL_POINTS,MODIFIER_PLAYER_ADJUST_UNITS_GREAT_PEOPLE_POINTS_PER_KILL_BY_DEFEATED_STRENGTH,0,0,0,0,,,,
WOLIN_GREAT_ADMIRAL_POINTS,MODIFIER_PLAYER_ADJUST_UNITS_GREAT_PEOPLE_POINTS_PER_KILL_BY_DEFEATED_STRENGTH,0,0,0,0,,,,
AGENDA_HAMMURABI_DISTRICTS,MODIFIER_PLAYER_DIPLOMACY_AGENDA_HAMMURABI_DISTRICTS,0,0,0,0,ON_TURN_STARTED,PLAYER_IS_MAJOR_CIV_KNOWN_30_TURNS,,
SABUM_KIBITTUM_ANTI_CAVALRY,MODIFIER_UNIT_ADJUST_COMBAT_STRENGTH,0,0,0,0,,ANTI_CAVALRY_PROMOTION_CLASS_OPPONENT_REQUIREMENTS,,
MODIFIER_CREATE_HERO_ANANSI,MODIFIER_CITY_GRANT_HERO,1,0,1,0,,,,
MODIFIER_CREATE_HERO_ARTHUR,MODIFIER_CITY_GRANT_HERO,1,0,1,0,,,,
MODIFIER_CREATE_HERO_BEOWULF,MODIFIER_CITY_GRANT_HERO,1,0,1,0,,,,
MODIFIER_CREATE_HERO_HERCULES,MODIFIER_CITY_GRANT_HERO,1,0,1,0,,,,
MODIFIER_CREATE_HERO_HIMIKO,MODIFIER_CITY_GRANT_HERO,1,0,1,0,,,,
MODIFIER_CREATE_HERO_HIPPOLYTA,MODIFIER_CITY_GRANT_HERO,1,0,1,0,,,,
MODIFIER_CREATE_HERO_HUNAHPU,MODIFIER_CITY_GRANT_HERO,1,0,1,0,,,,
MODIFIER_CREATE_HERO_OYA,MODIFIER_CITY_GRANT_HERO,1,0,1,0,,,,
MODIFIER_CREATE_HERO_MAUI,MODIFIER_CITY_GRANT_HERO,1,0,1,0,,,,
MODIFIER_CREATE_HERO_MULAN,MODIFIER_CITY_GRANT_HERO,1,0,1,0,,,,
MODIFIER_CREATE_HERO_SINBAD,MODIFIER_CITY_GRANT_HERO,1,0,1,0,,,,
MODIFIER_CREATE_HERO_WUKONG,MODIFIER_CITY_GRANT_HERO,1,0,1,0,,,,
MODIFIER_DISCOVER_RANDOM_HERO,MODIFIER_PLAYER_DISCOVER_HERO,1,0,1,0,,,,
MODIFIER_QUESTING_KNIGHT_ERA_STRENGTH,MODIFIER_ADJUST_COMBAT_STRENGTH_FOR_ERA,0,0,0,0,,QUESTING_KNIGHT,,
HERO_COMBAT_STRENGTH_AOE,MODIFIER_PLAYER_UNITS_GRANT_ABILITY,0,0,0,0,,AOE_ANY_REQUIREMENTS,,
HERO_COMBAT_STRENGTH_UNIT,MODIFIER_UNIT_ADJUST_COMBAT_STRENGTH,0,0,0,0,,,,
MODIFIER_HIPPOLYTA_HEAL_PER_TURN,MODIFIER_PLAYER_UNIT_ADJUST_HEAL_PER_TURN,0,0,0,0,,,,
MODIFIER_HIPPOLYTA_HEAL_EVERY_MOVE,MODIFIER_PLAYER_UNIT_GRANT_HEAL_AFTER_ACTION,0,0,0,0,,,,
MODIFIER_HUNAHPU_RESURRECT_KILL,MODIFIER_UNIT_ADJUST_PROPERTY,0,0,0,0,,,,
MODIFIER_WUKONG_STEALTH,MODIFIER_PLAYER_UNIT_ADJUST_HIDDEN_VISIBILITY,0,0,0,0,,,,
MODIFIER_MULAN_STRENGTH_PER_TURN,MODIFIER_UNIT_ADJUST_PROPERTY,0,0,0,0,,,,
MODIFIER_MULAN_FORTIFY,MODIFIER_UNIT_ADJUST_PROPERTY,0,0,0,0,,,,
MODIFIER_SINBAD_GOLD_FOR_DISCOVER_CONTINENT,MODIFIER_UNIT_ADJUST_PROPERTY,0,0,0,0,,,,
MODIFIER_SINBAD_GOLD_FOR_DISCOVER_WONDER,MODIFIER_UNIT_ADJUST_PROPERTY,0,0,0,0,,,,
MODIFIER_SINBAD_OCEAN_VALID_TERRAIN,MODIFIER_PLAYER_UNIT_ADJUST_VALID_TERRAIN,0,0,0,0,,,,
MODIFIER_HERO_IGNORE_FOREST_TERRAIN_COST,MODIFIER_PLAYER_UNIT_ADJUST_IGNORE_TERRAIN_COST,0,0,0,0,,,,
MODIFIER_HERO_IGNORE_HILLS_TERRAIN_COST,MODIFIER_PLAYER_UNIT_ADJUST_IGNORE_TERRAIN_COST,0,0,0,0,,,,
MODIFIER_HERO_IGNORE_ALL_TERRAIN_COST,MODIFIER_PLAYER_UNIT_ADJUST_IGNORE_TERRAIN_COST,0,0,0,0,,,,
MODIFIER_TRAIT_SUMERIA_HEROES_LIFESPAN,MODIFIER_PLAYER_ADJUST_PROPERTY,0,0,0,0,,,,
MODIFIER_TRAIT_SUMERIA_HEROES_FASTER_CLAIM_ANANSI,MODIFIER_PLAYER_CITIES_ADJUST_PROJECT_PRODUCTION,0,0,0,0,,,,
MODIFIER_TRAIT_SUMERIA_HEROES_FASTER_CLAIM_ARTHUR,MODIFIER_PLAYER_CITIES_ADJUST_PROJECT_PRODUCTION,0,0,0,0,,,,
MODIFIER_TRAIT_SUMERIA_HEROES_FASTER_CLAIM_BEOWULF,MODIFIER_PLAYER_CITIES_ADJUST_PROJECT_PRODUCTION,0,0,0,0,,,,
MODIFIER_TRAIT_SUMERIA_HEROES_FASTER_CLAIM_HERCULES,MODIFIER_PLAYER_CITIES_ADJUST_PROJECT_PRODUCTION,0,0,0,0,,,,
MODIFIER_TRAIT_SUMERIA_HEROES_FASTER_CLAIM_HIMIKO,MODIFIER_PLAYER_CITIES_ADJUST_PROJECT_PRODUCTION,0,0,0,0,,,,
MODIFIER_TRAIT_SUMERIA_HEROES_FASTER_CLAIM_HIPPOLYTA,MODIFIER_PLAYER_CITIES_ADJUST_PROJECT_PRODUCTION,0,0,0,0,,,,
MODIFIER_TRAIT_SUMERIA_HEROES_FASTER_CLAIM_HUNAHPU,MODIFIER_PLAYER_CITIES_ADJUST_PROJECT_PRODUCTION,0,0,0,0,,,,
MODIFIER_TRAIT_SUMERIA_HEROES_FASTER_CLAIM_OYA,MODIFIER_PLAYER_CITIES_ADJUST_PROJECT_PRODUCTION,0,0,0,0,,,,
MODIFIER_TRAIT_SUMERIA_HEROES_FASTER_CLAIM_MAUI,MODIFIER_PLAYER_CITIES_ADJUST_PROJECT_PRODUCTION,0,0,0,0,,,,
MODIFIER_TRAIT_SUMERIA_HEROES_FASTER_CLAIM_MULAN,MODIFIER_PLAYER_CITIES_ADJUST_PROJECT_PRODUCTION,0,0,0,0,,,,
MODIFIER_TRAIT_SUMERIA_HEROES_FASTER_CLAIM_SINBAD,MODIFIER_PLAYER_CITIES_ADJUST_PROJECT_PRODUCTION,0,0,0,0,,,,
MODIFIER_TRAIT_SUMERIA_HEROES_FASTER_CLAIM_WUKONG,MODIFIER_PLAYER_CITIES_ADJUST_PROJECT_PRODUCTION,0,0,0,0,,,,
MODIFIER_TRAIT_NKISI_HEROIC_RELIC_GOLD,MODIFIER_PLAYER_CITIES_ADJUST_GREATWORK_YIELD,0,0,0,0,,,,
MODIFIER_TRAIT_NKISI_HEROIC_RELIC_FOOD,MODIFIER_PLAYER_CITIES_ADJUST_GREATWORK_YIELD,0,0,0,0,,,,
MODIFIER_TRAIT_NKISI_HEROIC_RELIC_FAITH,MODIFIER_PLAYER_CITIES_ADJUST_GREATWORK_YIELD,0,0,0,0,,,,
MODIFIER_TRAIT_NKISI_HEROIC_RELIC_PRODUCTION,MODIFIER_PLAYER_CITIES_ADJUST_GREATWORK_YIELD,0,0,0,0,,,,
MODIFIER_BELIEF_RELIQUARIES_ATTACH_HEROIC_RELIC_FAITH,MODIFIER_ALL_CITIES_ATTACH_MODIFIER,0,0,0,0,,CITY_FOLLOWS_RELIGION_REQUIREMENTS,,
MODIFIER_BELIEF_RELIQUARIES_ATTACH_HEROIC_RELIC_TOURISM,MODIFIER_ALL_CITIES_ATTACH_MODIFIER,0,0,0,0,,CITY_FOLLOWS_RELIGION_REQUIREMENTS,,
MODIFIER_RELIQUARIES_HEROIC_RELIC_FAITH,MODIFIER_SINGLE_CITY_ADJUST_GREATWORK_YIELD,0,0,0,0,,,,
MODIFIER_RELIQUARIES_HEROIC_RELIC_TOURISM,MODIFIER_SINGLE_CITY_ADJUST_TOURISM,0,0,0,0,,,,
MODIFIER_TEMPLE_RECALL_FAITH_COST_DISCOUNT_ANANSI,MODIFIER_SINGLE_CITY_ADJUST_UNIT_PURCHASE_COST,0,0,0,0,,,,
MODIFIER_TEMPLE_RECALL_FAITH_COST_DISCOUNT_ARTHUR,MODIFIER_SINGLE_CITY_ADJUST_UNIT_PURCHASE_COST,0,0,0,0,,,,
MODIFIER_TEMPLE_RECALL_FAITH_COST_DISCOUNT_BEOWULF,MODIFIER_SINGLE_CITY_ADJUST_UNIT_PURCHASE_COST,0,0,0,0,,,,
MODIFIER_TEMPLE_RECALL_FAITH_COST_DISCOUNT_HERCULES,MODIFIER_SINGLE_CITY_ADJUST_UNIT_PURCHASE_COST,0,0,0,0,,,,
MODIFIER_TEMPLE_RECALL_FAITH_COST_DISCOUNT_HIMIKO,MODIFIER_SINGLE_CITY_ADJUST_UNIT_PURCHASE_COST,0,0,0,0,,,,
MODIFIER_TEMPLE_RECALL_FAITH_COST_DISCOUNT_HIPPOLYTA,MODIFIER_SINGLE_CITY_ADJUST_UNIT_PURCHASE_COST,0,0,0,0,,,,
MODIFIER_TEMPLE_RECALL_FAITH_COST_DISCOUNT_HUNAHPU,MODIFIER_SINGLE_CITY_ADJUST_UNIT_PURCHASE_COST,0,0,0,0,,,,
MODIFIER_TEMPLE_RECALL_FAITH_COST_DISCOUNT_OYA,MODIFIER_SINGLE_CITY_ADJUST_UNIT_PURCHASE_COST,0,0,0,0,,,,
MODIFIER_TEMPLE_RECALL_FAITH_COST_DISCOUNT_MAUI,MODIFIER_SINGLE_CITY_ADJUST_UNIT_PURCHASE_COST,0,0,0,0,,,,
MODIFIER_TEMPLE_RECALL_FAITH_COST_DISCOUNT_MULAN,MODIFIER_SINGLE_CITY_ADJUST_UNIT_PURCHASE_COST,0,0,0,0,,,,
MODIFIER_TEMPLE_RECALL_FAITH_COST_DISCOUNT_SINBAD,MODIFIER_SINGLE_CITY_ADJUST_UNIT_PURCHASE_COST,0,0,0,0,,,,
MODIFIER_TEMPLE_RECALL_FAITH_COST_DISCOUNT_WUKONG,MODIFIER_SINGLE_CITY_ADJUST_UNIT_PURCHASE_COST,0,0,0,0,,,,
MODIFIER_ORACLE_RECALL_FAITH_COST_DISCOUNT_ANANSI,MODIFIER_PLAYER_CITIES_ADJUST_UNIT_PURCHASE_COST,0,0,0,0,,,,
MODIFIER_ORACLE_RECALL_FAITH_COST_DISCOUNT_ARTHUR,MODIFIER_PLAYER_CITIES_ADJUST_UNIT_PURCHASE_COST,0,0,0,0,,,,
MODIFIER_ORACLE_RECALL_FAITH_COST_DISCOUNT_BEOWULF,MODIFIER_PLAYER_CITIES_ADJUST_UNIT_PURCHASE_COST,0,0,0,0,,,,
MODIFIER_ORACLE_RECALL_FAITH_COST_DISCOUNT_HERCULES,MODIFIER_PLAYER_CITIES_ADJUST_UNIT_PURCHASE_COST,0,0,0,0,,,,
MODIFIER_ORACLE_RECALL_FAITH_COST_DISCOUNT_HIMIKO,MODIFIER_PLAYER_CITIES_ADJUST_UNIT_PURCHASE_COST,0,0,0,0,,,,
MODIFIER_ORACLE_RECALL_FAITH_COST_DISCOUNT_HIPPOLYTA,MODIFIER_PLAYER_CITIES_ADJUST_UNIT_PURCHASE_COST,0,0,0,0,,,,
MODIFIER_ORACLE_RECALL_FAITH_COST_DISCOUNT_HUNAHPU,MODIFIER_PLAYER_CITIES_ADJUST_UNIT_PURCHASE_COST,0,0,0,0,,,,
MODIFIER_ORACLE_RECALL_FAITH_COST_DISCOUNT_OYA,MODIFIER_PLAYER_CITIES_ADJUST_UNIT_PURCHASE_COST,0,0,0,0,,,,
MODIFIER_ORACLE_RECALL_FAITH_COST_DISCOUNT_MAUI,MODIFIER_PLAYER_CITIES_ADJUST_UNIT_PURCHASE_COST,0,0,0,0,,,,
MODIFIER_ORACLE_RECALL_FAITH_COST_DISCOUNT_MULAN,MODIFIER_PLAYER_CITIES_ADJUST_UNIT_PURCHASE_COST,0,0,0,0,,,,
MODIFIER_ORACLE_RECALL_FAITH_COST_DISCOUNT_SINBAD,MODIFIER_PLAYER_CITIES_ADJUST_UNIT_PURCHASE_COST,0,0,0,0,,,,
MODIFIER_ORACLE_RECALL_FAITH_COST_DISCOUNT_WUKONG,MODIFIER_PLAYER_CITIES_ADJUST_UNIT_PURCHASE_COST,0,0,0,0,,,,
MODIFIER_SHRINE_CITY_HERO_EXTRA_LIFESPAN,MODIFIER_SINGLE_CITY_ADJUST_PROPERTY,0,0,0,0,,,,
MODIFIER_HANGING_GARDENS_ALL_HEROES_EXTRA_LIFESPAN,MODIFIER_PLAYER_ADJUST_PROPERTY,0,0,0,0,,,,
MODIFIER_TRAIT_LITHUANIAN_UNION_HEROIC_RELIC_FAITH,MODIFIER_PLAYER_CITIES_ADJUST_GREATWORK_YIELD,0,0,0,0,,,,
MODIFIER_TRAIT_LITHUANIAN_UNION_HEROIC_RELIC_CULTURE,MODIFIER_PLAYER_CITIES_ADJUST_GREATWORK_YIELD,0,0,0,0,,,,
MODIFIER_TRAIT_LITHUANIAN_UNION_HEROIC_RELIC_GOLD,MODIFIER_PLAYER_CITIES_ADJUST_GREATWORK_YIELD,0,0,0,0,,,,
TRAIT_FREE_BUILDING_WHEN_DISTRICT_MADE_EXCEPT,MODIFIER_PLAYER_DISTRICT_ADJUST_FREE_BUILDING_WHEN_SPECIALTY_DISTRICT_CONSTRUCTED_EXCEPT,0,0,0,0,,,,
TRAIT_FREE_ENVOY_WHEN_DISTRICT_MADE_SPECIFIC,MODIFIER_PLAYER_DISTRICT_ADJUST_SPECIFIC_DISTRICT_GRANT_ENVOYS,0,0,0,0,,,,
GREATPERSON_CITY_STATE_ABSORB_EXPANSIONS,MODIFIER_UNIT_ABSORB_CITY_STATE_AS_GIFT_AND_APPLY_MODIFIER,1,0,1,0,,,,
GREATPERSON_CITY_STATE_ABSORB_EXPANSIONS_LOYALTY_ATTACHMENT,MODIFIER_SINGLE_CITY_ADJUST_IDENTITY_PER_TURN,0,0,0,0,,,,
LUDWIG_WONDER_ADJACENCY,MODIFIER_PLAYER_CITIES_DISTRICT_ADJACENCY,0,0,0,0,,,,
LUDWIG_CULTURE_TOURISM_DISTRICTS,MODIFIER_PLAYER_DISTRICTS_ADJUST_TOURISM_ADJACENCY_YIELD_MOFIFIER,0,0,0,0,,PLAYER_HAS_CASTLES_TECHNOLOGY,,
AGENDA_HIGH_DISTRICTS_LUDWIG,MODIFIER_PLAYER_DIPLOMACY_SIMPLE_MODIFIER,0,0,0,0,,PLAYER_LEADS_DISTRICTS_LUDWIG,,
AGENDA_LOW_DISTRICTS_LUDWIG,MODIFIER_PLAYER_DIPLOMACY_SIMPLE_MODIFIER,0,0,0,0,,PLAYER_LAGS_DISTRICTS_LUDWIG,,
THEODORA_CULTURE_HOLY_SITE,MODIFIER_PLAYER_DISTRICTS_ADJUST_YIELD_BASED_ON_ADJACENCY_BONUS_BUILDER,0,0,0,0,,DISTRICT_IS_HOLY_SITE,,
THEODORA_HOLY_SITE_ADJACENCY_FARM,MODIFIER_PLAYER_CITIES_IMPROVEMENT_ADJACENCY,0,0,0,0,,,,
THEODORA_HIPPODROME_ADJACENCY_FARM,MODIFIER_PLAYER_CITIES_IMPROVEMENT_ADJACENCY,0,0,0,0,,,,
AGENDA_HIGH_CULTURE_NEW_ROME,MODIFIER_PLAYER_DIPLOMACY_SIMPLE_MODIFIER,0,0,0,0,,PLAYER_HAS_HIGH_CULTURE,,
AGENDA_LOW_CULTURE_NEW_ROME,MODIFIER_PLAYER_DIPLOMACY_SIMPLE_MODIFIER,0,0,0,0,,PLAYER_HAS_LOW_CULTURE,,
SEJONG_CLASSICAL_SCIENCE_INTO_CULTURE,MODIFIER_PLAYER_GRANT_YIELD_BASED_ON_CURRENT_YIELD_RATE,1,0,1,0,,PLAYER_HAS_CLASSICAL_TECH,,
SEJONG_MEDIEVAL_SCIENCE_INTO_CULTURE,MODIFIER_PLAYER_GRANT_YIELD_BASED_ON_CURRENT_YIELD_RATE,1,0,1,0,,PLAYER_HAS_MEDIEVAL_TECH,,
SEJONG_RENAISSANCE_SCIENCE_INTO_CULTURE,MODIFIER_PLAYER_GRANT_YIELD_BASED_ON_CURRENT_YIELD_RATE,1,0,1,0,,PLAYER_HAS_RENAISSANCE_TECH,,
SEJONG_INDUSTRIAL_SCIENCE_INTO_CULTURE,MODIFIER_PLAYER_GRANT_YIELD_BASED_ON_CURRENT_YIELD_RATE,1,0,1,0,,PLAYER_HAS_INDUSTRIAL_TECH,,
SEJONG_MODERN_SCIENCE_INTO_CULTURE,MODIFIER_PLAYER_GRANT_YIELD_BASED_ON_CURRENT_YIELD_RATE,1,0,1,0,,PLAYER_HAS_MODERN_TECH,,
SEJONG_ATOMIC_SCIENCE_INTO_CULTURE,MODIFIER_PLAYER_GRANT_YIELD_BASED_ON_CURRENT_YIELD_RATE,1,0,1,0,,PLAYER_HAS_ATOMIC_TECH,,
SEJONG_INFORMATION_SCIENCE_INTO_CULTURE,MODIFIER_PLAYER_GRANT_YIELD_BASED_ON_CURRENT_YIELD_RATE,1,0,1,0,,PLAYER_HAS_INFORMATION_TECH,,
SEJONG_FUTURE_SCIENCE_INTO_CULTURE,MODIFIER_PLAYER_GRANT_YIELD_BASED_ON_CURRENT_YIELD_RATE,1,0,1,0,,PLAYER_HAS_FUTURE_TECH,,
AGENDA_MODIFIER_LEADS_PROGRESS_SEJONG,MODIFIER_PLAYER_DIPLOMACY_SIMPLE_MODIFIER,0,0,0,0,,PLAYER_LEADS_PROGRESS,,
AGENDA_MODIFIER_LAGS_PROGRESS_SEJONG,MODIFIER_PLAYER_DIPLOMACY_SIMPLE_MODIFIER,0,0,0,0,,PLAYER_LAGS_PROGRESS,,
NAVIGATION_SCHOOL_NAVAL_UNIT_PRODUCTION,MODIFIER_CITY_ADJUST_UNIT_DOMAIN_PRODUCTION,0,0,0,0,,,,
NAVIGATION_SCHOOL_NAVAL_COAST_SCIENCE,MODIFIER_CITY_ADJUST_CITY_YIELD_PER_TERRAIN_TYPE,0,0,0,0,,,,
ETEMENANKI_SCIENCE_MARSH,MODIFIER_PLAYER_ADJUST_PLOT_YIELD,0,0,0,0,,PLOT_HAS_MARSH_REQUIREMENTS,,
ETEMENANKI_PRODUCTION_MARSH,MODIFIER_PLAYER_ADJUST_PLOT_YIELD,0,0,0,0,,PLOT_HAS_MARSH_REQUIREMENTS,,
ETEMENANKI_SCIENCE_FLOODPLAINS,MODIFIER_CITY_PLOT_YIELDS_ADJUST_PLOT_YIELD,0,0,0,0,,PLOT_HAS_FLOODPLAINS_REQUIREMENTS,,
ETEMENANKI_PRODUCTION_FLOODPLAINS,MODIFIER_CITY_PLOT_YIELDS_ADJUST_PLOT_YIELD,0,0,0,0,,PLOT_HAS_FLOODPLAINS_REQUIREMENTS,,
TORREDEBELEM_TRADE_GOLD_LUXURIES,MODIFIER_CITY_ADJUST_TRADE_ROUTE_YIELD_PER_DESTINATION_LUXURY_FOR_INTERNATIONAL,0,0,0,0,,,,
TORREDEBELEM_CHEAPEST_BUILDING,MODIFIER_PLAYER_CITIES_GRANT_CHEAPEST_BUILDING_IN_CITY,1,0,1,0,,CITY_NOT_OWNER_CAPITAL_CONTINENT_REQUIREMENTS,,
TRAIT_FORBID_INTERNATIONAL_LAND_ROUTES,MODIFIER_PLAYER_ADJUST_FORBID_LAND_ROUTE,0,0,0,0,,,,
TRAIT_INTERNATIONAL_TRADE_GAIN_ALL_YIELDS,MODIFIER_PLAYER_ADJUST_INTERNATIONAL_TRADE_ROUTE_YIELD_MODIFIER,0,0,0,0,,,,
TRAIT_TRADER_EARLY_EMBARK,MODIFIER_PLAYER_ADJUST_EMBARK_UNIT_PASS,0,0,0,0,,PLAYER_HAS_FOREIGN_TRADE,,
TRAIT_WATER_TRADE_ROUTE_RANGE,MODIFIER_PLAYER_ADJUST_TRADE_ROUTE_WATER_RANGE,0,0,0,0,,,,
TRADE_PRODUCTION_FROM_FEITORIA,MODIFIER_PLAYER_ADJUST_TRADE_ROUTE_YIELD_PER_IMPROVEMENT_AT_LOCATION,0,0,0,0,,,,
TRADE_GOLD_FROM_FEITORIA,MODIFIER_PLAYER_ADJUST_TRADE_ROUTE_YIELD_PER_IMPROVEMENT_AT_LOCATION,0,0,0,0,,,,
TRAIT_JOAO_CITY_STATE_OPEN_BORDERS,MODIFIER_ADJUST_OPEN_BORDERS_FROM_INFLUENCE,0,0,0,0,,PLAYER_IS_MINOR,,
TRAIT_JOAO_TRADE_ROUTE_ON_MEET,MODIFIER_PLAYER_ADJUST_TRADE_ROUTE_CAPACITY_ON_MEETING,0,0,0,0,,,,
TRAIT_JOAO_EXTRA_SIGHT,MODIFIER_PLAYER_UNITS_GRANT_ABILITY,0,0,0,0,,,,
PORTA_DO_CERCO_EXTRA_SIGHT,MODIFIER_PLAYER_UNIT_ADJUST_SIGHT,0,0,0,0,,,,
AGENDA_JOAO_HIGH_EXPLORATION,MODIFIER_PLAYER_DIPLOMACY_SIMPLE_MODIFIER,0,0,0,0,,PLAYER_HAS_HIGH_EXPLORATION,,
AGENDA_JOAO_LOW_EXPLORATION,MODIFIER_PLAYER_DIPLOMACY_SIMPLE_MODIFIER,0,0,0,0,,PLAYER_HAS_LOW_EXPLORATION,,
NAU_FREE_PROMOTION,MODIFIER_PLAYER_UNIT_ADJUST_GRANT_EXPERIENCE,0,0,0,0,,,,
ETEMENANKI_SCIENCE_GRASS_FLOODPLAINS,MODIFIER_CITY_PLOT_YIELDS_ADJUST_PLOT_YIELD,0,0,0,0,,PLOT_HAS_GRASS_FLOODPLAINS_REQUIREMENTS,,
ETEMENANKI_PRODUCTION_GRASS_FLOODPLAINS,MODIFIER_CITY_PLOT_YIELDS_ADJUST_PLOT_YIELD,0,0,0,0,,PLOT_HAS_GRASS_FLOODPLAINS_REQUIREMENTS,,
ETEMENANKI_SCIENCE_PLAINS_FLOODPLAINS,MODIFIER_CITY_PLOT_YIELDS_ADJUST_PLOT_YIELD,0,0,0,0,,PLOT_HAS_PLAINS_FLOODPLAINS_REQUIREMENTS,,
ETEMENANKI_PRODUCTION_PLAINS_FLOODPLAINS,MODIFIER_CITY_PLOT_YIELDS_ADJUST_PLOT_YIELD,0,0,0,0,,PLOT_HAS_PLAINS_FLOODPLAINS_REQUIREMENTS,,
