BaseTable,PropertyName,TargetTable,IsCollection,Query
Adjacency_YieldChanges,DistrictReference,Districts,0,SELECT T1.rowid from Districts as T1 inner join Adjacency_YieldChanges as T2 on T2.AdjacentDistrict = T1.DistrictType where T2.rowid = ? ORDER BY T1.rowid ASC LIMIT 1
Adjacency_YieldChanges,FeatureReference,Features,0,SELECT T1.rowid from Features as T1 inner join Adjacency_YieldChanges as T2 on T2.AdjacentFeature = T1.FeatureType where T2.rowid = ? ORDER BY T1.rowid ASC LIMIT 1
Adjacency_YieldChanges,ImprovementReference,Improvements,0,SELECT T1.rowid from Improvements as T1 inner join Adjacency_YieldChanges as T2 on T2.AdjacentImprovement = T1.ImprovementType where T2.rowid = ? ORDER BY T1.rowid ASC LIMIT 1
Adjacency_YieldChanges,ObsoleteCivicReference,Civics,0,SELECT T1.rowid from Civics as T1 inner join Adjacency_YieldChanges as T2 on T2.ObsoleteCivic = T1.CivicType where T2.rowid = ? ORDER BY T1.rowid ASC LIMIT 1
Adjacency_YieldChanges,ObsoleteTechReference,Technologies,0,SELECT T1.rowid from Technologies as T1 inner join Adjacency_YieldChanges as T2 on T2.ObsoleteTech = T1.TechnologyType where T2.rowid = ? ORDER BY T1.rowid ASC LIMIT 1
Adjacency_YieldChanges,PrereqCivicReference,Civics,0,SELECT T1.rowid from Civics as T1 inner join Adjacency_YieldChanges as T2 on T2.PrereqCivic = T1.CivicType where T2.rowid = ? ORDER BY T1.rowid ASC LIMIT 1
Adjacency_YieldChanges,PrereqTechReference,Technologies,0,SELECT T1.rowid from Technologies as T1 inner join Adjacency_YieldChanges as T2 on T2.PrereqTech = T1.TechnologyType where T2.rowid = ? ORDER BY T1.rowid ASC LIMIT 1
Adjacency_YieldChanges,TerrainReference,Terrains,0,SELECT T1.rowid from Terrains as T1 inner join Adjacency_YieldChanges as T2 on T2.AdjacentTerrain = T1.TerrainType where T2.rowid = ? ORDER BY T1.rowid ASC LIMIT 1
Adjacency_YieldChanges,YieldTypeReference,Yields,0,SELECT T1.rowid from Yields as T1 inner join Adjacency_YieldChanges as T2 on T2.YieldType = T1.YieldType where T2.rowid = ? ORDER BY T1.rowid ASC LIMIT 1
Adjacent_AppealYieldChanges,YieldReference,Yields,0,SELECT T1.rowid from Yields as T1 inner join Adjacent_AppealYieldChanges as T2 on T2.YieldType = T1.YieldType where T2.rowid = ? ORDER BY T1.rowid ASC LIMIT 1
Agendas,FirstExclusions,Agendas,1,SELECT T1.rowid from Agendas as T1 inner join ExclusiveAgendas as T2 on T2.AgendaTwo = T1.AgendaType inner join Agendas as T3 on T3.AgendaType = T2.AgendaOne where T3.rowid = ? ORDER BY T1.rowid ASC
Agendas,RandomAgendaCollection,RandomAgendas,1,SELECT T1.rowid from RandomAgendas as T1 inner join Agendas as T2 on T2.AgendaType = T1.AgendaType where T2.rowid = ? ORDER BY T1.rowid ASC
Agendas,SecondExclusions,Agendas,1,SELECT T1.rowid from Agendas as T1 inner join ExclusiveAgendas as T2 on T2.AgendaOne = T1.AgendaType inner join Agendas as T3 on T3.AgendaType = T2.AgendaTwo where T3.rowid = ? ORDER BY T1.rowid ASC
Agendas,TraitCollection,Traits,1,SELECT T1.rowid from Traits as T1 inner join AgendaTraits as T2 on T2.TraitType = T1.TraitType inner join Agendas as T3 on T3.AgendaType = T2.AgendaType where T3.rowid = ? ORDER BY T1.rowid ASC
AgendaPreferredLeaders,LeaderReference,Leaders,0,SELECT T1.rowid from Leaders as T1 inner join AgendaPreferredLeaders as T2 on T2.LeaderType = T1.LeaderType where T2.rowid = ? ORDER BY T1.rowid ASC LIMIT 1
AgendaPreferredLeaders,RandomAgendaReference,RandomAgendas,0,SELECT T1.rowid from RandomAgendas as T1 inner join AgendaPreferredLeaders as T2 on T2.AgendaType = T1.AgendaType where T2.rowid = ? ORDER BY T1.rowid ASC LIMIT 1
AiBuildSpecializations,PriorityReference,Yields,0,SELECT T1.rowid from Yields as T1 inner join AiBuildSpecializations as T2 on T2.PrioritizationYield = T1.YieldType where T2.rowid = ? ORDER BY T1.rowid ASC LIMIT 1
AiBuildSpecializations,YieldReference,Yields,0,SELECT T1.rowid from Yields as T1 inner join AiBuildSpecializations as T2 on T2.BuildingYield = T1.YieldType where T2.rowid = ? ORDER BY T1.rowid ASC LIMIT 1
AiFavoredItems,MaxDifficultyReference,Difficulties,0,SELECT T1.rowid from Difficulties as T1 inner join AiFavoredItems as T2 on T2.MaxDifficulty = T1.DifficultyType where T2.rowid = ? ORDER BY T1.rowid ASC LIMIT 1
AiFavoredItems,MinDifficultyReference,Difficulties,0,SELECT T1.rowid from Difficulties as T1 inner join AiFavoredItems as T2 on T2.MinDifficulty = T1.DifficultyType where T2.rowid = ? ORDER BY T1.rowid ASC LIMIT 1
AiLists,MaxDifficultyReference,Difficulties,0,SELECT T1.rowid from Difficulties as T1 inner join AiLists as T2 on T2.MaxDifficulty = T1.DifficultyType where T2.rowid = ? ORDER BY T1.rowid ASC LIMIT 1
AiLists,MinDifficultyReference,Difficulties,0,SELECT T1.rowid from Difficulties as T1 inner join AiLists as T2 on T2.MinDifficulty = T1.DifficultyType where T2.rowid = ? ORDER BY T1.rowid ASC LIMIT 1
BarbarianAttackForces,MaxDifficultyReference,Difficulties,0,SELECT T1.rowid from Difficulties as T1 inner join BarbarianAttackForces as T2 on T2.MaxTargetDifficulty = T1.DifficultyType where T2.rowid = ? ORDER BY T1.rowid ASC LIMIT 1
BarbarianAttackForces,MinDifficultyReference,Difficulties,0,SELECT T1.rowid from Difficulties as T1 inner join BarbarianAttackForces as T2 on T2.MinTargetDifficulty = T1.DifficultyType where T2.rowid = ? ORDER BY T1.rowid ASC LIMIT 1
BarbarianTribes,AttackCollection,BarbarianAttackForces,1,SELECT T1.rowid from BarbarianAttackForces as T1 inner join BarbarianTribeForces as T2 on T2.AttackForceType = T1.AttackForceType inner join BarbarianTribes as T3 on T3.TribeType = T2.TribeType where T3.rowid = ? ORDER BY T1.rowid ASC
BarbarianTribes,RequiredResourceReference,Resources,0,SELECT T1.rowid from Resources as T1 inner join BarbarianTribes as T2 on T2.RequiredResource = T1.ResourceType where T2.rowid = ? ORDER BY T1.rowid ASC LIMIT 1
BarbarianTribes,TribeNames,BarbarianTribeNames,1,SELECT T1.rowid from BarbarianTribeNames as T1 inner join BarbarianTribes as T2 on T2.TribeType = T1.TribeType where T2.rowid = ? ORDER BY T1.rowid ASC
BarbarianTribe_MapConditions,MapConditionSetTypeReference,BarbarianTribe_MapConditionSets,0,SELECT T1.rowid from BarbarianTribe_MapConditionSets as T1 inner join BarbarianTribe_MapConditions as T2 on T2.MapConditionSetType = T1.MapConditionSetType where T2.rowid = ? ORDER BY T1.rowid ASC LIMIT 1
BarbarianTribe_MapConditionSets,TribeTypeReference,BarbarianTribes,0,SELECT T1.rowid from BarbarianTribes as T1 inner join BarbarianTribe_MapConditionSets as T2 on T2.TribeType = T1.TribeType where T2.rowid = ? ORDER BY T1.rowid ASC LIMIT 1
BarbarianTribeNames,AttackCollection,BarbarianAttackForces,1,SELECT T1.rowid from BarbarianAttackForces as T1 inner join BarbarianTribeForces as T2 on T2.AttackForceType = T1.AttackForceType inner join BarbarianTribeNames as T3 on T3.TribeNameType = T2.SpecificTribeType where T3.rowid = ? ORDER BY T1.rowid ASC
BarbarianTribeNames,TribeTypeReference,BarbarianTribes,0,SELECT T1.rowid from BarbarianTribes as T1 inner join BarbarianTribeNames as T2 on T2.TribeType = T1.TribeType where T2.rowid = ? ORDER BY T1.rowid ASC LIMIT 1
BehaviorTrees,TriggerCollection,TriggeredBehaviorTrees,1,SELECT T1.rowid from TriggeredBehaviorTrees as T1 inner join BehaviorTrees as T2 on T2.TreeName = T1.TreeName where T2.rowid = ? ORDER BY T1.rowid ASC
Beliefs,BeliefClassTypeReference,BeliefClasses,0,SELECT T1.rowid from BeliefClasses as T1 inner join Beliefs as T2 on T2.BeliefClassType = T1.BeliefClassType where T2.rowid = ? ORDER BY T1.rowid ASC LIMIT 1
BonusMinorStartingUnits,DifficultyReference,Difficulties,0,SELECT T1.rowid from Difficulties as T1 inner join BonusMinorStartingUnits as T2 on T2.MinDifficulty = T1.DifficultyType where T2.rowid = ? ORDER BY T1.rowid ASC LIMIT 1
BonusMinorStartingUnits,EraReference,Eras,0,SELECT T1.rowid from Eras as T1 inner join BonusMinorStartingUnits as T2 on T2.Era = T1.EraType where T2.rowid = ? ORDER BY T1.rowid ASC LIMIT 1
BonusMinorStartingUnits,UnitReference,Units,0,SELECT T1.rowid from Units as T1 inner join BonusMinorStartingUnits as T2 on T2.Unit = T1.UnitType where T2.rowid = ? ORDER BY T1.rowid ASC LIMIT 1
Boosts,BoostingCivicReference,Civics,0,SELECT T1.rowid from Civics as T1 inner join Boosts as T2 on T2.BoostingCivicType = T1.CivicType where T2.rowid = ? ORDER BY T1.rowid ASC LIMIT 1
Boosts,BoostingTechReference,Technologies,0,SELECT T1.rowid from Technologies as T1 inner join Boosts as T2 on T2.BoostingTechType = T1.TechnologyType where T2.rowid = ? ORDER BY T1.rowid ASC LIMIT 1
Boosts,BoostReference,BoostNames,0,SELECT T1.rowid from BoostNames as T1 inner join Boosts as T2 on T2.BoostClass = T1.BoostType where T2.rowid = ? ORDER BY T1.rowid ASC LIMIT 1
Boosts,BuildingReference,Buildings,0,SELECT T1.rowid from Buildings as T1 inner join Boosts as T2 on T2.BuildingType = T1.BuildingType where T2.rowid = ? ORDER BY T1.rowid ASC LIMIT 1
Boosts,CivicReference,Civics,0,SELECT T1.rowid from Civics as T1 inner join Boosts as T2 on T2.CivicType = T1.CivicType where T2.rowid = ? ORDER BY T1.rowid ASC LIMIT 1
Boosts,DistrictReference,Districts,0,SELECT T1.rowid from Districts as T1 inner join Boosts as T2 on T2.DistrictType = T1.DistrictType where T2.rowid = ? ORDER BY T1.rowid ASC LIMIT 1
Boosts,GovernmentTierReference,GovernmentTiers,0,SELECT T1.rowid from GovernmentTiers as T1 inner join Boosts as T2 on T2.GovernmentTierType = T1.TierType where T2.rowid = ? ORDER BY T1.rowid ASC LIMIT 1
Boosts,ImprovementReference,Improvements,0,SELECT T1.rowid from Improvements as T1 inner join Boosts as T2 on T2.ImprovementType = T1.ImprovementType where T2.rowid = ? ORDER BY T1.rowid ASC LIMIT 1
Boosts,ResourceReference,Resources,0,SELECT T1.rowid from Resources as T1 inner join Boosts as T2 on T2.ResourceType = T1.ResourceType where T2.rowid = ? ORDER BY T1.rowid ASC LIMIT 1
Boosts,TechnologyReference,Technologies,0,SELECT T1.rowid from Technologies as T1 inner join Boosts as T2 on T2.TechnologyType = T1.TechnologyType where T2.rowid = ? ORDER BY T1.rowid ASC LIMIT 1
Boosts,Unit1Reference,Units,0,SELECT T1.rowid from Units as T1 inner join Boosts as T2 on T2.Unit1Type = T1.UnitType where T2.rowid = ? ORDER BY T1.rowid ASC LIMIT 1
Boosts,Unit2Reference,Units,0,SELECT T1.rowid from Units as T1 inner join Boosts as T2 on T2.Unit2Type = T1.UnitType where T2.rowid = ? ORDER BY T1.rowid ASC LIMIT 1
BoostHandlers,BoostTypeReference,BoostNames,0,SELECT T1.rowid from BoostNames as T1 inner join BoostHandlers as T2 on T2.TechBoostType = T1.BoostType where T2.rowid = ? ORDER BY T1.rowid ASC LIMIT 1
Buildings,AdjacentDistrictReference,Districts,0,SELECT T1.rowid from Districts as T1 inner join Buildings as T2 on T2.AdjacentDistrict = T1.DistrictType where T2.rowid = ? ORDER BY T1.rowid ASC LIMIT 1
Buildings,AdjacentImprovementReference,Improvements,0,SELECT T1.rowid from Improvements as T1 inner join Buildings as T2 on T2.AdjacentImprovement = T1.ImprovementType where T2.rowid = ? ORDER BY T1.rowid ASC LIMIT 1
Buildings,AdjacentResourceReference,Resources,0,SELECT T1.rowid from Resources as T1 inner join Buildings as T2 on T2.AdjacentResource = T1.ResourceType where T2.rowid = ? ORDER BY T1.rowid ASC LIMIT 1
Buildings,CitizenYieldChangesReference,Building_CitizenYieldChanges,1,SELECT T1.rowid from Building_CitizenYieldChanges as T1 inner join Buildings as T2 on T2.BuildingType = T1.BuildingType where T2.rowid = ? ORDER BY T1.rowid ASC
Buildings,CityAdjacentTerrainReference,Terrains,0,SELECT T1.rowid from Terrains as T1 inner join Buildings as T2 on T2.CityAdjacentTerrain = T1.TerrainType where T2.rowid = ? ORDER BY T1.rowid ASC LIMIT 1
Buildings,DependentBuildingCollection,Buildings,1,SELECT T1.rowid from Buildings as T1 inner join BuildingPrereqs as T2 on T2.Building = T1.BuildingType inner join Buildings as T3 on T3.BuildingType = T2.PrereqBuilding where T3.rowid = ? ORDER BY T1.rowid ASC
Buildings,GreatPersonPointsReference,Building_GreatPersonPoints,1,SELECT T1.rowid from Building_GreatPersonPoints as T1 inner join Buildings as T2 on T2.BuildingType = T1.BuildingType where T2.rowid = ? ORDER BY T1.rowid ASC
Buildings,GreatWorkCollection,Building_GreatWorks,1,SELECT T1.rowid from Building_GreatWorks as T1 inner join Buildings as T2 on T2.BuildingType = T1.BuildingType where T2.rowid = ? ORDER BY T1.rowid ASC
Buildings,MutuallyExclusiveBuildingReference,MutuallyExclusiveBuildings,1,SELECT T1.rowid from MutuallyExclusiveBuildings as T1 inner join Buildings as T2 on T2.BuildingType = T1.Building where T2.rowid = ? ORDER BY T1.rowid ASC
Buildings,PrereqBuildingCollection,Buildings,1,SELECT T1.rowid from Buildings as T1 inner join BuildingPrereqs as T2 on T2.PrereqBuilding = T1.BuildingType inner join Buildings as T3 on T3.BuildingType = T2.Building where T3.rowid = ? ORDER BY T1.rowid ASC
Buildings,PrereqCivicReference,Civics,0,SELECT T1.rowid from Civics as T1 inner join Buildings as T2 on T2.PrereqCivic = T1.CivicType where T2.rowid = ? ORDER BY T1.rowid ASC LIMIT 1
Buildings,PrereqDistrictReference,Districts,0,SELECT T1.rowid from Districts as T1 inner join Buildings as T2 on T2.PrereqDistrict = T1.DistrictType where T2.rowid = ? ORDER BY T1.rowid ASC LIMIT 1
Buildings,PrereqTechReference,Technologies,0,SELECT T1.rowid from Technologies as T1 inner join Buildings as T2 on T2.PrereqTech = T1.TechnologyType where T2.rowid = ? ORDER BY T1.rowid ASC LIMIT 1
Buildings,PurchaseYieldReference,Yields,0,SELECT T1.rowid from Yields as T1 inner join Buildings as T2 on T2.PurchaseYield = T1.YieldType where T2.rowid = ? ORDER BY T1.rowid ASC LIMIT 1
Buildings,ReplacedByCollection,BuildingReplaces,1,SELECT T1.rowid from BuildingReplaces as T1 inner join Buildings as T2 on T2.BuildingType = T1.ReplacesBuildingType where T2.rowid = ? ORDER BY T1.rowid ASC
Buildings,ReplacesCollection,BuildingReplaces,1,SELECT T1.rowid from BuildingReplaces as T1 inner join Buildings as T2 on T2.BuildingType = T1.CivUniqueBuildingType where T2.rowid = ? ORDER BY T1.rowid ASC
Buildings,RequiredFeatures,Features,1,SELECT T1.rowid from Features as T1 inner join Building_RequiredFeatures as T2 on T2.FeatureType = T1.FeatureType inner join Buildings as T3 on T3.BuildingType = T2.BuildingType where T3.rowid = ? ORDER BY T1.rowid ASC
Buildings,StartingBuildingCollection,StartingBuildings,1,SELECT T1.rowid from StartingBuildings as T1 inner join Buildings as T2 on T2.BuildingType = T1.Building where T2.rowid = ? ORDER BY T1.rowid ASC
Buildings,TraitReference,Traits,0,SELECT T1.rowid from Traits as T1 inner join Buildings as T2 on T2.TraitType = T1.TraitType where T2.rowid = ? ORDER BY T1.rowid ASC LIMIT 1
Buildings,UnitsPermittedCollection,Units,1,SELECT T1.rowid from Units as T1 inner join Unit_BuildingPrereqs as T2 on T2.Unit = T1.UnitType inner join Buildings as T3 on T3.BuildingType = T2.PrereqBuilding where T3.rowid = ? ORDER BY T1.rowid ASC
Buildings,ValidFeatures,Features,1,SELECT T1.rowid from Features as T1 inner join Building_ValidFeatures as T2 on T2.FeatureType = T1.FeatureType inner join Buildings as T3 on T3.BuildingType = T2.BuildingType where T3.rowid = ? ORDER BY T1.rowid ASC
Buildings,ValidTerrains,Terrains,1,SELECT T1.rowid from Terrains as T1 inner join Building_ValidTerrains as T2 on T2.TerrainType = T1.TerrainType inner join Buildings as T3 on T3.BuildingType = T2.BuildingType where T3.rowid = ? ORDER BY T1.rowid ASC
Buildings,YieldChanges,Building_YieldChanges,1,SELECT T1.rowid from Building_YieldChanges as T1 inner join Buildings as T2 on T2.BuildingType = T1.BuildingType where T2.rowid = ? ORDER BY T1.rowid ASC
Buildings,YieldDistrictCopyReference,Building_YieldDistrictCopies,1,SELECT T1.rowid from Building_YieldDistrictCopies as T1 inner join Buildings as T2 on T2.BuildingType = T1.BuildingType where T2.rowid = ? ORDER BY T1.rowid ASC
Buildings,YieldsPerEra,Building_YieldsPerEra,1,SELECT T1.rowid from Building_YieldsPerEra as T1 inner join Buildings as T2 on T2.BuildingType = T1.BuildingType where T2.rowid = ? ORDER BY T1.rowid ASC
Building_CitizenYieldChanges,YieldReference,Yields,0,SELECT T1.rowid from Yields as T1 inner join Building_CitizenYieldChanges as T2 on T2.YieldType = T1.YieldType where T2.rowid = ? ORDER BY T1.rowid ASC LIMIT 1
Building_GreatPersonPoints,BuildingReference,Buildings,0,SELECT T1.rowid from Buildings as T1 inner join Building_GreatPersonPoints as T2 on T2.BuildingType = T1.BuildingType where T2.rowid = ? ORDER BY T1.rowid ASC LIMIT 1
Building_GreatPersonPoints,GreatPersonClassReference,GreatPersonClasses,0,SELECT T1.rowid from GreatPersonClasses as T1 inner join Building_GreatPersonPoints as T2 on T2.GreatPersonClassType = T1.GreatPersonClassType where T2.rowid = ? ORDER BY T1.rowid ASC LIMIT 1
Building_GreatWorks,ValidObjectTypes,GreatWorkObjectTypes,1,SELECT T1.rowid from GreatWorkObjectTypes as T1 inner join GreatWork_ValidSubTypes as T2 on T2.GreatWorkObjectType = T1.GreatWorkObjectType inner join GreatWorkSlotTypes as T3 on T3.GreatWorkSlotType = T2.GreatWorkSlotType inner join Building_GreatWorks as T4 on T4.GreatWorkSlotType = T3.GreatWorkSlotType where T4.rowid = ? ORDER BY T1.rowid ASC
Building_YieldChanges,YieldReference,Yields,0,SELECT T1.rowid from Yields as T1 inner join Building_YieldChanges as T2 on T2.YieldType = T1.YieldType where T2.rowid = ? ORDER BY T1.rowid ASC LIMIT 1
Building_YieldDistrictCopies,BuildingReference,Buildings,0,SELECT T1.rowid from Buildings as T1 inner join Building_YieldDistrictCopies as T2 on T2.BuildingType = T1.BuildingType where T2.rowid = ? ORDER BY T1.rowid ASC LIMIT 1
Building_YieldDistrictCopies,NewYieldTypeReference,Yields,0,SELECT T1.rowid from Yields as T1 inner join Building_YieldDistrictCopies as T2 on T2.NewYieldType = T1.YieldType where T2.rowid = ? ORDER BY T1.rowid ASC LIMIT 1
Building_YieldDistrictCopies,OldYieldTypeReference,Yields,0,SELECT T1.rowid from Yields as T1 inner join Building_YieldDistrictCopies as T2 on T2.OldYieldType = T1.YieldType where T2.rowid = ? ORDER BY T1.rowid ASC LIMIT 1
BuildingConditions,BuildingReference,Buildings,0,SELECT T1.rowid from Buildings as T1 inner join BuildingConditions as T2 on T2.BuildingType = T1.BuildingType where T2.rowid = ? ORDER BY T1.rowid ASC LIMIT 1
BuildingPrereqs,BuildingReference,Buildings,0,SELECT T1.rowid from Buildings as T1 inner join BuildingPrereqs as T2 on T2.Building = T1.BuildingType where T2.rowid = ? ORDER BY T1.rowid ASC LIMIT 1
BuildingPrereqs,PrereqBuildingReference,Buildings,0,SELECT T1.rowid from Buildings as T1 inner join BuildingPrereqs as T2 on T2.PrereqBuilding = T1.BuildingType where T2.rowid = ? ORDER BY T1.rowid ASC LIMIT 1
BuildingReplaces,BaseBuildingReference,Buildings,0,SELECT T1.rowid from Buildings as T1 inner join BuildingReplaces as T2 on T2.ReplacesBuildingType = T1.BuildingType where T2.rowid = ? ORDER BY T1.rowid ASC LIMIT 1
BuildingReplaces,ReplacementBuildingReference,Buildings,0,SELECT T1.rowid from Buildings as T1 inner join BuildingReplaces as T2 on T2.CivUniqueBuildingType = T1.BuildingType where T2.rowid = ? ORDER BY T1.rowid ASC LIMIT 1
Civics,BoostCollectionRef,Boosts,1,SELECT T1.rowid from Boosts as T1 inner join Civics as T2 on T2.CivicType = T1.CivicType where T2.rowid = ? ORDER BY T1.rowid ASC
Civics,BuildingCollectionReference,Buildings,1,SELECT T1.rowid from Buildings as T1 inner join Civics as T2 on T2.CivicType = T1.PrereqCivic where T2.rowid = ? ORDER BY T1.rowid ASC
Civics,DistrictCollectionReference,Districts,1,SELECT T1.rowid from Districts as T1 inner join Civics as T2 on T2.CivicType = T1.PrereqCivic where T2.rowid = ? ORDER BY T1.rowid ASC
Civics,EraReference,Eras,0,SELECT T1.rowid from Eras as T1 inner join Civics as T2 on T2.EraType = T1.EraType where T2.rowid = ? ORDER BY T1.rowid ASC LIMIT 1
Civics,GovernmentCollection,Governments,1,SELECT T1.rowid from Governments as T1 inner join Civics as T2 on T2.CivicType = T1.PrereqCivic where T2.rowid = ? ORDER BY T1.rowid ASC
Civics,ImprovementTourismCollection,Improvement_Tourism,1,SELECT T1.rowid from Improvement_Tourism as T1 inner join Civics as T2 on T2.CivicType = T1.PrereqCivic where T2.rowid = ? ORDER BY T1.rowid ASC
Civics,MandatoryObsoleteCivicCollection,Units,1,SELECT T1.rowid from Units as T1 inner join Civics as T2 on T2.CivicType = T1.MandatoryObsoleteCivic where T2.rowid = ? ORDER BY T1.rowid ASC
Civics,ObsoleteCivicCollection,Units,1,SELECT T1.rowid from Units as T1 inner join Civics as T2 on T2.CivicType = T1.ObsoleteCivic where T2.rowid = ? ORDER BY T1.rowid ASC
Civics,PolicyCollection,Policies,1,SELECT T1.rowid from Policies as T1 inner join Civics as T2 on T2.CivicType = T1.PrereqCivic where T2.rowid = ? ORDER BY T1.rowid ASC
Civics,PrereqCivicCollection,CivicPrereqs,1,SELECT T1.rowid from CivicPrereqs as T1 inner join Civics as T2 on T2.CivicType = T1.Civic where T2.rowid = ? ORDER BY T1.rowid ASC
Civics,StartingCivicCollection,StartingCivics,1,SELECT T1.rowid from StartingCivics as T1 inner join Civics as T2 on T2.CivicType = T1.Civic where T2.rowid = ? ORDER BY T1.rowid ASC
Civics,UnitCollection,Units,1,SELECT T1.rowid from Units as T1 inner join Civics as T2 on T2.CivicType = T1.PrereqCivic where T2.rowid = ? ORDER BY T1.rowid ASC
CivicPrereqs,CivicReference,Civics,0,SELECT T1.rowid from Civics as T1 inner join CivicPrereqs as T2 on T2.Civic = T1.CivicType where T2.rowid = ? ORDER BY T1.rowid ASC LIMIT 1
CivicPrereqs,PrereqCivicReference,Civics,0,SELECT T1.rowid from Civics as T1 inner join CivicPrereqs as T2 on T2.PrereqCivic = T1.CivicType where T2.rowid = ? ORDER BY T1.rowid ASC LIMIT 1
CivicRandomCosts,CivicReference,Civics,0,SELECT T1.rowid from Civics as T1 inner join CivicRandomCosts as T2 on T2.CivicType = T1.CivicType where T2.rowid = ? ORDER BY T1.rowid ASC LIMIT 1
Civilizations,CitizenNameCollection,CivilizationCitizenNames,1,SELECT T1.rowid from CivilizationCitizenNames as T1 inner join Civilizations as T2 on T2.CivilizationType = T1.CivilizationType where T2.rowid = ? ORDER BY T1.rowid ASC
Civilizations,CityNameCollection,CityNames,1,SELECT T1.rowid from CityNames as T1 inner join Civilizations as T2 on T2.CivilizationType = T1.CivilizationType where T2.rowid = ? ORDER BY T1.rowid ASC
Civilizations,ReligionCollection,Religions,1,SELECT T1.rowid from Religions as T1 inner join FavoredReligions as T2 on T2.ReligionType = T1.ReligionType inner join Civilizations as T3 on T3.CivilizationType = T2.CivilizationType where T3.rowid = ? ORDER BY T1.rowid ASC
Civilizations,StartBiasFeatureCollection,StartBiasFeatures,1,SELECT T1.rowid from StartBiasFeatures as T1 inner join Civilizations as T2 on T2.CivilizationType = T1.CivilizationType where T2.rowid = ? ORDER BY T1.rowid ASC
Civilizations,StartBiasResourceCollection,StartBiasResources,1,SELECT T1.rowid from StartBiasResources as T1 inner join Civilizations as T2 on T2.CivilizationType = T1.CivilizationType where T2.rowid = ? ORDER BY T1.rowid ASC
Civilizations,StartBiasRiverCollection,StartBiasRivers,1,SELECT T1.rowid from StartBiasRivers as T1 inner join Civilizations as T2 on T2.CivilizationType = T1.CivilizationType where T2.rowid = ? ORDER BY T1.rowid ASC
Civilizations,StartBiasTerrainCollection,StartBiasTerrains,1,SELECT T1.rowid from StartBiasTerrains as T1 inner join Civilizations as T2 on T2.CivilizationType = T1.CivilizationType where T2.rowid = ? ORDER BY T1.rowid ASC
Civilizations,TraitCollection,Traits,1,SELECT T1.rowid from Traits as T1 inner join CivilizationTraits as T2 on T2.TraitType = T1.TraitType inner join Civilizations as T3 on T3.CivilizationType = T2.CivilizationType where T3.rowid = ? ORDER BY T1.rowid ASC
CivilizationLevels,DiplomaticStartCollection,DiplomaticStartStates,1,SELECT T1.rowid from DiplomaticStartStates as T1 inner join CivilizationLevels as T2 on T2.CivilizationLevelType = T1.PlayerCivLevel where T2.rowid = ? ORDER BY T1.rowid ASC
DiplomaticActions,InitiatorObsoleteCivicReference,Civics,0,SELECT T1.rowid from Civics as T1 inner join DiplomaticActions as T2 on T2.InitiatorObsoleteCivic = T1.CivicType where T2.rowid = ? ORDER BY T1.rowid ASC LIMIT 1
DiplomaticActions,InitiatorPrereqCivicReference,Civics,0,SELECT T1.rowid from Civics as T1 inner join DiplomaticActions as T2 on T2.InitiatorPrereqCivic = T1.CivicType where T2.rowid = ? ORDER BY T1.rowid ASC LIMIT 1
DiplomaticActions,InitiatorPrereqTechReference,Technologies,0,SELECT T1.rowid from Technologies as T1 inner join DiplomaticActions as T2 on T2.InitiatorPrereqTech = T1.TechnologyType where T2.rowid = ? ORDER BY T1.rowid ASC LIMIT 1
DiplomaticActions,TargetPrereqCivicReference,Civics,0,SELECT T1.rowid from Civics as T1 inner join DiplomaticActions as T2 on T2.TargetPrereqCivic = T1.CivicType where T2.rowid = ? ORDER BY T1.rowid ASC LIMIT 1
DiplomaticActions,TargetPrereqTechReference,Technologies,0,SELECT T1.rowid from Technologies as T1 inner join DiplomaticActions as T2 on T2.TargetPrereqTech = T1.TechnologyType where T2.rowid = ? ORDER BY T1.rowid ASC LIMIT 1
DiplomaticActions,ValidStates,DiplomaticStates,1,SELECT T1.rowid from DiplomaticStates as T1 inner join DiplomaticStateActions as T2 on T2.StateType = T1.StateType inner join DiplomaticActions as T3 on T3.DiplomaticActionType = T2.DiplomaticActionType where T3.rowid = ? ORDER BY T1.rowid ASC
DiplomaticStartStates,DiplomaticStateReference,DiplomaticStates,0,SELECT T1.rowid from DiplomaticStates as T1 inner join DiplomaticStartStates as T2 on T2.DiplomaticStateType = T1.StateType where T2.rowid = ? ORDER BY T1.rowid ASC LIMIT 1
DiplomaticStartStates,OpponentCivLevelReference,CivilizationLevels,0,SELECT T1.rowid from CivilizationLevels as T1 inner join DiplomaticStartStates as T2 on T2.OpponentCivLevel = T1.CivilizationLevelType where T2.rowid = ? ORDER BY T1.rowid ASC LIMIT 1
DiplomaticStartStates,PlayerCivLevelReference,CivilizationLevels,0,SELECT T1.rowid from CivilizationLevels as T1 inner join DiplomaticStartStates as T2 on T2.PlayerCivLevel = T1.CivilizationLevelType where T2.rowid = ? ORDER BY T1.rowid ASC LIMIT 1
DiplomaticStates,TransitionActionCollection,DiplomaticStateActions,1,SELECT T1.rowid from DiplomaticStateActions as T1 inner join DiplomaticStates as T2 on T2.StateType = T1.TransitionToState where T2.rowid = ? ORDER BY T1.rowid ASC
DiplomaticStates,TransitionsOut,DiplomaticStateTransitions,1,SELECT T1.rowid from DiplomaticStateTransitions as T1 inner join DiplomaticStates as T2 on T2.StateType = T1.BaseState where T2.rowid = ? ORDER BY T1.rowid ASC
DiplomaticStates,ValidActions,DiplomaticStateActions,1,SELECT T1.rowid from DiplomaticStateActions as T1 inner join DiplomaticStates as T2 on T2.StateType = T1.StateType where T2.rowid = ? ORDER BY T1.rowid ASC
DiplomaticStateActions,DiplomaticActionReference,DiplomaticActions,0,SELECT T1.rowid from DiplomaticActions as T1 inner join DiplomaticStateActions as T2 on T2.DiplomaticActionType = T1.DiplomaticActionType where T2.rowid = ? ORDER BY T1.rowid ASC LIMIT 1
DiplomaticStateActions,TransitionStateReference,DiplomaticStates,0,SELECT T1.rowid from DiplomaticStates as T1 inner join DiplomaticStateActions as T2 on T2.TransitionToState = T1.StateType where T2.rowid = ? ORDER BY T1.rowid ASC LIMIT 1
DiplomaticStateTransitions,BaseStateReference,DiplomaticStates,0,SELECT T1.rowid from DiplomaticStates as T1 inner join DiplomaticStateTransitions as T2 on T2.BaseState = T1.StateType where T2.rowid = ? ORDER BY T1.rowid ASC LIMIT 1
DiplomaticStateTransitions,TransitionStateReference,DiplomaticStates,0,SELECT T1.rowid from DiplomaticStates as T1 inner join DiplomaticStateTransitions as T2 on T2.TransitionState = T1.StateType where T2.rowid = ? ORDER BY T1.rowid ASC LIMIT 1
DiplomaticTriggers,RequiredStateCollection,DiplomaticStates,1,SELECT T1.rowid from DiplomaticStates as T1 inner join DiplomaticTriggers_RequiredStates as T2 on T2.RequiredState = T1.StateType inner join DiplomaticTriggers as T3 on T3.TriggerType = T2.TriggerType where T3.rowid = ? ORDER BY T1.rowid ASC
DiplomaticTriggeredTransitions,CivLevelReference,CivilizationLevels,0,SELECT T1.rowid from CivilizationLevels as T1 inner join DiplomaticTriggeredTransitions as T2 on T2.CivilizationLevel = T1.CivilizationLevelType where T2.rowid = ? ORDER BY T1.rowid ASC LIMIT 1
DiplomaticTriggeredTransitions,OpponentCivLevelReference,CivilizationLevels,0,SELECT T1.rowid from CivilizationLevels as T1 inner join DiplomaticTriggeredTransitions as T2 on T2.OpponentCivilizationLevel = T1.CivilizationLevelType where T2.rowid = ? ORDER BY T1.rowid ASC LIMIT 1
DiplomaticTriggeredTransitions,TransitionStateReference,DiplomaticStates,0,SELECT T1.rowid from DiplomaticStates as T1 inner join DiplomaticTriggeredTransitions as T2 on T2.TransitionState = T1.StateType where T2.rowid = ? ORDER BY T1.rowid ASC LIMIT 1
DiplomaticTriggeredTransitions,TriggerReference,DiplomaticTriggers,0,SELECT T1.rowid from DiplomaticTriggers as T1 inner join DiplomaticTriggeredTransitions as T2 on T2.TriggerType = T1.TriggerType where T2.rowid = ? ORDER BY T1.rowid ASC LIMIT 1
DiplomaticTriggers_RequiredStates,StateReference,DiplomaticStates,0,SELECT T1.rowid from DiplomaticStates as T1 inner join DiplomaticTriggers_RequiredStates as T2 on T2.RequiredState = T1.StateType where T2.rowid = ? ORDER BY T1.rowid ASC LIMIT 1
DiplomaticVisibilitySources,GreatPersonIndividualReference,GreatPersonIndividuals,0,SELECT T1.rowid from GreatPersonIndividuals as T1 inner join DiplomaticVisibilitySources as T2 on T2.GreatPersonIndividualType = T1.GreatPersonIndividualType where T2.rowid = ? ORDER BY T1.rowid ASC LIMIT 1
DiplomaticVisibilitySources,PrereqTechReference,Technologies,0,SELECT T1.rowid from Technologies as T1 inner join DiplomaticVisibilitySources as T2 on T2.PrereqTech = T1.TechnologyType where T2.rowid = ? ORDER BY T1.rowid ASC LIMIT 1
DiplomaticVisibilitySources,TraitReference,Traits,0,SELECT T1.rowid from Traits as T1 inner join DiplomaticVisibilitySources as T2 on T2.TraitType = T1.TraitType where T2.rowid = ? ORDER BY T1.rowid ASC LIMIT 1
Districts,AdjacencyAppealYieldChanges,Adjacent_AppealYieldChanges,1,SELECT T1.rowid from Adjacent_AppealYieldChanges as T1 inner join Districts as T2 on T2.DistrictType = T1.DistrictType where T2.rowid = ? ORDER BY T1.rowid ASC
Districts,AdjacencyYieldChanges,District_Adjacencies,1,SELECT T1.rowid from District_Adjacencies as T1 inner join Districts as T2 on T2.DistrictType = T1.DistrictType where T2.rowid = ? ORDER BY T1.rowid ASC
Districts,AppealHousingChangeReference,AppealHousingChanges,1,SELECT T1.rowid from AppealHousingChanges as T1 inner join Districts as T2 on T2.DistrictType = T1.DistrictType where T2.rowid = ? ORDER BY T1.rowid ASC
Districts,BuildingCollectionReference,Buildings,1,SELECT T1.rowid from Buildings as T1 inner join Districts as T2 on T2.DistrictType = T1.PrereqDistrict where T2.rowid = ? ORDER BY T1.rowid ASC
Districts,CitizenGreatPersonPointsReference,District_CitizenGreatPersonPoints,1,SELECT T1.rowid from District_CitizenGreatPersonPoints as T1 inner join Districts as T2 on T2.DistrictType = T1.DistrictType where T2.rowid = ? ORDER BY T1.rowid ASC
Districts,CitizenYieldChangesReference,District_CitizenYieldChanges,1,SELECT T1.rowid from District_CitizenYieldChanges as T1 inner join Districts as T2 on T2.DistrictType = T1.DistrictType where T2.rowid = ? ORDER BY T1.rowid ASC
Districts,ExclusionReference,ExcludedDistricts,1,SELECT T1.rowid from ExcludedDistricts as T1 inner join Districts as T2 on T2.DistrictType = T1.DistrictType where T2.rowid = ? ORDER BY T1.rowid ASC
Districts,GreatPersonPointsReference,District_GreatPersonPoints,1,SELECT T1.rowid from District_GreatPersonPoints as T1 inner join Districts as T2 on T2.DistrictType = T1.DistrictType where T2.rowid = ? ORDER BY T1.rowid ASC
Districts,MutuallyExclusiveDistrictReference,MutuallyExclusiveDistricts,1,SELECT T1.rowid from MutuallyExclusiveDistricts as T1 inner join Districts as T2 on T2.DistrictType = T1.District where T2.rowid = ? ORDER BY T1.rowid ASC
Districts,PrereqCivicReference,Civics,0,SELECT T1.rowid from Civics as T1 inner join Districts as T2 on T2.PrereqCivic = T1.CivicType where T2.rowid = ? ORDER BY T1.rowid ASC LIMIT 1
Districts,PrereqTechReference,Technologies,0,SELECT T1.rowid from Technologies as T1 inner join Districts as T2 on T2.PrereqTech = T1.TechnologyType where T2.rowid = ? ORDER BY T1.rowid ASC LIMIT 1
Districts,ProjectCollection,Projects,1,SELECT T1.rowid from Projects as T1 inner join Districts as T2 on T2.DistrictType = T1.PrereqDistrict where T2.rowid = ? ORDER BY T1.rowid ASC
Districts,ReplacedByCollection,DistrictReplaces,1,SELECT T1.rowid from DistrictReplaces as T1 inner join Districts as T2 on T2.DistrictType = T1.ReplacesDistrictType where T2.rowid = ? ORDER BY T1.rowid ASC
Districts,ReplacesCollection,DistrictReplaces,1,SELECT T1.rowid from DistrictReplaces as T1 inner join Districts as T2 on T2.DistrictType = T1.CivUniqueDistrictType where T2.rowid = ? ORDER BY T1.rowid ASC
Districts,RequiredFeatures,Features,1,SELECT T1.rowid from Features as T1 inner join District_RequiredFeatures as T2 on T2.FeatureType = T1.FeatureType inner join Districts as T3 on T3.DistrictType = T2.DistrictType where T3.rowid = ? ORDER BY T1.rowid ASC
Districts,StartingBuildingCollection,StartingBuildings,1,SELECT T1.rowid from StartingBuildings as T1 inner join Districts as T2 on T2.DistrictType = T1.District where T2.rowid = ? ORDER BY T1.rowid ASC
Districts,TradeRouteYieldChanges,District_TradeRouteYields,1,SELECT T1.rowid from District_TradeRouteYields as T1 inner join Districts as T2 on T2.DistrictType = T1.DistrictType where T2.rowid = ? ORDER BY T1.rowid ASC
Districts,TraitReference,Traits,0,SELECT T1.rowid from Traits as T1 inner join Districts as T2 on T2.TraitType = T1.TraitType where T2.rowid = ? ORDER BY T1.rowid ASC LIMIT 1
Districts,ValidTerrains,Terrains,1,SELECT T1.rowid from Terrains as T1 inner join District_ValidTerrains as T2 on T2.TerrainType = T1.TerrainType inner join Districts as T3 on T3.DistrictType = T2.DistrictType where T3.rowid = ? ORDER BY T1.rowid ASC
District_Adjacencies,YieldChangeReference,Adjacency_YieldChanges,0,SELECT T1.rowid from Adjacency_YieldChanges as T1 inner join District_Adjacencies as T2 on T2.YieldChangeId = T1.ID where T2.rowid = ? ORDER BY T1.rowid ASC LIMIT 1
District_CitizenGreatPersonPoints,DistrictReference,Districts,0,SELECT T1.rowid from Districts as T1 inner join District_CitizenGreatPersonPoints as T2 on T2.DistrictType = T1.DistrictType where T2.rowid = ? ORDER BY T1.rowid ASC LIMIT 1
District_CitizenGreatPersonPoints,GreatPersonClassReference,GreatPersonClasses,0,SELECT T1.rowid from GreatPersonClasses as T1 inner join District_CitizenGreatPersonPoints as T2 on T2.GreatPersonClassType = T1.GreatPersonClassType where T2.rowid = ? ORDER BY T1.rowid ASC LIMIT 1
District_CitizenYieldChanges,DistrictReference,Districts,0,SELECT T1.rowid from Districts as T1 inner join District_CitizenYieldChanges as T2 on T2.DistrictType = T1.DistrictType where T2.rowid = ? ORDER BY T1.rowid ASC LIMIT 1
District_CitizenYieldChanges,YieldReference,Yields,0,SELECT T1.rowid from Yields as T1 inner join District_CitizenYieldChanges as T2 on T2.YieldType = T1.YieldType where T2.rowid = ? ORDER BY T1.rowid ASC LIMIT 1
District_GreatPersonPoints,DistrictReference,Districts,0,SELECT T1.rowid from Districts as T1 inner join District_GreatPersonPoints as T2 on T2.DistrictType = T1.DistrictType where T2.rowid = ? ORDER BY T1.rowid ASC LIMIT 1
District_GreatPersonPoints,GreatPersonClassReference,GreatPersonClasses,0,SELECT T1.rowid from GreatPersonClasses as T1 inner join District_GreatPersonPoints as T2 on T2.GreatPersonClassType = T1.GreatPersonClassType where T2.rowid = ? ORDER BY T1.rowid ASC LIMIT 1
District_TradeRouteYields,DistrictReference,Districts,0,SELECT T1.rowid from Districts as T1 inner join District_TradeRouteYields as T2 on T2.DistrictType = T1.DistrictType where T2.rowid = ? ORDER BY T1.rowid ASC LIMIT 1
District_TradeRouteYields,YieldReference,Yields,0,SELECT T1.rowid from Yields as T1 inner join District_TradeRouteYields as T2 on T2.YieldType = T1.YieldType where T2.rowid = ? ORDER BY T1.rowid ASC LIMIT 1
DistrictReplaces,BaseDistrictReference,Districts,0,SELECT T1.rowid from Districts as T1 inner join DistrictReplaces as T2 on T2.ReplacesDistrictType = T1.DistrictType where T2.rowid = ? ORDER BY T1.rowid ASC LIMIT 1
DistrictReplaces,ReplacementDistrictReference,Districts,0,SELECT T1.rowid from Districts as T1 inner join DistrictReplaces as T2 on T2.CivUniqueDistrictType = T1.DistrictType where T2.rowid = ? ORDER BY T1.rowid ASC LIMIT 1
Eras,BonusMinorStartingUnitCollection,BonusMinorStartingUnits,1,SELECT T1.rowid from BonusMinorStartingUnits as T1 inner join Eras as T2 on T2.EraType = T1.Era where T2.rowid = ? ORDER BY T1.rowid ASC
Eras,CivicCollectionReference,Civics,1,SELECT T1.rowid from Civics as T1 inner join Eras as T2 on T2.EraType = T1.EraType where T2.rowid = ? ORDER BY T1.rowid ASC
Eras,MajorStartingUnitCollection,MajorStartingUnits,1,SELECT T1.rowid from MajorStartingUnits as T1 inner join Eras as T2 on T2.EraType = T1.Era where T2.rowid = ? ORDER BY T1.rowid ASC
Eras,StartingBuildingCollection,StartingBuildings,1,SELECT T1.rowid from StartingBuildings as T1 inner join Eras as T2 on T2.EraType = T1.Era where T2.rowid = ? ORDER BY T1.rowid ASC
Eras,StartingCivicBoostedCollection,StartingBoostedCivics,1,SELECT T1.rowid from StartingBoostedCivics as T1 inner join Eras as T2 on T2.EraType = T1.Era where T2.rowid = ? ORDER BY T1.rowid ASC
Eras,StartingCivicCollection,StartingCivics,1,SELECT T1.rowid from StartingCivics as T1 inner join Eras as T2 on T2.EraType = T1.Era where T2.rowid = ? ORDER BY T1.rowid ASC
Eras,StartingEraCollection,StartEras,1,SELECT T1.rowid from StartEras as T1 inner join Eras as T2 on T2.EraType = T1.EraType where T2.rowid = ? ORDER BY T1.rowid ASC
Eras,StartingGovernmentCollection,StartingGovernments,1,SELECT T1.rowid from StartingGovernments as T1 inner join Eras as T2 on T2.EraType = T1.Era where T2.rowid = ? ORDER BY T1.rowid ASC
Eras,StartingTechnologyBoostedCollection,StartingBoostedTechnologies,1,SELECT T1.rowid from StartingBoostedTechnologies as T1 inner join Eras as T2 on T2.EraType = T1.Era where T2.rowid = ? ORDER BY T1.rowid ASC
Eras,TechCollectionReference,Technologies,1,SELECT T1.rowid from Technologies as T1 inner join Eras as T2 on T2.EraType = T1.EraType where T2.rowid = ? ORDER BY T1.rowid ASC
ExcludedAdjacencies,TraitReference,Traits,0,SELECT T1.rowid from Traits as T1 inner join ExcludedAdjacencies as T2 on T2.TraitType = T1.TraitType where T2.rowid = ? ORDER BY T1.rowid ASC LIMIT 1
ExcludedDistricts,TraitReference,Traits,0,SELECT T1.rowid from Traits as T1 inner join ExcludedDistricts as T2 on T2.TraitType = T1.TraitType where T2.rowid = ? ORDER BY T1.rowid ASC LIMIT 1
ExcludedGreatPersonClasses,TraitReference,Traits,0,SELECT T1.rowid from Traits as T1 inner join ExcludedGreatPersonClasses as T2 on T2.TraitType = T1.TraitType where T2.rowid = ? ORDER BY T1.rowid ASC LIMIT 1
ExclusiveAgendas,AgendaOneReference,Agendas,0,SELECT T1.rowid from Agendas as T1 inner join ExclusiveAgendas as T2 on T2.AgendaOne = T1.AgendaType where T2.rowid = ? ORDER BY T1.rowid ASC LIMIT 1
ExclusiveAgendas,AgendaTwoReference,Agendas,0,SELECT T1.rowid from Agendas as T1 inner join ExclusiveAgendas as T2 on T2.AgendaTwo = T1.AgendaType where T2.rowid = ? ORDER BY T1.rowid ASC LIMIT 1
Features,AddCivicReference,Civics,0,SELECT T1.rowid from Civics as T1 inner join Features as T2 on T2.AddCivic = T1.CivicType where T2.rowid = ? ORDER BY T1.rowid ASC LIMIT 1
Features,AdjacentFeatures,Features,1,SELECT T1.rowid from Features as T1 inner join Feature_AdjacentFeatures as T2 on T2.FeatureTypeAdjacent = T1.FeatureType inner join Features as T3 on T3.FeatureType = T2.FeatureType where T3.rowid = ? ORDER BY T1.rowid ASC
Features,AdjacentTerrains,Terrains,1,SELECT T1.rowid from Terrains as T1 inner join Feature_AdjacentTerrains as T2 on T2.TerrainType = T1.TerrainType inner join Features as T3 on T3.FeatureType = T2.FeatureType where T3.rowid = ? ORDER BY T1.rowid ASC
Features,AdjacentYields,Feature_AdjacentYields,1,SELECT T1.rowid from Feature_AdjacentYields as T1 inner join Features as T2 on T2.FeatureType = T1.FeatureType where T2.rowid = ? ORDER BY T1.rowid ASC
Features,FeatureRemoveCollection,Feature_Removes,1,SELECT T1.rowid from Feature_Removes as T1 inner join Features as T2 on T2.FeatureType = T1.FeatureType where T2.rowid = ? ORDER BY T1.rowid ASC
Features,NotAdjacentTerrains,Terrains,1,SELECT T1.rowid from Terrains as T1 inner join Feature_NotAdjacentTerrains as T2 on T2.TerrainType = T1.TerrainType inner join Features as T3 on T3.FeatureType = T2.FeatureType where T3.rowid = ? ORDER BY T1.rowid ASC
Features,NotNearFeatures,Features,1,SELECT T1.rowid from Features as T1 inner join Feature_NotNearFeatures as T2 on T2.FeatureTypeAvoid = T1.FeatureType inner join Features as T3 on T3.FeatureType = T2.FeatureType where T3.rowid = ? ORDER BY T1.rowid ASC
Features,RemoveTechReference,Technologies,0,SELECT T1.rowid from Technologies as T1 inner join Features as T2 on T2.RemoveTech = T1.TechnologyType where T2.rowid = ? ORDER BY T1.rowid ASC LIMIT 1
Features,StartBiasFeatureCollection,StartBiasFeatures,1,SELECT T1.rowid from StartBiasFeatures as T1 inner join Features as T2 on T2.FeatureType = T1.FeatureType where T2.rowid = ? ORDER BY T1.rowid ASC
Features,UnitMovements,Feature_UnitMovements,1,SELECT T1.rowid from Feature_UnitMovements as T1 inner join Features as T2 on T2.FeatureType = T1.FeatureType where T2.rowid = ? ORDER BY T1.rowid ASC
Features,ValidTerrains,Terrains,1,SELECT T1.rowid from Terrains as T1 inner join Feature_ValidTerrains as T2 on T2.TerrainType = T1.TerrainType inner join Features as T3 on T3.FeatureType = T2.FeatureType where T3.rowid = ? ORDER BY T1.rowid ASC
Features,YieldChanges,Feature_YieldChanges,1,SELECT T1.rowid from Feature_YieldChanges as T1 inner join Features as T2 on T2.FeatureType = T1.FeatureType where T2.rowid = ? ORDER BY T1.rowid ASC
Feature_AdjacentYields,YieldReference,Yields,0,SELECT T1.rowid from Yields as T1 inner join Feature_AdjacentYields as T2 on T2.YieldType = T1.YieldType where T2.rowid = ? ORDER BY T1.rowid ASC LIMIT 1
Feature_Removes,FeatureReference,Features,0,SELECT T1.rowid from Features as T1 inner join Feature_Removes as T2 on T2.FeatureType = T1.FeatureType where T2.rowid = ? ORDER BY T1.rowid ASC LIMIT 1
Feature_Removes,YieldReference,Yields,0,SELECT T1.rowid from Yields as T1 inner join Feature_Removes as T2 on T2.YieldType = T1.YieldType where T2.rowid = ? ORDER BY T1.rowid ASC LIMIT 1
Feature_YieldChanges,YieldReference,Yields,0,SELECT T1.rowid from Yields as T1 inner join Feature_YieldChanges as T2 on T2.YieldType = T1.YieldType where T2.rowid = ? ORDER BY T1.rowid ASC LIMIT 1
GameSpeeds,GameSpeedScalingCollection,GameSpeed_Scalings,1,SELECT T1.rowid from GameSpeed_Scalings as T1 inner join GameSpeeds as T2 on T2.GameSpeedType = T1.GameSpeedType where T2.rowid = ? ORDER BY T1.rowid ASC
GameSpeeds,GameSpeedTurnCollection,GameSpeed_Turns,1,SELECT T1.rowid from GameSpeed_Turns as T1 inner join GameSpeeds as T2 on T2.GameSpeedType = T1.GameSpeedType where T2.rowid = ? ORDER BY T1.rowid ASC
GameSpeed_Scalings,GameSpeedDurationCollection,GameSpeed_Durations,1,SELECT T1.rowid from GameSpeed_Durations as T1 inner join GameSpeed_Scalings as T2 on T2.GameSpeedScalingType = T1.GameSpeedScalingType where T2.rowid = ? ORDER BY T1.rowid ASC
GameSpeed_Turns,GameSpeedReference,GameSpeeds,0,SELECT T1.rowid from GameSpeeds as T1 inner join GameSpeed_Turns as T2 on T2.GameSpeedType = T1.GameSpeedType where T2.rowid = ? ORDER BY T1.rowid ASC LIMIT 1
GoodyHuts,ImprovementReference,Improvements,0,SELECT T1.rowid from Improvements as T1 inner join GoodyHuts as T2 on T2.ImprovementType = T1.ImprovementType where T2.rowid = ? ORDER BY T1.rowid ASC LIMIT 1
GoodyHuts,SubTypeGoodyHutCollection,GoodyHutSubTypes,1,SELECT T1.rowid from GoodyHutSubTypes as T1 inner join GoodyHuts as T2 on T2.GoodyHutType = T1.GoodyHut where T2.rowid = ? ORDER BY T1.rowid ASC
Governments,GovernmentSlotsReference,Government_SlotCounts,1,SELECT T1.rowid from Government_SlotCounts as T1 inner join Governments as T2 on T2.GovernmentType = T1.GovernmentType where T2.rowid = ? ORDER BY T1.rowid ASC
Governments,PolicyToUnlockReference,Policies,0,SELECT T1.rowid from Policies as T1 inner join Governments as T2 on T2.PolicyToUnlock = T1.PolicyType where T2.rowid = ? ORDER BY T1.rowid ASC LIMIT 1
Governments,PrereqCivicReference,Civics,0,SELECT T1.rowid from Civics as T1 inner join Governments as T2 on T2.PrereqCivic = T1.CivicType where T2.rowid = ? ORDER BY T1.rowid ASC LIMIT 1
Governments,StartingGovernmentCollection,StartingGovernments,1,SELECT T1.rowid from StartingGovernments as T1 inner join Governments as T2 on T2.GovernmentType = T1.Government where T2.rowid = ? ORDER BY T1.rowid ASC
Government_SlotCounts,GovernmentReference,Governments,0,SELECT T1.rowid from Governments as T1 inner join Government_SlotCounts as T2 on T2.GovernmentType = T1.GovernmentType where T2.rowid = ? ORDER BY T1.rowid ASC LIMIT 1
Government_SlotCounts,SlotReference,GovernmentSlots,0,SELECT T1.rowid from GovernmentSlots as T1 inner join Government_SlotCounts as T2 on T2.GovernmentSlotType = T1.GovernmentSlotType where T2.rowid = ? ORDER BY T1.rowid ASC LIMIT 1
GovernmentTiers,GovernmentsOfTier,Governments,1,SELECT T1.rowid from Governments as T1 inner join GovernmentTiers as T2 on T2.TierType = T1.Tier where T2.rowid = ? ORDER BY T1.rowid ASC
GreatPersonClasses,DistrictReference,Districts,0,SELECT T1.rowid from Districts as T1 inner join GreatPersonClasses as T2 on T2.DistrictType = T1.DistrictType where T2.rowid = ? ORDER BY T1.rowid ASC LIMIT 1
GreatPersonClasses,ExclusionReference,ExcludedGreatPersonClasses,1,SELECT T1.rowid from ExcludedGreatPersonClasses as T1 inner join GreatPersonClasses as T2 on T2.GreatPersonClassType = T1.GreatPersonClassType where T2.rowid = ? ORDER BY T1.rowid ASC
GreatPersonClasses,PseudoYieldReference,PseudoYields,0,SELECT T1.rowid from PseudoYields as T1 inner join GreatPersonClasses as T2 on T2.PseudoYieldType = T1.PseudoYieldType where T2.rowid = ? ORDER BY T1.rowid ASC LIMIT 1
GreatPersonClasses,UnitReference,Units,0,SELECT T1.rowid from Units as T1 inner join GreatPersonClasses as T2 on T2.UnitType = T1.UnitType where T2.rowid = ? ORDER BY T1.rowid ASC LIMIT 1
GreatPersonIndividuals,ActionRequiresCityGreatWorkObjectTypeReference,GreatWorkObjectTypes,0,SELECT T1.rowid from GreatWorkObjectTypes as T1 inner join GreatPersonIndividuals as T2 on T2.ActionRequiresCityGreatWorkObjectType = T1.GreatWorkObjectType where T2.rowid = ? ORDER BY T1.rowid ASC LIMIT 1
GreatPersonIndividuals,ActionRequiresCompletedDistrictReference,Districts,0,SELECT T1.rowid from Districts as T1 inner join GreatPersonIndividuals as T2 on T2.ActionRequiresCompletedDistrictType = T1.DistrictType where T2.rowid = ? ORDER BY T1.rowid ASC LIMIT 1
GreatPersonIndividuals,ActionRequiresMissingBuildingTypeReference,Buildings,0,SELECT T1.rowid from Buildings as T1 inner join GreatPersonIndividuals as T2 on T2.ActionRequiresMissingBuildingType = T1.BuildingType where T2.rowid = ? ORDER BY T1.rowid ASC LIMIT 1
GreatPersonIndividuals,ActionRequiresOnOrAdjacentFeatureTypeReference,Features,0,SELECT T1.rowid from Features as T1 inner join GreatPersonIndividuals as T2 on T2.ActionRequiresOnOrAdjacentFeatureType = T1.FeatureType where T2.rowid = ? ORDER BY T1.rowid ASC LIMIT 1
GreatPersonIndividuals,EraReference,Eras,0,SELECT T1.rowid from Eras as T1 inner join GreatPersonIndividuals as T2 on T2.EraType = T1.EraType where T2.rowid = ? ORDER BY T1.rowid ASC LIMIT 1
GreatPersonIndividuals,GreatPersonClassReference,GreatPersonClasses,0,SELECT T1.rowid from GreatPersonClasses as T1 inner join GreatPersonIndividuals as T2 on T2.GreatPersonClassType = T1.GreatPersonClassType where T2.rowid = ? ORDER BY T1.rowid ASC LIMIT 1
GreatPersonIndividuals,GreatWorkCollection,GreatWorks,1,SELECT T1.rowid from GreatWorks as T1 inner join GreatPersonIndividuals as T2 on T2.GreatPersonIndividualType = T1.GreatPersonIndividualType where T2.rowid = ? ORDER BY T1.rowid ASC
GreatWorks,BuildingCollection,Buildings,1,SELECT T1.rowid from Buildings as T1 inner join Building_GreatWorks as T2 on T2.BuildingType = T1.BuildingType inner join GreatWorkSlotTypes as T3 on T3.GreatWorkSlotType = T2.GreatWorkSlotType inner join GreatWork_ValidSubTypes as T4 on T4.GreatWorkSlotType = T3.GreatWorkSlotType inner join GreatWorkObjectTypes as T5 on T5.GreatWorkObjectType = T4.GreatWorkObjectType inner join GreatWorks as T6 on T6.GreatWorkObjectType = T5.GreatWorkObjectType where T6.rowid = ? ORDER BY T1.rowid ASC
GreatWorks,EraReference,Eras,0,SELECT T1.rowid from Eras as T1 inner join GreatWorks as T2 on T2.EraType = T1.EraType where T2.rowid = ? ORDER BY T1.rowid ASC LIMIT 1
GreatWorks,GreatPersonReference,GreatPersonIndividuals,0,SELECT T1.rowid from GreatPersonIndividuals as T1 inner join GreatWorks as T2 on T2.GreatPersonIndividualType = T1.GreatPersonIndividualType where T2.rowid = ? ORDER BY T1.rowid ASC LIMIT 1
GreatWorks,GreatWorkObjectReference,GreatWorkObjectTypes,0,SELECT T1.rowid from GreatWorkObjectTypes as T1 inner join GreatWorks as T2 on T2.GreatWorkObjectType = T1.GreatWorkObjectType where T2.rowid = ? ORDER BY T1.rowid ASC LIMIT 1
GreatWorks,YieldChanges,GreatWork_YieldChanges,1,SELECT T1.rowid from GreatWork_YieldChanges as T1 inner join GreatWorks as T2 on T2.GreatWorkType = T1.GreatWorkType where T2.rowid = ? ORDER BY T1.rowid ASC
GreatWork_ValidSubTypes,ObjectReference,GreatWorkObjectTypes,0,SELECT T1.rowid from GreatWorkObjectTypes as T1 inner join GreatWork_ValidSubTypes as T2 on T2.GreatWorkObjectType = T1.GreatWorkObjectType where T2.rowid = ? ORDER BY T1.rowid ASC LIMIT 1
GreatWork_ValidSubTypes,SlotReference,GreatWorkSlotTypes,0,SELECT T1.rowid from GreatWorkSlotTypes as T1 inner join GreatWork_ValidSubTypes as T2 on T2.GreatWorkSlotType = T1.GreatWorkSlotType where T2.rowid = ? ORDER BY T1.rowid ASC LIMIT 1
GreatWork_YieldChanges,YieldReference,Yields,0,SELECT T1.rowid from Yields as T1 inner join GreatWork_YieldChanges as T2 on T2.YieldType = T1.YieldType where T2.rowid = ? ORDER BY T1.rowid ASC LIMIT 1
GreatWorkObjectTypes,BuildingCollection,Buildings,1,SELECT T1.rowid from Buildings as T1 inner join Building_GreatWorks as T2 on T2.BuildingType = T1.BuildingType inner join GreatWorkSlotTypes as T3 on T3.GreatWorkSlotType = T2.GreatWorkSlotType inner join GreatWork_ValidSubTypes as T4 on T4.GreatWorkSlotType = T3.GreatWorkSlotType inner join GreatWorkObjectTypes as T5 on T5.GreatWorkObjectType = T4.GreatWorkObjectType where T5.rowid = ? ORDER BY T1.rowid ASC
GreatWorkObjectTypes,PseudoYieldReference,PseudoYields,0,SELECT T1.rowid from PseudoYields as T1 inner join GreatWorkObjectTypes as T2 on T2.PseudoYieldType = T1.PseudoYieldType where T2.rowid = ? ORDER BY T1.rowid ASC LIMIT 1
HeroClasses,DiscoveryMinEraReference,Eras,0,SELECT T1.rowid from Eras as T1 inner join HeroClasses as T2 on T2.DiscoveryMinEraType = T1.EraType where T2.rowid = ? ORDER BY T1.rowid ASC LIMIT 1
HeroClasses,UnitReference,Units,0,SELECT T1.rowid from Units as T1 inner join HeroClasses as T2 on T2.UnitType = T1.UnitType where T2.rowid = ? ORDER BY T1.rowid ASC LIMIT 1
HeroClassProgressions,HeroClassReference,HeroClasses,0,SELECT T1.rowid from HeroClasses as T1 inner join HeroClassProgressions as T2 on T2.HeroClassType = T1.HeroClassType where T2.rowid = ? ORDER BY T1.rowid ASC LIMIT 1
HeroClassUnitCommands,HeroClassReference,HeroClasses,0,SELECT T1.rowid from HeroClasses as T1 inner join HeroClassUnitCommands as T2 on T2.HeroClassType = T1.HeroClassType where T2.rowid = ? ORDER BY T1.rowid ASC LIMIT 1
HeroClassUnitCommands,UnitCommandReference,UnitCommands,0,SELECT T1.rowid from UnitCommands as T1 inner join HeroClassUnitCommands as T2 on T2.UnitCommandType = T1.CommandType where T2.rowid = ? ORDER BY T1.rowid ASC LIMIT 1
Improvements,AdjacencyYieldChanges,Improvement_Adjacencies,1,SELECT T1.rowid from Improvement_Adjacencies as T1 inner join Improvements as T2 on T2.ImprovementType = T1.ImprovementType where T2.rowid = ? ORDER BY T1.rowid ASC
Improvements,BonusYieldChanges,Improvement_BonusYieldChanges,1,SELECT T1.rowid from Improvement_BonusYieldChanges as T1 inner join Improvements as T2 on T2.ImprovementType = T1.ImprovementType where T2.rowid = ? ORDER BY T1.rowid ASC
Improvements,InvalidAdjacentFeature,Improvement_InvalidAdjacentFeatures,1,SELECT T1.rowid from Improvement_InvalidAdjacentFeatures as T1 inner join Improvements as T2 on T2.ImprovementType = T1.ImprovementType where T2.rowid = ? ORDER BY T1.rowid ASC
Improvements,PrereqCivicReference,Civics,0,SELECT T1.rowid from Civics as T1 inner join Improvements as T2 on T2.PrereqCivic = T1.CivicType where T2.rowid = ? ORDER BY T1.rowid ASC LIMIT 1
Improvements,PrereqTechReference,Technologies,0,SELECT T1.rowid from Technologies as T1 inner join Improvements as T2 on T2.PrereqTech = T1.TechnologyType where T2.rowid = ? ORDER BY T1.rowid ASC LIMIT 1
Improvements,TourismCollection,Improvement_Tourism,1,SELECT T1.rowid from Improvement_Tourism as T1 inner join Improvements as T2 on T2.ImprovementType = T1.ImprovementType where T2.rowid = ? ORDER BY T1.rowid ASC
Improvements,TraitReference,Traits,0,SELECT T1.rowid from Traits as T1 inner join Improvements as T2 on T2.TraitType = T1.TraitType where T2.rowid = ? ORDER BY T1.rowid ASC LIMIT 1
Improvements,ValidAdjacentResources,Improvement_ValidAdjacentResources,1,SELECT T1.rowid from Improvement_ValidAdjacentResources as T1 inner join Improvements as T2 on T2.ImprovementType = T1.ImprovementType where T2.rowid = ? ORDER BY T1.rowid ASC
Improvements,ValidAdjacentTerrains,Improvement_ValidAdjacentTerrains,1,SELECT T1.rowid from Improvement_ValidAdjacentTerrains as T1 inner join Improvements as T2 on T2.ImprovementType = T1.ImprovementType where T2.rowid = ? ORDER BY T1.rowid ASC
Improvements,ValidBuildUnits,Improvement_ValidBuildUnits,1,SELECT T1.rowid from Improvement_ValidBuildUnits as T1 inner join Improvements as T2 on T2.ImprovementType = T1.ImprovementType where T2.rowid = ? ORDER BY T1.rowid ASC
Improvements,ValidFeatures,Features,1,SELECT T1.rowid from Features as T1 inner join Improvement_ValidFeatures as T2 on T2.FeatureType = T1.FeatureType inner join Improvements as T3 on T3.ImprovementType = T2.ImprovementType where T3.rowid = ? ORDER BY T1.rowid ASC
Improvements,ValidResources,Improvement_ValidResources,1,SELECT T1.rowid from Improvement_ValidResources as T1 inner join Improvements as T2 on T2.ImprovementType = T1.ImprovementType where T2.rowid = ? ORDER BY T1.rowid ASC
Improvements,ValidTerrains,Terrains,1,SELECT T1.rowid from Terrains as T1 inner join Improvement_ValidTerrains as T2 on T2.TerrainType = T1.TerrainType inner join Improvements as T3 on T3.ImprovementType = T2.ImprovementType where T3.rowid = ? ORDER BY T1.rowid ASC
Improvements,YieldChanges,Improvement_YieldChanges,1,SELECT T1.rowid from Improvement_YieldChanges as T1 inner join Improvements as T2 on T2.ImprovementType = T1.ImprovementType where T2.rowid = ? ORDER BY T1.rowid ASC
Improvements,YieldFromAppealReference,Yields,0,SELECT T1.rowid from Yields as T1 inner join Improvements as T2 on T2.YieldFromAppeal = T1.YieldType where T2.rowid = ? ORDER BY T1.rowid ASC LIMIT 1
Improvement_Adjacencies,YieldChangeReference,Adjacency_YieldChanges,0,SELECT T1.rowid from Adjacency_YieldChanges as T1 inner join Improvement_Adjacencies as T2 on T2.YieldChangeId = T1.ID where T2.rowid = ? ORDER BY T1.rowid ASC LIMIT 1
Improvement_BonusYieldChanges,ImprovementReference,Improvements,0,SELECT T1.rowid from Improvements as T1 inner join Improvement_BonusYieldChanges as T2 on T2.ImprovementType = T1.ImprovementType where T2.rowid = ? ORDER BY T1.rowid ASC LIMIT 1
Improvement_BonusYieldChanges,PrereqCivicReference,Civics,0,SELECT T1.rowid from Civics as T1 inner join Improvement_BonusYieldChanges as T2 on T2.PrereqCivic = T1.CivicType where T2.rowid = ? ORDER BY T1.rowid ASC LIMIT 1
Improvement_BonusYieldChanges,PrereqTechReference,Technologies,0,SELECT T1.rowid from Technologies as T1 inner join Improvement_BonusYieldChanges as T2 on T2.PrereqTech = T1.TechnologyType where T2.rowid = ? ORDER BY T1.rowid ASC LIMIT 1
Improvement_BonusYieldChanges,YieldReference,Yields,0,SELECT T1.rowid from Yields as T1 inner join Improvement_BonusYieldChanges as T2 on T2.YieldType = T1.YieldType where T2.rowid = ? ORDER BY T1.rowid ASC LIMIT 1
Improvement_InvalidAdjacentFeatures,FeatureReference,Features,0,SELECT T1.rowid from Features as T1 inner join Improvement_InvalidAdjacentFeatures as T2 on T2.FeatureType = T1.FeatureType where T2.rowid = ? ORDER BY T1.rowid ASC LIMIT 1
Improvement_InvalidAdjacentFeatures,ImprovementReference,Improvements,0,SELECT T1.rowid from Improvements as T1 inner join Improvement_InvalidAdjacentFeatures as T2 on T2.ImprovementType = T1.ImprovementType where T2.rowid = ? ORDER BY T1.rowid ASC LIMIT 1
Improvement_Tourism,ImprovementReference,Improvements,0,SELECT T1.rowid from Improvements as T1 inner join Improvement_Tourism as T2 on T2.ImprovementType = T1.ImprovementType where T2.rowid = ? ORDER BY T1.rowid ASC LIMIT 1
Improvement_Tourism,PrereqCivicReference,Civics,0,SELECT T1.rowid from Civics as T1 inner join Improvement_Tourism as T2 on T2.PrereqCivic = T1.CivicType where T2.rowid = ? ORDER BY T1.rowid ASC LIMIT 1
Improvement_Tourism,PrereqTechReference,Technologies,0,SELECT T1.rowid from Technologies as T1 inner join Improvement_Tourism as T2 on T2.PrereqTech = T1.TechnologyType where T2.rowid = ? ORDER BY T1.rowid ASC LIMIT 1
Improvement_ValidAdjacentResources,ImprovementReference,Improvements,0,SELECT T1.rowid from Improvements as T1 inner join Improvement_ValidAdjacentResources as T2 on T2.ImprovementType = T1.ImprovementType where T2.rowid = ? ORDER BY T1.rowid ASC LIMIT 1
Improvement_ValidAdjacentResources,ResourceReference,Resources,0,SELECT T1.rowid from Resources as T1 inner join Improvement_ValidAdjacentResources as T2 on T2.ResourceType = T1.ResourceType where T2.rowid = ? ORDER BY T1.rowid ASC LIMIT 1
Improvement_ValidAdjacentTerrains,ImprovementReference,Improvements,0,SELECT T1.rowid from Improvements as T1 inner join Improvement_ValidAdjacentTerrains as T2 on T2.ImprovementType = T1.ImprovementType where T2.rowid = ? ORDER BY T1.rowid ASC LIMIT 1
Improvement_ValidAdjacentTerrains,TerrainReference,Terrains,0,SELECT T1.rowid from Terrains as T1 inner join Improvement_ValidAdjacentTerrains as T2 on T2.TerrainType = T1.TerrainType where T2.rowid = ? ORDER BY T1.rowid ASC LIMIT 1
Improvement_ValidBuildUnits,UnitReference,Units,0,SELECT T1.rowid from Units as T1 inner join Improvement_ValidBuildUnits as T2 on T2.UnitType = T1.UnitType where T2.rowid = ? ORDER BY T1.rowid ASC LIMIT 1
Improvement_ValidFeatures,FeatureReference,Features,0,SELECT T1.rowid from Features as T1 inner join Improvement_ValidFeatures as T2 on T2.FeatureType = T1.FeatureType where T2.rowid = ? ORDER BY T1.rowid ASC LIMIT 1
Improvement_ValidFeatures,PrereqCivicReference,Civics,0,SELECT T1.rowid from Civics as T1 inner join Improvement_ValidFeatures as T2 on T2.PrereqCivic = T1.CivicType where T2.rowid = ? ORDER BY T1.rowid ASC LIMIT 1
Improvement_ValidFeatures,PrereqTechReference,Technologies,0,SELECT T1.rowid from Technologies as T1 inner join Improvement_ValidFeatures as T2 on T2.PrereqTech = T1.TechnologyType where T2.rowid = ? ORDER BY T1.rowid ASC LIMIT 1
Improvement_ValidResources,ImprovementReference,Improvements,0,SELECT T1.rowid from Improvements as T1 inner join Improvement_ValidResources as T2 on T2.ImprovementType = T1.ImprovementType where T2.rowid = ? ORDER BY T1.rowid ASC LIMIT 1
Improvement_ValidResources,ResourceReference,Resources,0,SELECT T1.rowid from Resources as T1 inner join Improvement_ValidResources as T2 on T2.ResourceType = T1.ResourceType where T2.rowid = ? ORDER BY T1.rowid ASC LIMIT 1
Improvement_ValidTerrains,ImprovementReference,Improvements,0,SELECT T1.rowid from Improvements as T1 inner join Improvement_ValidTerrains as T2 on T2.ImprovementType = T1.ImprovementType where T2.rowid = ? ORDER BY T1.rowid ASC LIMIT 1
Improvement_ValidTerrains,PrereqCivicReference,Civics,0,SELECT T1.rowid from Civics as T1 inner join Improvement_ValidTerrains as T2 on T2.PrereqCivic = T1.CivicType where T2.rowid = ? ORDER BY T1.rowid ASC LIMIT 1
Improvement_ValidTerrains,PrereqTechReference,Technologies,0,SELECT T1.rowid from Technologies as T1 inner join Improvement_ValidTerrains as T2 on T2.PrereqTech = T1.TechnologyType where T2.rowid = ? ORDER BY T1.rowid ASC LIMIT 1
Improvement_ValidTerrains,TerrainReference,Terrains,0,SELECT T1.rowid from Terrains as T1 inner join Improvement_ValidTerrains as T2 on T2.TerrainType = T1.TerrainType where T2.rowid = ? ORDER BY T1.rowid ASC LIMIT 1
Improvement_YieldChanges,ImprovementReference,Improvements,0,SELECT T1.rowid from Improvements as T1 inner join Improvement_YieldChanges as T2 on T2.ImprovementType = T1.ImprovementType where T2.rowid = ? ORDER BY T1.rowid ASC LIMIT 1
Improvement_YieldChanges,YieldReference,Yields,0,SELECT T1.rowid from Yields as T1 inner join Improvement_YieldChanges as T2 on T2.YieldType = T1.YieldType where T2.rowid = ? ORDER BY T1.rowid ASC LIMIT 1
Leaders,CivilizationCollection,Civilizations,1,SELECT T1.rowid from Civilizations as T1 inner join CivilizationLeaders as T2 on T2.CivilizationType = T1.CivilizationType inner join Leaders as T3 on T3.LeaderType = T2.LeaderType where T3.rowid = ? ORDER BY T1.rowid ASC
Leaders,InheritLeaderReference,Leaders,0,SELECT T1.rowid from Leaders as T1 inner join Leaders as T2 on T2.InheritFrom = T1.LeaderType where T2.rowid = ? ORDER BY T1.rowid ASC LIMIT 1
Leaders,PreferredAgendaCollection,AgendaPreferredLeaders,1,SELECT T1.rowid from AgendaPreferredLeaders as T1 inner join Leaders as T2 on T2.LeaderType = T1.LeaderType where T2.rowid = ? ORDER BY T1.rowid ASC
Leaders,ReligionCollection,Religions,1,SELECT T1.rowid from Religions as T1 inner join FavoredReligions as T2 on T2.ReligionType = T1.ReligionType inner join Leaders as T3 on T3.LeaderType = T2.LeaderType where T3.rowid = ? ORDER BY T1.rowid ASC
Leaders,TraitCollection,Traits,1,SELECT T1.rowid from Traits as T1 inner join LeaderTraits as T2 on T2.TraitType = T1.TraitType inner join Leaders as T3 on T3.LeaderType = T2.LeaderType where T3.rowid = ? ORDER BY T1.rowid ASC
MajorStartingUnits,DifficultyReference,Difficulties,0,SELECT T1.rowid from Difficulties as T1 inner join MajorStartingUnits as T2 on T2.MinDifficulty = T1.DifficultyType where T2.rowid = ? ORDER BY T1.rowid ASC LIMIT 1
MajorStartingUnits,EraReference,Eras,0,SELECT T1.rowid from Eras as T1 inner join MajorStartingUnits as T2 on T2.Era = T1.EraType where T2.rowid = ? ORDER BY T1.rowid ASC LIMIT 1
MajorStartingUnits,UnitReference,Units,0,SELECT T1.rowid from Units as T1 inner join MajorStartingUnits as T2 on T2.Unit = T1.UnitType where T2.rowid = ? ORDER BY T1.rowid ASC LIMIT 1
Maps,GreatPersonClassesReference,Map_GreatPersonClasses,1,SELECT T1.rowid from Map_GreatPersonClasses as T1 inner join Maps as T2 on T2.MapSizeType = T1.MapSizeType where T2.rowid = ? ORDER BY T1.rowid ASC
Map_GreatPersonClasses,GreatPersonClassReference,GreatPersonClasses,0,SELECT T1.rowid from GreatPersonClasses as T1 inner join Map_GreatPersonClasses as T2 on T2.GreatPersonClassType = T1.GreatPersonClassType where T2.rowid = ? ORDER BY T1.rowid ASC LIMIT 1
Map_GreatPersonClasses,MapSizeReference,Maps,0,SELECT T1.rowid from Maps as T1 inner join Map_GreatPersonClasses as T2 on T2.MapSizeType = T1.MapSizeType where T2.rowid = ? ORDER BY T1.rowid ASC LIMIT 1
MutuallyExclusiveBuildings,BuildingReference,Buildings,0,SELECT T1.rowid from Buildings as T1 inner join MutuallyExclusiveBuildings as T2 on T2.Building = T1.BuildingType where T2.rowid = ? ORDER BY T1.rowid ASC LIMIT 1
MutuallyExclusiveBuildings,MutuallyExclusiveBuildingReference,Buildings,0,SELECT T1.rowid from Buildings as T1 inner join MutuallyExclusiveBuildings as T2 on T2.MutuallyExclusiveBuilding = T1.BuildingType where T2.rowid = ? ORDER BY T1.rowid ASC LIMIT 1
MutuallyExclusiveDistricts,DistrictReference,Districts,0,SELECT T1.rowid from Districts as T1 inner join MutuallyExclusiveDistricts as T2 on T2.District = T1.DistrictType where T2.rowid = ? ORDER BY T1.rowid ASC LIMIT 1
MutuallyExclusiveDistricts,MutuallyExclusiveDistrictReference,Districts,0,SELECT T1.rowid from Districts as T1 inner join MutuallyExclusiveDistricts as T2 on T2.MutuallyExclusiveDistrict = T1.DistrictType where T2.rowid = ? ORDER BY T1.rowid ASC LIMIT 1
ObsoletePolicies,ObsoletePolicyReference,Policies,0,SELECT T1.rowid from Policies as T1 inner join ObsoletePolicies as T2 on T2.ObsoletePolicy = T1.PolicyType where T2.rowid = ? ORDER BY T1.rowid ASC LIMIT 1
ObsoletePolicies,PolicyReference,Policies,0,SELECT T1.rowid from Policies as T1 inner join ObsoletePolicies as T2 on T2.PolicyType = T1.PolicyType where T2.rowid = ? ORDER BY T1.rowid ASC LIMIT 1
ObsoletePolicies,RequiresAvailableGreatPersonClassReference,GreatPersonClasses,0,SELECT T1.rowid from GreatPersonClasses as T1 inner join ObsoletePolicies as T2 on T2.RequiresAvailableGreatPersonClass = T1.GreatPersonClassType where T2.rowid = ? ORDER BY T1.rowid ASC LIMIT 1
OpTeamRequirements,AiTypeDependenceReference,UnitAiTypes,0,SELECT T1.rowid from UnitAiTypes as T1 inner join OpTeamRequirements as T2 on T2.AiTypeDependence = T1.AiType where T2.rowid = ? ORDER BY T1.rowid ASC LIMIT 1
Policies,PolicyModifiers,PolicyModifiers,1,SELECT T1.rowid from PolicyModifiers as T1 inner join Policies as T2 on T2.PolicyType = T1.PolicyType where T2.rowid = ? ORDER BY T1.rowid ASC
Policies,PrereqCivicReference,Civics,0,SELECT T1.rowid from Civics as T1 inner join Policies as T2 on T2.PrereqCivic = T1.CivicType where T2.rowid = ? ORDER BY T1.rowid ASC LIMIT 1
Policies,PrereqTechReference,Technologies,0,SELECT T1.rowid from Technologies as T1 inner join Policies as T2 on T2.PrereqTech = T1.TechnologyType where T2.rowid = ? ORDER BY T1.rowid ASC LIMIT 1
Policies,SlotReference,GovernmentSlots,0,SELECT T1.rowid from GovernmentSlots as T1 inner join Policies as T2 on T2.GovernmentSlotType = T1.GovernmentSlotType where T2.rowid = ? ORDER BY T1.rowid ASC LIMIT 1
Projects,AntecedantProjectCollectionReference,ProjectPrereqs,1,SELECT T1.rowid from ProjectPrereqs as T1 inner join Projects as T2 on T2.ProjectType = T1.PrereqProjectType where T2.rowid = ? ORDER BY T1.rowid ASC
Projects,GreatPersonPointsReference,Project_GreatPersonPoints,1,SELECT T1.rowid from Project_GreatPersonPoints as T1 inner join Projects as T2 on T2.ProjectType = T1.ProjectType where T2.rowid = ? ORDER BY T1.rowid ASC
Projects,PrereqCivicReference,Civics,0,SELECT T1.rowid from Civics as T1 inner join Projects as T2 on T2.PrereqCivic = T1.CivicType where T2.rowid = ? ORDER BY T1.rowid ASC LIMIT 1
Projects,PrereqDistrictReference,Districts,0,SELECT T1.rowid from Districts as T1 inner join Projects as T2 on T2.PrereqDistrict = T1.DistrictType where T2.rowid = ? ORDER BY T1.rowid ASC LIMIT 1
Projects,PrereqProjectCollectionReference,ProjectPrereqs,1,SELECT T1.rowid from ProjectPrereqs as T1 inner join Projects as T2 on T2.ProjectType = T1.ProjectType where T2.rowid = ? ORDER BY T1.rowid ASC
Projects,PrereqResourceReference,Resources,0,SELECT T1.rowid from Resources as T1 inner join Projects as T2 on T2.PrereqResource = T1.ResourceType where T2.rowid = ? ORDER BY T1.rowid ASC LIMIT 1
Projects,PrereqTechReference,Technologies,0,SELECT T1.rowid from Technologies as T1 inner join Projects as T2 on T2.PrereqTech = T1.TechnologyType where T2.rowid = ? ORDER BY T1.rowid ASC LIMIT 1
Projects,RequiredBuildingReference,Buildings,0,SELECT T1.rowid from Buildings as T1 inner join Projects as T2 on T2.RequiredBuilding = T1.BuildingType where T2.rowid = ? ORDER BY T1.rowid ASC LIMIT 1
Projects,VisualBuildingReference,Buildings,0,SELECT T1.rowid from Buildings as T1 inner join Projects as T2 on T2.VisualBuildingType = T1.BuildingType where T2.rowid = ? ORDER BY T1.rowid ASC LIMIT 1
Projects,YieldConversionsCollectionReference,Project_YieldConversions,1,SELECT T1.rowid from Project_YieldConversions as T1 inner join Projects as T2 on T2.ProjectType = T1.ProjectType where T2.rowid = ? ORDER BY T1.rowid ASC
Project_GreatPersonPoints,GreatPersonClassReference,GreatPersonClasses,0,SELECT T1.rowid from GreatPersonClasses as T1 inner join Project_GreatPersonPoints as T2 on T2.GreatPersonClassType = T1.GreatPersonClassType where T2.rowid = ? ORDER BY T1.rowid ASC LIMIT 1
Project_GreatPersonPoints,ProjectReference,Projects,0,SELECT T1.rowid from Projects as T1 inner join Project_GreatPersonPoints as T2 on T2.ProjectType = T1.ProjectType where T2.rowid = ? ORDER BY T1.rowid ASC LIMIT 1
Project_YieldConversions,ProjectReference,Projects,0,SELECT T1.rowid from Projects as T1 inner join Project_YieldConversions as T2 on T2.ProjectType = T1.ProjectType where T2.rowid = ? ORDER BY T1.rowid ASC LIMIT 1
Project_YieldConversions,YieldReference,Yields,0,SELECT T1.rowid from Yields as T1 inner join Project_YieldConversions as T2 on T2.YieldType = T1.YieldType where T2.rowid = ? ORDER BY T1.rowid ASC LIMIT 1
ProjectPrereqs,PrereqProjectReference,Projects,0,SELECT T1.rowid from Projects as T1 inner join ProjectPrereqs as T2 on T2.PrereqProjectType = T1.ProjectType where T2.rowid = ? ORDER BY T1.rowid ASC LIMIT 1
ProjectPrereqs,ProjectReference,Projects,0,SELECT T1.rowid from Projects as T1 inner join ProjectPrereqs as T2 on T2.ProjectType = T1.ProjectType where T2.rowid = ? ORDER BY T1.rowid ASC LIMIT 1
RandomAgendas,AgendaReference,Agendas,0,SELECT T1.rowid from Agendas as T1 inner join RandomAgendas as T2 on T2.AgendaType = T1.AgendaType where T2.rowid = ? ORDER BY T1.rowid ASC LIMIT 1
RandomAgendas,LeaderCollection,Leaders,1,SELECT T1.rowid from Leaders as T1 inner join AgendaPreferredLeaders as T2 on T2.LeaderType = T1.LeaderType inner join RandomAgendas as T3 on T3.AgendaType = T2.AgendaType where T3.rowid = ? ORDER BY T1.rowid ASC
Resources,Harvests,Resource_Harvests,1,SELECT T1.rowid from Resource_Harvests as T1 inner join Resources as T2 on T2.ResourceType = T1.ResourceType where T2.rowid = ? ORDER BY T1.rowid ASC
Resources,ImprovementAdjacentResourceCollection,Improvement_ValidAdjacentResources,1,SELECT T1.rowid from Improvement_ValidAdjacentResources as T1 inner join Resources as T2 on T2.ResourceType = T1.ResourceType where T2.rowid = ? ORDER BY T1.rowid ASC
Resources,ImprovementCollection,Improvement_ValidResources,1,SELECT T1.rowid from Improvement_ValidResources as T1 inner join Resources as T2 on T2.ResourceType = T1.ResourceType where T2.rowid = ? ORDER BY T1.rowid ASC
Resources,PrereqCivicReference,Civics,0,SELECT T1.rowid from Civics as T1 inner join Resources as T2 on T2.PrereqCivic = T1.CivicType where T2.rowid = ? ORDER BY T1.rowid ASC LIMIT 1
Resources,PrereqTechReference,Technologies,0,SELECT T1.rowid from Technologies as T1 inner join Resources as T2 on T2.PrereqTech = T1.TechnologyType where T2.rowid = ? ORDER BY T1.rowid ASC LIMIT 1
Resources,ResourceProjectCollection,Projects,1,SELECT T1.rowid from Projects as T1 inner join Resources as T2 on T2.ResourceType = T1.PrereqResource where T2.rowid = ? ORDER BY T1.rowid ASC
Resources,StartBiasResourceCollection,StartBiasResources,1,SELECT T1.rowid from StartBiasResources as T1 inner join Resources as T2 on T2.ResourceType = T1.ResourceType where T2.rowid = ? ORDER BY T1.rowid ASC
Resources,StrategicUnitCollection,Units,1,SELECT T1.rowid from Units as T1 inner join Resources as T2 on T2.ResourceType = T1.StrategicResource where T2.rowid = ? ORDER BY T1.rowid ASC
Resources,TradeRouteYieldChanges,Resource_TradeRouteYields,1,SELECT T1.rowid from Resource_TradeRouteYields as T1 inner join Resources as T2 on T2.ResourceType = T1.ResourceType where T2.rowid = ? ORDER BY T1.rowid ASC
Resources,ValidTerrains,Terrains,1,SELECT T1.rowid from Terrains as T1 inner join Resource_ValidTerrains as T2 on T2.TerrainType = T1.TerrainType inner join Resources as T3 on T3.ResourceType = T2.ResourceType where T3.rowid = ? ORDER BY T1.rowid ASC
Resources,YieldChangeCollection,Resource_YieldChanges,1,SELECT T1.rowid from Resource_YieldChanges as T1 inner join Resources as T2 on T2.ResourceType = T1.ResourceType where T2.rowid = ? ORDER BY T1.rowid ASC
Resource_Conditions,ResourceReference,Resources,0,SELECT T1.rowid from Resources as T1 inner join Resource_Conditions as T2 on T2.ResourceType = T1.ResourceType where T2.rowid = ? ORDER BY T1.rowid ASC LIMIT 1
Resource_Harvests,PrereqTechReference,Technologies,0,SELECT T1.rowid from Technologies as T1 inner join Resource_Harvests as T2 on T2.PrereqTech = T1.TechnologyType where T2.rowid = ? ORDER BY T1.rowid ASC LIMIT 1
Resource_Harvests,YieldReference,Yields,0,SELECT T1.rowid from Yields as T1 inner join Resource_Harvests as T2 on T2.YieldType = T1.YieldType where T2.rowid = ? ORDER BY T1.rowid ASC LIMIT 1
Resource_TradeRouteYields,YieldReference,Yields,0,SELECT T1.rowid from Yields as T1 inner join Resource_TradeRouteYields as T2 on T2.YieldType = T1.YieldType where T2.rowid = ? ORDER BY T1.rowid ASC LIMIT 1
Resource_YieldChanges,YieldReference,Yields,0,SELECT T1.rowid from Yields as T1 inner join Resource_YieldChanges as T2 on T2.YieldType = T1.YieldType where T2.rowid = ? ORDER BY T1.rowid ASC LIMIT 1
Routes,PrereqEraReference,Eras,0,SELECT T1.rowid from Eras as T1 inner join Routes as T2 on T2.PrereqEra = T1.EraType where T2.rowid = ? ORDER BY T1.rowid ASC LIMIT 1
Routes,ValidBuildUnits,Route_ValidBuildUnits,1,SELECT T1.rowid from Route_ValidBuildUnits as T1 inner join Routes as T2 on T2.RouteType = T1.RouteType where T2.rowid = ? ORDER BY T1.rowid ASC
Route_ValidBuildUnits,RouteReference,Routes,0,SELECT T1.rowid from Routes as T1 inner join Route_ValidBuildUnits as T2 on T2.RouteType = T1.RouteType where T2.rowid = ? ORDER BY T1.rowid ASC LIMIT 1
Route_ValidBuildUnits,UnitReference,Units,0,SELECT T1.rowid from Units as T1 inner join Route_ValidBuildUnits as T2 on T2.UnitType = T1.UnitType where T2.rowid = ? ORDER BY T1.rowid ASC LIMIT 1
ScoringCategories,ScoringLineItemCollection,ScoringLineItems,1,SELECT T1.rowid from ScoringLineItems as T1 inner join ScoringCategories as T2 on T2.CategoryType = T1.Category where T2.rowid = ? ORDER BY T1.rowid ASC
ScoringLineItems,CategoryReference,ScoringCategories,0,SELECT T1.rowid from ScoringCategories as T1 inner join ScoringLineItems as T2 on T2.Category = T1.CategoryType where T2.rowid = ? ORDER BY T1.rowid ASC LIMIT 1
StartBiasFeatures,CivilizationReference,Civilizations,0,SELECT T1.rowid from Civilizations as T1 inner join StartBiasFeatures as T2 on T2.CivilizationType = T1.CivilizationType where T2.rowid = ? ORDER BY T1.rowid ASC LIMIT 1
StartBiasFeatures,FeatureReference,Features,0,SELECT T1.rowid from Features as T1 inner join StartBiasFeatures as T2 on T2.FeatureType = T1.FeatureType where T2.rowid = ? ORDER BY T1.rowid ASC LIMIT 1
StartBiasResources,CivilizationReference,Civilizations,0,SELECT T1.rowid from Civilizations as T1 inner join StartBiasResources as T2 on T2.CivilizationType = T1.CivilizationType where T2.rowid = ? ORDER BY T1.rowid ASC LIMIT 1
StartBiasResources,ResourceReference,Resources,0,SELECT T1.rowid from Resources as T1 inner join StartBiasResources as T2 on T2.ResourceType = T1.ResourceType where T2.rowid = ? ORDER BY T1.rowid ASC LIMIT 1
StartBiasRivers,CivilizationReference,Civilizations,0,SELECT T1.rowid from Civilizations as T1 inner join StartBiasRivers as T2 on T2.CivilizationType = T1.CivilizationType where T2.rowid = ? ORDER BY T1.rowid ASC LIMIT 1
StartBiasTerrains,CivilizationReference,Civilizations,0,SELECT T1.rowid from Civilizations as T1 inner join StartBiasTerrains as T2 on T2.CivilizationType = T1.CivilizationType where T2.rowid = ? ORDER BY T1.rowid ASC LIMIT 1
StartBiasTerrains,TerrainReference,Terrains,0,SELECT T1.rowid from Terrains as T1 inner join StartBiasTerrains as T2 on T2.TerrainType = T1.TerrainType where T2.rowid = ? ORDER BY T1.rowid ASC LIMIT 1
StartEras,EraReference,Eras,0,SELECT T1.rowid from Eras as T1 inner join StartEras as T2 on T2.EraType = T1.EraType where T2.rowid = ? ORDER BY T1.rowid ASC LIMIT 1
StartingBoostedCivics,CivicReference,Civics,0,SELECT T1.rowid from Civics as T1 inner join StartingBoostedCivics as T2 on T2.Civic = T1.CivicType where T2.rowid = ? ORDER BY T1.rowid ASC LIMIT 1
StartingBoostedCivics,EraReference,Eras,0,SELECT T1.rowid from Eras as T1 inner join StartingBoostedCivics as T2 on T2.Era = T1.EraType where T2.rowid = ? ORDER BY T1.rowid ASC LIMIT 1
StartingBoostedTechnologies,EraReference,Eras,0,SELECT T1.rowid from Eras as T1 inner join StartingBoostedTechnologies as T2 on T2.Era = T1.EraType where T2.rowid = ? ORDER BY T1.rowid ASC LIMIT 1
StartingBoostedTechnologies,TechnologyReference,Technologies,0,SELECT T1.rowid from Technologies as T1 inner join StartingBoostedTechnologies as T2 on T2.Technology = T1.TechnologyType where T2.rowid = ? ORDER BY T1.rowid ASC LIMIT 1
StartingBuildings,BuildingReference,Buildings,0,SELECT T1.rowid from Buildings as T1 inner join StartingBuildings as T2 on T2.Building = T1.BuildingType where T2.rowid = ? ORDER BY T1.rowid ASC LIMIT 1
StartingBuildings,DifficultyReference,Difficulties,0,SELECT T1.rowid from Difficulties as T1 inner join StartingBuildings as T2 on T2.MinDifficulty = T1.DifficultyType where T2.rowid = ? ORDER BY T1.rowid ASC LIMIT 1
StartingBuildings,DistrictReference,Districts,0,SELECT T1.rowid from Districts as T1 inner join StartingBuildings as T2 on T2.District = T1.DistrictType where T2.rowid = ? ORDER BY T1.rowid ASC LIMIT 1
StartingBuildings,EraReference,Eras,0,SELECT T1.rowid from Eras as T1 inner join StartingBuildings as T2 on T2.Era = T1.EraType where T2.rowid = ? ORDER BY T1.rowid ASC LIMIT 1
StartingCivics,CivicReference,Civics,0,SELECT T1.rowid from Civics as T1 inner join StartingCivics as T2 on T2.Civic = T1.CivicType where T2.rowid = ? ORDER BY T1.rowid ASC LIMIT 1
StartingCivics,EraReference,Eras,0,SELECT T1.rowid from Eras as T1 inner join StartingCivics as T2 on T2.Era = T1.EraType where T2.rowid = ? ORDER BY T1.rowid ASC LIMIT 1
StartingGovernments,EraReference,Eras,0,SELECT T1.rowid from Eras as T1 inner join StartingGovernments as T2 on T2.Era = T1.EraType where T2.rowid = ? ORDER BY T1.rowid ASC LIMIT 1
StartingGovernments,GovernmentReference,Governments,0,SELECT T1.rowid from Governments as T1 inner join StartingGovernments as T2 on T2.Government = T1.GovernmentType where T2.rowid = ? ORDER BY T1.rowid ASC LIMIT 1
Strategies,ConditionCollection,StrategyConditions,1,SELECT T1.rowid from StrategyConditions as T1 inner join Strategies as T2 on T2.StrategyType = T1.StrategyType where T2.rowid = ? ORDER BY T1.rowid ASC
Strategies,PriorityCollection,Strategy_Priorities,1,SELECT T1.rowid from Strategy_Priorities as T1 inner join Strategies as T2 on T2.StrategyType = T1.StrategyType where T2.rowid = ? ORDER BY T1.rowid ASC
Strategies,VictoryReference,Victories,0,SELECT T1.rowid from Victories as T1 inner join Strategies as T2 on T2.VictoryType = T1.VictoryType where T2.rowid = ? ORDER BY T1.rowid ASC LIMIT 1
Strategies,YieldCollection,Strategy_YieldPriorities,1,SELECT T1.rowid from Strategy_YieldPriorities as T1 inner join Strategies as T2 on T2.StrategyType = T1.StrategyType where T2.rowid = ? ORDER BY T1.rowid ASC
Strategy_YieldPriorities,PseudoYieldReference,PseudoYields,0,SELECT T1.rowid from PseudoYields as T1 inner join Strategy_YieldPriorities as T2 on T2.PseudoYieldType = T1.PseudoYieldType where T2.rowid = ? ORDER BY T1.rowid ASC LIMIT 1
Strategy_YieldPriorities,YieldReference,Yields,0,SELECT T1.rowid from Yields as T1 inner join Strategy_YieldPriorities as T2 on T2.YieldType = T1.YieldType where T2.rowid = ? ORDER BY T1.rowid ASC LIMIT 1
StrategyConditions,StrategyReference,Strategies,0,SELECT T1.rowid from Strategies as T1 inner join StrategyConditions as T2 on T2.StrategyType = T1.StrategyType where T2.rowid = ? ORDER BY T1.rowid ASC LIMIT 1
Technologies,BoostCollectionReference,Boosts,1,SELECT T1.rowid from Boosts as T1 inner join Technologies as T2 on T2.TechnologyType = T1.TechnologyType where T2.rowid = ? ORDER BY T1.rowid ASC
Technologies,BuildingCollectionReference,Buildings,1,SELECT T1.rowid from Buildings as T1 inner join Technologies as T2 on T2.TechnologyType = T1.PrereqTech where T2.rowid = ? ORDER BY T1.rowid ASC
Technologies,DistrictCollectionReference,Districts,1,SELECT T1.rowid from Districts as T1 inner join Technologies as T2 on T2.TechnologyType = T1.PrereqTech where T2.rowid = ? ORDER BY T1.rowid ASC
Technologies,EmbarkUnitReference,Units,0,SELECT T1.rowid from Units as T1 inner join Technologies as T2 on T2.EmbarkUnitType = T1.UnitType where T2.rowid = ? ORDER BY T1.rowid ASC LIMIT 1
Technologies,EraReference,Eras,0,SELECT T1.rowid from Eras as T1 inner join Technologies as T2 on T2.EraType = T1.EraType where T2.rowid = ? ORDER BY T1.rowid ASC LIMIT 1
Technologies,ImprovementCollection,Improvements,1,SELECT T1.rowid from Improvements as T1 inner join Technologies as T2 on T2.TechnologyType = T1.PrereqTech where T2.rowid = ? ORDER BY T1.rowid ASC
Technologies,ImprovementTourismCollection,Improvement_Tourism,1,SELECT T1.rowid from Improvement_Tourism as T1 inner join Technologies as T2 on T2.TechnologyType = T1.PrereqTech where T2.rowid = ? ORDER BY T1.rowid ASC
Technologies,MandatoryObsoleteTechCollection,Units,1,SELECT T1.rowid from Units as T1 inner join Technologies as T2 on T2.TechnologyType = T1.MandatoryObsoleteTech where T2.rowid = ? ORDER BY T1.rowid ASC
Technologies,ObsoleteTechCollection,Units,1,SELECT T1.rowid from Units as T1 inner join Technologies as T2 on T2.TechnologyType = T1.ObsoleteTech where T2.rowid = ? ORDER BY T1.rowid ASC
Technologies,PolicyCollection,Policies,1,SELECT T1.rowid from Policies as T1 inner join Technologies as T2 on T2.TechnologyType = T1.PrereqTech where T2.rowid = ? ORDER BY T1.rowid ASC
Technologies,PrereqTechCollection,TechnologyPrereqs,1,SELECT T1.rowid from TechnologyPrereqs as T1 inner join Technologies as T2 on T2.TechnologyType = T1.Technology where T2.rowid = ? ORDER BY T1.rowid ASC
Technologies,ProjectCollection,Projects,1,SELECT T1.rowid from Projects as T1 inner join Technologies as T2 on T2.TechnologyType = T1.PrereqTech where T2.rowid = ? ORDER BY T1.rowid ASC
Technologies,UnitCollection,Units,1,SELECT T1.rowid from Units as T1 inner join Technologies as T2 on T2.TechnologyType = T1.PrereqTech where T2.rowid = ? ORDER BY T1.rowid ASC
TechnologyPrereqs,PrereqTechReference,Technologies,0,SELECT T1.rowid from Technologies as T1 inner join TechnologyPrereqs as T2 on T2.PrereqTech = T1.TechnologyType where T2.rowid = ? ORDER BY T1.rowid ASC LIMIT 1
TechnologyPrereqs,TechnologyReference,Technologies,0,SELECT T1.rowid from Technologies as T1 inner join TechnologyPrereqs as T2 on T2.Technology = T1.TechnologyType where T2.rowid = ? ORDER BY T1.rowid ASC LIMIT 1
TechnologyRandomCosts,TechnologyReference,Technologies,0,SELECT T1.rowid from Technologies as T1 inner join TechnologyRandomCosts as T2 on T2.TechnologyType = T1.TechnologyType where T2.rowid = ? ORDER BY T1.rowid ASC LIMIT 1
Terrains,ImprovementAdjacentTerrainCollection,Improvement_ValidAdjacentTerrains,1,SELECT T1.rowid from Improvement_ValidAdjacentTerrains as T1 inner join Terrains as T2 on T2.TerrainType = T1.TerrainType where T2.rowid = ? ORDER BY T1.rowid ASC
Terrains,ImprovementCollection,Improvement_ValidTerrains,1,SELECT T1.rowid from Improvement_ValidTerrains as T1 inner join Terrains as T2 on T2.TerrainType = T1.TerrainType where T2.rowid = ? ORDER BY T1.rowid ASC
Terrains,StartBiasTerrainCollection,StartBiasTerrains,1,SELECT T1.rowid from StartBiasTerrains as T1 inner join Terrains as T2 on T2.TerrainType = T1.TerrainType where T2.rowid = ? ORDER BY T1.rowid ASC
Terrains,TerrainClasses,TerrainClasses,1,SELECT T1.rowid from TerrainClasses as T1 inner join TerrainClass_Terrains as T2 on T2.TerrainClassType = T1.TerrainClassType inner join Terrains as T3 on T3.TerrainType = T2.TerrainType where T3.rowid = ? ORDER BY T1.rowid ASC
Terrains,ValidResources,Resources,1,SELECT T1.rowid from Resources as T1 inner join Resource_ValidTerrains as T2 on T2.ResourceType = T1.ResourceType inner join Terrains as T3 on T3.TerrainType = T2.TerrainType where T3.rowid = ? ORDER BY T1.rowid ASC
Terrain_YieldChanges,YieldReference,Yields,0,SELECT T1.rowid from Yields as T1 inner join Terrain_YieldChanges as T2 on T2.YieldType = T1.YieldType where T2.rowid = ? ORDER BY T1.rowid ASC LIMIT 1
TerrainClasses,Terrains,Terrains,1,SELECT T1.rowid from Terrains as T1 inner join TerrainClass_Terrains as T2 on T2.TerrainType = T1.TerrainType inner join TerrainClasses as T3 on T3.TerrainClassType = T2.TerrainClassType where T3.rowid = ? ORDER BY T1.rowid ASC
Traits,ModifierCollection,TraitModifiers,1,SELECT T1.rowid from TraitModifiers as T1 inner join Traits as T2 on T2.TraitType = T1.TraitType where T2.rowid = ? ORDER BY T1.rowid ASC
TriggeredBehaviorTrees,EventReference,AiEvents,0,SELECT T1.rowid from AiEvents as T1 inner join TriggeredBehaviorTrees as T2 on T2.AIEvent = T1.EventType where T2.rowid = ? ORDER BY T1.rowid ASC LIMIT 1
TriggeredBehaviorTrees,TreeReference,BehaviorTrees,0,SELECT T1.rowid from BehaviorTrees as T1 inner join TriggeredBehaviorTrees as T2 on T2.TreeName = T1.TreeName where T2.rowid = ? ORDER BY T1.rowid ASC LIMIT 1
TurnPhases,ActiveSegment,TurnSegments,0,SELECT T1.rowid from TurnSegments as T1 inner join TurnPhases as T2 on T2.ActiveSegmentType = T1.TurnSegmentType where T2.rowid = ? ORDER BY T1.rowid ASC LIMIT 1
TurnPhases,InactiveSegment,TurnSegments,0,SELECT T1.rowid from TurnSegments as T1 inner join TurnPhases as T2 on T2.InactiveSegmentType = T1.TurnSegmentType where T2.rowid = ? ORDER BY T1.rowid ASC LIMIT 1
Units,AiInfoCollection,UnitAiInfos,1,SELECT T1.rowid from UnitAiInfos as T1 inner join Units as T2 on T2.UnitType = T1.UnitType where T2.rowid = ? ORDER BY T1.rowid ASC
Units,BaseUnitCollection,UnitUpgrades,1,SELECT T1.rowid from UnitUpgrades as T1 inner join Units as T2 on T2.UnitType = T1.UpgradeUnit where T2.rowid = ? ORDER BY T1.rowid ASC
Units,BonusMinorStartingUnitCollection,BonusMinorStartingUnits,1,SELECT T1.rowid from BonusMinorStartingUnits as T1 inner join Units as T2 on T2.UnitType = T1.Unit where T2.rowid = ? ORDER BY T1.rowid ASC
Units,CaptureCollection,UnitCaptures,1,SELECT T1.rowid from UnitCaptures as T1 inner join Units as T2 on T2.UnitType = T1.CapturedUnitType where T2.rowid = ? ORDER BY T1.rowid ASC
Units,MajorStartingUnitCollection,MajorStartingUnits,1,SELECT T1.rowid from MajorStartingUnits as T1 inner join Units as T2 on T2.UnitType = T1.Unit where T2.rowid = ? ORDER BY T1.rowid ASC
Units,MandatoryObsoleteCivicReference,Civics,0,SELECT T1.rowid from Civics as T1 inner join Units as T2 on T2.MandatoryObsoleteCivic = T1.CivicType where T2.rowid = ? ORDER BY T1.rowid ASC LIMIT 1
Units,MandatoryObsoleteTechReference,Technologies,0,SELECT T1.rowid from Technologies as T1 inner join Units as T2 on T2.MandatoryObsoleteTech = T1.TechnologyType where T2.rowid = ? ORDER BY T1.rowid ASC LIMIT 1
Units,ObsoleteCivicReference,Civics,0,SELECT T1.rowid from Civics as T1 inner join Units as T2 on T2.ObsoleteCivic = T1.CivicType where T2.rowid = ? ORDER BY T1.rowid ASC LIMIT 1
Units,ObsoleteTechReference,Technologies,0,SELECT T1.rowid from Technologies as T1 inner join Units as T2 on T2.ObsoleteTech = T1.TechnologyType where T2.rowid = ? ORDER BY T1.rowid ASC LIMIT 1
Units,PrereqBuildingCollection,Buildings,1,SELECT T1.rowid from Buildings as T1 inner join Unit_BuildingPrereqs as T2 on T2.PrereqBuilding = T1.BuildingType inner join Units as T3 on T3.UnitType = T2.Unit where T3.rowid = ? ORDER BY T1.rowid ASC
Units,PrereqCivicReference,Civics,0,SELECT T1.rowid from Civics as T1 inner join Units as T2 on T2.PrereqCivic = T1.CivicType where T2.rowid = ? ORDER BY T1.rowid ASC LIMIT 1
Units,PrereqDistrictReference,Districts,0,SELECT T1.rowid from Districts as T1 inner join Units as T2 on T2.PrereqDistrict = T1.DistrictType where T2.rowid = ? ORDER BY T1.rowid ASC LIMIT 1
Units,PrereqTechReference,Technologies,0,SELECT T1.rowid from Technologies as T1 inner join Units as T2 on T2.PrereqTech = T1.TechnologyType where T2.rowid = ? ORDER BY T1.rowid ASC LIMIT 1
Units,PromotionClassReference,UnitPromotionClasses,0,SELECT T1.rowid from UnitPromotionClasses as T1 inner join Units as T2 on T2.PromotionClass = T1.PromotionClassType where T2.rowid = ? ORDER BY T1.rowid ASC LIMIT 1
Units,PseudoYieldReference,PseudoYields,0,SELECT T1.rowid from PseudoYields as T1 inner join Units as T2 on T2.PseudoYieldType = T1.PseudoYieldType where T2.rowid = ? ORDER BY T1.rowid ASC LIMIT 1
Units,ReplacedByCollection,UnitReplaces,1,SELECT T1.rowid from UnitReplaces as T1 inner join Units as T2 on T2.UnitType = T1.ReplacesUnitType where T2.rowid = ? ORDER BY T1.rowid ASC
Units,ReplacesCollection,UnitReplaces,1,SELECT T1.rowid from UnitReplaces as T1 inner join Units as T2 on T2.UnitType = T1.CivUniqueUnitType where T2.rowid = ? ORDER BY T1.rowid ASC
Units,StrategicResourceReference,Resources,0,SELECT T1.rowid from Resources as T1 inner join Units as T2 on T2.StrategicResource = T1.ResourceType where T2.rowid = ? ORDER BY T1.rowid ASC LIMIT 1
Units,TraitReference,Traits,0,SELECT T1.rowid from Traits as T1 inner join Units as T2 on T2.TraitType = T1.TraitType where T2.rowid = ? ORDER BY T1.rowid ASC LIMIT 1
Units,UpgradeUnitCollection,UnitUpgrades,1,SELECT T1.rowid from UnitUpgrades as T1 inner join Units as T2 on T2.UnitType = T1.Unit where T2.rowid = ? ORDER BY T1.rowid ASC
Units,YieldReference,Yields,0,SELECT T1.rowid from Yields as T1 inner join Units as T2 on T2.PurchaseYield = T1.YieldType where T2.rowid = ? ORDER BY T1.rowid ASC LIMIT 1
Unit_BuildingPrereqs,PrereqBuildingReference,Buildings,0,SELECT T1.rowid from Buildings as T1 inner join Unit_BuildingPrereqs as T2 on T2.PrereqBuilding = T1.BuildingType where T2.rowid = ? ORDER BY T1.rowid ASC LIMIT 1
Unit_BuildingPrereqs,UnitReference,Units,0,SELECT T1.rowid from Units as T1 inner join Unit_BuildingPrereqs as T2 on T2.Unit = T1.UnitType where T2.rowid = ? ORDER BY T1.rowid ASC LIMIT 1
UnitAbilities,UnitAbilityModifierCollection,UnitAbilityModifiers,1,SELECT T1.rowid from UnitAbilityModifiers as T1 inner join UnitAbilities as T2 on T2.UnitAbilityType = T1.UnitAbilityType where T2.rowid = ? ORDER BY T1.rowid ASC
UnitAiInfos,UnitAiTypeReference,UnitAiTypes,0,SELECT T1.rowid from UnitAiTypes as T1 inner join UnitAiInfos as T2 on T2.AiType = T1.AiType where T2.rowid = ? ORDER BY T1.rowid ASC LIMIT 1
UnitCaptures,BecomeUnitReference,Units,0,SELECT T1.rowid from Units as T1 inner join UnitCaptures as T2 on T2.BecomesUnitType = T1.UnitType where T2.rowid = ? ORDER BY T1.rowid ASC LIMIT 1
UnitCommands,PrereqCivicReference,Civics,0,SELECT T1.rowid from Civics as T1 inner join UnitCommands as T2 on T2.PrereqCivic = T1.CivicType where T2.rowid = ? ORDER BY T1.rowid ASC LIMIT 1
UnitCommands,PrereqTechReference,Technologies,0,SELECT T1.rowid from Technologies as T1 inner join UnitCommands as T2 on T2.PrereqTech = T1.TechnologyType where T2.rowid = ? ORDER BY T1.rowid ASC LIMIT 1
UnitOperations,PrereqCivicReference,Civics,0,SELECT T1.rowid from Civics as T1 inner join UnitOperations as T2 on T2.PrereqCivic = T1.CivicType where T2.rowid = ? ORDER BY T1.rowid ASC LIMIT 1
UnitOperations,PrereqTechReference,Technologies,0,SELECT T1.rowid from Technologies as T1 inner join UnitOperations as T2 on T2.PrereqTech = T1.TechnologyType where T2.rowid = ? ORDER BY T1.rowid ASC LIMIT 1
UnitOperations,TargetDistrictReference,Districts,0,SELECT T1.rowid from Districts as T1 inner join UnitOperations as T2 on T2.TargetDistrict = T1.DistrictType where T2.rowid = ? ORDER BY T1.rowid ASC LIMIT 1
UnitPromotions,PrereqUnitPromotionCollection,UnitPromotionPrereqs,1,SELECT T1.rowid from UnitPromotionPrereqs as T1 inner join UnitPromotions as T2 on T2.UnitPromotionType = T1.UnitPromotion where T2.rowid = ? ORDER BY T1.rowid ASC
UnitPromotions,PromotionClassReference,UnitPromotionClasses,0,SELECT T1.rowid from UnitPromotionClasses as T1 inner join UnitPromotions as T2 on T2.PromotionClass = T1.PromotionClassType where T2.rowid = ? ORDER BY T1.rowid ASC LIMIT 1
UnitPromotionClasses,PromotionCollection,UnitPromotions,1,SELECT T1.rowid from UnitPromotions as T1 inner join UnitPromotionClasses as T2 on T2.PromotionClassType = T1.PromotionClass where T2.rowid = ? ORDER BY T1.rowid ASC
UnitPromotionClasses,UnitCollection,Units,1,SELECT T1.rowid from Units as T1 inner join UnitPromotionClasses as T2 on T2.PromotionClassType = T1.PromotionClass where T2.rowid = ? ORDER BY T1.rowid ASC
UnitPromotionPrereqs,PrereqUnitPromotionReference,UnitPromotions,0,SELECT T1.rowid from UnitPromotions as T1 inner join UnitPromotionPrereqs as T2 on T2.PrereqUnitPromotion = T1.UnitPromotionType where T2.rowid = ? ORDER BY T1.rowid ASC LIMIT 1
UnitPromotionPrereqs,UnitPromotionReference,UnitPromotions,0,SELECT T1.rowid from UnitPromotions as T1 inner join UnitPromotionPrereqs as T2 on T2.UnitPromotion = T1.UnitPromotionType where T2.rowid = ? ORDER BY T1.rowid ASC LIMIT 1
UnitReplaces,BaseUnitReference,Units,0,SELECT T1.rowid from Units as T1 inner join UnitReplaces as T2 on T2.ReplacesUnitType = T1.UnitType where T2.rowid = ? ORDER BY T1.rowid ASC LIMIT 1
UnitReplaces,ReplacementUnitReference,Units,0,SELECT T1.rowid from Units as T1 inner join UnitReplaces as T2 on T2.CivUniqueUnitType = T1.UnitType where T2.rowid = ? ORDER BY T1.rowid ASC LIMIT 1
UnitUpgrades,UnitReference,Units,0,SELECT T1.rowid from Units as T1 inner join UnitUpgrades as T2 on T2.Unit = T1.UnitType where T2.rowid = ? ORDER BY T1.rowid ASC LIMIT 1
UnitUpgrades,UpgradeUnitReference,Units,0,SELECT T1.rowid from Units as T1 inner join UnitUpgrades as T2 on T2.UpgradeUnit = T1.UnitType where T2.rowid = ? ORDER BY T1.rowid ASC LIMIT 1
Yields,FeatureChange_Refs,Feature_YieldChanges,1,SELECT T1.rowid from Feature_YieldChanges as T1 inner join Yields as T2 on T2.YieldType = T1.YieldType where T2.rowid = ? ORDER BY T1.rowid ASC
Yields,ImprovementChange_Refs,Improvement_BonusYieldChanges,1,SELECT T1.rowid from Improvement_BonusYieldChanges as T1 inner join Yields as T2 on T2.YieldType = T1.YieldType where T2.rowid = ? ORDER BY T1.rowid ASC
Yields,ResourceChange_Refs,Resource_YieldChanges,1,SELECT T1.rowid from Resource_YieldChanges as T1 inner join Yields as T2 on T2.YieldType = T1.YieldType where T2.rowid = ? ORDER BY T1.rowid ASC
Yields,TerrainChange_Refs,Terrain_YieldChanges,1,SELECT T1.rowid from Terrain_YieldChanges as T1 inner join Yields as T2 on T2.YieldType = T1.YieldType where T2.rowid = ? ORDER BY T1.rowid ASC
AgendaTags,RandomAgendaCollection,Agendas,1,SELECT T1.rowid from Agendas as T1 inner join RandomAgendas_XP2 as T2 on T2.AgendaType = T1.AgendaType inner join AgendaTags as T3 on T3.AgendaTagType = T2.AgendaTag where T3.rowid = ? ORDER BY T1.rowid ASC
Alliances,ActionCollection,DiplomaticActions,1,SELECT T1.rowid from DiplomaticActions as T1 inner join DiplomaticActions_XP1 as T2 on T2.DiplomaticActionType = T1.DiplomaticActionType inner join Alliances as T3 on T3.AllianceType = T2.AllianceType where T3.rowid = ? ORDER BY T1.rowid ASC
Building_ResourceCosts,BuildingReference,Buildings,0,SELECT T1.rowid from Buildings as T1 inner join Building_ResourceCosts as T2 on T2.BuildingType = T1.BuildingType where T2.rowid = ? ORDER BY T1.rowid ASC LIMIT 1
Building_ResourceCosts,ResourceReference,Resources,0,SELECT T1.rowid from Resources as T1 inner join Building_ResourceCosts as T2 on T2.ResourceType = T1.ResourceType where T2.rowid = ? ORDER BY T1.rowid ASC LIMIT 1
Building_TourismBombs_XP2,BuildingReference,Buildings,0,SELECT T1.rowid from Buildings as T1 inner join Building_TourismBombs_XP2 as T2 on T2.BuildingType = T1.BuildingType where T2.rowid = ? ORDER BY T1.rowid ASC LIMIT 1
Buildings_XP2,BuildingReference,Buildings,0,SELECT T1.rowid from Buildings as T1 inner join Buildings_XP2 as T2 on T2.BuildingType = T1.BuildingType where T2.rowid = ? ORDER BY T1.rowid ASC LIMIT 1
Buildings_XP2,ResourceTypeConvertedToPowerReference,Resources,0,SELECT T1.rowid from Resources as T1 inner join Buildings_XP2 as T2 on T2.ResourceTypeConvertedToPower = T1.ResourceType where T2.rowid = ? ORDER BY T1.rowid ASC LIMIT 1
Building_YieldChangesBonusWithPower,YieldReference,Yields,0,SELECT T1.rowid from Yields as T1 inner join Building_YieldChangesBonusWithPower as T2 on T2.YieldType = T1.YieldType where T2.rowid = ? ORDER BY T1.rowid ASC LIMIT 1
CommemorationTypes,CommemorationCollection,CommemorationModifiers,1,SELECT T1.rowid from CommemorationModifiers as T1 inner join CommemorationTypes as T2 on T2.CommemorationType = T1.CommemorationType where T2.rowid = ? ORDER BY T1.rowid ASC
CommemorationTypes,ComplimentCollection,ComplimentModifiers,1,SELECT T1.rowid from ComplimentModifiers as T1 inner join CommemorationTypes as T2 on T2.CommemorationType = T1.CommemorationType where T2.rowid = ? ORDER BY T1.rowid ASC
CommemorationTypes,MaximumGameEraReference,Eras,0,SELECT T1.rowid from Eras as T1 inner join CommemorationTypes as T2 on T2.MaximumGameEra = T1.EraType where T2.rowid = ? ORDER BY T1.rowid ASC LIMIT 1
CommemorationTypes,MinimumGameEraReference,Eras,0,SELECT T1.rowid from Eras as T1 inner join CommemorationTypes as T2 on T2.MinimumGameEra = T1.EraType where T2.rowid = ? ORDER BY T1.rowid ASC LIMIT 1
CongressAiChanges,DiscussionReference,Discussions,0,SELECT T1.rowid from Discussions as T1 inner join CongressAiChanges as T2 on T2.DiscussionType = T1.DiscussionType where T2.rowid = ? ORDER BY T1.rowid ASC LIMIT 1
CongressAiChanges,PseudoYieldReference,PseudoYields,0,SELECT T1.rowid from PseudoYields as T1 inner join CongressAiChanges as T2 on T2.PseudoYieldType = T1.PseudoYieldType where T2.rowid = ? ORDER BY T1.rowid ASC LIMIT 1
CongressAiChanges,ResolutionReference,Resolutions,0,SELECT T1.rowid from Resolutions as T1 inner join CongressAiChanges as T2 on T2.ResolutionType = T1.ResolutionType where T2.rowid = ? ORDER BY T1.rowid ASC LIMIT 1
CongressAiChanges,YieldReference,Yields,0,SELECT T1.rowid from Yields as T1 inner join CongressAiChanges as T2 on T2.YieldType = T1.YieldType where T2.rowid = ? ORDER BY T1.rowid ASC LIMIT 1
DiplomaticActions_XP1,AllianceReference,Alliances,0,SELECT T1.rowid from Alliances as T1 inner join DiplomaticActions_XP1 as T2 on T2.AllianceType = T1.AllianceType where T2.rowid = ? ORDER BY T1.rowid ASC LIMIT 1
DiplomaticActions_XP1,RequiresGoldenAgeCommemorationTypeReference,CommemorationTypes,0,SELECT T1.rowid from CommemorationTypes as T1 inner join DiplomaticActions_XP1 as T2 on T2.RequiresGoldenAgeCommemorationType = T1.CommemorationType where T2.rowid = ? ORDER BY T1.rowid ASC LIMIT 1
DiplomaticVisibilitySources_XP1,TradePostTraitReference,Traits,0,SELECT T1.rowid from Traits as T1 inner join DiplomaticVisibilitySources_XP1 as T2 on T2.TradePostTrait = T1.TraitType where T2.rowid = ? ORDER BY T1.rowid ASC LIMIT 1
Discussions,AiChangeCollectionReference,CongressAiChanges,1,SELECT T1.rowid from CongressAiChanges as T1 inner join Discussions as T2 on T2.DiscussionType = T1.DiscussionType where T2.rowid = ? ORDER BY T1.rowid ASC
Discussions,EmergencyReference,EmergencyAlliances,0,SELECT T1.rowid from EmergencyAlliances as T1 inner join Emergencies_XP2 as T2 on T2.EmergencyType = T1.EmergencyType inner join Discussions as T3 on T3.EmergencyType = T2.EmergencyType where T3.rowid = ? ORDER BY T1.rowid ASC LIMIT 1
EmergencyAlliances,Effects,EmergencyBuffs,1,SELECT T1.rowid from EmergencyBuffs as T1 inner join EmergencyAlliances as T2 on T2.EmergencyType = T1.EmergencyType where T2.rowid = ? ORDER BY T1.rowid ASC
EmergencyAlliances,EmergencyTextBlock,EmergencyTexts,0,SELECT T1.rowid from EmergencyTexts as T1 inner join EmergencyAlliances as T2 on T2.EmergencyText = T1.Type where T2.rowid = ? ORDER BY T1.rowid ASC LIMIT 1
EmergencyAlliances,GoalTextBlock,EmergencyGoalTexts,0,SELECT T1.rowid from EmergencyGoalTexts as T1 inner join EmergencyAlliances as T2 on T2.GoalText = T1.GoalType where T2.rowid = ? ORDER BY T1.rowid ASC LIMIT 1
EmergencyAlliances,Rewards,EmergencyRewards,1,SELECT T1.rowid from EmergencyRewards as T1 inner join EmergencyAlliances as T2 on T2.EmergencyType = T1.EmergencyType where T2.rowid = ? ORDER BY T1.rowid ASC
Emergencies_XP2,DiscussionCollectionReference,Discussions,1,SELECT T1.rowid from Discussions as T1 inner join Emergencies_XP2 as T2 on T2.EmergencyType = T1.EmergencyType where T2.rowid = ? ORDER BY T1.rowid ASC
Emergencies_XP2,EmergencyReference,EmergencyAlliances,0,SELECT T1.rowid from EmergencyAlliances as T1 inner join Emergencies_XP2 as T2 on T2.EmergencyType = T1.EmergencyType where T2.rowid = ? ORDER BY T1.rowid ASC LIMIT 1
Emergencies_XP2,ScoreSources,EmergencyScoreSources,1,SELECT T1.rowid from EmergencyScoreSources as T1 inner join Emergencies_XP2 as T2 on T2.EmergencyType = T1.EmergencyType where T2.rowid = ? ORDER BY T1.rowid ASC
EmergencyBuffs,EmergencyRef,EmergencyAlliances,0,SELECT T1.rowid from EmergencyAlliances as T1 inner join EmergencyBuffs as T2 on T2.EmergencyType = T1.EmergencyType where T2.rowid = ? ORDER BY T1.rowid ASC LIMIT 1
Governors,PromotionCollection,GovernorPromotions,1,SELECT T1.rowid from GovernorPromotions as T1 inner join GovernorPromotionSets as T2 on T2.GovernorPromotion = T1.GovernorPromotionType inner join Governors as T3 on T3.GovernorType = T2.GovernorType where T3.rowid = ? ORDER BY T1.rowid ASC
Governors,SecretSocietyCollection,SecretSocieties,1,SELECT T1.rowid from SecretSocieties as T1 inner join Governors as T2 on T2.GovernorType = T1.GovernorType where T2.rowid = ? ORDER BY T1.rowid ASC
GovernorPromotions,GovernorCollection,Governors,1,SELECT T1.rowid from Governors as T1 inner join GovernorPromotionSets as T2 on T2.GovernorType = T1.GovernorType inner join GovernorPromotions as T3 on T3.GovernorPromotionType = T2.GovernorPromotion where T3.rowid = ? ORDER BY T1.rowid ASC
GovernorPromotions,PrereqGovernorPromotions,GovernorPromotions,1,SELECT T1.rowid from GovernorPromotions as T1 inner join GovernorPromotionPrereqs as T2 on T2.PrereqGovernorPromotion = T1.GovernorPromotionType inner join GovernorPromotions as T3 on T3.GovernorPromotionType = T2.GovernorPromotionType where T3.rowid = ? ORDER BY T1.rowid ASC
GovernorPromotionConditions,EarliestGameEraReference,Eras,0,SELECT T1.rowid from Eras as T1 inner join GovernorPromotionConditions as T2 on T2.EarliestGameEra = T1.EraType where T2.rowid = ? ORDER BY T1.rowid ASC LIMIT 1
GovernorPromotionModifiers,GovernorPromotionReference,GovernorPromotions,0,SELECT T1.rowid from GovernorPromotions as T1 inner join GovernorPromotionModifiers as T2 on T2.GovernorPromotionType = T1.GovernorPromotionType where T2.rowid = ? ORDER BY T1.rowid ASC LIMIT 1
GovernorReplaces,BaseGovernorReference,Governors,0,SELECT T1.rowid from Governors as T1 inner join GovernorReplaces as T2 on T2.ReplacesGovernorType = T1.GovernorType where T2.rowid = ? ORDER BY T1.rowid ASC LIMIT 1
GovernorReplaces,ReplacementGovernorReference,Governors,0,SELECT T1.rowid from Governors as T1 inner join GovernorReplaces as T2 on T2.UniqueGovernorType = T1.GovernorType where T2.rowid = ? ORDER BY T1.rowid ASC LIMIT 1
Moments,CommemorationReference,CommemorationTypes,0,SELECT T1.rowid from CommemorationTypes as T1 inner join Moments as T2 on T2.CommemorationType = T1.CommemorationType where T2.rowid = ? ORDER BY T1.rowid ASC LIMIT 1
Moments,MaximumGameEraReference,Eras,0,SELECT T1.rowid from Eras as T1 inner join Moments as T2 on T2.MaximumGameEra = T1.EraType where T2.rowid = ? ORDER BY T1.rowid ASC LIMIT 1
Moments,MinimumGameEraReference,Eras,0,SELECT T1.rowid from Eras as T1 inner join Moments as T2 on T2.MinimumGameEra = T1.EraType where T2.rowid = ? ORDER BY T1.rowid ASC LIMIT 1
Moments,ObsoleteEraReference,Eras,0,SELECT T1.rowid from Eras as T1 inner join Moments as T2 on T2.ObsoleteEra = T1.EraType where T2.rowid = ? ORDER BY T1.rowid ASC LIMIT 1
NamedDeserts,DesertCivilizations,Civilizations,1,SELECT T1.rowid from Civilizations as T1 inner join NamedDesertCivilizations as T2 on T2.CivilizationType = T1.CivilizationType inner join NamedDeserts as T3 on T3.NamedDesertType = T2.NamedDesertType where T3.rowid = ? ORDER BY T1.rowid ASC
NamedDesertCivilizations,NamedDesertReference,NamedDeserts,0,SELECT T1.rowid from NamedDeserts as T1 inner join NamedDesertCivilizations as T2 on T2.NamedDesertType = T1.NamedDesertType where T2.rowid = ? ORDER BY T1.rowid ASC LIMIT 1
NamedLakes,LakeCivilizations,Civilizations,1,SELECT T1.rowid from Civilizations as T1 inner join NamedLakeCivilizations as T2 on T2.CivilizationType = T1.CivilizationType inner join NamedLakes as T3 on T3.NamedLakeType = T2.NamedLakeType where T3.rowid = ? ORDER BY T1.rowid ASC
NamedLakeCivilizations,NamedLakeReference,NamedLakes,0,SELECT T1.rowid from NamedLakes as T1 inner join NamedLakeCivilizations as T2 on T2.NamedLakeType = T1.NamedLakeType where T2.rowid = ? ORDER BY T1.rowid ASC LIMIT 1
NamedMountains,MountainCivilizations,Civilizations,1,SELECT T1.rowid from Civilizations as T1 inner join NamedMountainCivilizations as T2 on T2.CivilizationType = T1.CivilizationType inner join NamedMountains as T3 on T3.NamedMountainType = T2.NamedMountainType where T3.rowid = ? ORDER BY T1.rowid ASC
NamedMountainCivilizations,NamedMountainReference,NamedMountains,0,SELECT T1.rowid from NamedMountains as T1 inner join NamedMountainCivilizations as T2 on T2.NamedMountainType = T1.NamedMountainType where T2.rowid = ? ORDER BY T1.rowid ASC LIMIT 1
NamedOceans,OceanCivilizations,Civilizations,1,SELECT T1.rowid from Civilizations as T1 inner join NamedOceanCivilizations as T2 on T2.CivilizationType = T1.CivilizationType inner join NamedOceans as T3 on T3.NamedOceanType = T2.NamedOceanType where T3.rowid = ? ORDER BY T1.rowid ASC
NamedOceanCivilizations,NamedOceanReference,NamedOceans,0,SELECT T1.rowid from NamedOceans as T1 inner join NamedOceanCivilizations as T2 on T2.NamedOceanType = T1.NamedOceanType where T2.rowid = ? ORDER BY T1.rowid ASC LIMIT 1
NamedRivers,RiverCivilizations,Civilizations,1,SELECT T1.rowid from Civilizations as T1 inner join NamedRiverCivilizations as T2 on T2.CivilizationType = T1.CivilizationType inner join NamedRivers as T3 on T3.NamedRiverType = T2.NamedRiverType where T3.rowid = ? ORDER BY T1.rowid ASC
NamedRiverCivilizations,NamedRiverReference,NamedRivers,0,SELECT T1.rowid from NamedRivers as T1 inner join NamedRiverCivilizations as T2 on T2.NamedRiverType = T1.NamedRiverType where T2.rowid = ? ORDER BY T1.rowid ASC LIMIT 1
NamedSeas,SeaCivilizations,Civilizations,1,SELECT T1.rowid from Civilizations as T1 inner join NamedSeaCivilizations as T2 on T2.CivilizationType = T1.CivilizationType inner join NamedSeas as T3 on T3.NamedSeaType = T2.NamedSeaType where T3.rowid = ? ORDER BY T1.rowid ASC
NamedSeaCivilizations,NamedSeaReference,NamedSeas,0,SELECT T1.rowid from NamedSeas as T1 inner join NamedSeaCivilizations as T2 on T2.NamedSeaType = T1.NamedSeaType where T2.rowid = ? ORDER BY T1.rowid ASC LIMIT 1
NamedVolcanoes,VolcanoCivilizations,Civilizations,1,SELECT T1.rowid from Civilizations as T1 inner join NamedVolcanoCivilizations as T2 on T2.CivilizationType = T1.CivilizationType inner join NamedVolcanoes as T3 on T3.NamedVolcanoType = T2.NamedVolcanoType where T3.rowid = ? ORDER BY T1.rowid ASC
NamedVolcanoCivilizations,NamedVolcanoReference,NamedVolcanoes,0,SELECT T1.rowid from NamedVolcanoes as T1 inner join NamedVolcanoCivilizations as T2 on T2.NamedVolcanoType = T1.NamedVolcanoType where T2.rowid = ? ORDER BY T1.rowid ASC LIMIT 1
Policies_XP1,MaximumGameEraReference,Eras,0,SELECT T1.rowid from Eras as T1 inner join Policies_XP1 as T2 on T2.MaximumGameEra = T1.EraType where T2.rowid = ? ORDER BY T1.rowid ASC LIMIT 1
Policies_XP1,MinimumGameEraReference,Eras,0,SELECT T1.rowid from Eras as T1 inner join Policies_XP1 as T2 on T2.MinimumGameEra = T1.EraType where T2.rowid = ? ORDER BY T1.rowid ASC LIMIT 1
Project_BuildingCosts,ConsumedBuildingReference,Buildings,0,SELECT T1.rowid from Buildings as T1 inner join Project_BuildingCosts as T2 on T2.ConsumedBuildingType = T1.BuildingType where T2.rowid = ? ORDER BY T1.rowid ASC LIMIT 1
Project_BuildingCosts,ProjectReference,Projects,0,SELECT T1.rowid from Projects as T1 inner join Project_BuildingCosts as T2 on T2.ProjectType = T1.ProjectType where T2.rowid = ? ORDER BY T1.rowid ASC LIMIT 1
Project_ResourceCosts,ProjectReference,Projects,0,SELECT T1.rowid from Projects as T1 inner join Project_ResourceCosts as T2 on T2.ProjectType = T1.ProjectType where T2.rowid = ? ORDER BY T1.rowid ASC LIMIT 1
Project_ResourceCosts,ResourceReference,Resources,0,SELECT T1.rowid from Resources as T1 inner join Project_ResourceCosts as T2 on T2.ResourceType = T1.ResourceType where T2.rowid = ? ORDER BY T1.rowid ASC LIMIT 1
Projects_XP2,BuildingCostCollectionReference,Project_BuildingCosts,1,SELECT T1.rowid from Project_BuildingCosts as T1 inner join Projects_XP2 as T2 on T2.ProjectType = T1.ProjectType where T2.rowid = ? ORDER BY T1.rowid ASC
Projects_XP2,CreateBuildingReference,Buildings,0,SELECT T1.rowid from Buildings as T1 inner join Projects_XP2 as T2 on T2.CreateBuilding = T1.BuildingType where T2.rowid = ? ORDER BY T1.rowid ASC LIMIT 1
Projects_XP2,EmergencyScoreCollectionReference,EmergencyScoreSources,1,SELECT T1.rowid from EmergencyScoreSources as T1 inner join Projects_XP2 as T2 on T2.ProjectType = T1.FromProject where T2.rowid = ? ORDER BY T1.rowid ASC
Projects_XP2,RequiredBuildingReference,Buildings,0,SELECT T1.rowid from Buildings as T1 inner join Projects_XP2 as T2 on T2.RequiredBuilding = T1.BuildingType where T2.rowid = ? ORDER BY T1.rowid ASC LIMIT 1
RandomAgendas_XP2,AgendaReference,Agendas,0,SELECT T1.rowid from Agendas as T1 inner join RandomAgendas_XP2 as T2 on T2.AgendaType = T1.AgendaType where T2.rowid = ? ORDER BY T1.rowid ASC LIMIT 1
RandomAgendas_XP2,RandomAgendaCollection,RandomAgendas,1,SELECT T1.rowid from RandomAgendas as T1 inner join Agendas as T2 on T2.AgendaType = T1.AgendaType inner join RandomAgendas_XP2 as T3 on T3.AgendaType = T2.AgendaType where T3.rowid = ? ORDER BY T1.rowid ASC
RandomAgendasForCivic,AgendaTagCollection,AgendaTags,1,SELECT T1.rowid from AgendaTags as T1 inner join RandomAgendaCivicTags as T2 on T2.AgendaTag = T1.AgendaTagType inner join Civics as T3 on T3.CivicType = T2.CivicType inner join RandomAgendasForCivic as T4 on T4.CivicType = T3.CivicType where T4.rowid = ? ORDER BY T1.rowid ASC
RandomAgendasForCivic,CivicReference,Civics,0,SELECT T1.rowid from Civics as T1 inner join RandomAgendasForCivic as T2 on T2.CivicType = T1.CivicType where T2.rowid = ? ORDER BY T1.rowid ASC LIMIT 1
RandomAgendasForCivic,VisibilityReference,Visibilities,0,SELECT T1.rowid from Visibilities as T1 inner join RandomAgendasForCivic as T2 on T2.VisibilityType = T1.VisibilityType where T2.rowid = ? ORDER BY T1.rowid ASC LIMIT 1
RandomAgendasInEra,AgendaTagCollection,AgendaTags,1,SELECT T1.rowid from AgendaTags as T1 inner join RandomAgendaEraTags as T2 on T2.AgendaTag = T1.AgendaTagType inner join Eras as T3 on T3.EraType = T2.EraType inner join RandomAgendasInEra as T4 on T4.EraType = T3.EraType where T4.rowid = ? ORDER BY T1.rowid ASC
RandomAgendasInEra,EraReference,Eras,0,SELECT T1.rowid from Eras as T1 inner join RandomAgendasInEra as T2 on T2.EraType = T1.EraType where T2.rowid = ? ORDER BY T1.rowid ASC LIMIT 1
RandomAgendasInEra,VisibilityReference,Visibilities,0,SELECT T1.rowid from Visibilities as T1 inner join RandomAgendasInEra as T2 on T2.VisibilityType = T1.VisibilityType where T2.rowid = ? ORDER BY T1.rowid ASC LIMIT 1
RandomEvents,DamageCollection,RandomEvent_Damages,1,SELECT T1.rowid from RandomEvent_Damages as T1 inner join RandomEvents as T2 on T2.RandomEventType = T1.RandomEventType where T2.rowid = ? ORDER BY T1.rowid ASC
RandomEvents,FrequencyCollection,RandomEvent_Frequencies,1,SELECT T1.rowid from RandomEvent_Frequencies as T1 inner join RandomEvents as T2 on T2.RandomEventType = T1.RandomEventType where T2.rowid = ? ORDER BY T1.rowid ASC
RandomEvents,NaturalWonderReference,Features,0,SELECT T1.rowid from Features as T1 inner join RandomEvents as T2 on T2.NaturalWonder = T1.FeatureType where T2.rowid = ? ORDER BY T1.rowid ASC LIMIT 1
RandomEvents,PillagedImprovementCollection,RandomEvent_PillagedImprovements,1,SELECT T1.rowid from RandomEvent_PillagedImprovements as T1 inner join RandomEvents as T2 on T2.RandomEventType = T1.RandomEventType where T2.rowid = ? ORDER BY T1.rowid ASC
RandomEvents,TerrainCollection,RandomEvent_Terrains,1,SELECT T1.rowid from RandomEvent_Terrains as T1 inner join RandomEvents as T2 on T2.RandomEventType = T1.RandomEventType where T2.rowid = ? ORDER BY T1.rowid ASC
RandomEvents,YieldCollection,RandomEvent_Yields,1,SELECT T1.rowid from RandomEvent_Yields as T1 inner join RandomEvents as T2 on T2.RandomEventType = T1.RandomEventType where T2.rowid = ? ORDER BY T1.rowid ASC
RandomEvent_Damages,RandomEventReference,RandomEvents,0,SELECT T1.rowid from RandomEvents as T1 inner join RandomEvent_Damages as T2 on T2.RandomEventType = T1.RandomEventType where T2.rowid = ? ORDER BY T1.rowid ASC LIMIT 1
Resolutions,AiChangeCollectionReference,CongressAiChanges,1,SELECT T1.rowid from CongressAiChanges as T1 inner join Resolutions as T2 on T2.ResolutionType = T1.ResolutionType where T2.rowid = ? ORDER BY T1.rowid ASC
Resolutions,Effects,ResolutionEffects,1,SELECT T1.rowid from ResolutionEffects as T1 inner join Resolutions as T2 on T2.ResolutionType = T1.ResolutionType where T2.rowid = ? ORDER BY T1.rowid ASC
Resource_Consumption,ResourceReference,Resources,0,SELECT T1.rowid from Resources as T1 inner join Resource_Consumption as T2 on T2.ResourceType = T1.ResourceType where T2.rowid = ? ORDER BY T1.rowid ASC LIMIT 1
Resource_Consumption,TechnologyReference,Technologies,0,SELECT T1.rowid from Technologies as T1 inner join Resource_Consumption as T2 on T2.ObsoleteTech = T1.TechnologyType where T2.rowid = ? ORDER BY T1.rowid ASC LIMIT 1
Route_ResourceCosts,ResourceReference,Resources,0,SELECT T1.rowid from Resources as T1 inner join Route_ResourceCosts as T2 on T2.ResourceType = T1.ResourceType where T2.rowid = ? ORDER BY T1.rowid ASC LIMIT 1
Route_ResourceCosts,RouteReference,Routes,0,SELECT T1.rowid from Routes as T1 inner join Route_ResourceCosts as T2 on T2.RouteType = T1.RouteType where T2.rowid = ? ORDER BY T1.rowid ASC LIMIT 1
Routes_XP2,PrereqTechReference,Technologies,0,SELECT T1.rowid from Technologies as T1 inner join Routes_XP2 as T2 on T2.PrereqTech = T1.TechnologyType where T2.rowid = ? ORDER BY T1.rowid ASC LIMIT 1
Routes_XP2,RouteReference,Routes,0,SELECT T1.rowid from Routes as T1 inner join Routes_XP2 as T2 on T2.RouteType = T1.RouteType where T2.rowid = ? ORDER BY T1.rowid ASC LIMIT 1
SecretSocieties,GovernorReference,Governors,0,SELECT T1.rowid from Governors as T1 inner join SecretSocieties as T2 on T2.GovernorType = T1.GovernorType where T2.rowid = ? ORDER BY T1.rowid ASC LIMIT 1
Units_XP2,ResourceReference,Resources,0,SELECT T1.rowid from Resources as T1 inner join Units_XP2 as T2 on T2.ResourceMaintenanceType = T1.ResourceType where T2.rowid = ? ORDER BY T1.rowid ASC LIMIT 1
