RequirementSetId,RequirementId
PLAYER_DECLARES_SURPRISE_WAR,REQUIRES_PLAYER_DECLARED_SURPRISE_WAR
PLAYER_DECLARES_SURPRISE_WAR,REQUIRES_PLAYERS_HAVE_MET
PLAYER_DECLARES_SURPRISE_WAR,REQUIRES_MAJOR_CIV_OPPONENT
PLAYER_DECLARES_JOINT_WAR,REQUIRES_PLAYER_DECLARED_JOINT_WAR
PLAYER_DECLARES_JOINT_WAR,REQUIRES_PLAYERS_HAVE_MET
PLAYER_DECLARES_WAR,REQUIRES_PLAYER_DECLARED_WAR
PLAYER_DECLARES_WAR,REQUIRES_PLAYERS_HAVE_MET
PLAYER_DECLARES_WAR,REQUIRES_MAJOR_CIV_OPPONENT
PLAYER_IS_KNOWN_MAJOR_CIV_AT_WAR,REQUIRES_MAJOR_CIV_OPPONENT
PLAYER_IS_KNOWN_MAJOR_CIV_AT_WAR,REQUIRES_PLAYERS_HAVE_MET
PLAYER_IS_KNOWN_MAJOR_CIV_AT_WAR,REQUIRES_AT_WAR_AND_HAS_MET
PLAYER_IS_KNOWN_MAJOR_CIV_AT_WAR,REQUIRES_MET_10_TURNS_AGO
PLAYER_WITH_SHIELD_OR_ON_IT,REQUIRES_MAJOR_CIV_OPPONENT
PLAYER_WITH_SHIELD_OR_ON_IT,REQUIRES_PLAYERS_HAVE_MET
PLAYER_WITH_SHIELD_OR_ON_IT,REQUIRES_MET_10_TURNS_AGO
PLAYER_WITH_SHIELD_OR_ON_IT,REQUIRES_PLAYER_WITH_SHIELD_OR_ON_IT
PLAYER_IS_MAJOR_CIV_KNOWN_10_TURNS,REQUIRES_MAJOR_CIV_OPPONENT
PLAYER_IS_MAJOR_CIV_KNOWN_10_TURNS,REQUIRES_MET_10_TURNS_AGO
PLAYER_IS_MAJOR_CIV_KNOWN_30_TURNS,REQUIRES_MAJOR_CIV_OPPONENT
PLAYER_IS_MAJOR_CIV_KNOWN_30_TURNS,REQUIRES_MET_30_TURNS_AGO
PLAYER_HAS_DESIRED_LUXURY,REQUIRES_MAJOR_CIV_OPPONENT
PLAYER_HAS_DESIRED_LUXURY,REQUIRES_MET_10_TURNS_AGO
PLAYER_HAS_DESIRED_LUXURY,REQUIRES_HAS_DESIRED_LUXURY
PLAYER_HAS_NO_DESIRED_LUXURY,REQUIRES_MAJOR_CIV_OPPONENT
PLAYER_HAS_NO_DESIRED_LUXURY,REQUIRES_MET_10_TURNS_AGO
PLAYER_HAS_NO_DESIRED_LUXURY,REQUIRES_HAS_NO_DESIRED_LUXURY
PLAYER_ATTACKED_CONTINENT,REQUIRES_MAJOR_CIV_OPPONENT
PLAYER_ATTACKED_CONTINENT,REQUIRES_PLAYERS_HAVE_MET
PLAYER_ATTACKED_CONTINENT,REQUIRES_ATTACKED_CONTINENT
PLAYER_PEACEFUL_ON_CONTINENT,REQUIRES_MAJOR_CIV_OPPONENT
PLAYER_PEACEFUL_ON_CONTINENT,REQUIRES_MET_10_TURNS_AGO
PLAYER_PEACEFUL_ON_CONTINENT,REQUIRES_PEACEFUL_ON_CONTINENT
PLAYER_LAGS_GREAT_PEOPLE,REQUIRES_MAJOR_CIV_OPPONENT
PLAYER_LAGS_GREAT_PEOPLE,REQUIRES_MET_10_TURNS_AGO
PLAYER_LAGS_GREAT_PEOPLE,REQUIRES_LAGS_GREAT_PEOPLE
PLAYER_LEADS_GREAT_PEOPLE,REQUIRES_MAJOR_CIV_OPPONENT
PLAYER_LEADS_GREAT_PEOPLE,REQUIRES_MET_10_TURNS_AGO
PLAYER_LEADS_GREAT_PEOPLE,REQUIRES_LEADS_GREAT_PEOPLE
PLAYER_HAS_HIGH_CULTURE,REQUIRES_MAJOR_CIV_OPPONENT
PLAYER_HAS_HIGH_CULTURE,REQUIRES_MET_30_TURNS_AGO
PLAYER_HAS_HIGH_CULTURE,REQUIRES_HAS_HIGH_CULTURE
PLAYER_HAS_LOW_CULTURE,REQUIRES_MAJOR_CIV_OPPONENT
PLAYER_HAS_LOW_CULTURE,REQUIRES_MET_30_TURNS_AGO
PLAYER_HAS_LOW_CULTURE,REQUIRES_HAS_LOW_CULTURE
PLAYER_HAS_HIGH_CITY_STATE_PROTECTION,REQUIRES_MAJOR_CIV_OPPONENT
PLAYER_HAS_HIGH_CITY_STATE_PROTECTION,REQUIRES_MET_30_TURNS_AGO
PLAYER_HAS_HIGH_CITY_STATE_PROTECTION,REQUIRES_HIGH_CITY_STATE_PROTECTION
PLAYER_HAS_MED_CITY_STATE_PROTECTION,REQUIRES_MAJOR_CIV_OPPONENT
PLAYER_HAS_MED_CITY_STATE_PROTECTION,REQUIRES_MET_30_TURNS_AGO
PLAYER_HAS_MED_CITY_STATE_PROTECTION,REQUIRES_MED_CITY_STATE_PROTECTION
PLAYER_HAS_MED_CITY_STATE_AGGRESSION,REQUIRES_MAJOR_CIV_OPPONENT
PLAYER_HAS_MED_CITY_STATE_AGGRESSION,REQUIRES_MET_30_TURNS_AGO
PLAYER_HAS_MED_CITY_STATE_AGGRESSION,REQUIRES_MED_CITY_STATE_AGGRESSION
PLAYER_HAS_HIGH_CITY_STATE_AGGRESSION,REQUIRES_MAJOR_CIV_OPPONENT
PLAYER_HAS_HIGH_CITY_STATE_AGGRESSION,REQUIRES_MET_30_TURNS_AGO
PLAYER_HAS_HIGH_CITY_STATE_AGGRESSION,REQUIRES_HIGH_CITY_STATE_AGGRESSION
PLAYER_HAS_HIGH_FAITH,REQUIRES_MAJOR_CIV_OPPONENT
PLAYER_HAS_HIGH_FAITH,REQUIRES_MET_30_TURNS_AGO
PLAYER_HAS_HIGH_FAITH,REQUIRES_HAS_HIGH_FAITH
PLAYER_HAS_LOW_FAITH,REQUIRES_MAJOR_CIV_OPPONENT
PLAYER_HAS_LOW_FAITH,REQUIRES_MET_30_TURNS_AGO
PLAYER_HAS_LOW_FAITH,REQUIRES_HAS_LOW_FAITH
PLAYERS_ARE_NEIGHBORS,REQUIRES_MAJOR_CIV_OPPONENT
PLAYERS_ARE_NEIGHBORS,REQUIRES_NEIGHBOR_CIVS
PLAYERS_ARE_NEIGHBORS,REQUIRES_MET_10_TURNS_AGO
PLAYERS_ARE_NOT_NEIGHBORS,REQUIRES_MAJOR_CIV_OPPONENT
PLAYERS_ARE_NOT_NEIGHBORS,REQUIRES_NOT_NEIGHBOR_CIVS
PLAYERS_ARE_NOT_NEIGHBORS,REQUIRES_MET_10_TURNS_AGO
PLAYER_CLEARS_BARBARIAN_CAMPS,REQUIRES_MAJOR_CIV_OPPONENT
PLAYER_CLEARS_BARBARIAN_CAMPS,REQUIRES_PLAYERS_HAVE_MET
PLAYER_CLEARS_BARBARIAN_CAMPS,REQUIRES_CLEARS_BARBARIAN_CAMPS
PLAYER_IGNORES_BARBARIAN_CAMPS,REQUIRES_MAJOR_CIV_OPPONENT
PLAYER_IGNORES_BARBARIAN_CAMPS,REQUIRES_MET_30_TURNS_AGO
PLAYER_IGNORES_BARBARIAN_CAMPS,REQUIRES_IGNORES_BARBARIAN_CAMPS
PLAYER_HAS_HIGH_EXPLORATION,REQUIRES_MAJOR_CIV_OPPONENT
PLAYER_HAS_HIGH_EXPLORATION,REQUIRES_MET_30_TURNS_AGO
PLAYER_HAS_HIGH_EXPLORATION,REQUIRES_HAS_HIGH_EXPLORATION
PLAYER_HAS_LOW_EXPLORATION,REQUIRES_MAJOR_CIV_OPPONENT
PLAYER_HAS_LOW_EXPLORATION,REQUIRES_MET_30_TURNS_AGO
PLAYER_HAS_LOW_EXPLORATION,REQUIRES_HAS_LOW_EXPLORATION
PLAYER_HAS_HIGH_INDUSTRY,REQUIRES_MAJOR_CIV_OPPONENT
PLAYER_HAS_HIGH_INDUSTRY,REQUIRES_MET_30_TURNS_AGO
PLAYER_HAS_HIGH_INDUSTRY,REQUIRES_HAS_HIGH_INDUSTRY
PLAYER_HAS_LOW_INDUSTRY,REQUIRES_MAJOR_CIV_OPPONENT
PLAYER_HAS_LOW_INDUSTRY,REQUIRES_MET_30_TURNS_AGO
PLAYER_HAS_LOW_INDUSTRY,REQUIRES_HAS_LOW_INDUSTRY
PLAYER_HAS_HIGH_HAPPINESS,REQUIRES_MAJOR_CIV_OPPONENT
PLAYER_HAS_HIGH_HAPPINESS,REQUIRES_MET_30_TURNS_AGO
PLAYER_HAS_HIGH_HAPPINESS,REQUIRES_HAS_HIGH_HAPPINESS
PLAYER_HAS_LOW_HAPPINESS,REQUIRES_MAJOR_CIV_OPPONENT
PLAYER_HAS_LOW_HAPPINESS,REQUIRES_MET_30_TURNS_AGO
PLAYER_HAS_LOW_HAPPINESS,REQUIRES_HAS_LOW_HAPPINESS
PLAYER_HAS_HIGH_INCOME,REQUIRES_MAJOR_CIV_OPPONENT
PLAYER_HAS_HIGH_INCOME,REQUIRES_MET_30_TURNS_AGO
PLAYER_HAS_HIGH_INCOME,REQUIRES_HAS_HIGH_INCOME
PLAYER_HAS_LOW_INCOME,REQUIRES_MAJOR_CIV_OPPONENT
PLAYER_HAS_LOW_INCOME,REQUIRES_MET_30_TURNS_AGO
PLAYER_HAS_LOW_INCOME,REQUIRES_HAS_LOW_INCOME
PLAYER_HAS_HIGH_POPULATION,REQUIRES_MAJOR_CIV_OPPONENT
PLAYER_HAS_HIGH_POPULATION,REQUIRES_MET_30_TURNS_AGO
PLAYER_HAS_HIGH_POPULATION,REQUIRES_HAS_HIGH_POPULATION
PLAYER_HAS_LOW_POPULATION,REQUIRES_MAJOR_CIV_OPPONENT
PLAYER_HAS_LOW_POPULATION,REQUIRES_MET_30_TURNS_AGO
PLAYER_HAS_LOW_POPULATION,REQUIRES_HAS_LOW_POPULATION
PLAYER_HAS_HIGH_STANDING_ARMY,REQUIRES_MAJOR_CIV_OPPONENT
PLAYER_HAS_HIGH_STANDING_ARMY,REQUIRES_MET_30_TURNS_AGO
PLAYER_HAS_HIGH_STANDING_ARMY,REQUIRES_HAS_HIGH_STANDING_ARMY
PLAYER_HAS_LOW_STANDING_ARMY,REQUIRES_MAJOR_CIV_OPPONENT
PLAYER_HAS_LOW_STANDING_ARMY,REQUIRES_MET_30_TURNS_AGO
PLAYER_HAS_LOW_STANDING_ARMY,REQUIRES_HAS_LOW_STANDING_ARMY
PLAYER_HAS_HIGH_AIRPOWER,REQUIRES_MAJOR_CIV_OPPONENT
PLAYER_HAS_HIGH_AIRPOWER,REQUIRES_MET_30_TURNS_AGO
PLAYER_HAS_HIGH_AIRPOWER,REQUIRES_PLAYER_HAS_FLIGHT
PLAYER_HAS_HIGH_AIRPOWER,REQUIRES_HAS_HIGH_AIRPOWER
PLAYER_HAS_LOW_AIRPOWER,REQUIRES_MAJOR_CIV_OPPONENT
PLAYER_HAS_LOW_AIRPOWER,REQUIRES_MET_30_TURNS_AGO
PLAYER_HAS_LOW_AIRPOWER,REQUIRES_PLAYER_HAS_FLIGHT
PLAYER_HAS_LOW_AIRPOWER,REQUIRES_HAS_LOW_AIRPOWER
AGENDA_REQUIRE_PLAYER_HAS_SAME_GOVERNMENT,REQUIRES_MAJOR_CIV_OPPONENT
AGENDA_REQUIRE_PLAYER_HAS_SAME_GOVERNMENT,REQUIRES_MET_30_TURNS_AGO
AGENDA_REQUIRE_PLAYER_HAS_SAME_GOVERNMENT,REQUIRES_HAS_SAME_GOVERNMENT
AGENDA_REQUIRE_PLAYER_HAS_DIFFERENT_GOVERNMENT,REQUIRES_MAJOR_CIV_OPPONENT
AGENDA_REQUIRE_PLAYER_HAS_DIFFERENT_GOVERNMENT,REQUIRES_MET_30_TURNS_AGO
AGENDA_REQUIRE_PLAYER_HAS_DIFFERENT_GOVERNMENT,REQUIRES_HAS_DIFFERENT_GOVERNMENT
PLAYER_HAS_HIGH_NUKE_LOVE,REQUIRES_MAJOR_CIV_OPPONENT
PLAYER_HAS_HIGH_NUKE_LOVE,REQUIRES_MET_30_TURNS_AGO
PLAYER_HAS_HIGH_NUKE_LOVE,REQUIRES_HIGH_NUKE_LOVE
PLAYER_HAS_NUCLEAR_FISSION_REQUIREMENT,REQUIRES_PLAYER_HAS_NUCLEAR_FISSION
PLAYER_HAS_LOW_NUKE_LOVE,REQUIRES_MAJOR_CIV_OPPONENT
PLAYER_HAS_LOW_NUKE_LOVE,REQUIRES_MET_30_TURNS_AGO
PLAYER_HAS_LOW_NUKE_LOVE,REQUIRES_LOW_NUKE_LOVE
PLAYER_HAS_HIGH_SCIENCE,REQUIRES_MAJOR_CIV_OPPONENT
PLAYER_HAS_HIGH_SCIENCE,REQUIRES_MET_30_TURNS_AGO
PLAYER_HAS_HIGH_SCIENCE,REQUIRES_HAS_HIGH_SCIENCE
PLAYER_HAS_LOW_SCIENCE,REQUIRES_MAJOR_CIV_OPPONENT
PLAYER_HAS_LOW_SCIENCE,REQUIRES_MET_30_TURNS_AGO
PLAYER_HAS_LOW_SCIENCE,REQUIRES_HAS_LOW_SCIENCE
PLAYER_LAGS_WONDERS,REQUIRES_MAJOR_CIV_OPPONENT
PLAYER_LAGS_WONDERS,REQUIRES_MET_10_TURNS_AGO
PLAYER_LAGS_WONDERS,REQUIRES_LAGS_WONDERS
PLAYER_LEADS_WONDERS,REQUIRES_MAJOR_CIV_OPPONENT
PLAYER_LEADS_WONDERS,REQUIRES_MET_10_TURNS_AGO
PLAYER_LEADS_WONDERS,REQUIRES_LEADS_WONDERS
PLAYER_LAGS_PROGRESS,REQUIRES_MAJOR_CIV_OPPONENT
PLAYER_LAGS_PROGRESS,REQUIRES_MET_10_TURNS_AGO
PLAYER_LAGS_PROGRESS,REQUIRES_LAGS_PROGRESS
PLAYER_LEADS_PROGRESS,REQUIRES_MAJOR_CIV_OPPONENT
PLAYER_LEADS_PROGRESS,REQUIRES_MET_10_TURNS_AGO
PLAYER_LEADS_PROGRESS,REQUIRES_LEADS_PROGRESS
PLAYER_NOT_WARMONGER_SUBJECT,REQUIRES_MAJOR_CIV_OPPONENT
PLAYER_NOT_WARMONGER_SUBJECT,REQUIRES_MET_10_TURNS_AGO
PLAYER_NOT_WARMONGER_SUBJECT,REQUIRES_NOT_WARMONGER_SUBJECT
PLAYER_SAME_RELIGION,REQUIRES_MAJOR_CIV_OPPONENT
PLAYER_SAME_RELIGION,REQUIRES_MET_10_TURNS_AGO
PLAYER_SAME_RELIGION,REQUIRES_SAME_RELIGION
PLAYER_ENCROACHING_RELIGION,REQUIRES_MAJOR_CIV_OPPONENT
PLAYER_ENCROACHING_RELIGION,REQUIRES_MET_10_TURNS_AGO
PLAYER_ENCROACHING_RELIGION,REQUIRES_PLAYER_CITY_CONVERTED
PLAYER_NOT_COMPETING_MINORS,REQUIRES_MAJOR_CIV_OPPONENT
PLAYER_NOT_COMPETING_MINORS,REQUIRES_MET_10_TURNS_AGO
PLAYER_NOT_COMPETING_MINORS,REQUIRES_NOT_COMPETING_MINORS
PLAYER_COMPETING_MINORS,REQUIRES_MAJOR_CIV_OPPONENT
PLAYER_COMPETING_MINORS,REQUIRES_MET_10_TURNS_AGO
PLAYER_COMPETING_MINORS,REQUIRES_COMPETING_MINORS
PLAYER_RELIGION_RECEIVED,REQUIRES_MAJOR_CIV_OPPONENT
PLAYER_RELIGION_RECEIVED,REQUIRES_MET_10_TURNS_AGO
PLAYER_RELIGION_RECEIVED,REQUIRES_RELIGION_RECEIVED
PLAYER_RELIGION_NOT_RECEIVED,REQUIRES_MAJOR_CIV_OPPONENT
PLAYER_RELIGION_NOT_RECEIVED,REQUIRES_MET_10_TURNS_AGO
PLAYER_RELIGION_NOT_RECEIVED,REQUIRES_RELIGION_NOT_RECEIVED
PLAYER_NOT_INVOLVED_MINORS,REQUIRES_MAJOR_CIV_OPPONENT
PLAYER_NOT_INVOLVED_MINORS,REQUIRES_MET_10_TURNS_AGO
PLAYER_NOT_INVOLVED_MINORS,REQUIRES_NOT_INVOLVED_MINORS
PLAYER_CONQUERING_ALLYING_MINORS,REQUIRES_MAJOR_CIV_OPPONENT
PLAYER_CONQUERING_ALLYING_MINORS,REQUIRES_MET_10_TURNS_AGO
PLAYER_CONQUERING_ALLYING_MINORS,REQUIRES_CONQUERING_ALLYING_MINORS
PLAYER_SAME_HOME_CONTINENT,REQUIRES_MAJOR_CIV_OPPONENT
PLAYER_SAME_HOME_CONTINENT,REQUIRES_MET_10_TURNS_AGO
PLAYER_SAME_HOME_CONTINENT,REQUIRES_SAME_HOME_CONTINENT
PLAYER_ON_NEW_CONTINENT,REQUIRES_MAJOR_CIV_OPPONENT
PLAYER_ON_NEW_CONTINENT,REQUIRES_MET_10_TURNS_AGO
PLAYER_ON_NEW_CONTINENT,REQUIRES_ON_NEW_CONTINENT
CITY_FOLLOWS_PANTHEON_REQUIREMENTS,REQUIRES_CITY_FOLLOWS_PANTHEON
CITY_FOLLOWS_RELIGION_REQUIREMENTS,REQUIRES_CITY_FOLLOWS_RELIGION
CITY_FOLLOWS_RELIGION_WITH_2 DISTRICTS_REQUIREMENTS,REQUIRES_CITY_FOLLOWS_RELIGION
CITY_FOLLOWS_RELIGION_WITH_2 DISTRICTS_REQUIREMENTS,REQUIRES_CITY_HAS_2_SPECIALTY_DISTRICTS
CITY_HAS_0_SPECIALTY_DISTRICTS_REQUIREMENTS,REQUIRES_CITY_HAS_0_SPECIALTY_DISTRICTS
DEFENDER_OF_FAITH_REQUIREMENTS,REQUIRES_PLAYER_FOUNDED_RELIGION
DEFENDER_OF_FAITH_REQUIREMENTS,REQUIRES_UNIT_NEAR_FRIENDLY_RELIGIOUS_CITY
DEFENDER_OF_FAITH_REQUIREMENTS,REQUIRES_NON_RELIGIOUS_UNIT
DEFENDER_OF_FAITH_REQUIREMENTS,REQUIRES_NON_SUPPORT_UNIT
JUST_WAR_REQUIREMENTS,REQUIRES_PLAYER_FOUNDED_RELIGION
JUST_WAR_REQUIREMENTS,REQUIRES_UNIT_NEAR_ENEMY_RELIGIOUS_CITY
JUST_WAR_REQUIREMENTS,REQUIRES_NON_RELIGIOUS_UNIT
JUST_WAR_REQUIREMENTS,REQUIRES_NON_SUPPORT_UNIT
CITY_FOLLOWS_RELIGION_HAS_SHRINE,REQUIRES_CITY_FOLLOWS_RELIGION
CITY_FOLLOWS_RELIGION_HAS_SHRINE,REQUIRES_CITY_HAS_SHRINE
CITY_FOLLOWS_RELIGION_HAS_TEMPLE,REQUIRES_CITY_FOLLOWS_RELIGION
CITY_FOLLOWS_RELIGION_HAS_TEMPLE,REQUIRES_CITY_HAS_TEMPLE
CITY_FOLLOWS_RELIGION_HAS_STAVE,REQUIRES_CITY_FOLLOWS_RELIGION
CITY_FOLLOWS_RELIGION_HAS_STAVE,REQUIRES_CITY_HAS_STAVE
PLAYER_FOUNDED_RELIGION_REQUIREMENTS,REQUIRES_PLAYER_FOUNDED_RELIGION
PLOT_HAS_HOLY_SITE_RIVER_REQUIREMENTS,REQUIRES_PLOT_HAS_HOLY_SITE
PLOT_HAS_HOLY_SITE_RIVER_REQUIREMENTS,REQUIRES_PLOT_ADJACENT_TO_RIVER
PLOT_HAS_REEDS_REQUIREMENTS,REQUIRES_PLOT_HAS_MARSH
PLOT_HAS_REEDS_REQUIREMENTS,REQUIRES_PLOT_HAS_OASIS
PLOT_HAS_REEDS_REQUIREMENTS,REQUIRES_PLOT_HAS_FLOODPLAINS
PLOT_HAS_FISHINGBOATS_REQUIREMENTS,REQUIRES_PLOT_HAS_FISHINGBOATS
PLOT_HAS_PASTURE_REQUIREMENTS,REQUIRES_PLOT_HAS_PASTURE
PLOT_HAS_CAMP_REQUIREMENTS,REQUIRES_PLOT_HAS_CAMP
PLOT_HAS_QUARRY_REQUIREMENTS,REQUIRES_PLOT_HAS_QUARRY
PLOT_HAS_BONUS_MINE_REQUIREMENTS,REQUIRES_PLOT_HAS_BONUS
PLOT_HAS_BONUS_MINE_REQUIREMENTS,REQUIRES_PLOT_HAS_MINE
PLOT_HAS_LUXURY_MINE_REQUIREMENTS,REQUIRES_PLOT_HAS_LUXURY
PLOT_HAS_LUXURY_MINE_REQUIREMENTS,REQUIRES_PLOT_HAS_MINE
PLOT_HAS_STRATEGIC_MINE_REQUIREMENTS,REQUIRES_PLOT_HAS_STRATEGIC
PLOT_HAS_STRATEGIC_MINE_REQUIREMENTS,REQUIRES_PLOT_HAS_MINE
PLOT_HAS_STRATEGIC_MINE_REQUIREMENTS,REQUIRES_PLOT_HAS_VISIBLE_RESOURCE
PLOT_HAS_PLANTATION_TAG_REQUIREMENTS,REQUIRES_PLOT_HAS_PLANTATION
PLOT_HAS_PLANTATION_TAG_REQUIREMENTS,REQUIRES_PLOT_HAS_TAG_GODDESS_OF_FESTIVAL
PLOT_HAS_PLANTATION_TAG2_REQUIREMENTS,REQUIRES_PLOT_HAS_PLANTATION
PLOT_HAS_PLANTATION_TAG2_REQUIREMENTS,REQUIRES_PLOT_HAS_TAG_ORAL_TRADITION
PLOT_EIGHT_INCLUDE_HOLY_SITE,REQUIRES_PLOT_WITHIN_EIGHT_HOLY_SITE
PLOT_ADJACENT_INCLUDE_HOLY_SITE,REQUIRES_PLOT_ADJACENT_HOLY_SITE
PLAYER_HAS_PANTHEON_REQUIREMENTS,REQUIRES_PLAYER_HAS_PANTHEON
PLOT_CHARMING_APPEAL,REQUIRES_PLOT_CHARMING_APPEAL
RESOURCE_IS_RICE,REQUIRES_RICE_IN_PLOT
RESOURCE_IS_WHEAT,REQUIRES_WHEAT_IN_PLOT
CITY_HAS_CHICHEN_ITZA_REQUIREMENTS,REQUIRES_CITY_HAS_CHICHEN_ITZA
PLOT_HAS_JUNGLE_REQUIREMENTS,REQUIRES_PLOT_HAS_JUNGLE
CITY_HAS_LIGHTHOUSE_REQUIREMENTS,REQUIRES_CITY_HAS_LIGHTHOUSE
PLOT_HAS_COAST_REQUIREMENTS,REQUIRES_PLOT_HAS_COAST
PETRA_YIELD_MODIFIER_REQUIREMENTS,PETRA_YIELD_MODIFIER_REQUIRES_PLOT_HAS_DESERT
PETRA_YIELD_MODIFIER_REQUIREMENTS,REQUIRES_PLOT_HAS_NO_FLOODPLAINS
RUHR_VALLEY_PRODUCTION_MODIFIER_REQUIREMENTS,REQUIRES_PLOT_HAS_QUARRY
RUHR_VALLEY_PRODUCTION_MODIFIER_REQUIREMENTS,REQUIRES_PLOT_HAS_MINE
CITY_HAS_SEAPORT_REQUIREMENTS,REQUIRES_CITY_HAS_SEAPORT
BARRACKS_UNIT_REQUIREMENTS,REQUIREMENT_UNIT_IS_MELEE
BARRACKS_UNIT_REQUIREMENTS,REQUIREMENT_UNIT_IS_RANGED
BARRACKS_UNIT_REQUIREMENTS,REQUIREMENT_UNIT_IS_ANTI_CAV
STABLE_UNIT_REQUIREMENTS,UNIT_IS_HEAVY_CAVALRY
STABLE_UNIT_REQUIREMENTS,UNIT_IS_LIGHT_CAVALRY
STABLE_UNIT_REQUIREMENTS,REQUIREMENT_UNIT_IS_SIEGE
ARMORY_LAND_REQUIREMENTS,REQUIRES_LAND_DOMAIN
MILITARYACADEMY_XP_LAND_REQUIREMENTS,REQUIRES_LAND_DOMAIN
LIGHTHOUSE_SEA_REQUIREMENTS,REQUIRES_SEA_DOMAIN
SHIPYARD_SEA_REQUIREMENTS,REQUIRES_SEA_DOMAIN
SEAPORT_SEA_REQUIREMENTS,REQUIRES_SEA_DOMAIN
HANGAR_UNIT_REQUIREMENTS,REQUIRES_AIR_DOMAIN
AIRPORT_UNIT_REQUIREMENTS,REQUIRES_AIR_DOMAIN
MOSQUE_RELIGIOUS_UNIT,REQUIRES_RELIGIOUS_UNIT
PLAYER_HAS_ELECTRICITYTECHNOLOGY_REQUIREMENTS,REQUIRES_PLAYER_HAS_ELECTRICITYTECHNOLOGY
STONEHENGE_PROPHET_REQUIREMENTS,REQUIRES_PLAYER_CAN_EVER_EARN_PROPHET
STONEHENGE_APOSTLE_REQUIREMENTS,REQUIRES_PLAYER_CAN_NOT_EVER_EARN_PROPHET
STAVE_CHURCH_SEA_RESOURCE_REQUIREMENTS,REQUIRES_PLOT_HAS_VISIBLE_RESOURCE
STAVE_CHURCH_SEA_RESOURCE_REQUIREMENTS,REQUIRES_PLOT_HAS_COAST
CITY_HAS_PETRA_REQUIREMENTS,REQUIRES_CITY_HAS_PETRA
PRODUCTION_PLOT_HAS_DESERT_REQUIREMENTS,REQUIRES_PLOT_HAS_DESERT
GOLD_PLOT_HAS_DESERT_REQUIREMENTS,REQUIRES_PLOT_HAS_DESERT
FOOD_PLOT_HAS_DESERT_REQUIREMENTS,REQUIRES_PLOT_HAS_DESERT
PRODUCTION_PLOT_HAS_DESERT_REQUIREMENTS,REQUIRES_PLOT_HAS_NO_FLOODPLAINS
GOLD_PLOT_HAS_DESERT_REQUIREMENTS,REQUIRES_PLOT_HAS_NO_FLOODPLAINS
FOOD_PLOT_HAS_DESERT_REQUIREMENTS,REQUIRES_PLOT_HAS_NO_FLOODPLAINS
PRODUCTION_PLOT_HAS_DESERT_HILLS_REQUIREMENTS,REQUIRES_PLOT_HAS_NO_FLOODPLAINS
FOOD_PLOT_HAS_DESERT_HILLS_REQUIREMENTS,REQUIRES_PLOT_HAS_NO_FLOODPLAINS
GOLD_PLOT_HAS_DESERT_HILLS_REQUIREMENTS,REQUIRES_PLOT_HAS_NO_FLOODPLAINS
PRODUCTION_PLOT_HAS_DESERT_HILLS_REQUIREMENTS,REQUIRES_PLOT_HAS_DESERT_HILLS
FOOD_PLOT_HAS_DESERT_HILLS_REQUIREMENTS,REQUIRES_PLOT_HAS_DESERT_HILLS
GOLD_PLOT_HAS_DESERT_HILLS_REQUIREMENTS,REQUIRES_PLOT_HAS_DESERT_HILLS
PLOT_HAS_MINE_REQUIREMENTS,REQUIRES_PLOT_HAS_MINE
DISTRICT_IS_CITY_CENTER_ANCIENT,REQUIRES_DISTRICT_IS_CITY_CENTER
DISTRICT_IS_CITY_CENTER_ANCIENT,REQUIRES_CITY_HAS_ANCIENT_WALLS
DISTRICT_IS_CITY_CENTER_MEDIEVAL,REQUIRES_DISTRICT_IS_CITY_CENTER
DISTRICT_IS_CITY_CENTER_MEDIEVAL,REQUIRES_CITY_HAS_MEDIEVAL_WALLS
DISTRICT_IS_CITY_CENTER_RENAISSANCE,REQUIRES_DISTRICT_IS_CITY_CENTER
DISTRICT_IS_CITY_CENTER_RENAISSANCE,REQUIRES_CITY_HAS_RENAISSANCE_WALLS
CITY_HAS_ANCIENT_WALLS,REQUIRES_CITY_HAS_ANCIENT_WALLS
CITY_HAS_RENAISSANCE_WALLS,REQUIRES_CITY_HAS_RENAISSANCE_WALLS
REQUIREMENTS_PLOT_HAS_FARM,REQUIRES_PLOT_HAS_FARM
REQUIREMENTS_OPPONENT_IS_BARBARIAN,REQUIRES_OPPONENT_IS_BARBARIAN
REQUIREMENTS_CITY_HAS_LAVRA,REQUIRES_CITY_HAS_LAVRA
REQUIREMENTS_CITY_HAS_SHRINE,REQUIRES_CITY_HAS_SHRINE_BASE
REQUIREMENTS_CITY_HAS_TEMPLE,REQUIRES_CITY_HAS_TEMPLE_BASE
REQUIREMENTS_CITY_HAS_TIER3RELIGIOUS,REQUIRES_CITY_HAS_CATHEDRAL_BASE
REQUIREMENTS_CITY_HAS_TIER3RELIGIOUS,REQUIRES_CITY_HAS_DAR_E_MEHR_BASE
REQUIREMENTS_CITY_HAS_TIER3RELIGIOUS,REQUIRES_CITY_HAS_GURDWARA_BASE
REQUIREMENTS_CITY_HAS_TIER3RELIGIOUS,REQUIRES_CITY_HAS_MEETING_HOUSE_BASE
REQUIREMENTS_CITY_HAS_TIER3RELIGIOUS,REQUIRES_CITY_HAS_MOSQUE_BASE
REQUIREMENTS_CITY_HAS_TIER3RELIGIOUS,REQUIRES_CITY_HAS_PAGODA_BASE
REQUIREMENTS_CITY_HAS_TIER3RELIGIOUS,REQUIRES_CITY_HAS_STUPA_BASE
REQUIREMENTS_CITY_HAS_TIER3RELIGIOUS,REQUIRES_CITY_HAS_SYNAGOGUE_BASE
REQUIREMENTS_CITY_HAS_TIER3RELIGIOUS,REQUIRES_CITY_HAS_WAT_BASE
PLOT_HAS_TUNDRA_REQUIREMENTS,REQUIRES_PLOT_HAS_TUNDRA
PLOT_HAS_TUNDRA_HILLS_REQUIREMENTS,REQUIRES_PLOT_HAS_TUNDRA_HILLS
UNIT_IS_DOMAIN_LAND,REQUIRES_UNIT_IS_DOMAIN_LAND
PLAYER_HAS_SHIPBUILDING_TECH,REQUIRES_PLAYER_HAS_SHIPBUILDING_TECH
HARBOR_TRADE_ROUTE_CAPACITY_REQUIREMENTS,REQUIRES_NO_COMMERCIAL_HUB
DOCKYARD_SEA_REQUIREMENTS,REQUIRES_SEA_DOMAIN
DOCKYARD_FOREIGN_CONTINENT_REQUIREMENTS,REQUIRES_CITY_IS_NOT_OWNER_CAPITAL_CONTINENT
DEAD_SEA_REQUIREMENTS,MAP_CONTAINS_DEAD_SEA
EVEREST_REQUIREMENTS,MAP_CONTAINS_EVEREST
DEAD_SEA_ADJACENT_UNITS_ADJUST_HEAL_PER_TURN_REQUIREMENTS,REQUIRES_LAND_UNIT
DEAD_SEA_ADJACENT_UNITS_ADJUST_HEAL_PER_TURN_REQUIREMENTS,DEAD_SEA_REQUIRES_ADJACENT_UNIT
EVEREST_ADJACENT_UNITS_GRANT_ABILITY_REQUIREMENTS,REQUIRES_LAND_UNIT
EVEREST_ADJACENT_UNITS_GRANT_ABILITY_REQUIREMENTS,EVEREST_REQUIRES_ADJACENT_UNIT
CITY_HAS_MEDIEVAL_WALLS,REQUIRES_CITY_HAS_MEDIEVAL_WALLS
AOE_CLASSICAL_REQUIREMENTS,AOE_REQUIRES_CLASSICAL_UNIT
AOE_CLASSICAL_REQUIREMENTS,AOE_REQUIRES_MEDIEVAL_UNIT
AOE_MEDIEVAL_REQUIREMENTS,AOE_REQUIRES_MEDIEVAL_UNIT
AOE_MEDIEVAL_REQUIREMENTS,AOE_REQUIRES_RENAISSANCE_UNIT
AOE_RENAISSANCE_REQUIREMENTS,AOE_REQUIRES_RENAISSANCE_UNIT
AOE_RENAISSANCE_REQUIREMENTS,AOE_REQUIRES_INDUSTRIAL_UNIT
AOE_INDUSTRIAL_REQUIREMENTS,AOE_REQUIRES_INDUSTRIAL_UNIT
AOE_INDUSTRIAL_REQUIREMENTS,AOE_REQUIRES_MODERN_UNIT
AOE_MODERN_REQUIREMENTS,AOE_REQUIRES_MODERN_UNIT
AOE_MODERN_REQUIREMENTS,AOE_REQUIRES_ATOMIC_UNIT
AOE_ATOMIC_REQUIREMENTS,AOE_REQUIRES_ATOMIC_UNIT
AOE_ATOMIC_REQUIREMENTS,AOE_REQUIRES_INFORMATION_UNIT
AOE_INFORMATION_REQUIREMENTS,AOE_REQUIRES_INFORMATION_UNIT
AOE_CLASSICAL_SEA_REQUIREMENTS,AOE_REQUIRES_SEA_DOMAIN
AOE_CLASSICAL_SEA_REQUIREMENTS,AOE_REQUIRES_OWNER_ADJACENCY
AOE_CLASSICAL_SEA_REQUIREMENTS,AOE_REQUIRES_CLASSICAL_REQUIREMENTS
AOE_MEDIEVAL_SEA_REQUIREMENTS,AOE_REQUIRES_SEA_DOMAIN
AOE_MEDIEVAL_SEA_REQUIREMENTS,AOE_REQUIRES_OWNER_ADJACENCY
AOE_MEDIEVAL_SEA_REQUIREMENTS,AOE_REQUIRES_MEDIEVAL_REQUIREMENTS
AOE_RENAISSANCE_SEA_REQUIREMENTS,AOE_REQUIRES_SEA_DOMAIN
AOE_RENAISSANCE_SEA_REQUIREMENTS,AOE_REQUIRES_OWNER_ADJACENCY
AOE_RENAISSANCE_SEA_REQUIREMENTS,AOE_REQUIRES_RENAISSANCE_REQUIREMENTS
AOE_INDUSTRIAL_SEA_REQUIREMENTS,AOE_REQUIRES_SEA_DOMAIN
AOE_INDUSTRIAL_SEA_REQUIREMENTS,AOE_REQUIRES_OWNER_ADJACENCY
AOE_INDUSTRIAL_SEA_REQUIREMENTS,AOE_REQUIRES_INDUSTRIAL_REQUIREMENTS
AOE_MODERN_SEA_REQUIREMENTS,AOE_REQUIRES_SEA_DOMAIN
AOE_MODERN_SEA_REQUIREMENTS,AOE_REQUIRES_OWNER_ADJACENCY
AOE_MODERN_SEA_REQUIREMENTS,AOE_REQUIRES_MODERN_REQUIREMENTS
AOE_ATOMIC_SEA_REQUIREMENTS,AOE_REQUIRES_SEA_DOMAIN
AOE_ATOMIC_SEA_REQUIREMENTS,AOE_REQUIRES_OWNER_ADJACENCY
AOE_ATOMIC_SEA_REQUIREMENTS,AOE_REQUIRES_ATOMIC_REQUIREMENTS
AOE_INFORMATION_SEA_REQUIREMENTS,AOE_REQUIRES_SEA_DOMAIN
AOE_INFORMATION_SEA_REQUIREMENTS,AOE_REQUIRES_OWNER_ADJACENCY
AOE_INFORMATION_SEA_REQUIREMENTS,AOE_REQUIRES_INFORMATION_REQUIREMENTS
GREATPERSON_LEIF_ERIKSON_ACTIVE_REQUIREMENTS,UNIT_IS_DOMAIN_SEA
SEA_TRADE_ROUTE_PLUNDER_BONUS_REQUIREMENTS,UNIT_IS_DOMAIN_SEA
GREATPERSON_HORATIO_NELSON_SEA_REQUIREMENTS,UNIT_IS_DOMAIN_SEA
AOE_CLASSICAL_LAND_REQUIREMENTS,AOE_REQUIRES_LAND_DOMAIN
AOE_CLASSICAL_LAND_REQUIREMENTS,AOE_REQUIRES_OWNER_ADJACENCY
AOE_CLASSICAL_LAND_REQUIREMENTS,AOE_REQUIRES_CLASSICAL_REQUIREMENTS
AOE_MEDIEVAL_LAND_REQUIREMENTS,AOE_REQUIRES_LAND_DOMAIN
AOE_MEDIEVAL_LAND_REQUIREMENTS,AOE_REQUIRES_OWNER_ADJACENCY
AOE_MEDIEVAL_LAND_REQUIREMENTS,AOE_REQUIRES_MEDIEVAL_REQUIREMENTS
AOE_RENAISSANCE_LAND_REQUIREMENTS,AOE_REQUIRES_LAND_DOMAIN
AOE_RENAISSANCE_LAND_REQUIREMENTS,AOE_REQUIRES_OWNER_ADJACENCY
AOE_RENAISSANCE_LAND_REQUIREMENTS,AOE_REQUIRES_RENAISSANCE_REQUIREMENTS
AOE_INDUSTRIAL_LAND_REQUIREMENTS,AOE_REQUIRES_LAND_DOMAIN
AOE_INDUSTRIAL_LAND_REQUIREMENTS,AOE_REQUIRES_OWNER_ADJACENCY
AOE_INDUSTRIAL_LAND_REQUIREMENTS,AOE_REQUIRES_INDUSTRIAL_REQUIREMENTS
AOE_MODERN_LAND_REQUIREMENTS,AOE_REQUIRES_LAND_DOMAIN
AOE_MODERN_LAND_REQUIREMENTS,AOE_REQUIRES_OWNER_ADJACENCY
AOE_MODERN_LAND_REQUIREMENTS,AOE_REQUIRES_MODERN_REQUIREMENTS
AOE_ATOMIC_LAND_REQUIREMENTS,AOE_REQUIRES_LAND_DOMAIN
AOE_ATOMIC_LAND_REQUIREMENTS,AOE_REQUIRES_OWNER_ADJACENCY
AOE_ATOMIC_LAND_REQUIREMENTS,AOE_REQUIRES_ATOMIC_REQUIREMENTS
AOE_INFORMATION_LAND_REQUIREMENTS,AOE_REQUIRES_LAND_DOMAIN
AOE_INFORMATION_LAND_REQUIREMENTS,AOE_REQUIRES_OWNER_ADJACENCY
AOE_INFORMATION_LAND_REQUIREMENTS,AOE_REQUIRES_INFORMATION_REQUIREMENTS
UNIT_IS_CAVALRY_REQUIREMENTS,UNIT_IS_LIGHT_CAVALRY
UNIT_IS_CAVALRY_REQUIREMENTS,UNIT_IS_HEAVY_CAVALRY
GREATPERSON_BOUDICA_ACTIVE_REQUIREMENTS,GREATPERSON_BOUDICA_ACTIVE_REQUIRES_LAND_ADJACENCY
GREATPERSON_BOUDICA_ACTIVE_REQUIREMENTS,UNIT_IS_BARBARIAN
GREATPERSON_GEORGY_ZHUKOV_LAND_REQUIREMENTS,UNIT_IS_DOMAIN_LAND
ABU_LAND_REQUIREMENTS,REQUIRES_LAND_DOMAIN
PLAYER_HAS_TECHNOLOGY_REQUIREMENTS,REQUIRES_PLAYER_HAS_TECHNOLOGY
PLOT_ADJACENT_TO_LUXURY_REQUIREMENTS,REQUIRES_PLOT_ADJACENT_TO_LUXURY
PLOT_ADJACENT_TO_CAMPUS_REQUIREMENTS,REQUIRES_PLOT_ADJACENT_TO_CAMPUS
PLOT_NOT_OWNER_CAPITAL_CONTINENT_REQUIREMENTS,REQUIRES_PLOT_IS_NOT_OWNER_CAPITAL_CONTINENT
PLOT_ADJACENT_TO_WONDER_REQUIREMENTS,REQUIRES_PLOT_ADJACENT_TO_WONDER
PLOT_ADJACENT_TO_FARM_REQUIREMENTS,REQUIRES_PLOT_ADJACENT_TO_FARM
PLOT_ADJACENT_TO_HOLYSITE_REQUIREMENTS,REQUIRES_PLOT_ADJACENT_TO_HOLYSITE
PLOT_ADJACENT_TO_RIVER_REQUIREMENTS,REQUIRES_PLOT_ADJACENT_TO_RIVER
CITY_HAS_NATIONAL_PARK_REQUREMENTS,REQUIRES_CITY_HAS_NATIONAL_PARK
ON_DEAL_ENACTED,REQUIRES_DEAL_ENACTED
ON_DEAL_ENACTED,REQUIRES_MAJOR_CIV_OPPONENT
ON_TURN_STARTED,REQUIRES_TURN_STARTED
PLAYER_NEAR_CULTURE_BORDER,REQUIRES_PLAYER_NEAR_CULTURE_BORDER
PLAYER_NEAR_CULTURE_BORDER,REQUIRES_PLAYER_AT_PEACE
PLAYER_NEAR_CULTURE_BORDER,REQUIRES_MAJOR_CIV_OPPONENT
PLAYER_NEAR_CULTURE_BORDER,REQUIRES_PLAYER_NOT_ALLY
PLAYER_HAD_FRIENDLY_MEETING,REQUIRES_PLAYER_HAD_FRIENDLY_MEETING
PLAYER_HAD_FRIENDLY_MEETING,REQUIRES_PLAYER_AT_PEACE
PLAYER_HAD_FRIENDLY_MEETING,REQUIRES_MAJOR_CIV_OPPONENT
PLAYER_DECLARED_FRIEND,REQUIRES_PLAYER_DECLARED_FRIEND
PLAYER_DECLARED_FRIEND,REQUIRES_PLAYER_AT_PEACE
PLAYER_DECLARED_FRIEND,REQUIRES_MAJOR_CIV_OPPONENT
PLAYER_DEFENSIVE_PACT,REQUIRES_PLAYER_DEFENSIVE_PACT
PLAYER_DEFENSIVE_PACT,REQUIRES_PLAYER_AT_PEACE
PLAYER_DEFENSIVE_PACT,REQUIRES_MAJOR_CIV_OPPONENT
PLAYER_OPEN_BORDERS,REQUIRES_PLAYER_OPEN_BORDERS
PLAYER_OPEN_BORDERS,REQUIRES_PLAYER_AT_PEACE
PLAYER_OPEN_BORDERS,REQUIRES_MAJOR_CIV_OPPONENT
PLAYER_IS_KNOWN_BUT_NO_OPEN_BORDERS,REQUIRES_PLAYER_NO_OPEN_BORDERS
PLAYER_IS_KNOWN_BUT_NO_OPEN_BORDERS,REQUIRES_PLAYER_NEAR_CULTURE_BORDER
PLAYER_IS_KNOWN_BUT_NO_OPEN_BORDERS,REQUIRES_AT_PEACE_10_TURNS
PLAYER_IS_KNOWN_BUT_NO_OPEN_BORDERS,REQUIRES_PLAYERS_HAVE_MET
PLAYER_IS_KNOWN_BUT_NO_OPEN_BORDERS,REQUIRES_MAJOR_CIV_OPPONENT
PLAYER_RESIDENT_EMBASSY,REQUIRES_PLAYER_RESIDENT_EMBASSY
PLAYER_RESIDENT_EMBASSY,REQUIRES_PLAYER_AT_PEACE
PLAYER_RESIDENT_EMBASSY,REQUIRES_MAJOR_CIV_OPPONENT
PLAYER_ALLY,REQUIRES_PLAYER_ALLY
PLAYER_ALLY,REQUIRES_PLAYER_AT_PEACE
PLAYER_ALLY,REQUIRES_MAJOR_CIV_OPPONENT
PLAYER_DELEGATION,REQUIRES_PLAYER_DELEGATION
PLAYER_DELEGATION,REQUIRES_PLAYER_AT_PEACE
PLAYER_DELEGATION,REQUIRES_MAJOR_CIV_OPPONENT
PLAYER_RECEIVED_DEMAND,REQUIRES_PLAYER_RECEIVED_DEMAND
PLAYER_DENOUNCED,REQUIRES_PLAYER_DENOUNCED
PLAYER_DENOUNCED,REQUIRES_MAJOR_CIV_OPPONENT
PLAYER_ACCEPT_CONVERSION,REQUIRES_PLAYER_FOUNDED_OUR_RELIGION
PLAYER_ACCEPT_CONVERSION,REQUIRES_FOUNDED_NO_RELIGION
PLAYER_ACCEPT_CONVERSION,REQUIRES_MAJOR_CIV_OPPONENT
PLAYER_ACCEPT_CONVERSION,REQUIRES_PLAYERS_HAVE_MET
PLAYER_CITY_CONVERTED,REQUIRES_PLAYER_CITY_CONVERTED
PLAYER_CITY_CONVERTED,REQUIRES_MAJOR_CIV_OPPONENT
PLAYER_IS_CLOSE_TO_VICTORY,REQUIRES_MAJOR_CIV_OPPONENT
PLAYER_IS_CLOSE_TO_VICTORY,REQUIRES_PLAYERS_HAVE_MET
PLAYER_IS_CLOSE_TO_VICTORY,REQUIRES_PLAYER_CLOSE_TO_VICTORY
PLAYER_CITY_LIBERATED,REQUIRES_PLAYER_CITY_LIBERATED
PLAYER_CITY_LIBERATED,REQUIRES_MAJOR_CIV_OPPONENT
PLAYER_CITY_LIBERATED,REQUIRES_PLAYERS_HAVE_MET
PLAYER_MY_CITY_LIBERATED,REQUIRES_PLAYER_MY_CITY_LIBERATED
PLAYER_MY_CITY_LIBERATED,REQUIRES_MAJOR_CIV_OPPONENT
PLAYER_CITY_OCCUPIED,REQUIRES_PLAYER_CITY_OCCUPIED
PLAYER_CITY_OCCUPIED,REQUIRES_MAJOR_CIV_OPPONENT
PLAYER_CITY_OCCUPIED_FRIEND,REQUIRES_PLAYER_CITY_OCCUPIED_FRIEND
PLAYER_CITY_OCCUPIED_FRIEND,REQUIRES_MAJOR_CIV_OPPONENT
PLAYER_CITY_OCCUPIED_FRIEND,REQUIRES_PLAYERS_HAVE_MET
PLAYER_MY_CITY_RAZED,REQUIRES_PLAYER_MY_CITY_RAZED
PLAYER_MY_CITY_RAZED,REQUIRES_MAJOR_CIV_OPPONENT
PLAYER_CULTURE_BOMBED,REQUIRES_PLAYER_CULTURE_BOMBED
PLAYER_CULTURE_BOMBED,REQUIRES_MAJOR_CIV_OPPONENT
PLAYER_FRIEND_DENOUNCED,REQUIRES_PLAYER_FRIEND_DENOUNCED
PLAYER_FRIEND_DENOUNCED,REQUIRES_MAJOR_CIV_OPPONENT
PLAYER_FRIEND_DENOUNCED,REQUIRES_PLAYERS_HAVE_MET
PLAYER_IS_AT_PEACE,REQUIRES_PLAYER_AT_PEACE
PLAYER_IS_AT_PEACE,REQUIRES_MAJOR_CIV_OPPONENT
PLAYER_IS_MAJOR_CIV,REQUIRES_MAJOR_CIV_OPPONENT
PLAYER_IS_MAJOR_CIV,REQUIRES_PLAYERS_HAVE_MET
PLAYER_IS_HUMAN,REQUIRES_PLAYER_IS_HUMAN
PLAYER_IS_AI,REQUIRES_PLAYER_IS_AI
PLAYER_IS_HIGH_DIFFICULTY_AI,REQUIRES_PLAYER_IS_AI
PLAYER_IS_HIGH_DIFFICULTY_AI,REQUIRES_HIGH_DIFFICULTY
PLAYER_IS_LOW_DIFFICULTY_HUMAN,REQUIRES_PLAYER_IS_HUMAN
PLAYER_IS_LOW_DIFFICULTY_HUMAN,REQUIRES_LOW_DIFFICULTY
PLAYER_IS_KNOWN_MAJOR_CIV,REQUIRES_MAJOR_CIV_OPPONENT
PLAYER_IS_KNOWN_MAJOR_CIV,REQUIRES_PLAYERS_HAVE_MET
PLAYER_IS_WARMONGER_SUBJECT,REQUIRES_MAJOR_CIV_OPPONENT
PLAYER_IS_WARMONGER_SUBJECT,REQUIRES_PLAYERS_HAVE_MET
PLAYER_IS_WARMONGER_SUBJECT,REQUIRES_WARMONGER_TRIGGER
PLAYER_IS_NEW_WARMONGER_SUBJECT,REQUIRES_MAJOR_CIV_OPPONENT
PLAYER_IS_NEW_WARMONGER_SUBJECT,REQUIRES_PLAYERS_HAVE_MET
WARMONGER_TRIGGERS,REQUIRES_PLAYER_DECLARED_WAR_EXCLUDE_SHARED_EMERGENCIES
WARMONGER_TRIGGERS,REQUIRES_PLAYER_CITY_OCCUPIED_TRIGGERED
PLAYER_HAS_SAME_GOVERNMENT,REQUIRES_MAJOR_CIV_OPPONENT
PLAYER_HAS_SAME_GOVERNMENT,REQUIRES_PLAYERS_HAVE_MET
PLAYER_HAS_SAME_GOVERNMENT,REQUIRES_SAME_GOVERNMENT
PLAYER_HAS_DIFFERENT_GOVERNMENT,REQUIRES_MAJOR_CIV_OPPONENT
PLAYER_HAS_DIFFERENT_GOVERNMENT,REQUIRES_PLAYERS_HAVE_MET
PLAYER_HAS_DIFFERENT_GOVERNMENT,REQUIRES_DIFFERENT_GOVERNMENT
PLAYER_HAS_SMALL_MILITARY,REQUIRES_PLAYER_HAS_SMALL_MILITARY
PLAYER_HAS_SMALL_INFLUENCE,REQUIRES_PLAYER_HAS_SMALL_INFLUENCE
PLAYER_HAS_SMALL_INFLUENCE,REQUIRES_PLAYER_AT_PEACE
PLAYER_HAS_MEDIUM_INFLUENCE,REQUIRES_PLAYER_HAS_MEDIUM_INFLUENCE
PLAYER_HAS_MEDIUM_INFLUENCE,REQUIRES_PLAYER_AT_PEACE
PLAYER_HAS_LARGE_INFLUENCE,REQUIRES_PLAYER_HAS_LARGE_INFLUENCE
PLAYER_HAS_LARGE_INFLUENCE,REQUIRES_PLAYER_AT_PEACE
PLAYER_HAS_SMALL_INFLUENCE_AND_PAPAL_PRIMACY,REQUIRES_PLAYER_HAS_SMALL_INFLUENCE
PLAYER_HAS_SMALL_INFLUENCE_AND_PAPAL_PRIMACY,REQUIRES_PLAYER_AT_PEACE
PLAYER_HAS_SMALL_INFLUENCE_AND_PAPAL_PRIMACY,REQUIRES_PLAYER_FOUNDED_OUR_RELIGION
PLAYER_HAS_SMALL_INFLUENCE_AND_PAPAL_PRIMACY,REQUIRES_PLAYER_HAS_PAPAL_PRIMACY
PLAYER_HAS_MEDIUM_INFLUENCE_AND_PAPAL_PRIMACY,REQUIRES_PLAYER_HAS_MEDIUM_INFLUENCE
PLAYER_HAS_MEDIUM_INFLUENCE_AND_PAPAL_PRIMACY,REQUIRES_PLAYER_AT_PEACE
PLAYER_HAS_MEDIUM_INFLUENCE_AND_PAPAL_PRIMACY,REQUIRES_PLAYER_FOUNDED_OUR_RELIGION
PLAYER_HAS_MEDIUM_INFLUENCE_AND_PAPAL_PRIMACY,REQUIRES_PLAYER_HAS_PAPAL_PRIMACY
PLAYER_HAS_LARGE_INFLUENCE_AND_PAPAL_PRIMACY,REQUIRES_PLAYER_HAS_LARGE_INFLUENCE
PLAYER_HAS_LARGE_INFLUENCE_AND_PAPAL_PRIMACY,REQUIRES_PLAYER_AT_PEACE
PLAYER_HAS_LARGE_INFLUENCE_AND_PAPAL_PRIMACY,REQUIRES_PLAYER_FOUNDED_OUR_RELIGION
PLAYER_HAS_LARGE_INFLUENCE_AND_PAPAL_PRIMACY,REQUIRES_PLAYER_HAS_PAPAL_PRIMACY
PLAYER_IS_SUZERAIN,REQUIRES_PLAYER_IS_SUZERAIN
PLAYER_IS_SUZERAIN,REQUIRES_PLAYER_AT_PEACE
PLAYER_HAS_CASTLES_TECHNOLOGY,REQUIRES_TECHNOLOGY_CASTLES
PLAYER_HAS_CASTLES_TECHNOLOGY_AND_CAPITAL,REQUIRES_TECHNOLOGY_CASTLES
PLAYER_HAS_CASTLES_TECHNOLOGY_AND_CAPITAL,REQUIRES_CAPITAL_CITY
PLAYER_IS_AT_PEACE_WITH_ALL_MAJORS,REQUIRES_PLAYER_AT_PEACE_WITH_ALL_MAJORS
PLAYER_HAS_NO_ALUMINUM,REQUIRES_PLAYER_HAS_NO_ALUMINUM
PLAYER_HAS_NO_ALUMINUM,REQUIRES_PLAYER_CAN_SEE_ALUMINUM
PLAYER_HAS_NO_COAL,REQUIRES_PLAYER_HAS_NO_COAL
PLAYER_HAS_NO_COAL,REQUIRES_PLAYER_CAN_SEE_COAL
PLAYER_HAS_NO_HORSES,REQUIRES_PLAYER_HAS_NO_HORSES
PLAYER_HAS_NO_HORSES,REQUIRES_PLAYER_CAN_SEE_HORSES
PLAYER_HAS_NO_IRON,REQUIRES_PLAYER_HAS_NO_IRON
PLAYER_HAS_NO_IRON,REQUIRES_PLAYER_CAN_SEE_IRON
PLAYER_HAS_NO_NITER,REQUIRES_PLAYER_HAS_NO_NITER
PLAYER_HAS_NO_NITER,REQUIRES_PLAYER_CAN_SEE_NITER
PLAYER_HAS_NO_OIL,REQUIRES_PLAYER_HAS_NO_OIL
PLAYER_HAS_NO_OIL,REQUIRES_PLAYER_CAN_SEE_OIL
PLAYER_HAS_NO_URANIUM,REQUIRES_PLAYER_HAS_NO_URANIUM
PLAYER_HAS_NO_URANIUM,REQUIRES_PLAYER_CAN_SEE_URANIUM
DISTRICT_IS_CAMPUS,REQUIRES_DISTRICT_IS_CAMPUS
DISTRICT_IS_HOLY_SITE,REQUIRES_DISTRICT_IS_HOLY_SITE
DISTRICT_IS_COMMERCIAL_HUB,REQUIRES_DISTRICT_IS_COMMERCIAL_HUB
DISTRICT_IS_HARBOR,REQUIRES_DISTRICT_IS_HARBOR
DISTRICT_IS_THEATER,REQUIRES_DISTRICT_IS_THEATER
DISTRICT_IS_ENCAMPMENT,REQUIRES_DISTRICT_IS_ENCAMPMENT
PLOT_HAS_ENCAMPMENT,REQUIRES_PLOT_HAS_ENCAMPMENT
DISTRICT_IS_INDUSTRIAL_ZONE,REQUIRES_DISTRICT_IS_INDUSTRIAL_ZONE
DISTRICT_IS_INDUSTRIAL_ZONE_OR_ENTERTAINMENT_COMPLEX,REQUIRES_DISTRICT_IS_INDUSTRIAL_ZONE
DISTRICT_IS_INDUSTRIAL_ZONE_OR_ENTERTAINMENT_COMPLEX,REQUIRES_DISTRICT_IS_ENTERTAINMENT_COMPLEX
UNIT_IS_INQUISITOR,REQUIRES_UNIT_IS_INQUISITOR
UNIT_IS_TRADER,REQUIRES_UNIT_IS_TRADER
REQUIREMENTS_UNIT_ON_HOME_CONTINENT,REQUIRES_UNIT_ON_HOME_CONTINENT
REQUIREMENTS_OPPONENT_IS_MINOR_CIV,REQUIRES_OPPONENT_IS_MINOR_CIV
REQUIREMENTS_OPPONENT_IS_OTHER_RELIGION,REQUIRES_OPPONENT_IS_OTHER_RELIGION
REQUIREMENTS_OPPONENT_IS_WOUNDED,REQUIRES_OPPONENT_IS_WOUNDED
REQUIREMENTS_UNIT_LAND_DOMAIN,REQUIRES_UNIT_LAND_DOMAIN
REQUIREMENTS_UNIT_ON_COAST,REQUIRES_UNIT_ON_COASTAL_LAND
REQUIREMENTS_UNIT_SEA_DOMAIN,REQUIRES_UNIT_SEA_DOMAIN
REQUIREMENTS_UNIT_IN_SHALLOW_WATER,REQUIRES_UNIT_IN_SHALLOW_WATER
PLOT_IS_OR_ADJACENT_TO_COAST,REQUIRES_PLOT_IS_COAST
PLOT_IS_OR_ADJACENT_TO_COAST,REQUIRES_PLOT_IS_ADJACENT_TO_COAST
REQUIREMENTS_INDEPT_MINOR_CIV_HOME_CONTINENT,REQUIRES_PLAYERS_HAVE_MET
REQUIREMENTS_INDEPT_MINOR_CIV_HOME_CONTINENT,REQUIRES_PLAYER_IS_MINOR_CIV
REQUIREMENTS_INDEPT_MINOR_CIV_HOME_CONTINENT,REQUIRES_SAME_HOME_CONTINENT
REQUIREMENTS_INDEPT_MINOR_CIV_HOME_CONTINENT,REQUIRES_PLAYER_IS_NOT_SUZERAIN
ON_ESPIONAGE_DETECTED,REQUIRES_ESPIONAGE_DETECTED
CITY_FOUNDED_ON_NON_HOME_CONTINENT_REQUIREMENTS,REQUIRES_CITY_IS_NOT_OWNER_CAPITAL_CONTINENT
CITY_FOUNDED_ON_NON_HOME_CONTINENT_REQUIREMENTS,CITY_FOUNDED_BY_SETTLER_REQUIREMENT
FOREIGN_CITY_ROYAL_NAVY_DOCKYARD_REQUIREMENTS,REQUIRES_CITY_IS_NOT_OWNER_CAPITAL_CONTINENT
FOREIGN_CITY_ROYAL_NAVY_DOCKYARD_REQUIREMENTS,CITY_FOUNDED_BY_SETTLER_REQUIREMENT
FOREIGN_CITY_ROYAL_NAVY_DOCKYARD_REQUIREMENTS,FOREIGN_CITY_REQUIRES_CITY_HAS_ROYAL_NAVY_DOCKYARD
CITY_NOT_OWNER_CAPITAL_CONTINENT_REQUIREMENTS,REQUIRES_CITY_IS_NOT_OWNER_CAPITAL_CONTINENT
CITY_HAS_2_SPECIALTY_DISTRICTS_REQUIREMENTS,REQUIRES_CITY_HAS_2_SPECIALTY_DISTRICTS
CITY_HAS_3_SPECIALTY_DISTRICTS_REQUIREMENTS,REQUIRES_CITY_HAS_3_SPECIALTY_DISTRICTS
SURVEY_RECONUNITEXPERIENCE_REQUIREMENTS,RECON_UNITS
CITY_HAS_STADIUM_REQUIREMENTS,REQUIRES_CITY_HAS_STADIUM
CITY_HAS_MILITARY_ACADEMY_OR_SEAPORT,REQUIRES_CITY_HAS_MILITARY_ACADEMY
CITY_HAS_MILITARY_ACADEMY_OR_SEAPORT,REQUIRES_CITY_HAS_SEAPORT
UNIT_IS_SPY,REQUIREMENT_UNIT_IS_SPY
UNIT_IS_BUILDER,REQUIREMENT_UNIT_IS_BUILDER
PLAYER_IS_MINOR,REQUIRES_PLAYER_IS_MINOR
CITY_HAS_GARRISON_UNIT_REQUIERMENT,REQUIRES_CITY_HAS_GARRISON_UNIT
WARS_OF_RELIGION_REQUIREMENTS,REQUIRES_NON_RELIGIOUS_UNIT
ANTI_CAVALRY_OPPONENT_REQUIREMENTS,ANTI_CAVALRY_OPPONENT_REQUIREMENT_LC
ANTI_CAVALRY_OPPONENT_REQUIREMENTS,ANTI_CAVALRY_OPPONENT_REQUIREMENT_HC
ANTI_CAVALRY_OPPONENT_REQUIREMENTS,ANTI_CAVALRY_OPPONENT_REQUIREMENT_RC
ANTI_FIGHTER_AIRCRAFT_OPPONENT_REQUIREMENTS,ANTI_FIGHTER_AIRCRAFT_OPPONENT_REQUIREMENT
ANTI_SPEAR_OPPONENT_REQUIREMENTS,OPPONENT_ANTI_CAVALRY_REQUIREMENT
RANGE_BONUS_REQUIREMENTS,ADJACENT_FRIENDLY_OBSERVER_UNIT_REQUIREMENT
FASCISM_REQUIREMENTS,PLAYER_IS_ATTACKER_REQUIREMENTS
COMMUNISM_REQUIREMENTS,PLAYER_IS_DEFENDER_REQUIREMENTS
MEDIC_HEALING_REQUIREMENTS,ADJACENT_UNIT_REQUIREMENT
UNIT_STRONG_WHEN_ATTACKING_REQUIREMENTS,UNIT_STRONG_WHEN_ATTACKING_REQUIREMENT
UNIT_WEAK_WHEN_DEFENDING_REQUIREMENTS,UNIT_WEAK_WHEN_DEFENDING_REQUIREMENT
UNIT_WEAK_WHEN_DEFENDING_REQUIREMENTS,MELEE_COMBAT_REQUIREMENTS
BERSERKER_PLOT_IS_ENEMY_TERRITORY,UNIT_IN_ENEMY_TERRITORY_REQUIREMENT
LONGSHIP_PLOT_IS_COAST,REQUIRES_TERRAIN_COAST
BALKAN_CAVALRY_PLOT_IS_HILS_REQUIREMENTS,PLOT_IS_HILLS_REQUIREMENT
COSSACK_PLOT_IS_OWNER_OR_ADJACENT_REQUIREMENTS,UNIT_ADJACENT_TO_OWNER_TERRITORY_REQUIREMENT
COSSACK_PLOT_IS_OWNER_OR_ADJACENT_REQUIREMENTS,UNIT_IN_OWNER_TERRITORY_REQUIREMENT
REDCOAT_PLOT_IS_FOREIGN_CONTINENT,NOT_OWNER_CAPITAL_CONTINENT_REQUIREMENT
VARU_ADJACENT_AT_WAR_REQUIREMENTS,VARU_ADJACENT_UNIT_AT_WAR_REQUIREMENT
NAGAO_RANGED_DEFENSE_REQUIREMENTS,RANGED_COMBAT_REQUIREMENTS
NAGAO_RANGED_DEFENSE_REQUIREMENTS,PLAYER_IS_DEFENDER_REQUIREMENTS
CONQUISTADOR_SPECIFIC_UNIT_REQUIREMENTS,REQUIRES_UNIT_IS_ADJACENT_RELIGIOUS_ALL_TAG
GARDE_PLOT_IS_CAPITAL_CONTINENT_REQUIREMENTS,REQUIRES_UNIT_ON_HOME_CONTINENT
HOPLITE_PLOT_IS_HOPLITE_REQUIREMENTS,REQUIRES_UNIT_NEXT_TO_HOPLITE
UBOAT_PLOT_IS_OCEAN_REQUIREMENTS,REQUIRES_TERRAIN_OCEAN
ROUGH_RIDER_PLOT_IS_CAPITAL_CONTINENT_REQUIREMENTS,REQUIRES_UNIT_ON_HOME_CONTINENT
ROUGH_RIDER_HILL_TERRAIN_REQUIREMENTS,PLOT_IS_GRASS_HILLS_TERRAIN_REQUIREMENT
ROUGH_RIDER_HILL_TERRAIN_REQUIREMENTS,PLOT_IS_PLAINS_HILLS_TERRAIN_REQUIREMENT
ROUGH_RIDER_HILL_TERRAIN_REQUIREMENTS,PLOT_IS_TUNDRA_HILLS_TERRAIN_REQUIREMENT
ROUGH_RIDER_HILL_TERRAIN_REQUIREMENTS,PLOT_IS_DESERT_HILLS_TERRAIN_REQUIREMENT
ROUGH_RIDER_HILL_TERRAIN_REQUIREMENTS,PLOT_IS_SNOW_HILLS_TERRAIN_REQUIREMENT
DIGGER_ON_COAST_REQUIREMENTS,REQUIRES_UNIT_ON_COASTAL_LAND
DIGGER_NON_DOMESTIC_PLOT_REQUIREMENTS,REQUIRES_UNIT_NOT_IN_OWNER_TERRITORY
UNIT_ATTACKING_DISTRICT_REQUIREMENTS,OPPONENT_IS_DISTRICT
REQUIREMENTS_UNIT_IS_LAND_DOMAIN,REQUIRES_UNIT_IS_LAND_DOMAIN
BATTLECRY_REQUIREMENTS,PLAYER_IS_ATTACKER_REQUIREMENTS
BATTLECRY_REQUIREMENTS,BATTLECRY_OPPONENT_REQUIREMENTS_MET
BATTLECRY_OPPONENT_REQUIREMENTS,OPPONENT_IS_PROMOTION_CLASS_MELEE
BATTLECRY_OPPONENT_REQUIREMENTS,OPPONENT_RANGED_REQUIREMENT
BATTLECRY_OPPONENT_REQUIREMENTS,OPPONENT_ANTI_CAVALRY_REQUIREMENT
TORTOISE_REQUIREMENTS,RANGED_COMBAT_REQUIREMENTS
TORTOISE_REQUIREMENTS,PLAYER_IS_DEFENDER_REQUIREMENTS
ZWEIHANDER_REQUIREMENTS,OPPONENT_ANTI_CAVALRY_REQUIREMENT
URBAN_WARFARE_REQUIREMENTS,MELEE_COMBAT_REQUIREMENTS
URBAN_WARFARE_REQUIREMENTS,DEFENDER_IS_OCCUPYING_DISTRICT_REQUIREMENT
VOLLEY_REQUIREMENTS,OPPONENT_IS_LAND_UNIT_REQUIREMENTS
VOLLEY_REQUIREMENTS,PLAYER_IS_ATTACKER_REQUIREMENTS
INCENDIARIES_REQUIREMENTS,PLAYER_IS_ATTACKER_REQUIREMENTS
INCENDIARIES_REQUIREMENTS,PLOT_DISTRICT_IS_DEFENDED_REQUIREMENTS
ARROW_STORM_REQUIREMENTS,OPPONENT_IS_NOT_AIR_UNIT_REQUIREMENTS
ARROW_STORM_REQUIREMENTS,PLAYER_IS_ATTACKER_REQUIREMENTS
EMPLACEMENT_REQUIREMENTS,PLAYER_IS_DEFENDER_REQUIREMENTS
EMPLACEMENT_REQUIREMENTS,OPPONENT_IS_DISTRICT
EMPLACEMENT_REQUIREMENTS,OPPONENT_PLOT_IS_CITY_CENTER_REQUIREMENT
GARRISON_PLOT_REQUIREMENTS,UNIT_IS_OCCUPYING_DEFENSE_IMPROVEMENT
GARRISON_REQUIREMENTS,GARRISON_PLOT_REQUIREMENTS_MET
GARRISON_PLOT_REQUIREMENTS,ATTACKER_IS_OCCUPYING_DISTRICT_REQUIREMENT
ECHELON_REQUIREMENTS,ECHELON_OPPONENT_REQUIREMENT_LC
ECHELON_REQUIREMENTS,ECHELON_OPPONENT_REQUIREMENT_HC
THRUST_REQUIREMENTS,OPPONENT_IS_PROMOTION_CLASS_MELEE
SCHILTRON_REQUIREMENTS,PLAYER_IS_DEFENDER_REQUIREMENTS
SCHILTRON_REQUIREMENTS,OPPONENT_IS_PROMOTION_CLASS_MELEE
CHOKE_POINTS_REQUIREMENTS,PLAYER_IS_DEFENDER_REQUIREMENTS
CHOKE_POINTS_REQUIREMENTS,CHOKE_POINTS_PLOT_REQUIREMENTS_MET_REQUIREMENT
CHOKE_POINTS_PLOT_REQUIREMENTS,PLOT_IS_FOREST_REQUIREMENT
CHOKE_POINTS_PLOT_REQUIREMENTS,PLOT_IS_JUNGLE_REQUIREMENT
CHOKE_POINTS_PLOT_REQUIREMENTS,PLOT_IS_MARSH_REQUIREMENT
CHOKE_POINTS_PLOT_REQUIREMENTS,PLOT_IS_HILLS_REQUIREMENT
HOLD_THE_LINE_REQUIREMENTS,HOLD_THE_LINE_ADJACENT_UNIT_REQUIREMENT
HOLD_THE_LINE_REQUIREMENTS,UNIT_IS_NOT_ANTICAV_REQUIREMENT
CAPARISON_REQUIREMENTS,OPPONENT_ANTI_CAVALRY_REQUIREMENT
COURSERS_REQUIREMENTS,PLAYER_IS_ATTACKER_REQUIREMENTS
COURSERS_REQUIREMENTS,COURSERS_OPPONENT_REQUIREMENTS_MET_REQUIREMENT
COURSERS_OPPONENT_REQUIREMENTS,OPPONENT_RANGED_REQUIREMENT
COURSERS_OPPONENT_REQUIREMENTS,OPPONENT_SIEGE_REQUIREMENT
SPIKING_THE_GUNS_REQUIREMENTS,PLAYER_IS_ATTACKER_REQUIREMENTS
SPIKING_THE_GUNS_REQUIREMENTS,OPPONENT_SIEGE_REQUIREMENT
SHRAPNEL_REQUIREMENTS,OPPONENT_IS_LAND_UNIT
ADVANCED_RANGEFINDING_REQUIREMENTS,PLAYER_IS_ATTACKER_REQUIREMENTS
ADVANCED_RANGEFINDING_REQUIREMENTS,OPPONENT_IS_SEA_UNIT
GRAPE_SHOT_REQUIREMENTS,OPPONENT_IS_LAND_UNIT
CREW_WEAPONS_REQUIREMENTS,PLAYER_IS_DEFENDER_REQUIREMENTS
SHELLS_REQUIREMENTS,OPPONENT_IS_DISTRICT
CHARGE_REQUIREMENTS,OPPONENT_IS_FORTIFIED
TOP_COVER_REQUIREMENTS,RANGED_COMBAT_REQUIREMENTS
TOP_COVER_REQUIREMENTS,PLAYER_IS_DEFENDER_REQUIREMENTS
URBAN_RAIDER_REQUIREMENTS,PLAYER_IS_ATTACKER_REQUIREMENTS
URBAN_RAIDER_REQUIREMENTS,DEFENDER_IS_OCCUPYING_DISTRICT_REQUIREMENT
VULTURE_REQUIREMENTS,PLAYER_IS_ATTACKER_REQUIREMENTS
VULTURE_REQUIREMENTS,OPPONENT_IS_DAMAGED_UNIT_REQUIREMENT
ARMOR_PIERCING_REQUIREMENTS,OPPONENT_IS_HEAVY_CAVALRY_REQUIREMENT
REACTIVE_ARMOR_REQUIREMENTS,PLAYER_IS_DEFENDER_REQUIREMENTS
REACTIVE_ARMOR_REQUIREMENTS,REACTIVE_ARMOR_OPPONENT_REQUIREMENTS_MET_REQUIREMENT
REACTIVE_ARMOR_OPPONENT_REQUIREMENTS,OPPONENT_IS_HEAVY_CAVALRY_REQUIREMENT
REACTIVE_ARMOR_OPPONENT_REQUIREMENTS,OPPONENT_ANTI_CAVALRY_REQUIREMENT
DOGFIGHTING_REQUIREMENTS,OPPONENT_IS_FIGHTER_UNIT_REQUIREMENTS
INTERCEPTOR_REQUIREMENTS,OPPONENT_IS_BOMBER_UNIT_REQUIREMENTS
COCKPIT_ARMOR_REQUIREMENTS,OPPONENT_IS_ANTI_AIR_REQUIREMENT
STRAFE_REQUIREMENTS,PLAYER_IS_ATTACKER_REQUIREMENTS
STRAFE_REQUIREMENTS,STRAFE_OPPONENT_REQUIREMENTS_MET_REQUIREMENT
STRAFE_OPPONENT_REQUIREMENTS,OPPONENT_IS_NOT_LIGHT_CAVALRY_UNIT_REQUIREMENTS
STRAFE_OPPONENT_REQUIREMENTS,OPPONENT_IS_NOT_HEAVY_CAVALRY_UNIT_REQUIREMENTS
STRAFE_OPPONENT_REQUIREMENTS,OPPONENT_IS_NOT_AIR_UNIT_REQUIREMENTS
TANK_BUSTER_REQUIREMENTS,PLAYER_IS_ATTACKER_REQUIREMENTS
TANK_BUSTER_REQUIREMENTS,TANK_BUSTER_OPPONENT_REQUIREMENTS_MET_REQUIREMENT
TANK_BUSTER_OPPONENT_REQUIREMENTS,OPPONENT_IS_LIGHT_CAVALRY_UNIT_REQUIREMENTS
TANK_BUSTER_OPPONENT_REQUIREMENTS,OPPONENT_IS_HEAVY_CAVALRY_UNIT_REQUIREMENTS
BOX_FORMATION_REQUIREMENTS,OPPONENT_IS_FIGHTER_UNIT_REQUIREMENTS
EVASIVE_MANEUVERS_REQUIREMENTS,OPPONENT_IS_ANTI_AIR_REQUIREMENT
TORPEDO_BOMBER_REQUIREMENTS,PLAYER_IS_ATTACKER_REQUIREMENTS
TORPEDO_BOMBER_REQUIREMENTS,OPPONENT_IS_NAVAL_UNIT_REQUIREMENTS
CLOSE_AIR_SUPPORT_REQUIREMENTS,PLAYER_IS_ATTACKER_REQUIREMENTS
CLOSE_AIR_SUPPORT_REQUIREMENTS,OPPONENT_IS_LAND_UNIT_REQUIREMENTS
EMBOLON_REQUIREMENTS,OPPONENT_IS_NAVAL_UNIT_REQUIREMENTS
REINFORCED_HULL_REQUIREMENTS,PLAYER_IS_DEFENDER_REQUIREMENTS
REINFORCED_HULL_REQUIREMENTS,RANGED_COMBAT_REQUIREMENTS
CONVOY_REQUIREMENTS,UNIT_IS_IN_FORMATION_REQUIREMENT
CREEPING_ATTACK_REQUIREMENTS,OPPONENT_IS_RAIDER
LINE_OF_BATTLE_REQUIREMENTS,PLAYER_IS_ATTACKER_REQUIREMENTS
LINE_OF_BATTLE_REQUIREMENTS,OPPONENT_IS_NAVAL_UNIT_REQUIREMENTS
BOMBARDMENT_REQUIREMENTS,PLAYER_IS_ATTACKER_REQUIREMENTS
BOMBARDMENT_REQUIREMENTS,PLOT_DISTRICT_IS_DEFENDED_REQUIREMENTS
PREPARATORY_FIRE_REQUIREMENTS,PLAYER_IS_ATTACKER_REQUIREMENTS
PREPARATORY_FIRE_REQUIREMENTS,OPPONENT_IS_LAND_UNIT_REQUIREMENTS
ROLLING_BARRAGE_REQUIREMENTS,PLAYER_IS_ATTACKER_REQUIREMENTS
ROLLING_BARRAGE_REQUIREMENTS,PLOT_DISTRICT_IS_DEFENDED_REQUIREMENTS
PROMOTION_PROXIMITY_FUSES_REQUIREMENTS,PLAYER_IS_DEFENDER_REQUIREMENTS
PROMOTION_PROXIMITY_FUSES_REQUIREMENTS,OPPONENT_IS_AIR_UNIT_REQUIREMENTS
BOARDING_REQUIREMENTS,OPPONENT_IS_NAVAL_UNIT_REQUIREMENTS
HOMING_TORPEDOES_REQUIREMENTS,OPPONENT_IS_NAVAL_UNIT_REQUIREMENTS
DEFAULT_DEFEAT_REQUIREMENTS,DEFAULT_DEFEAT_REQUIREMENT
TIME_DEFEAT_REQUIREMENTS,TIME_DEFEAT_SCORE_DISABLED
TIME_DEFEAT_REQUIREMENTS,TIME_DEFEAT_MAX_TURN_REACHED
REQUIREMENTS_DEFAULT_VICTORY,DEFAULT_VICTORY_REQUIREMENT
REQUIREMENTS_DEFAULT_VICTORY,DEFAULT_VICTORY_DOMINATION_DISABLED
REQUIREMENTS_SCORE_VICTORY,VICTORY_SCORE_REQUIRES_MAX_TURN_REACHED
REQUIREMENTS_SCORE_VICTORY,VICTORY_SCORE_TEAM_HAS_HIGHEST_SCORE
REQUIREMENTS_CONQUEST_VICTORY,CONQUEST_VICTORY_REQUIREMENT
REQUIREMENTS_CULTURE_VICTORY,CULTURE_VICTORY_REQUIREMENT
CULTURE_VICTORY_PER_MEMBER_REQUIREMENTS,CULTURE_VICTORY_PER_MEMBER_REQUIREMENT
CULTURE_VICTORY_ENOUGH_TOURISTS_REQUIREMENTS,CULTURE_VICTORY_ENOUGH_TOURISTS_REQUIREMENT
REQUIREMENTS_RELIGIOUS_VICTORY,RELIGIOUS_VICTORY_REQUIREMENT
RELIGIOUS_VICTORY_PER_MEMBER_REQUIREMENTS,RELIGIOUS_VICTORY_PER_MEMBER_REQUIREMENT
RELIGIOUS_VICTORY_RELIGIOUS_MAJORITY_REQUIREMENTS,RELIGIOUS_VICTORY_MAJORITY_RELIGION_IS_OWNER_REQUIREMENT
FOODHUEY_PLOT_IS_LAKE_REQUIREMENTS,REQUIRES_PLOT_IS_LAKE
FOODHUEY_PLAYER_REQUIREMENTS,REQUIRES_PLAYER
PRODUCTIONHUEY_PLAYER_REQUIREMENTS,REQUIRES_PLAYER
PRODUCTIONHUEY_PLOT_IS_LAKE_REQUIREMENTS,REQUIRES_PLOT_IS_LAKE
PLAYER_HAS_KAMPUNG_TECHNOLOGY_REQUIREMENTS,REQUIRES_PLAYER_HAS_MASS_PRODUCTION_TECHNOLOGY
DISTRICT_IS_AQUEDUCT_AMENITY,REQUIRES_DISTRICT_IS_AQUEDUCT
DISTRICT_IS_AQUEDUCT_FAITH,REQUIRES_DISTRICT_IS_AQUEDUCT
PLOT_IS_FARM_AQUEDUCT_ADJACENT_REQUIREMENTS,REQUIRES_PLOT_ADJACENT_TO_AQUEDUCT
PLOT_IS_FARM_AQUEDUCT_ADJACENT_REQUIREMENTS,REQUIRES_PLOT_HAS_FARM
PLOT_IS_HOLY_SITE_RIVER_FOOD_REQUIREMENTS,REQUIRES_PLOT_ADJACENT_TO_RIVER
PLOT_IS_HOLY_SITE_RIVER_FOOD_REQUIREMENTS,REQUIRES_DISTRICT_IS_HOLY_SITE
PLOT_IS_HOLY_SITE_RIVER_HOUSING_REQUIREMENTS,REQUIRES_PLOT_ADJACENT_TO_RIVER
PLOT_IS_HOLY_SITE_RIVER_HOUSING_REQUIREMENTS,REQUIRES_DISTRICT_IS_HOLY_SITE
UNIT_IS_RELIGIOUS_EMBARK_REQUIREMENTS,REQUIRES_UNIT_IS_RELIGIOUS_ALL
PLOT_IS_ADJACENT_COAST_CITY_CENTER_REQUIREMENTS,REQUIRES_PLOT_IS_ADJACENT_TO_COAST
PLOT_IS_ADJACENT_COAST_CITY_CENTER_REQUIREMENTS,REQUIRES_DISTRICT_IS_CITY_CENTER
DISTRICT_IS_ENTERTAINMENT_COMPLEX_COAST,REQUIRES_DISTRICT_IS_ENTERTAINMENT_COMPLEX
DISTRICT_IS_ENTERTAINMENT_COMPLEX_COAST,REQUIRES_PLOT_IS_ADJACENT_TO_COAST
DISTRICT_IS_HOLY_SITE_PRASAT_10_POP,REQUIRES_DISTRICT_IS_HOLY_SITE
DISTRICT_IS_HOLY_SITE_PRASAT_10_POP,REQUIRES_CITY_HAS_PRASAT
DISTRICT_IS_HOLY_SITE_PRASAT_10_POP,REQUIRES_PLAYER_HAS_FLIGHT
DISTRICT_IS_HOLY_SITE_PRASAT_10_POP,REQUIRES_POPULATION_10
DISTRICT_IS_HOLY_SITE_PRASAT_20_POP,REQUIRES_DISTRICT_IS_HOLY_SITE
DISTRICT_IS_HOLY_SITE_PRASAT_20_POP,REQUIRES_CITY_HAS_PRASAT
DISTRICT_IS_HOLY_SITE_PRASAT_20_POP,REQUIRES_PLAYER_HAS_FLIGHT
DISTRICT_IS_HOLY_SITE_PRASAT_20_POP,REQUIRES_POPULATION_20
CITY_HAS_AQUEDUCT,REQUIRES_CITY_HAS_AQUEDUCT
PLOT_ADJACENT_TO_FARM_AND_HOLYSITE_REQUIREMENTS,REQUIRES_PLOT_HAS_FARM
PLOT_ADJACENT_TO_FARM_AND_HOLYSITE_REQUIREMENTS,REQUIRES_PLOT_ADJACENT_TO_HOLYSITE
PLOT_HAS_SHALLOW_WATER,REQUIRES_PLOT_HAS_SHALLOW_WATER
PLOT_HAS_SHALLOW_WATER_AND_INDUSTRIAL,REQUIRES_PLOT_HAS_SHALLOW_WATER
PLOT_HAS_SHALLOW_WATER_AND_INDUSTRIAL,REQUIRES_PLAYER_IS_INDUSTRIAL_ERA
CITY_HAS_COMMERCIAL_HUB_VIKING,REQUIRES_CITY_HAS_COMMERCIAL_HUB
CITY_HAS_CAMPUS_VIKING,REQUIRES_CITY_HAS_CAMPUS
LYSEFJORDEN_REQUIREMENTS,MAP_CONTAINS_LYSEFJORDEN
LYSEFJORDEN_GRANT_EXPERIENCE_REQUIREMENTS,PLOT_ADJACENT_TO_LYSEFJORDEN_REQUIREMENT
LYSEFJORDEN_GRANT_EXPERIENCE_REQUIREMENTS,UNIT_IS_NAVAL_REQUIREMENT
GIANTS_CAUSEWAY_REQUIREMENTS,MAP_CONTAINS_GIANTS_CAUSEWAY
GIANTS_CAUSEWAY_GRANT_UNIT_ABILITY_REQUIREMENTS,PLOT_ADJACENT_TO_GIANTS_CAUSEWAY_REQUIREMENT
GIANTS_CAUSEWAY_GRANT_UNIT_ABILITY_REQUIREMENTS,REQUIRES_LAND_UNIT
TA_SETI_UNIT_REQUIREMENTS,REQUIREMENT_UNIT_IS_RANGED
REQUIREMENTS_PLOT_ADJACENT_PYRAMID,REQUIRES_PLOT_ADJACENT_TO_PYRAMID
PLAYER_LEADS_DISTRICTS,REQUIRES_MAJOR_CIV_OPPONENT
PLAYER_LEADS_DISTRICTS,REQUIRES_MET_30_TURNS_AGO
PLAYER_LEADS_DISTRICTS,REQUIRES_LEADS_DISTRICTS
PLAYER_LAGS_DISTRICTS,REQUIRES_MAJOR_CIV_OPPONENT
PLAYER_LAGS_DISTRICTS,REQUIRES_MET_30_TURNS_AGO
PLAYER_LAGS_DISTRICTS,REQUIRES_LAGS_DISTRICTS
UNIT_ADJACENT_TO_GREAT_GENERAL_REQUIREMENTS,UNIT_ADJACENT_TO_GREAT_GENERAL
BASILIKOI_PAIDES_UNIT_REQUIREMENTS,REQUIREMENT_UNIT_IS_MELEE
BASILIKOI_PAIDES_UNIT_REQUIREMENTS,REQUIREMENT_UNIT_IS_RANGED
BASILIKOI_PAIDES_UNIT_REQUIREMENTS,REQUIREMENT_UNIT_IS_ANTI_CAV
BASILIKOI_PAIDES_UNIT_REQUIREMENTS,REQUIREMENT_UNIT_IS_HETAIROI
CITY_HAS_APADANA_REQUIREMENTS,REQUIRES_CITY_HAS_APADANA
CITY_HAS_WONDER_REQUIREMENTS,REQUIRES_CITY_HAS_WONDER
CITY_HAS_ENCAMPMENT_MACEDON,REQUIRES_CITY_HAS_ENCAMPMENT
CITY_HAS_HOLY_SITE_MACEDON,REQUIRES_CITY_HAS_HOLY_SITE
CITY_HAS_THEATER_DISTRICT_MACEDON,REQUIRES_CITY_HAS_THEATER_DISTRICT
CITY_HAS_CAMPUS_MACEDON,REQUIRES_CITY_HAS_CAMPUS
UNIT_IS_ADMIRAL,REQUIREMENT_UNIT_IS_ADMIRAL
UNIT_IS_ENGINEER,REQUIREMENT_UNIT_IS_ENGINEER
PLAYER_HAS_POLITICAL_PHILOSOPHY,REQUIRES_PLAYER_HAS_POLITICAL_PHILOSOPHY
HALICARNASSUS_MAUSOLEUM_YIELD_MODIFIER_REQUIREMENTS,REQUIRES_PLOT_HAS_COAST
HALICARNASSUS_MAUSOLEUM_YIELD_MODIFIER_REQUIREMENTS,PLOT_IS_NOT_LAKE_REQUIREMENTS
PLOT_IS_COASTAL_LAND_REQUIREMENTS,PLOT_IS_COASTAL_LAND
DISTRICT_IS_CITY_CENTER_TSIKHE_GOLDEN_AGE,REQUIRES_DISTRICT_IS_CITY_CENTER
DISTRICT_IS_CITY_CENTER_TSIKHE_GOLDEN_AGE,REQUIRES_CITY_HAS_TSIKHE
DISTRICT_IS_CITY_CENTER_TSIKHE_GOLDEN_AGE,REQUIRES_PLAYER_HAS_GOLDEN_AGE
PLOT_ADJACENT_TO_SEOWON_MINES_REQUIREMENTS,REQUIRES_PLOT_HAS_MINE
PLOT_ADJACENT_TO_SEOWON_MINES_REQUIREMENTS,REQUIRES_PLOT_ADJACENT_TO_SEOWON
PLOT_ADJACENT_TO_SEOWON_FARMS_REQUIREMENTS,REQUIRES_PLOT_HAS_FARM
PLOT_ADJACENT_TO_SEOWON_FARMS_REQUIREMENTS,REQUIRES_PLOT_ADJACENT_TO_SEOWON
GAME_HAS_ATOMIC_EYE_REQUIREMENTS,REQUIRES_ERA_ATLEASTEXPANSION_ATOMIC
GAME_HAS_ATOMIC_EYE_REQUIREMENTS,REQUIRES_PLOT_HAS_EYE_SAHARA
PLAYER_HAS_ZHANGYE_GENERAL,PLAYER_HAS_ZHANGYE_DANXIA
PLAYER_HAS_ZHANGYE_MERCHANT,PLAYER_HAS_ZHANGYE_DANXIA
MATTERHORN_REQUIREMENTS,MAP_CONTAINS_MATTERHORN
MATTERHORN_ADJACENT_UNITS_GRANT_ABILITY_REQUIREMENTS,REQUIRES_LAND_UNIT
MATTERHORN_ADJACENT_UNITS_GRANT_ABILITY_REQUIREMENTS,MATTERHORN_REQUIRES_ADJACENT_UNIT
MEKEWAY_LUXURY_GOLDS_REQUIREMENTS,REQUIRES_PLOT_ADJACENT_TO_LUXURY
PLAYER_AT_WAR_WITH_NEIGHBORS,REQUIRES_MAJOR_CIV_OPPONENT
PLAYER_AT_WAR_WITH_NEIGHBORS,REQUIRES_MET_10_TURNS_AGO
PLAYER_AT_WAR_WITH_NEIGHBORS,REQUIRES_AT_WAR_WITH_NEIGHBORS
PLAYER_NOT_AT_WAR_WITH_NEIGHBORS,REQUIRES_MAJOR_CIV_OPPONENT
PLAYER_NOT_AT_WAR_WITH_NEIGHBORS,REQUIRES_MET_10_TURNS_AGO
PLAYER_NOT_AT_WAR_WITH_NEIGHBORS,REQUIRES_NOT_AT_WAR_WITH_NEIGHBORS
PLAYER_HAS_HIGH_WALLS,REQUIRES_MAJOR_CIV_OPPONENT
PLAYER_HAS_HIGH_WALLS,REQUIRES_MET_10_TURNS_AGO
PLAYER_HAS_HIGH_WALLS,REQUIRES_HAS_HIGH_WALLS
PLAYER_HAS_LOW_WALLS,REQUIRES_MAJOR_CIV_OPPONENT
PLAYER_HAS_LOW_WALLS,REQUIRES_MET_10_TURNS_AGO
PLAYER_HAS_LOW_WALLS,REQUIRES_HAS_LOW_WALLS
PLAYER_HAS_MANY_ALLIANCES,REQUIRES_HAS_MANY_ALLIANCES
PLAYER_HAS_MANY_ALLIANCES,REQUIRES_MAJOR_CIV_OPPONENT
PLAYER_HAS_MANY_ALLIANCES,REQUIRES_MET_10_TURNS_AGO
PLAYER_HAS_FEW_ALLIANCES,REQUIRES_HAS_FEW_ALLIANCES
PLAYER_HAS_FEW_ALLIANCES,REQUIRES_MAJOR_CIV_OPPONENT
PLAYER_HAS_FEW_ALLIANCES,REQUIRES_MET_10_TURNS_AGO
PLAYER_IS_SAME_SEX,REQUIRES_SAME_SEX
PLAYER_IS_SAME_SEX,REQUIRES_MET_30_TURNS_AGO
PLAYER_IS_OPPOSITE_SEX,REQUIRES_OPPOSITE_SEX
PLAYER_IS_OPPOSITE_SEX,REQUIRES_MET_30_TURNS_AGO
PLAYER_IS_SHARING_INFO,REQUIRES_SHARING_INFO
PLAYER_IS_SHARING_INFO,REQUIRES_MET_30_TURNS_AGO
PLAYER_IS_NOT_SHARING_INFO,REQUIRES_NOT_SHARING_INFO
PLAYER_IS_NOT_SHARING_INFO,REQUIRES_MET_30_TURNS_AGO
ALLIES_AT_WAR_WITH_TARGET_REQUIREMENTS,REQUIRES_ALLIES_AT_WAR_WITH_TARGET
ALLIES_AT_WAR_WITH_TARGET_REQUIREMENTS,REQUIRES_COMBAT_UNIT_VS_UNIT
ALLIANCE_CITY_HAS_TRADE_ROUTE_WITH_ALLY,REQUIRES_ALLIANCE_CITY_HAS_TRADE_ROUTE_WITH_ALLY
OWNER_OR_ALLY_IS_AT_WAR_REQUIREMENTS,REQUIRES_ALLY_IS_AT_WAR
OWNER_OR_ALLY_IS_AT_WAR_REQUIREMENTS,REQUIRES_PLAYER_IS_AT_WAR
RELIGIOUS_COMBAT_ENEMY_NOT_IN_ALLIED_RELIGION,REQUIRES_RELIGIOUS_ENEMY_NOT_ALLIED_RELIGION
ROUTE_BETWEEN_ALLIES_REQUIREMENTS,REQUIRES_TRADE_ROUTE_BETWEEN_ALLIES
LIGHTHOUSE_TRADE_ROUTE_CAPACITY_REQUIREMENTS,REQUIRES_NO_MARKET
MONUMENT_FULL_LOYALTY_REQUIREMENTS,REQUIRES_FULL_LOYALTY
AMUNDSEN_SNOW_SCIENCE,REQUIRES_CITY_HAS_5_SNOW
AMUNDSEN_SNOW_PRODUCTION,REQUIRES_CITY_HAS_5_SNOW
GOVERNOR_CITY_NOT_OWNER_CAPITAL_CONTINENT_REQUIREMENTS,REQUIRES_CITY_IS_NOT_OWNER_CAPITAL_CONTINENT
GOVERNOR_CITY_NOT_OWNER_CAPITAL_CONTINENT_REQUIREMENTS,REQUIRES_CITY_HAS_GOVERNOR
TEMPLE_ARTEMIS_REQUIREMENTS,REQUIRES_PLOT_HAS_ARTEMIS_WITHIN_4
STATUELIBERTY_REQUIREMENTS,REQUIRES_PLOT_HAS_LIBERTY_WITHIN_6
SCIENTIFIC_SUZERAIN_1_REQUIREMENTS,REQUIRES_SUZERAIN_SCIENTIFIC_1_LEADER
RELIGIOUS_SUZERAIN_1_REQUIREMENTS,REQUIRES_SUZERAIN_RELIGIOUS_1_LEADER
TRADE_SUZERAIN_1_REQUIREMENTS,REQUIRES_SUZERAIN_TRADE_1_LEADER
CULTURAL_SUZERAIN_1_REQUIREMENTS,REQUIRES_SUZERAIN_CULTURAL_1_LEADER
MILITARISTIC_SUZERAIN_1_REQUIREMENTS,REQUIRES_SUZERAIN_MILITARISTIC_1_LEADER
INDUSTRIAL_SUZERAIN_1_REQUIREMENTS,REQUIRES_SUZERAIN_INDUSTRIAL_1_LEADER
SCIENTIFIC_SUZERAIN_2_REQUIREMENTS,REQUIRES_SUZERAIN_SCIENTIFIC_2_LEADERS
RELIGIOUS_SUZERAIN_2_REQUIREMENTS,REQUIRES_SUZERAIN_RELIGIOUS_2_LEADERS
TRADE_SUZERAIN_2_REQUIREMENTS,REQUIRES_SUZERAIN_TRADE_2_LEADERS
CULTURAL_SUZERAIN_2_REQUIREMENTS,REQUIRES_SUZERAIN_CULTURAL_2_LEADERS
MILITARISTIC_SUZERAIN_2_REQUIREMENTS,REQUIRES_SUZERAIN_MILITARISTIC_2_LEADERS
INDUSTRIAL_SUZERAIN_2_REQUIREMENTS,REQUIRES_SUZERAIN_INDUSTRIAL_2_LEADERS
UNIT_LEVIED_REQUIREMENTS,REQUIRES_UNIT_IS_LEVIED
CITY_HAS_GOVERNOR_REQUIREMENTS,REQUIRES_CITY_HAS_GOVERNOR
CITY_HAS_NO_GOVERNOR_REQUIREMENTS,REQUIRES_NOT_CITY_HAS_GOV
GOV_UNIT_STACKING_BUFF_REQUIREMENTS,REQUIRES_UNIT_NOT_BARBARIAN
GOV_UNIT_STACKING_BUFF_REQUIREMENTS,REQUIRES_ENEMY_GOT_MURDERATED
AQUARIUM_REEF_REQUIREMENTS,REQUIRES_PLOT_HAS_REEF
AQUATICS_CENTER_WONDER_REQUIREMENTS,REQUIRES_DISTRICT_IS_WORLD_WONDER
AQUATICS_CENTER_WONDER_REQUIREMENTS,AQUATICS_CENTER_REQUIREMENTS_MET_REQUIREMENT
AQUATICS_CENTER_COASTAL_WONDER_REQUIREMENTS,REQUIRES_PLOT_IS_COAST
AQUATICS_CENTER_COASTAL_WONDER_REQUIREMENTS,REQUIRES_PLOT_IS_ADJACENT_TO_COAST
ZOO_RAINFOREST_REQUIREMENTS,REQUIRES_PLOT_HAS_JUNGLE
ZOO_MARSH_REQUIREMENTS,REQUIRES_PLOT_HAS_MARSH
STADIUM_10_POPULATION_REQUIREMENTS,REQUIRES_POPULATION_10
STADIUM_20_POPULATION_REQUIREMENTS,REQUIRES_POPULATION_20
COLOSSEUM_REQUIREMENTS,REQUIRES_PLOT_HAS_COLOSSEUM_WITHIN_6
PLOT_HAS_ANYTUNDRA_REQUIREMENTS,REQUIRES_PLOT_HAS_TUNDRA
PLOT_HAS_ANYTUNDRA_REQUIREMENTS,REQUIRES_PLOT_HAS_TUNDRA_HILLS
CITY_HAS_ST_BASILS_REQUIREMENTS,REQUIRES_CITY_HAS_ST_BASILS
PLAYER_HAS_GOV_BUILDING_TALL_REQUIREMENTS,PLAYER_HAS_GOV_BUILDING_TALL_REQUIREMENT
PLAYER_HAS_GOV_BUILDING_WIDE_REQUIREMENTS,PLAYER_HAS_GOV_BUILDING_WIDE_REQUIREMENT
PLAYER_HAS_GOV_BUILDING_CONQUEST_REQUIREMENTS,PLAYER_HAS_GOV_BUILDING_CONQUEST_REQUIREMENT
PLAYER_HAS_GOV_BUILDING_CITYSTATES_REQUIREMENTS,PLAYER_HAS_GOV_BUILDING_CITYSTATES_REQUIREMENT
PLAYER_HAS_GOV_BUILDING_FAITH_REQUIREMENTS,PLAYER_HAS_GOV_BUILDING_FAITH_REQUIREMENT
PLAYER_HAS_GOV_BUILDING_SPIES_REQUIREMENTS,PLAYER_HAS_GOV_BUILDING_SPIES_REQUIREMENT
PLAYER_HAS_GOV_BUILDING_MILITARY_REQUIREMENTS,PLAYER_HAS_GOV_BUILDING_MILITARY_REQUIREMENT
PLAYER_HAS_GOV_BUILDING_SCIENCE_REQUIREMENTS,PLAYER_HAS_GOV_BUILDING_SCIENCE_REQUIREMENT
PLAYER_HAS_GOV_BUILDING_CULTURE_REQUIREMENTS,PLAYER_HAS_GOV_BUILDING_CULTURE_REQUIREMENT
UNIT_IS_LEVERAGED_REQUIREMENTS,UNIT_IS_LEVIED_REQUIREMENT
DISTRICT_IS_ENTERTAINMENT_COMPLEX_ARENA,REQUIRES_DISTRICT_IS_ENTERTAINMENT_COMPLEX
DISTRICT_IS_ENTERTAINMENT_COMPLEX_ARENA,REQUIRES_CITY_HAS_ARENA
PLAYER_HAS_CAMPUS_HAPPY_REQUIREMENTS,REQUIRES_CITY_HAS_CAMPUS
PLAYER_HAS_CAMPUS_ECSTATIC_REQUIREMENTS,REQUIRES_CITY_HAS_CAMPUS
PLAYER_HAS_INDUSTRIAL_ZONE_HAPPY_REQUIREMENTS,REQUIRES_CITY_HAS_INDUSTRIAL_ZONE
PLAYER_HAS_INDUSTRIAL_ZONE_ECSTATIC_REQUIREMENTS,REQUIRES_CITY_HAS_INDUSTRIAL_ZONE
OPPONENT_IS_IN_GOLDEN_AGE_REQUIREMENTS,OPPONENT_IS_IN_GOLDEN_AGE_REQUIREMENT
OPPONENT_IS_IN_GOLDEN_AGE_FREE_CITY_REQUIREMENTS,OPPONENT_IS_IN_GOLDEN_AGE_REQUIREMENT
OPPONENT_IS_IN_GOLDEN_AGE_FREE_CITY_REQUIREMENTS,OPPONENT_IS_FREE_CITY_REQUIREMENT
CITY_IS_OCCUPIED_REQUIREMENTS,CITY_IS_OCCUPIED_REQUIREMENT
PLAYER_HAS_POTTERY_AND_CAPITAL,REQUIRES_PLAYER_HAS_POTTERY
PLAYER_HAS_POTTERY_AND_CAPITAL,REQUIRES_CAPITAL_CITY
CITY_HAS_GARRISON_CORPS_OR_ARMY_REQUIREMENT,REQUIRES_CITY_HAS_GARRISON_CORPS
CITY_HAS_GARRISON_CORPS_OR_ARMY_REQUIREMENT,REQUIRES_CITY_HAS_GARRISON_ARMY
REQUIREMENTS_PLOT_ADJACENT_MISSION_FOREIGN_CONTINENT,REQUIRES_PLOT_ADJACENT_TO_MISSION
REQUIREMENTS_PLOT_ADJACENT_MISSION_FOREIGN_CONTINENT,REQUIRES_CITY_IS_NOT_OWNER_CAPITAL_CONTINENT
CITY_HAS_GOVERNOR_FOUNDED,REQUIRES_CITY_WAS_FOUNDED
CITY_HAS_GOVERNOR_FOUNDED,REQUIRES_CITY_HAS_GOVERNOR
CITY_HAS_GOVERNOR_NOT_FOUNDED,REQUIRES_CITY_WAS_NOT_FOUNDED
CITY_HAS_GOVERNOR_NOT_FOUNDED,REQUIRES_CITY_HAS_GOVERNOR
PLAYER_HAS_GOVERNMENT_DISTRICT_REQUIREMENTS,PLAYER_HAS_GOVERNMENT_DISTRICT_REQUIREMENT
MILITARY_EMERGENCY_TARGET_REQUIREMENTS,REQUIRES_EMERGENCY_TARGET_IS_WINNING
MILITARY_EMERGENCY_MEMBER_REQUIREMENTS,REQUIRES_EMERGENCY_TARGET_IS_ON_CONTINENT
MILITARY_EMERGENCY_MEMBER_REQUIREMENTS,REQUIRES_PLAYER_IS_EMERGENCY_MEMBER
MILITARY_EMERGENCY_MEMBER_REQUIREMENTS,REQUIRES_PLAYER_IS_NOT_EMERGENCY_TARGET_DECLARED_FRIEND
MILITARY_EMERGENCY_MEMBER_REQUIREMENTS,REQUIRES_PLAYER_NOT_ALLY
MILITARY_EMERGENCY_COMBAT_STRENGTH_ATTACKER_REQUIREMENTS,REQUIRES_ATTACKER_IS_EMERGENCY_MEMBER
MILITARY_EMERGENCY_COMBAT_STRENGTH_ATTACKER_REQUIREMENTS,REQUIRES_DEFENDER_IS_EMERGENCY_TARGET
MILITARY_EMERGENCY_COMBAT_STRENGTH_ATTACKER_REQUIREMENTS,REQUIRES_COMBAT_UNIT_VS_UNIT
MILITARY_EMERGENCY_COMBAT_STRENGTH_DEFENDER_REQUIREMENTS,REQUIRES_ATTACKER_IS_EMERGENCY_TARGET
MILITARY_EMERGENCY_COMBAT_STRENGTH_DEFENDER_REQUIREMENTS,REQUIRES_DEFENDER_IS_EMERGENCY_MEMBER
MILITARY_EMERGENCY_COMBAT_STRENGTH_DEFENDER_REQUIREMENTS,REQUIRES_COMBAT_UNIT_VS_UNIT
MILITARY_EMERGENCY_MOVEMENT_BUFF_REQUIREMENTS,REQUIRES_UNIT_IN_EMERGENCY_TARGET_TERRITORY
MILITARY_EMERGENCY_MOVEMENT_BUFF_REQUIREMENTS,REQUIRES_PLAYER_IS_EMERGENCY_MEMBER
MILITARY_EMERGENCY_MEMBERS_REWARD_REQUIREMENTS,REQUIRES_PLAYER_IS_EMERGENCY_MEMBER_WITH_SCORE
MILITARY_EMERGENCY_MEMBERS_REWARD_REQUIREMENTS,REQUIRES_UNIT_IN_EMERGENCY_TARGET_TERRITORY
MILITARY_EMERGENCY_TARGETS_REWARD_REQUIREMENTS,REQUIRES_ATTACKER_IS_EMERGENCY_TARGET
MILITARY_EMERGENCY_TARGETS_REWARD_REQUIREMENTS,REQUIRES_DEFENDER_IS_EMERGENCY_MEMBER
MILITARY_EMERGENCY_TARGETS_REWARD_REQUIREMENTS,REQUIRES_COMBAT_IS_CITY_STRIKE
SETTLEMENT_EMERGENCY_MEMBER_REQUIREMENTS,REQUIRES_PLAYER_IS_EMERGENCY_MEMBER
SETTLEMENT_EMERGENCY_MEMBER_REQUIREMENTS,REQUIRES_PLAYER_IS_NOT_EMERGENCY_TARGET_DECLARED_FRIEND
SETTLEMENT_EMERGENCY_MEMBER_REQUIREMENTS,REQUIRES_PLAYER_NOT_ALLY
SETTLEMENT_EMERGENCY_TARGET_REQUIREMENTS,REQUIRES_NOTHING
SETTLEMENT_EMERGENCY_MEMBER_GPT_REQUIREMENTS,REQUIRES_PLAYER_IS_EMERGENCY_MEMBER
SETTLEMENT_EMERGENCY_TARGET_GPT_REQUIREMENTS,REQUIRES_PLAYER_IS_EMERGENCY_TARGET
SETTLEMENT_EMERGENCY_MEMBER_MOVEMENT_REQUIREMENTS,REQUIRES_PLAYER_IS_EMERGENCY_MEMBER
SETTLEMENT_EMERGENCY_TARGET_MOVEMENT_REQUIREMENTS,REQUIRES_PLAYER_IS_EMERGENCY_TARGET
CITY_STATE_EMERGENCY_MEMBER_REQUIREMENTS,REQUIRES_PLAYER_IS_EMERGENCY_MEMBER
CITY_STATE_EMERGENCY_MEMBER_REQUIREMENTS,REQUIRES_PLAYER_IS_NOT_EMERGENCY_TARGET_DECLARED_FRIEND
CITY_STATE_EMERGENCY_MEMBER_REQUIREMENTS,REQUIRES_PLAYER_NOT_ALLY
CITY_STATE_EMERGENCY_MEMBER_REQUIREMENTS,REQUIRES_PLAYER_HAS_ENVOYS_AT_EMERGENCY_CITY_STATE
CITY_STATE_EMERGENCY_TARGET_REQUIREMENTS,REQUIRES_NOTHING
CITY_STATE_EMERGENCY_REWARD_MEMBER_REQUIREMENTS,REQUIRES_PLAYER_IS_EMERGENCY_MEMBER_WITH_SCORE
CITY_STATE_EMERGENCY_REWARD_TARGET_REQUIREMENTS,REQUIRES_PLAYER_IS_EMERGENCY_TARGET
CITY_STATE_EMERGENCY_REWARD_TARGET_REQUIREMENTS,REQUIRES_TRADE_ROUTE_TO_CITY_STATE
RELIGIOUS_EMERGENCY_MEMBER_REQUIREMENTS,REQUIRES_PLAYER_IS_EMERGENCY_MEMBER
RELIGIOUS_EMERGENCY_MEMBER_REQUIREMENTS,REQUIRES_PLAYER_IS_NOT_EMERGENCY_TARGET_DECLARED_FRIEND
RELIGIOUS_EMERGENCY_MEMBER_REQUIREMENTS,REQUIRES_PLAYER_NOT_ALLY
RELIGIOUS_EMERGENCY_MEMBER_REQUIREMENTS,REQUIRES_PLAYER_HAS_FOUNDED_A_RELIGION
RELIGIOUS_EMERGENCY_TARGET_REQUIREMENTS,REQUIRES_NOTHING
RELIGIOUS_EMERGENCY_REWARD_MEMBER_REQUIREMENTS,REQUIRES_PLAYER_IS_EMERGENCY_MEMBER_WITH_SCORE
RELIGIOUS_EMERGENCY_REWARD_TARGET_REQUIREMENTS,REQUIRES_PLAYER_IS_EMERGENCY_TARGET
SPYING_EMERGENCY_MEMBER_REQUIREMENTS,REQUIRES_PLAYER_IS_EMERGENCY_MEMBER
SPYING_EMERGENCY_MEMBER_REQUIREMENTS,REQUIRES_PLAYER_IS_NOT_EMERGENCY_TARGET_DECLARED_FRIEND
SPYING_EMERGENCY_MEMBER_REQUIREMENTS,REQUIRES_PLAYER_NOT_ALLY
SPYING_EMERGENCY_MEMBER_REQUIREMENTS,REQUIRES_PLAYER_HAS_HIGH_DIPLO_VIS_OF_TARGET
SPYING_EMERGENCY_TARGET_REQUIREMENTS,REQUIRES_NOTHING
SPYING_EMERGENCY_BUFF_ABILITY_REQUIREMENTS,REQUIRES_PLAYER_IS_EMERGENCY_MEMBER
SPYING_EMERGENCY_BUFF_ABILITY_REQUIREMENTS,REQUIRES_UNIT_IS_SPY
SPYING_EMERGENCY_REWARD_SPY_KILLING_REQUIREMENTS,REQUIRES_PLAYER_IS_EMERGENCY_MEMBER_WITH_SCORE
SPYING_EMERGENCY_REWARD_MEMBER_REQUIREMENTS,REQUIRES_PLAYER_IS_EMERGENCY_TARGET
SPYING_EMERGENCY_REWARD_MEMBER_REQUIREMENTS,REQUIRES_UNIT_IS_SPY
SPYING_EMERGENCY_REWARD_TARGET_REQUIREMENTS,REQUIRES_PLAYER_IS_EMERGENCY_TARGET
NUCLEAR_EMERGENCY_MEMBER_REQUIREMENTS,REQUIRES_PLAYER_IS_EMERGENCY_MEMBER
NUCLEAR_EMERGENCY_MEMBER_REQUIREMENTS,REQUIRES_PLAYER_IS_NOT_EMERGENCY_TARGET_DECLARED_FRIEND
NUCLEAR_EMERGENCY_MEMBER_REQUIREMENTS,REQUIRES_PLAYER_NOT_ALLY
NUCLEAR_EMERGENCY_TARGET_REQUIREMENTS,REQUIRES_NOTHING
NUCLEAR_EMERGENCY_BUFF_COMBAT_STRENGTH_ATTACKER_REQUIREMENTS,REQUIRES_ATTACKER_IS_EMERGENCY_MEMBER
NUCLEAR_EMERGENCY_BUFF_COMBAT_STRENGTH_ATTACKER_REQUIREMENTS,REQUIRES_DEFENDER_IS_EMERGENCY_TARGET
NUCLEAR_EMERGENCY_BUFF_COMBAT_STRENGTH_ATTACKER_REQUIREMENTS,REQUIRES_COMBAT_UNIT_VS_UNIT
NUCLEAR_EMERGENCY_BUFF_COMBAT_STRENGTH_DEFENDER_REQUIREMENTS,REQUIRES_ATTACKER_IS_EMERGENCY_TARGET
NUCLEAR_EMERGENCY_BUFF_COMBAT_STRENGTH_DEFENDER_REQUIREMENTS,REQUIRES_DEFENDER_IS_EMERGENCY_MEMBER
NUCLEAR_EMERGENCY_BUFF_COMBAT_STRENGTH_DEFENDER_REQUIREMENTS,REQUIRES_COMBAT_UNIT_VS_UNIT
NUCLEAR_EMERGENCY_BUFF_MOVEMENT_REQUIREMENTS,REQUIRES_UNIT_IN_EMERGENCY_TARGET_TERRITORY
NUCLEAR_EMERGENCY_BUFF_MOVEMENT_REQUIREMENTS,REQUIRES_PLAYER_IS_EMERGENCY_MEMBER
NUCLEAR_EMERGENCY_ATTACKER_REWARD_MEMBER_REQUIREMENTS,REQUIRES_ATTACKER_IS_EMERGENCY_MEMBER_WITH_SCORE
NUCLEAR_EMERGENCY_ATTACKER_REWARD_MEMBER_REQUIREMENTS,REQUIRES_DEFENDER_IS_EMERGENCY_TARGET
NUCLEAR_EMERGENCY_ATTACKER_REWARD_MEMBER_REQUIREMENTS,REQUIRES_COMBAT_UNIT_VS_UNIT
NUCLEAR_EMERGENCY_DEFENDER_REWARD_MEMBER_REQUIREMENTS,REQUIRES_ATTACKER_IS_EMERGENCY_TARGET
NUCLEAR_EMERGENCY_DEFENDER_REWARD_MEMBER_REQUIREMENTS,REQUIRES_DEFENDER_IS_EMERGENCY_MEMBER_WITH_SCORE
NUCLEAR_EMERGENCY_DEFENDER_REWARD_MEMBER_REQUIREMENTS,REQUIRES_COMBAT_UNIT_VS_UNIT
NUCLEAR_EMERGENCY_REWARD_TARGET_REQUIREMENTS,REQUIRES_PLAYER_IS_EMERGENCY_MEMBER
BACKSTAB_EMERGENCY_MEMBER_REQUIREMENTS,REQUIRES_PLAYER_IS_EMERGENCY_MEMBER
BACKSTAB_EMERGENCY_TARGET_REQUIREMENTS,REQUIRES_HIGH_ALLIANCE_LEVEL_WITH_EMERGENCY_PLAYER_DATA
BACKSTAB_EMERGENCY_BUFF_COMBAT_STRENGTH_ATTACKER_REQUIREMENTS,REQUIRES_ATTACKER_IS_EMERGENCY_MEMBER
BACKSTAB_EMERGENCY_BUFF_COMBAT_STRENGTH_ATTACKER_REQUIREMENTS,REQUIRES_DEFENDER_IS_EMERGENCY_TARGET
BACKSTAB_EMERGENCY_BUFF_COMBAT_STRENGTH_ATTACKER_REQUIREMENTS,REQUIRES_COMBAT_UNIT_VS_UNIT
BACKSTAB_EMERGENCY_BUFF_COMBAT_STRENGTH_DEFENDER_REQUIREMENTS,REQUIRES_ATTACKER_IS_EMERGENCY_TARGET
BACKSTAB_EMERGENCY_BUFF_COMBAT_STRENGTH_DEFENDER_REQUIREMENTS,REQUIRES_DEFENDER_IS_EMERGENCY_MEMBER
BACKSTAB_EMERGENCY_BUFF_COMBAT_STRENGTH_DEFENDER_REQUIREMENTS,REQUIRES_COMBAT_UNIT_VS_UNIT
BACKSTAB_EMERGENCY_BUFF_MOVEMENT_REQUIREMENTS,REQUIRES_PLAYER_IS_EMERGENCY_MEMBER
BACKSTAB_EMERGENCY_BUFF_MOVEMENT_REQUIREMENTS,REQUIRES_UNIT_IN_EMERGENCY_TARGET_TERRITORY
BACKSTAB_EMERGENCY_BUFF_KILL_ROUTES_REQUIREMENTS,REQUIRES_TRADE_ROUTE_BETWEEN_EMERGENCY_MEMBER_AND_TARGET
BACKSTAB_EMERGENCY_BUFF_TRADE_YIELDS_REQUIREMENTS,REQUIRES_TRADE_ROUTE_BETWEEN_EMERGENCY_MEMBERS
BACKSTAB_EMERGENCY_ATTACKER_REWARD_MEMBER_REQUIREMENTS,REQUIRES_ATTACKER_IS_EMERGENCY_MEMBER_WITH_SCORE
BACKSTAB_EMERGENCY_ATTACKER_REWARD_MEMBER_REQUIREMENTS,REQUIRES_DEFENDER_IS_EMERGENCY_TARGET
BACKSTAB_EMERGENCY_DEFENDER_REWARD_MEMBER_REQUIREMENTS,REQUIRES_ATTACKER_IS_EMERGENCY_TARGET
BACKSTAB_EMERGENCY_DEFENDER_REWARD_MEMBER_REQUIREMENTS,REQUIRES_DEFENDER_IS_EMERGENCY_MEMBER_WITH_SCORE
BACKSTAB_EMERGENCY_REWARD_TARGET_REQUIREMENTS,REQUIRES_PLAYER_IS_EMERGENCY_TARGET
BACKSTAB_EMERGENCY_REWARD_TARGET_REQUIREMENTS,REQUIRES_PLAYER_AT_WAR_WITH_EMERGENCY_MEMBER
BUILDING_IS_PALACE,REQUIRES_CITY_HAS_PALACE
BUILDING_IS_TIER1,REQUIRES_CITY_HAS_GOV_TALL
BUILDING_IS_TIER1,REQUIRES_CITY_HAS_GOV_WIDE
BUILDING_IS_TIER1,REQUIRES_CITY_HAS_GOV_CONQUEST
BUILDING_IS_TIER2,REQUIRES_CITY_HAS_GOV_CITYSTATES
BUILDING_IS_TIER2,REQUIRES_CITY_HAS_GOV_SPIES
BUILDING_IS_TIER2,REQUIRES_CITY_HAS_GOV_FAITH
BUILDING_IS_TIER3,REQUIRES_CITY_HAS_GOV_MILITARY
BUILDING_IS_TIER3,REQUIRES_CITY_HAS_GOV_CULTURE
BUILDING_IS_TIER3,REQUIRES_CITY_HAS_GOV_SCIENCE
CAPITAL_OR_GOV_DISTRICT_REQUIREMENTS,REQUIRES_CITY_HAS_PALACE
CAPITAL_OR_GOV_DISTRICT_REQUIREMENTS,REQUIRES_CITY_HAS_GOV_DISTRICT
CITY_HAS_1_SPECIALTY_DISTRICT,REQUIRES_CITY_HAS_1_SPECIALTY_DISTRICT
PLOT_HAS_STRATEGIC_RESOURCE,REQUIRES_PLOT_HAS_STRATEGIC
PLOT_HAS_STRATEGIC_RESOURCE,REQUIRES_PLOT_HAS_VISIBLE_RESOURCE
CITY_HAS_GOVERNOR_PROMOTION_MERCHANT_RENEWABLE_ENERGY,REQUIRES_CITY_HAS_GOVERNOR_PROMOTION_MERCHANT_RENEWABLE_ENERGY
PLOT_HAS_RENEWABLE_IMPROVEMENT,REQUIRES_CITY_HAS_SOLAR_FARM
PLOT_HAS_RENEWABLE_IMPROVEMENT,REQUIRES_CITY_HAS_WIND_FARM
PLOT_HAS_RENEWABLE_IMPROVEMENT,REQUIRES_CITY_HAS_OFFSHORE_WIND_FARM
PLOT_HAS_RENEWABLE_IMPROVEMENT,REQUIRES_CITY_HAS_GEOTHERMAL_PLANT
PLOT_HAS_ANY_FEATURE_NO_IMPROVEMENTS,REQUIRES_PLOT_HAS_NO_IMPROVEMENT
PLOT_HAS_ANY_FEATURE_NO_IMPROVEMENTS,PLOT_HAS_ANY_FEATURE_REQUIREMENT
CITY_HAS_GOVERNOR_PROMOTION_AQUACULTURE,REQUIRES_CITY_HAS_GOVERNOR_PROMOTION_AQUACULTURE
CITY_HAS_GOVERNOR_PROMOTION_PARKS_RECREATION,REQUIRES_CITY_HAS_GOVERNOR_PROMOTION_PARKS_RECREATION
DISTRICT_IS_NEIGHBORHOOD,REQUIRES_DISTRICT_IS_NEIGHBORHOOD
DISTRICT_IS_AQUEDUCT,REQUIRES_DISTRICT_IS_AQUEDUCT
DISTRICT_IS_CANAL,REQUIRES_DISTRICT_IS_CANAL
DISTRICT_IS_DAM,REQUIRES_DISTRICT_IS_DAM
PLAYER_HAS_GLOBALIZATION_REQUIREMENTS,REQUIRES_PLAYER_HAS_GLOBALIZATION
PLAYER_HAS_CIVIL_SERVICE_REQUIREMENTS,REQUIRES_PLAYER_HAS_CIVIL_SERVICE
ADJACENT_TO_WATER_REQUIREMENTS,REQUIRES_PLOT_ADJACENT_TO_COAST
ADJACENT_TO_WATER_REQUIREMENTS,REQUIRES_PLOT_ADJACENT_TO_LAKE
ADJACENT_TO_WATER_REQUIREMENTS,REQUIRES_PLOT_ADJACENT_TO_RIVER
CITY_HAS_GOVERNOR,REQUIRES_CITY_HAS_GOVERNOR
PLAYER_HAS_GOLDEN_AGE_HAVE_MET,REQUIRES_PLAYER_HAS_GOLDEN_AGE
PLAYER_HAS_GOLDEN_AGE_HAVE_MET,REQUIRES_PLAYERS_HAVE_MET
PLAYER_ELIGIBLE_FOR_COMMEMORATION_QUEST,REQUIRES_PLAYER_NOT_HAS_GOLDEN_AGE
PLAYER_ELIGIBLE_FOR_COMMEMORATION_QUEST,REQUIRES_PLAYER_ALWAYS_ALLOWED_COMMEMORATION_QUEST
PLAYER_HAS_DARK_AGE_HAVE_MET,REQUIRES_PLAYER_HAS_DARK_AGE
PLAYER_HAS_DARK_AGE_HAVE_MET,REQUIRES_PLAYERS_HAVE_MET
PLAYER_HAS_DARK_AGE,REQUIRES_PLAYER_HAS_DARK_AGE
PLAYER_IS_HIGH_DIFFICULTY_HUMAN,REQUIRES_PLAYER_IS_HUMAN
PLAYER_IS_HIGH_DIFFICULTY_HUMAN,REQUIRES_EMPEROR_OR_HIGHER_DIFFICULTY
PLAYER_SHARES_EMERGENCY,REQUIRES_MAJOR_CIV_OPPONENT
PLAYER_SHARES_EMERGENCY,REQUIRES_SHARED_EMERGENCY
OPPONENT_IS_DEFENSIBLE_DISTRICT_REQURIEMENTS,PLOT_DISTRICT_IS_DEFENDED_REQUIREMENTS
REQUIREMENTS_UNIT_IS_MONGOLIAN_CAVALRY,UNIT_IS_LIGHT_CAVALRY
REQUIREMENTS_UNIT_IS_MONGOLIAN_CAVALRY,UNIT_IS_HEAVY_CAVALRY
REQUIREMENTS_UNIT_IS_MONGOLIAN_CAVALRY,UNIT_IS_MONGOLIAN_KESHIG_REQUIREMENT
ATTACKER_OPPONENT_IS_CAVALRY_UNIT_REQUIREMENTS,PLAYER_IS_ATTACKER_REQUIREMENTS
ATTACKER_OPPONENT_IS_CAVALRY_UNIT_REQUIREMENTS,OPPONENT_IS_CAVALRY_REQUIREMENTS_MET
OPPONENT_IS_CAVALRY_UNIT_REQUIREMENTS,OPPONENT_IS_LIGHT_CAVALRY_REQUIREMENT
OPPONENT_IS_CAVALRY_UNIT_REQUIREMENTS,OPPONENT_IS_HEAVY_CAVALRY_REQUIREMENT
OPPONENT_IS_CAVALRY_UNIT_REQUIREMENTS,OPPONENT_IS_RANGED_CAVALRY_REQUIREMENT
BUILDING_IS_BARRACKS_STABLE_MILITARITIC_CITY_STATE,REQUIRES_CITY_HAS_BARRACKS
BUILDING_IS_BARRACKS_STABLE_MILITARITIC_CITY_STATE,REQUIRES_CITY_HAS_STABLE
BUILDING_IS_ARMORY,REQUIRES_CITY_HAS_ARMORY
BUILDING_IS_WORKSHOP,REQUIRES_CITY_HAS_WORKSHOP
BUILDING_IS_FACTORY,REQUIRES_CITY_HAS_FACTORY
BUILDING_IS_SHRINE,REQUIRES_CITY_HAS_SHRINE
BUILDING_IS_MARKET,REQUIRES_CITY_HAS_MARKET
BUILDING_IS_LIBRARY,REQUIRES_CITY_HAS_LIBRARY
BUILDING_IS_AMPHITHEATER,REQUIRES_CITY_HAS_AMPHITHEATER
BUILDING_IS_LIGHTHOUSE,REQUIRES_CITY_HAS_LIGHTHOUSE
BUILDING_IS_MILITARY_ACADEMY,REQUIRES_CITY_HAS_MILITARY_ACADEMY
PLAYER_IS_SUZERAIN_ALLY_LEVEL_1,REQUIRES_PLAYER_IS_SUZERAIN
PLAYER_IS_SUZERAIN_ALLY_LEVEL_1,REQUIRES_PLAYER_IS_ALLY_LEVEL_1
PLAYER_IS_SUZERAIN_ALLY_LEVEL_2,REQUIRES_PLAYER_IS_SUZERAIN
PLAYER_IS_SUZERAIN_ALLY_LEVEL_2,REQUIRES_PLAYER_IS_ALLY_LEVEL_2
PLAYER_IS_SUZERAIN_ALLY_LEVEL_3,REQUIRES_PLAYER_IS_SUZERAIN
PLAYER_IS_SUZERAIN_ALLY_LEVEL_3,REQUIRES_PLAYER_IS_ALLY_LEVEL_3
PLAYER_DEFENSIVE_PACT,REQUIRES_PLAYER_NOT_ALLY
PLAYER_HAS_GOLDEN_AGE,REQUIRES_PLAYER_HAS_GOLDEN_AGE
UNIT_IS_RELIGIOUS,REQUIRES_UNIT_IS_MISSIONARY
UNIT_IS_RELIGIOUS,REQUIRES_UNIT_IS_APOSTLE
UNIT_IS_RELIGIOUS,REQUIRES_UNIT_IS_INQUISITOR
UNIT_IS_GOLDEN_AGE_RELIGIOUS,REQUIRES_UNIT_IS_RELIGIOUS
UNIT_IS_GOLDEN_AGE_RELIGIOUS,REQUIRES_PLAYER_HAS_GOLDEN_AGE
UNIT_IS_GOLDEN_AGE_TRADER,REQUIRES_UNIT_IS_TRADER
UNIT_IS_GOLDEN_AGE_TRADER,REQUIRES_PLAYER_HAS_GOLDEN_AGE
UNIT_IS_GOLDEN_AGE_BUILDER,REQUIREMENT_UNIT_IS_BUILDER
UNIT_IS_GOLDEN_AGE_BUILDER,REQUIRES_PLAYER_HAS_GOLDEN_AGE
PLAYER_HAS_GOLDEN_AGE_ATOMIC,REQUIRES_PLAYER_HAS_GOLDEN_AGE
PLAYER_HAS_GOLDEN_AGE_ATOMIC,REQUIRES_ERA_IS_ATOMIC
PLAYER_HAS_GOLDEN_AGE_INFORMATION,REQUIRES_PLAYER_HAS_GOLDEN_AGE
PLAYER_HAS_GOLDEN_AGE_INFORMATION,REQUIRES_ERA_IS_INFORMATION
PLAYER_HAS_GOLDEN_AGE_FUTURE,REQUIRES_PLAYER_HAS_GOLDEN_AGE
PLAYER_HAS_GOLDEN_AGE_FUTURE,REQUIRES_ERA_IS_FUTURE
PLAYER_HAS_GOLDEN_AGE_AIR,REQUIRES_PLAYER_HAS_GOLDEN_AGE
PLAYER_HAS_GOLDEN_AGE_AIR,REQUIRES_AIR_DOMAIN
CITY_HAS_GOVERNOR_GOLDEN_AGE,REQUIRES_CITY_HAS_GOVERNOR
CITY_HAS_GOVERNOR_GOLDEN_AGE,REQUIRES_PLAYER_HAS_GOLDEN_AGE
PLAYER_HAS_GOLDEN_AGE_CITY_NOT_OWNER_CAPITAL_CONTINENT_REQUIREMENTS,REQUIRES_CITY_IS_NOT_OWNER_CAPITAL_CONTINENT
PLAYER_HAS_GOLDEN_AGE_CITY_NOT_OWNER_CAPITAL_CONTINENT_REQUIREMENTS,REQUIRES_PLAYER_HAS_GOLDEN_AGE
PLAYER_HAS_GOLDEN_AGE_UNIT_IS_SPY,REQUIREMENT_UNIT_IS_SPY
PLAYER_HAS_GOLDEN_AGE_UNIT_IS_SPY,REQUIRES_PLAYER_HAS_GOLDEN_AGE
CITY_HAS_2_TITLE_GOVERNOR_REQUIREMENTS,REQUIRES_CITY_HAS_2_TITLE_GOVERNOR
PLOT_HAS_FARM_REQUIREMENTS,REQUIRES_PLOT_HAS_FARM
BUILDING_IS_STOCK_EXCHANGE,REQUIRES_CITY_HAS_STOCK_EXCHANGE
CITY_HAS_HOLY_SITE,REQUIRES_CITY_HAS_HOLY_SITE
CITY_HAS_HIGH_POPULATION,REQUIRES_CITY_HAS_HIGH_POPULATION
CAMPUS_HAS_HIGH_ADJACENCY,REQUIRES_CAMPUS_HAS_HIGH_ADJACENCY
COMMERCIAL_HUB_HAS_HIGH_ADJACENCY,REQUIRES_COMMERCIAL_HUB_HAS_HIGH_ADJACENCY
HOLY_SITE_HAS_HIGH_ADJACENCY,REQUIRES_HOLY_SITE_HAS_HIGH_ADJACENCY
THEATER_SQUARE_HAS_HIGH_ADJACENCY,REQUIRES_THEATER_SQUARE_HAS_HIGH_ADJACENCY
UNIT_IS_NAVAL_RAIDER,REQUIRES_UNIT_IS_NAVAL_RAIDER
CITY_HAS_ASSIGNED_GOVERNOR,REQUIRES_CITY_WITH_ASSIGNED_GOVERNOR
BOMBARD_STRENGTH_BUFF_REQUIREMENTS,ADJACENT_FRIENDLY_DRONE_UNIT_REQUIREMENT
HIGHLANDER_COMBAT_BONUS_TERRAIN_REQUIREMENTS,PLOT_IS_HILLS_REQUIREMENT
HIGHLANDER_COMBAT_BONUS_TERRAIN_REQUIREMENTS,PLOT_IS_FOREST_REQUIREMENT
ZEVEN_PROVINCIEN_DISTRICT_COMBAT_BONUS_REQUIREMENTS,OPPONENT_IS_DISTRICT
KHEVSURETI_HILLS_BUFF_REQUIREMENTS,PLOT_IS_HILLS_REQUIREMENT
MALON_RAIDER_FRIENDLY_TERRITORY_REQUIREMENTS,NEAR_FRIENDLY_TERRITORY
SUPPLY_CONVOY_MOVEMENT_REQUIREMENTS,ADJACENT_UNIT_REQUIREMENT
SUPPLY_CONVOY_MOVEMENT_REQUIREMENTS,UNIT_IS_DOMAIN_LAND
PLAYER_HAS_HIGH_DIPLOVP,REQUIRES_MAJOR_CIV_OPPONENT
PLAYER_HAS_HIGH_DIPLOVP,REQUIRES_MET_30_TURNS_AGO
PLAYER_HAS_HIGH_DIPLOVP,REQUIRES_HAS_HIGH_DIPLOVP
PLAYER_HAS_LOW_DIPLOVP,REQUIRES_MAJOR_CIV_OPPONENT
PLAYER_HAS_LOW_DIPLOVP,REQUIRES_MET_30_TURNS_AGO
PLAYER_HAS_LOW_DIPLOVP,REQUIRES_HAS_LOW_DIPLOVP
PLAYER_HAS_HIGH_FAVOR,REQUIRES_MAJOR_CIV_OPPONENT
PLAYER_HAS_HIGH_FAVOR,REQUIRES_MET_30_TURNS_AGO
PLAYER_HAS_HIGH_FAVOR,REQUIRES_HAS_HIGH_FAVOR
PLAYER_HAS_LOW_FAVOR,REQUIRES_MAJOR_CIV_OPPONENT
PLAYER_HAS_LOW_FAVOR,REQUIRES_MET_30_TURNS_AGO
PLAYER_HAS_LOW_FAVOR,REQUIRES_HAS_LOW_FAVOR
PLAYER_HAS_HIGH_TOURISM,REQUIRES_MAJOR_CIV_OPPONENT
PLAYER_HAS_HIGH_TOURISM,REQUIRES_MET_30_TURNS_AGO
PLAYER_HAS_HIGH_TOURISM,REQUIRES_HAS_HIGH_TOURISM
PLAYER_HAS_LOW_TOURISM,REQUIRES_MAJOR_CIV_OPPONENT
PLAYER_HAS_LOW_TOURISM,REQUIRES_MET_30_TURNS_AGO
PLAYER_HAS_LOW_TOURISM,REQUIRES_HAS_LOW_TOURISM
PLAYER_HAS_HIGH_PILLAGE,REQUIRES_MAJOR_CIV_OPPONENT
PLAYER_HAS_HIGH_PILLAGE,REQUIRES_MET_30_TURNS_AGO
PLAYER_HAS_HIGH_PILLAGE,REQUIRES_HAS_HIGH_PILLAGE
PLAYER_HAS_LOW_PILLAGE,REQUIRES_MAJOR_CIV_OPPONENT
PLAYER_HAS_LOW_PILLAGE,REQUIRES_MET_30_TURNS_AGO
PLAYER_HAS_LOW_PILLAGE,REQUIRES_HAS_LOW_PILLAGE
HOLY_WATERS_HEALING_REQUIREMENTS,REQUIRES_CITY_FOLLOWS_RELIGION
HOLY_WATERS_HEALING_REQUIREMENTS,REQUIRES_DISTRICT_IS_HOLY_SITE
HOLY_WATERS_HEALING_MODIFIER_REQUIREMENTS,ADJACENT_UNIT_REQUIREMENT
PLOT_HAS_GODDES_FIRE_REQUIREMENTS,REQUIRES_PLOT_HAS_GEOTHERMAL_FIISSURE
PLOT_HAS_GODDES_FIRE_REQUIREMENTS,REQUIRES_PLOT_HAS_VOLCANIC_SOIL
PLOT_HAS_PLANTATION_REQUIREMENTS,REQUIRES_PLOT_HAS_PLANTATION
PLAYER_HAS_AT_LEAST_ONE_CITY_REQUIREMENTS,REQUIRES_PLAYER_HAS_AT_LEAST_ONE_CITY
PLOT_BREATHTAKING_APPEAL,REQUIRES_PLOT_BREATHTAKING_APPEAL
PLOT_HAS_STRATEGIC_IMPROVED_REQUIREMENTS,REQUIRES_PLOT_HAS_IMPROVED_STRATEGIC
BUILDING_IS_TEMPLE_XP2,REQUIRES_CITY_HAS_TEMPLE
WORK_ETHIC_ADJACENCY_PRODUCTION_REQUIREMENTS,REQUIRES_CITY_FOLLOWS_RELIGION
WORK_ETHIC_ADJACENCY_PRODUCTION_REQUIREMENTS,REQUIRES_WORK_ETHIC_DISTRICT_IS_HOLY_SITE
BUILDING_IS_TIER3_HOLY_SITE,REQUIRES_CITY_HAS_CATHEDRAL
BUILDING_IS_TIER3_HOLY_SITE,REQUIRES_CITY_HAS_DAR_E_MEHR
BUILDING_IS_TIER3_HOLY_SITE,REQUIRES_CITY_HAS_GURDWARA
BUILDING_IS_TIER3_HOLY_SITE,REQUIRES_CITY_HAS_MEETING_HOUSE
BUILDING_IS_TIER3_HOLY_SITE,REQUIRES_CITY_HAS_MOSQUE
BUILDING_IS_TIER3_HOLY_SITE,REQUIRES_CITY_HAS_PAGODA
BUILDING_IS_TIER3_HOLY_SITE,REQUIRES_CITY_HAS_STUPA
BUILDING_IS_TIER3_HOLY_SITE,REQUIRES_CITY_HAS_SYNAGOGUE
BUILDING_IS_TIER3_HOLY_SITE,REQUIRES_CITY_HAS_WAT
PLAYER_HAS_QUEENS_BIBLIOTHEQUE_REQUIREMENTS,PLAYER_HAS_QUEENS_BIBLIOTHEQUE_REQUIREMENT
CITY_HAS_1_OR_MORE_GEOTHERMALFISSURE_REQUIREMENTS,CITY_HAS_1_OR_MORE_GEOTHERMALFISSURE_REQUIREMENT
PLOT_HAS_ANY_PASSABLE_FEATURE_REQUIREMENTS,PLOT_HAS_ANY_FEATURE_REQUIREMENT
PLOT_HAS_ANY_PASSABLE_FEATURE_REQUIREMENTS,PLOT_IS_PASSABLE
PLOT_IS_ADJACENT_TO_COAST,REQUIRES_PLOT_IS_ADJACENT_TO_COAST
PLOT_HAS_UNIMPROVED_COAST_REQUIREMENTS,REQUIRES_PLOT_HAS_COAST
PLOT_HAS_UNIMPROVED_COAST_REQUIREMENTS,REQUIRES_PLOT_HAS_NO_IMPROVEMENT
REQUIREMENTS_PLOT_IS_MOUNTAIN,PLOT_IS_MOUNTAIN
REQUIREMENTS_PLOT_IS_MOUNTAIN_LATE,REQUIRES_ERA_ATLEASTEXPANSION_INDUSTRIAL
REQUIREMENTS_PLOT_IS_MOUNTAIN_LATE,PLOT_IS_MOUNTAIN
CITY_NOT_FOUNDED,CITY_IS_NOT_ORIGINAL_OWNER_REQUIREMENTS
PLOT_HAS_MAORI_PA_REQUIREMENTS,REQUIRES_PLOT_HAS_MAORI_PA
PLOT_HAS_FOREST_NO_IMPROVEMENT_REQUIREMENTS,PLOT_IS_FOREST_REQUIREMENT
PLOT_HAS_FOREST_NO_IMPROVEMENT_REQUIREMENTS,REQUIRES_PLOT_HAS_NO_IMPROVEMENT
PLOT_HAS_JUNGLE_NO_IMPROVEMENT_REQUIREMENTS,REQUIRES_PLOT_HAS_NO_IMPROVEMENT
PLOT_HAS_JUNGLE_NO_IMPROVEMENT_REQUIREMENTS,PLOT_IS_JUNGLE_REQUIREMENT
PLOT_HAS_JUNGLE_MERCANTILISM_REQUIREMENTS,REQUIRES_PLOT_HAS_NO_IMPROVEMENT
PLOT_HAS_JUNGLE_MERCANTILISM_REQUIREMENTS,REQUIRES_PLAYER_HAS_MERCANTILISM
PLOT_HAS_JUNGLE_MERCANTILISM_REQUIREMENTS,PLOT_IS_JUNGLE_REQUIREMENT
PLOT_HAS_FOREST_MERCANTILISM_REQUIREMENTS,REQUIRES_PLAYER_HAS_MERCANTILISM
PLOT_HAS_FOREST_MERCANTILISM_REQUIREMENTS,REQUIRES_PLOT_HAS_NO_IMPROVEMENT
PLOT_HAS_FOREST_MERCANTILISM_REQUIREMENTS,PLOT_IS_FOREST_REQUIREMENT
PLOT_HAS_JUNGLE_CONSERVATION_REQUIREMENTS,REQUIRES_PLOT_HAS_NO_IMPROVEMENT
PLOT_HAS_JUNGLE_CONSERVATION_REQUIREMENTS,REQUIRES_PLAYER_HAS_CONSERVATION
PLOT_HAS_JUNGLE_CONSERVATION_REQUIREMENTS,PLOT_IS_JUNGLE_REQUIREMENT
PLOT_HAS_FOREST_CONSERVATION_REQUIREMENTS,REQUIRES_PLAYER_HAS_CONSERVATION
PLOT_HAS_FOREST_CONSERVATION_REQUIREMENTS,REQUIRES_PLOT_HAS_NO_IMPROVEMENT
PLOT_HAS_FOREST_CONSERVATION_REQUIREMENTS,PLOT_IS_FOREST_REQUIREMENT
UNIT_IS_MILITARY_ENGINEER,REQUIREMENT_UNIT_IS_MILITARY_ENGINEER
BUILDING_IS_UNIVERSITY,REQUIRES_CITY_HAS_UNIVERSITY
UNIT_IS_MISSIONARY,REQUIRES_UNIT_IS_MISSIONARY
DISTRICT_IS_AQUEDUCT_ADJACENT_TO_GEOTHERMAL,REQUIRES_DISTRICT_IS_AQUEDUCT
DISTRICT_IS_AQUEDUCT_ADJACENT_TO_GEOTHERMAL,PLOT_ADJACENT_TO_GEOTHERMAL_FISSURE_REQUIREMENT
DISTRICT_IS_BATH_ADJACENT_TO_GEOTHERMAL,REQUIRES_DISTRICT_IS_BATH
DISTRICT_IS_BATH_ADJACENT_TO_GEOTHERMAL,PLOT_ADJACENT_TO_GEOTHERMAL_FISSURE_REQUIREMENT
CITY_HAS_COTHON_ON_UNIT_PLOT_REQUIREMENTS,REQUIRES_PLOT_UNIT_CITY_HAS_COTHON_SAME_OWNER
CITY_HAS_COTHON_ON_UNIT_PLOT_REQUIREMENTS,REQUIRES_SEA_DOMAIN
EMERGENCY_MEMBER_REQUIREMENTS,REQUIRES_PLAYER_IS_EMERGENCY_MEMBER
NOBEL_PRIZE_TRAIT_REQUIREMENTS,REQUIRES_PLAYER_HAS_NOBEL_PRIZE_TRAIT
WORLDS_FAIR_EMERGENCY_TARGET_REQUIREMENTS,REQUIRES_GAME_ERA_AFTER_INDUSTRIAL
WORLDS_FAIR_EMERGENCY_TARGET_REQUIREMENTS,REQUIRES_GAME_ERA_BEFORE_ATOMIC
CLIMATE_ACCORDS_EMERGENCY_TARGET_REQUIREMENTS,REQUIRES_GAME_ERA_AFTER_ATOMIC
WORLD_GAMES_EMERGENCY_TARGET_REQUIREMENTS,REQUIRES_GAME_ERA_AFTER_MODERN
SPACE_STATION_EMERGENCY_TARGET_REQUIREMENTS,REQUIRES_GAME_ERA_AFTER_INFORMATION
NOBEL_PRIZE_TARGET_REQUIREMENTS,REQUIRES_GAME_ERA_AFTER_RENAISSANCE
NOBEL_PRIZE_TARGET_REQUIREMENTS,REQUIRES_GAME_HAS_NOBEL_PRIZE_TRAIT
SCORED_COMPETITION_TOP_TIER_REQUIREMENTS,REQUIRES_PLAYER_IN_TOP_TIER_FOR_EMERGENCY_SCORE
SCORED_COMPETITION_BOTTOM_TIER_REQUIREMENTS,REQUIRES_PLAYER_IN_BOTTOM_TIER_FOR_EMERGENCY_SCORE
SCORED_COMPETITION_FIRST_PLACE_REQUIREMENTS,REQUIRES_PLAYER_IN_FIRST_PLACE_FOR_EMERGENCY_SCORE
NOBEL_PRIZE_FIRST_PLACE_UNIVERSITY_RESOURCES_REQUIREMENTS,REQUIRES_PLAYER_IN_FIRST_PLACE_FOR_EMERGENCY_SCORE
NOBEL_PRIZE_FIRST_PLACE_UNIVERSITY_RESOURCES_REQUIREMENTS,REQUIRES_CITY_HAS_UNIVERSITY
NOBEL_PRIZE_TOP_TIER_RESEARCH_LAB_RESOURCES_REQUIREMENTS,REQUIRES_PLAYER_IN_TOP_TIER_FOR_EMERGENCY_SCORE
NOBEL_PRIZE_TOP_TIER_RESEARCH_LAB_RESOURCES_REQUIREMENTS,REQUIRES_CITY_HAS_RESEARCH_LAB
WORLD_GAMES_FIRST_PLACE_CAMPUS_TOURISM_REQUIREMENTS,REQUIRES_PLAYER_IN_FIRST_PLACE_FOR_EMERGENCY_SCORE
WORLD_GAMES_FIRST_PLACE_CAMPUS_TOURISM_REQUIREMENTS,REQUIRES_DISTRICT_IS_CAMPUS
WORLD_GAMES_TOP_TIER_STADIUM_TOURISM_REQUIREMENTS,REQUIRES_PLAYER_IN_TOP_TIER_FOR_EMERGENCY_SCORE
WORLD_GAMES_TOP_TIER_STADIUM_TOURISM_REQUIREMENTS,REQUIRES_DISTRICT_IS_ENTERTAINMENT_COMPLEX
WORLD_GAMES_TOP_TIER_STADIUM_TOURISM_REQUIREMENTS,REQUIRES_CITY_HAS_STADIUM
WORLD_GAMES_TOP_TIER_AQUATIC_CENTER_TOURISM_REQUIREMENTS,REQUIRES_PLAYER_IN_TOP_TIER_FOR_EMERGENCY_SCORE
WORLD_GAMES_TOP_TIER_AQUATIC_CENTER_TOURISM_REQUIREMENTS,REQUIRES_DISTRICT_IS_WATER_ENTERTAINMENT_COMPLEX
WORLD_GAMES_TOP_TIER_AQUATIC_CENTER_TOURISM_REQUIREMENTS,REQUIRES_CITY_HAS_AQUATIC_CENTER
WORLD_GAMES_BOTTOM_TIER_STADIUM_TOURISM_REQUIREMENTS,REQUIRES_PLAYER_IN_BOTTOM_TIER_FOR_EMERGENCY_SCORE
WORLD_GAMES_BOTTOM_TIER_STADIUM_TOURISM_REQUIREMENTS,REQUIRES_DISTRICT_IS_ENTERTAINMENT_COMPLEX
WORLD_GAMES_BOTTOM_TIER_STADIUM_TOURISM_REQUIREMENTS,REQUIRES_CITY_HAS_STADIUM
WORLD_GAMES_BOTTOM_TIER_AQUATIC_CENTER_TOURISM_REQUIREMENTS,REQUIRES_PLAYER_IN_BOTTOM_TIER_FOR_EMERGENCY_SCORE
WORLD_GAMES_BOTTOM_TIER_AQUATIC_CENTER_TOURISM_REQUIREMENTS,REQUIRES_DISTRICT_IS_WATER_ENTERTAINMENT_COMPLEX
WORLD_GAMES_BOTTOM_TIER_AQUATIC_CENTER_TOURISM_REQUIREMENTS,REQUIRES_CITY_HAS_AQUATIC_CENTER
ISS_SPACESHIP_SPEED_REQUIREMENTS,REQUIRES_PLAYER_COMPLETED_EXOPLANET_EXPEDITION
HOSTILE_EMERGENCY_TARGET_FAVOR_REWARDS_REQUIREMENTS,REQUIRES_PLAYER_IS_EMERGENCY_TARGET
HOSTILE_EMERGENCY_MEMBER_FAVOR_REWARDS_REQUIREMENTS,REQUIRES_PLAYER_IS_EMERGENCY_MEMBER_WITH_SCORE
IKKIL_REQUIREMENTS,MAP_CONTAINS_IKKIL
PAMUKKALE_REQUIREMENTS,MAP_CONTAINS_PAMUKKALE
DISTRICT_IS_ADJACENT_TO_ENTERTAINMENT_COMPLEX,REQUIRES_PLOT_ADJACENT_TO_ENTERTAINMENT_COMPLEX
DISTRICT_IS_ADJACENT_TO_ENTERTAINMENT_COMPLEX,REQUIRES_PAMUKKALE_IN_CITY
CITY_HAS_PAMUKKALE,REQUIRES_PAMUKKALE_IN_CITY
CITY_HAS_ENCAMPMENT,REQUIRES_CITY_HAS_ENCAMPMENT
CITY_HAS_COMMERCIAL_HUB,REQUIRES_CITY_HAS_COMMERCIAL_HUB
CITY_IS_POWERED,REQUIRES_CITY_IS_POWERED
PLOT_10_TILES_AWAY_MAX_REQUIREMENTS,10_PLOTS_AWAY_MAX_UNIT_REQUIREMENT
PLOT_WITHIN_ONE_HEX_TO_VOLCANIC_SOIL_REQUIREMENTS,PLOT_ADJACENT_TO_VOLCANIC_SOIL_REQUIREMENT
PLOT_WITHIN_ONE_HEX_TO_VOLCANIC_SOIL_REQUIREMENTS,PLOT_VOLCANIC_SOIL_REQUIREMENT
NAZCA_LINE_ADJACENCY_FAITH_REQUIREMENTS,ADJACENT_TO_OWNER
NAZCA_LINE_ADJACENCY_FAITH_RESOURCE_REQUIREMENTS,ADJACENT_TO_OWNER
NAZCA_LINE_ADJACENCY_FAITH_RESOURCE_REQUIREMENTS,PLOT_HAS_RESOURCE_REQUIREMENTS
NAZCA_LINE_ADJACENCY_FOOD_DESERT_CIVIL_SERVICE_REQUIREMENTS,ADJACENT_TO_OWNER
NAZCA_LINE_ADJACENCY_FOOD_DESERT_CIVIL_SERVICE_REQUIREMENTS,REQUIRES_PLAYER_HAS_CIVIL_SERVICE_XP2
NAZCA_LINE_ADJACENCY_FOOD_DESERT_CIVIL_SERVICE_REQUIREMENTS,REQUIRES_PLOT_DESERT
NAZCA_LINE_ADJACENCY_FOOD_DESERT_HILLS_CIVIL_SERVICE_REQUIREMENTS,ADJACENT_TO_OWNER
NAZCA_LINE_ADJACENCY_FOOD_DESERT_HILLS_CIVIL_SERVICE_REQUIREMENTS,REQUIRES_PLAYER_HAS_CIVIL_SERVICE_XP2
NAZCA_LINE_ADJACENCY_FOOD_DESERT_HILLS_CIVIL_SERVICE_REQUIREMENTS,REQUIRES_PLOT_HAS_DESERT
NAZCA_LINE_ADJACENCY_PRODUCTION_FLAT_MASS_PRODUCTION_REQUIREMENTS,ADJACENT_TO_OWNER
NAZCA_LINE_ADJACENCY_PRODUCTION_FLAT_MASS_PRODUCTION_REQUIREMENTS,REQUIRES_PLAYER_HAS_MASS_PRODUCTION_XP2
NAZCA_LINE_ADJACENCY_PRODUCTION_FLAT_MASS_PRODUCTION_REQUIREMENTS,REQUIRES_PLOT_IS_FLAT
PLOT_IS_ADJACENT_TO_STADIUM,REQUIRES_PLOT_IS_ADJACENT_TO_STADIUM
PLOT_IS_ADJACENT_TO_FRESH_WATER_NOT_AQUEDUCT,REQUIRES_PLOT_IS_FRESH_WATER
PLOT_IS_ADJACENT_TO_FRESH_WATER_NOT_AQUEDUCT,REQUIRES_NOT_ADJACENT_TO_AQUEDUCT
PLAYER_HAS_NATURAL_HISTORY_REQUIREMENTS,REQUIRES_PLAYER_HAS_NATURAL_HISTORY
PLAYER_HAS_CULTURAL_HERITAGE_REQUIREMENTS,REQUIRES_PLAYER_HAS_CULTURAL_HERITAGE
PLAYER_DOES_NOT_HAVE_NATURAL_HISTORY_REQUIREMENTS,REQUIRES_PLAYER_DOES_NOT_HAVE_NATURAL_HISTORY
PLAYER_HAS_COLONIALISM_REQUIREMENTS,REQUIRES_PLAYER_HAS_COLONIALISM
PLOT_FLOODPLAINS_REQUIREMENTS,REQUIRES_PLOT_HAS_FLOODPLAINS_TAG
CITY_HAS_GOV_DISTRICT,REQUIRES_CITY_HAS_GOV_DISTRICT
CITY_HAS_TIER_1_GOV_BUILDING,REQUIRES_CITY_HAS_TIER_1_GOV_BUILDING
CITY_HAS_TIER_2_GOV_BUILDING,REQUIRES_CITY_HAS_TIER_2_GOV_BUILDING
CITY_HAS_TIER_3_GOV_BUILDING,REQUIRES_CITY_HAS_TIER_3_GOV_BUILDING
UNIT_IS_LEVIED_REQUIREMENTS_XP2,REQUIRES_UNIT_IS_LEVIED_XP2
PLAYER_HAS_NO_CITIES,REQUIRES_PLAYER_HAS_AT_LEAST_NO_CITY
PLAYER_HAS_ONE_CITY,REQUIRES_PLAYER_HAS_ONLY_ONE_CITY
PLAYER_HAS_CIVIL_ENGINEERING,REQUIRES_PLAYER_HAS_CIVIL_ENGINEERING_CIVIC
BUILDING_IS_SHIPYARD,REQUIRES_CITY_HAS_SHIPYARD
BUILDING_IS_SEAPORT,REQUIRES_CITY_HAS_SEAPORT
PLAYER_HAS_NO_IMPROVED_ALUMINUM,REQUIRES_PLAYER_HAS_NO_IMPROVED_ALUMINUM
PLAYER_HAS_NO_IMPROVED_ALUMINUM,REQUIRES_PLAYER_CAN_SEE_ALUMINUM
PLAYER_HAS_NO_IMPROVED_COAL,REQUIRES_PLAYER_HAS_NO_IMPROVED_COAL
PLAYER_HAS_NO_IMPROVED_COAL,REQUIRES_PLAYER_CAN_SEE_COAL
PLAYER_HAS_NO_IMPROVED_HORSES,REQUIRES_PLAYER_HAS_NO_IMPROVED_HORSES
PLAYER_HAS_NO_IMPROVED_HORSES,REQUIRES_PLAYER_CAN_SEE_HORSES
PLAYER_HAS_NO_IMPROVED_IRON,REQUIRES_PLAYER_HAS_NO_IMPROVED_IRON
PLAYER_HAS_NO_IMPROVED_IRON,REQUIRES_PLAYER_CAN_SEE_IRON
PLAYER_HAS_NO_IMPROVED_NITER,REQUIRES_PLAYER_HAS_NO_IMPROVED_NITER
PLAYER_HAS_NO_IMPROVED_NITER,REQUIRES_PLAYER_CAN_SEE_NITER
PLAYER_HAS_NO_IMPROVED_OIL,REQUIRES_PLAYER_HAS_NO_IMPROVED_OIL
PLAYER_HAS_NO_IMPROVED_OIL,REQUIRES_PLAYER_CAN_SEE_OIL
PLAYER_HAS_NO_IMPROVED_URANIUM,REQUIRES_PLAYER_HAS_NO_IMPROVED_URANIUM
PLAYER_HAS_NO_IMPROVED_URANIUM,REQUIRES_PLAYER_CAN_SEE_URANIUM
PLOT_HAS_TUNDRA_MINE_REQUIREMENTS,REQUIRES_PLOT_HAS_MINE
PLOT_HAS_TUNDRA_MINE_REQUIREMENTS,REQUIRES_PLOT_HAS_TUNDRA
PLOT_HAS_TUNDRA_HILLS_MINE_REQUIREMENTS,REQUIRES_PLOT_HAS_MINE
PLOT_HAS_TUNDRA_HILLS_MINE_REQUIREMENTS,REQUIRES_PLOT_HAS_TUNDRA_HILLS
PLOT_HAS_SNOW_MINE_REQUIREMENTS,REQUIRES_PLOT_HAS_MINE
PLOT_HAS_SNOW_MINE_REQUIREMENTS,REQUIRES_PLOT_HAS_SNOW
PLOT_HAS_SNOW_HILLS_MINE_REQUIREMENTS,REQUIRES_PLOT_HAS_MINE
PLOT_HAS_SNOW_HILLS_MINE_REQUIREMENTS,PLOT_IS_SNOW_HILLS_TERRAIN_REQUIREMENT
PLOT_HAS_TUNDRA_CAMP_REQUIREMENTS,REQUIRES_PLOT_HAS_CAMP
PLOT_HAS_TUNDRA_CAMP_REQUIREMENTS,REQUIRES_PLOT_HAS_TUNDRA
PLOT_HAS_TUNDRA_HILLS_CAMP_REQUIREMENTS,REQUIRES_PLOT_HAS_CAMP
PLOT_HAS_TUNDRA_HILLS_CAMP_REQUIREMENTS,REQUIRES_PLOT_HAS_TUNDRA_HILLS
PLOT_HAS_SNOW_CAMP_REQUIREMENTS,REQUIRES_PLOT_HAS_CAMP
PLOT_HAS_SNOW_CAMP_REQUIREMENTS,REQUIRES_PLOT_HAS_SNOW
PLOT_HAS_SNOW_HILLS_CAMP_REQUIREMENTS,REQUIRES_PLOT_HAS_CAMP
PLOT_HAS_SNOW_HILLS_CAMP_REQUIREMENTS,PLOT_IS_SNOW_HILLS_TERRAIN_REQUIREMENT
PLOT_HAS_TUNDRA_FARM_REQUIREMENTS,REQUIRES_PLOT_HAS_FARM
PLOT_HAS_TUNDRA_FARM_REQUIREMENTS,REQUIRES_PLOT_HAS_TUNDRA
PLOT_HAS_TUNDRA_HILLS_FARM_REQUIREMENTS,REQUIRES_PLOT_HAS_FARM
PLOT_HAS_TUNDRA_HILLS_FARM_REQUIREMENTS,REQUIRES_PLOT_HAS_TUNDRA_HILLS
PLOT_HAS_SNOW_FARM_REQUIREMENTS,REQUIRES_PLOT_HAS_FARM
PLOT_HAS_SNOW_FARM_REQUIREMENTS,REQUIRES_PLOT_HAS_SNOW
PLOT_HAS_SNOW_HILLS_FARM_REQUIREMENTS,REQUIRES_PLOT_HAS_FARM
PLOT_HAS_SNOW_HILLS_FARM_REQUIREMENTS,PLOT_IS_SNOW_HILLS_TERRAIN_REQUIREMENT
PLOT_HAS_TUNDRA_LUMBER_MILL_REQUIREMENTS,REQUIRES_PLOT_HAS_LUMBER_MILL
PLOT_HAS_TUNDRA_LUMBER_MILL_REQUIREMENTS,REQUIRES_PLOT_HAS_TUNDRA
PLOT_HAS_TUNDRA_HILLS_LUMBER_MILL_REQUIREMENTS,REQUIRES_PLOT_HAS_LUMBER_MILL
PLOT_HAS_TUNDRA_HILLS_LUMBER_MILL_REQUIREMENTS,REQUIRES_PLOT_HAS_TUNDRA_HILLS
PLOT_HAS_SNOW_LUMBER_MILL_REQUIREMENTS,REQUIRES_PLOT_HAS_LUMBER_MILL
PLOT_HAS_SNOW_LUMBER_MILL_REQUIREMENTS,REQUIRES_PLOT_HAS_SNOW
PLOT_HAS_SNOW_HILLS_LUMBER_MILL_REQUIREMENTS,REQUIRES_PLOT_HAS_LUMBER_MILL
PLOT_HAS_SNOW_HILLS_LUMBER_MILL_REQUIREMENTS,PLOT_IS_SNOW_HILLS_TERRAIN_REQUIREMENT
DISTRICT_IS_INDUSTRIAL_ZONE_OR_ENTERTAINMENT_COMPLEX_OR_WATER_PARK,REQUIRES_DISTRICT_IS_INDUSTRIAL_ZONE
DISTRICT_IS_INDUSTRIAL_ZONE_OR_ENTERTAINMENT_COMPLEX_OR_WATER_PARK,REQUIRES_DISTRICT_IS_ENTERTAINMENT_COMPLEX
DISTRICT_IS_INDUSTRIAL_ZONE_OR_ENTERTAINMENT_COMPLEX_OR_WATER_PARK,REQUIRES_DISTRICT_IS_WATER_PARK
PLAYER_HAS_GUNPOWDER_TECH,REQUIRES_PLAYER_HAS_TECH_GUNPOWDER
PLAYER_IS_SUZERAIN,REQUIRES_PLAYER_IS_SUZERAIN_BONUS_ENABLED
CITY_HAS_SPACEPORT_REQUIREMENTS,REQUIRES_CITY_HAS_SPACEPORT
MUSIC_CENSORSHIP_10_POPULATION_REQUIREMENT,REQUIRES_POPULATION_10
UNIT_IS_ROCK_BAND,REQUIREMENT_UNIT_IS_ROCK_BAND
DISTRICT_IS_BREATHTAKING_NEIGHBORHOOD,REQUIRES_PLOT_BREATHTAKING_APPEAL
DISTRICT_IS_BREATHTAKING_NEIGHBORHOOD,REQUIRES_DISTRICT_IS_NEIGHBORHOOD
DISTRICT_IS_CHARMING_NEIGHBORHOOD,REQUIRES_PLOT_CHARMING_APPEAL
DISTRICT_IS_CHARMING_NEIGHBORHOOD,REQUIRES_DISTRICT_IS_NEIGHBORHOOD
BUILDING_IS_MUSEUM_ART,REQUIRES_CITY_HAS_MUSEUM_ART
BUILDING_IS_BROADCAST_CENTER,REQUIRES_CITY_HAS_BROADCAST_CENTER
BUILDING_IS_BANK,REQUIRES_CITY_HAS_BANK
BUILDING_IS_RESEARCH_LAB,REQUIRES_CITY_HAS_RESEARCH_LAB
BUILDING_IS_POWER_PLANT,REQUIRES_CITY_HAS_POWER_PLANT
BUILDING_IS_POWER_PLANT,REQUIRES_CITY_HAS_COAL_POWER_PLANT
BUILDING_IS_POWER_PLANT,REQUIRES_CITY_HAS_FOSSIL_FUEL_POWER_PLANT
UNIT_IS_GREAT_GENERAL,REQUIREMENT_UNIT_IS_GREAT_GENERAL
GDR_AA_DEFENSE_UPGRADE_REQUIREMENTS,REQUIRES_UNIT_GIANT_DEATH_ROBOT
GDR_SIEGE_LASER_UPGRADE_REQUIREMENTS,REQUIRES_UNIT_GIANT_DEATH_ROBOT
GDR_BONUS_MOVEMENT_UPGRADE_REQUIREMENTS,REQUIRES_UNIT_GIANT_DEATH_ROBOT
GDR_ARMOR_UPGRADE_REQUIREMENTS,REQUIRES_UNIT_GIANT_DEATH_ROBOT
AOE_RELIGIOUS_REQUIREMENTS_XP2,REQUIRES_UNIT_IS_ADJACENT_RELIGIOUS_ALL_XP2
AOE_GURU_REQUIREMENTS_XP2,REQUIRES_UNIT_IS_ADJACENT_GURU_XP2
REQUIREMENTS_UNIT_IS_EMBARKED,REQUIRES_UNIT_IS_EMBARKED
AOE_TRADER_REQUIREMENTS,TRADER_IS_WITHIN_FOUR_REQUIREMENT
UNIT_ON_PARK_REQUIREMENTS,UNIT_PARK_REQUIREMENT
UNIT_ON_OWN_PARK_REQUIREMENTS,UNIT_OWNER_PARK_REQUIREMENT
FRIENDLY_TERRITORY_REQUIREMENTS,IS_FRIENDLY_TERRITORY_REQUIREMENT
CYBER_WARFARE_REQUIREMENTS,OPPONENT_INFO_FUTURE_ERA
GDR_AA_DEFENSE_REQUIREMENTS,PLAYER_IS_DEFENDER_REQUIREMENTS
GDR_AA_DEFENSE_REQUIREMENTS,OPPONENT_IS_AIR_UNIT_REQUIREMENTS
GDR_DEFENSE_UPGRADE_REQUIREMENTS,PLAYER_IS_DEFENDER_REQUIREMENTS
GDR_DEFENSE_UPGRADE_REQUIREMENTS,OPPONENT_IS_NOT_AIR_UNIT_REQUIREMENTS
SIEGE_LASER_STRENGTH_REQUIREMENTS,OPPONENT_IS_DISTRICT
JANISSARY_CITY_FOUNDED,CITY_IS_ORIGINAL_OWNER_REQUIREMENTS
REQUIREMENTS_DIPLOMATIC_VICTORY,DIPLOMATIC_VICTORY_REQUIREMENT
REQUIREMENTS_EXOPLANET_TECHNOLOGY_VICTORY,EXOPLANET_TECHNOLOGY_VICTORY_PER_TEAM_REQUIREMENTS_MET
EXOPLANET_TECHNOLOGY_VICTORY_PER_TEAM_REQUIREMENTS,TECHNOLOGY_VICTORY_POINTS_MET
EXOPLANET_TECHNOLOGY_VICTORY_PER_TEAM_REQUIREMENTS,TECHNOLOGY_VICTORY_EARTH_SATELLITE
EXOPLANET_TECHNOLOGY_VICTORY_PER_TEAM_REQUIREMENTS,TECHNOLOGY_VICTORY_MOON_LANDING
EXOPLANET_TECHNOLOGY_VICTORY_PER_TEAM_REQUIREMENTS,TECHNOLOGY_VICTORY_MARS_BASE
EXOPLANET_TECHNOLOGY_VICTORY_PER_TEAM_REQUIREMENTS,TECHNOLOGY_VICTORY_EXOPLANET_EXPEDITION
PLAYER_HAS_LOW_MOUNTAIN_CITIES,REQUIRES_MAJOR_CIV_OPPONENT
PLAYER_HAS_LOW_MOUNTAIN_CITIES,REQUIRES_MET_30_TURNS_AGO
PLAYER_HAS_LOW_MOUNTAIN_CITIES,REQUIRES_HAS_LOW_MOUNTAIN_CITIES
PLAYER_HAS_HIGH_MOUNTAIN_CITIES,REQUIRES_MAJOR_CIV_OPPONENT
PLAYER_HAS_HIGH_MOUNTAIN_CITIES,REQUIRES_MET_30_TURNS_AGO
PLAYER_HAS_HIGH_MOUNTAIN_CITIES,REQUIRES_HAS_HIGH_MOUNTAIN_CITIES
PLAYER_HAS_LOW_COASTAL_CITIES,REQUIRES_MAJOR_CIV_OPPONENT
PLAYER_HAS_LOW_COASTAL_CITIES,REQUIRES_MET_30_TURNS_AGO
PLAYER_HAS_LOW_COASTAL_CITIES,REQUIRES_HAS_LOW_COASTAL_CITIES
PLAYER_HAS_HIGH_COASTAL_CITIES,REQUIRES_MAJOR_CIV_OPPONENT
PLAYER_HAS_HIGH_COASTAL_CITIES,REQUIRES_MET_30_TURNS_AGO
PLAYER_HAS_HIGH_COASTAL_CITIES,REQUIRES_HAS_HIGH_COASTAL_CITIES
MAORI_MARAE_FLIGHT_REQUIREMENT,REQUIRES_PLAYER_HAS_FLIGHT
REQUIREMENTS_PLOT_ADJACENT_FORESTS_OR_WONDERS,REQUIRES_PLOT_ADJACENT_TO_WONDER
REQUIREMENTS_PLOT_ADJACENT_FORESTS_OR_WONDERS,REQUIRES_PLOT_ADJACENT_FOREST_ROOSEVELT
REQUIREMENTS_PLOT_ADJACENT_FORESTS_OR_WONDERS_BREATHTAKING,PLOT_ADJACENT_FORESTS_OR_WONDERS_REQUIREMENTS_MET
REQUIREMENTS_PLOT_ADJACENT_FORESTS_OR_WONDERS_BREATHTAKING,REQUIRES_PLOT_BREATHTAKING_APPEAL_ROOSEVELT
REQUIREMENTS_PLOT_ADJACENT_NATURAL_WONDERS_OR_MOUNTAINS,REQUIRES_PLOT_ADJACENT_TO_NATURAL_WONDER
REQUIREMENTS_PLOT_ADJACENT_NATURAL_WONDERS_OR_MOUNTAINS,REQUIRES_PLOT_ADJACENT_TO_MOUNTAIN
REQUIREMENTS_PLOT_ADJACENT_NATURAL_WONDERS_OR_MOUNTAINS_BREATHTAKING,PLOT_ADJACENT_NATURAL_WONDERS_OR_MOUNTAINS_MET
REQUIREMENTS_PLOT_ADJACENT_NATURAL_WONDERS_OR_MOUNTAINS_BREATHTAKING,REQUIRES_PLOT_BREATHTAKING_APPEAL_ROOSEVELT
PLOT_HAS_STRATEGIC_RESOURCE_ENGLAND,REQUIRES_PLOT_HAS_STRATEGIC
PLOT_HAS_STRATEGIC_RESOURCE_ENGLAND,REQUIRES_PLOT_HAS_VISIBLE_RESOURCE
PLAYER_IS_HARALD_ALT,REQUIRES_PLAYER_IS_HARALD_ALT
PLAYER_HAS_GREAT_ADMIRAL_CLASS_REQUIREMENTS,PLAYER_HAS_GREAT_ADMIRAL
PLAYER_HAS_GREAT_ADMIRAL_REQUIREMENTS,PLAYER_HAS_ARTEMISIA
PLAYER_HAS_GREAT_ADMIRAL_REQUIREMENTS,PLAYER_HAS_GAIUS_DUILIUS
PLAYER_HAS_GREAT_ADMIRAL_REQUIREMENTS,PLAYER_HAS_THEMISTOCLES
PLAYER_HAS_GREAT_ADMIRAL_REQUIREMENTS,PLAYER_HAS_LEIF_ERIKSON
PLAYER_HAS_GREAT_ADMIRAL_REQUIREMENTS,PLAYER_HAS_RAJENDRA_CHOLA
PLAYER_HAS_GREAT_ADMIRAL_REQUIREMENTS,PLAYER_HAS_ZHENG_HE
PLAYER_HAS_GREAT_ADMIRAL_REQUIREMENTS,PLAYER_HAS_FRANCIS_DRAKE
PLAYER_HAS_GREAT_ADMIRAL_REQUIREMENTS,PLAYER_HAS_YI_SUN_SIN
PLAYER_HAS_GREAT_ADMIRAL_REQUIREMENTS,PLAYER_HAS_SANTA_CRUZ
BUILDING_IS_WORKSHOP_ENGLAND,REQUIRES_CITY_HAS_WORKSHOP_ENGLAND
BUILDING_IS_FACTORY_ENGLAND,REQUIRES_CITY_HAS_FACTORY_ENGLAND
BUILDING_IS_POWER_PLANT_ENGLAND,REQUIRES_CITY_HAS_POWER_PLANT_ENGLAND
BUILDING_IS_POWER_PLANT_ENGLAND,REQUIRES_CITY_HAS_COAL_POWER_PLANT_ENGLAND
BUILDING_IS_POWER_PLANT_ENGLAND,REQUIRES_CITY_HAS_FOSSIL_FUEL_POWER_PLANT_ENGLAND
REQUIRES_PLAYER_IS_LINCOLN,LINCOLN_REQUIREMENTS
REQUIRES_CITY_HAS_INDUSTRIAL_ZONE,REQUIRES_CITY_HAS_INDUSTRIAL_ZONE
REQUIRES_CITY_IS_OTHER_CONTINENT,CITY_IS_OTHER_CONTINENT_REQUIREMENTS
REQUIRES_CITY_IS_SAME_CONTINENT,CITY_IS_SAME_CONTINENT_REQUIREMENTS
PLAYER_HAS_POSITIVE_INCOME,REQUIRES_MAJOR_CIV_OPPONENT
PLAYER_HAS_POSITIVE_INCOME,REQUIRES_MET_30_TURNS_AGO
PLAYER_HAS_POSITIVE_INCOME,REQUIRES_HAS_POSITIVE_INCOME
PLAYER_HAS_NEGATIVE_INCOME,REQUIRES_MAJOR_CIV_OPPONENT
PLAYER_HAS_NEGATIVE_INCOME,REQUIRES_MET_30_TURNS_AGO
PLAYER_HAS_NEGATIVE_INCOME,REQUIRES_HAS_NEGATIVE_INCOME
PLAYER_HAS_DEFENSIVE_TACTICS_AND_CAPITAL,REQUIRES_PLAYER_HAS_DEFENSIVE_TACTICS
PLAYER_HAS_DEFENSIVE_TACTICS_AND_CAPITAL,REQUIRES_CAPITAL_CITY
PLOT_IS_FLOODPLAINS_RESOURCE,REQUIRES_PLOT_HAS_VISIBLE_RESOURCE
PLOT_IS_FLOODPLAINS_RESOURCE,REQUIRES_FLOODPLAINS_REQUIREMENT
PLOT_IS_FLOODPLAINS_SAHARA,REQUIRES_PLOT_HAS_FLOODPLAINS
PLAYER_HAS_HIGH_FOOD,REQUIRES_MAJOR_CIV_OPPONENT
PLAYER_HAS_HIGH_FOOD,REQUIRES_MET_30_TURNS_AGO
PLAYER_HAS_HIGH_FOOD,REQUIRES_HAS_HIGH_FOOD
PLAYER_HAS_LOW_FOOD,REQUIRES_MAJOR_CIV_OPPONENT
PLAYER_HAS_LOW_FOOD,REQUIRES_MET_30_TURNS_AGO
PLAYER_HAS_LOW_FOOD,REQUIRES_HAS_LOW_FOOD
PLOT_IS_FLOODPLAINS_SAHARA,REQUIRES_PLOT_IS_GRASSFLOODPLAINS_SAHARA
PLOT_IS_FLOODPLAINS_SAHARA,REQUIRES_PLOT_IS_PLAINSFLOODPLAINS_SAHARA
RESOURCE_IS_MAIZE,REQUIRES_MAIZE_IN_PLOT
MAYA_REQUIREMENTS,PLAYER_IS_MAYA
PLOT_HAS_FARMS_GRANCOLOMBIA_MAYA_REQUIREMENTS,REQUIRES_PLOT_HAS_FARM_GRANCOLOMBIA_MAYA
PLOT_ADJACENT_TO_FARM_AND_OBSERVATORY_REQUIREMENTS,REQUIRES_PLOT_HAS_FARM_GRANCOLOMBIA_MAYA
PLOT_ADJACENT_TO_FARM_AND_OBSERVATORY_REQUIREMENTS,REQUIRES_PLOT_ADJACENT_TO_OBSERVATORY
FOUNTAIN_OF_YOUTH_REQUIREMENTS,MAP_CONTAINS_FOUNTAIN_OF_YOUTH
UNIT_ENTERS_FOUNTAIN_OF_YOUTH,REQUIRES_LAND_UNIT
UNIT_ENTERS_FOUNTAIN_OF_YOUTH,REQUIRES_UNIT_INSIDE_FOUNTAIN_OF_YOUTH
PAITITI_REQUIREMENTS,MAP_CONTAINS_PAITITI
CITY_HAS_PAITITI,REQUIRES_PAITITI_IN_CITY
BERMUDA_TRIANGLE_REQUIREMENTS,MAP_CONTAINS_BERMUDA_TRIANGLE
UNIT_ENTERS_BERMUDA_TRIANGLE,REQUIRES_UNIT_INSIDE_BERMUDA_TRIANGLE
AOE_LAND_REQUIREMENTS,AOE_REQUIRES_LAND_DOMAIN
AOE_LAND_REQUIREMENTS,AOE_REQUIRES_OWNER_ADJACENCY
OPPONENT_IS_DISTRICT_REQUIREMENTS,OPPONENT_IS_DISTRICT
AOE_ENEMY_REQUIREMENTS,UNIT_IS_ENEMY_REQUIREMENT
ADJACENT_LLANERO_UNIT_REQUIREMENTS,AOE_REQUIRES_OWNER_ADJACENCY
ADJACENT_LLANERO_UNIT_REQUIREMENTS,UNIT_IS_LLANERO_REQUIREMENT
OBJECT_IS_9_TILES_FROM_CAPITAL_REQUIREMENTS,REQUIRES_OBJECT_9_TILES_FROM_CAPITAL
OBJECT_IS_10_OR_MORE_TILES_FROM_CAPITAL_REQUIREMENTS,REQUIRES_OBJECT_10_OR_MORE_TILES_FROM_CAPITAL
OBJECT_IS_FOUNDED_6_TILES_FROM_CAPITAL_NOT_CAPITAL_REQUIREMENTS,REQUIRES_OBJECT_6_TILES_FROM_CAPITAL_NOT_CAPITAL
OBJECT_IS_FOUNDED_6_TILES_FROM_CAPITAL_NOT_CAPITAL_REQUIREMENTS,CITY_IS_ORIGINAL_OWNER_REQUIREMENTS_MAYA
OBJECT_IS_6_TILES_FROM_CAPITAL_NOT_CAPITAL_REQUIREMENTS,REQUIRES_OBJECT_6_TILES_FROM_CAPITAL_NOT_CAPITAL
OBJECT_IS_6_TILES_FROM_CAPITAL_REQUIREMENTS,REQUIRES_OBJECT_6_TILES_FROM_CAPITAL
OBJECT_IS_7_OR_MORE_TILES_FROM_CAPITAL_REQUIREMENTS,REQUIRES_OBJECT_7_OR_MORE_TILES_FROM_CAPITAL
CITY_HAS_IMPROVED_ALUMINUM,REQUIRES_CITY_HAS_IMPROVED_ALUMINUM
CITY_HAS_IMPROVED_COAL,REQUIRES_CITY_HAS_IMPROVED_COAL
CITY_HAS_IMPROVED_HORSES,REQUIRES_CITY_HAS_IMPROVED_HORSES
CITY_HAS_IMPROVED_IRON,REQUIRES_CITY_HAS_IMPROVED_IRON
CITY_HAS_IMPROVED_NITER,REQUIRES_CITY_HAS_IMPROVED_NITER
CITY_HAS_IMPROVED_OIL,REQUIRES_CITY_HAS_IMPROVED_OIL
CITY_HAS_IMPROVED_URANIUM,REQUIRES_CITY_HAS_IMPROVED_URANIUM
UNIT_IS_FLANKED_REQUIREMENTS,UNIT_IS_FLANKED_REQUIREMENT
PLAYER_HAS_LAHORE_SUZERAIN_REQUIREMENTS,PLAYER_HAS_LAHORE_SUZERAIN
LLANERO_IS_ADJACENT_REQUIREMENTS,LLANERO_IS_ADJACENT_REQUIREMENT
PLAYER_HAS_METAL_CASTING_REQUIREMENTS,REQUIRES_PLAYER_HAS_METAL_CASTING
PLAYER_HAS_METAL_CASTING_REQUIREMENTS,REQUIRES_PLAYER_HAS_NO_STEEL
PLAYER_HAS_STEEL_REQUIREMENTS,REQUIRES_PLAYER_HAS_STEEL
PLAYER_HAS_FLIGHT,REQUIRES_PLAYER_HAS_FLIGHT
COMBAT_AGAINST_UNITS_REQUIREMENTS,OPPONENT_IS_NOT_DISTRICT
AOE_TAGMA_RELIGIOUS_REQUIREMENTS,REQUIRES_UNIT_IS_ADJACENT_RELIGIOUS_ALL_TAG_BYZANTIUMGAUL
AOE_TAGMA_NONRELIGIOUS_REQUIREMENTS,AOE_REQUIRES_LAND_DOMAIN
AOE_TAGMA_NONRELIGIOUS_REQUIREMENTS,AOE_REQUIRES_OWNER_ADJACENCY
AOE_TAGMA_REQUIREMENTS,REQUIRES_UNIT_IS_ADJACENT_TAGMA
AOE_TAGMA_NOTCENTER_REQUIREMENTS,REQUIRES_UNIT_IS_NOTCENTER_ADJACENT_TAGMA
COMBAT_AGAINST_STRONGER_UNIT_REQUIREMENTS,REQUIRES_COMBAT_AGAINST_STRONGER_UNIT
THANH_PLAYER_HAS_FLIGHT_REQUIREMENTS,REQUIRES_PLAYER_HAS_FLIGHT
TRIEU_FEATURE_REQUIREMENTS,REQUIRES_PLOT_HAS_MARSH
TRIEU_FEATURE_REQUIREMENTS,PLOT_IS_FOREST_REQUIREMENT
TRIEU_FEATURE_REQUIREMENTS,REQUIRES_PLOT_HAS_JUNGLE
REQUIREMENTS_UNIT_IS_FRIENDLY_TRIEU_FEATURES,TRIEU_REQUIRES_FEATURE_REQUIREMENTS
REQUIREMENTS_UNIT_IS_FRIENDLY_TRIEU_FEATURES,UNIT_IN_OWNER_TERRITORY_REQUIREMENT
REQUIREMENTS_UNIT_IS_UNFRIENDLY_TRIEU_FEATURES,TRIEU_REQUIRES_FEATURE_REQUIREMENTS
REQUIREMENTS_UNIT_IS_UNFRIENDLY_TRIEU_FEATURES,UNIT_IN_NOT_OWNER_TERRITORY_REQUIREMENT
REQUIREMENTS_PLOT_ADJACENT_THEATER_SQUARE_OR_CHATEAU,REQUIRES_PLOT_ADJACENT_THEATER_SQUARE
REQUIREMENTS_PLOT_ADJACENT_THEATER_SQUARE_OR_CHATEAU,REQUIRES_PLOT_ADJACENT_CHATEAU
PLOT_LUXURY_ADJACENT_TO_THEATER_SQUARE_OR_CHATEAU_REQUIREMENTS,PLOT_ADJACENT_THEATER_SQUARE_OR_CHATEAU_REQUIREMENTS_MET
PLOT_LUXURY_ADJACENT_TO_THEATER_SQUARE_OR_CHATEAU_REQUIREMENTS,REQUIRES_PLOT_HAS_IMPROVED_LUXURY
PLAYER_HAS_FLIGHT_GREATWARLORDS,REQUIRES_PLAYER_HAS_FLIGHT
PLAYER_HAS_FLIGHT_GREATWARLORDS,BAKUHAN_REQUIREMENTS_MET_REQUIREMENT
PLAYER_HAS_BAKUHAN_REUIREMENTS,REQUIRES_CITY_6_TILES_FROM_CAPITAL
OPPONENT_IS_FULL_HEALTH_REQUIREMENTS,REQUIRES_OPPONENT_IS_NOT_WOUNDED
OPPONENT_IS_FULL_HEALTH_REQUIREMENTS,PLAYER_IS_ATTACKER_REQUIREMENTS
OPPONENT_IS_FULL_HEALTH_REQUIREMENTS,COMBAT_IS_NOT_DISTRICT_WARLORDS
CITY_WAS_NOT_FOUNDED_BY_THEM_REQUIREMENTS,REQUIRES_CITY_WAS_NOT_FOUNDED_WARLORDS
PLAYER_NO_GOLDEN_AGE_REQUIREMENTS,REQUIRES_PLAYER_NOT_HAS_GOLDEN_AGE
OPPONENT_IS_NOT_IN_GOLDEN_AGE_REQUIREMENTS,OPPONENT_IS_NOT_IN_GOLDEN_AGE_REQUIREMENT
OPPONENT_IS_NOT_IN_GOLDEN_AGE_REQUIREMENTS,REQUIRES_OPPONENT_IS_NOT_MINOR_CIV
OPPONENT_IS_NOT_IN_GOLDEN_AGE_REQUIREMENTS,REQUIRES_OPPONENT_IS_NOT_FREECITY_CIV
OPPONENT_IS_NOT_IN_GOLDEN_AGE_REQUIREMENTS,REQUIRES_OPPONENT_IS_NOT_BARBARIAN_CIV
CITY_HAS_CONSULATE_OR_ENCAMPMENT,REQUIRES_CITY_HAS_CONSULATE
CITY_HAS_CONSULATE_OR_ENCAMPMENT,REQUIRES_CITY_HAS_ENCAMPMENT
BUILDING_IS_CONSULATE,REQUIRES_CITY_HAS_CONSULATE
BUILDING_IS_CHANCERY,REQUIRES_CITY_HAS_CHANCERY
BUILDING_IS_BARRACKS_STABLE_ETHIOPIA,REQUIRES_CITY_HAS_BARRACKS_ETHIOPIA
BUILDING_IS_BARRACKS_STABLE_ETHIOPIA,REQUIRES_CITY_HAS_STABLE_ETHIOPIA
BUILDING_IS_ARMORY_ETHIOPIA,REQUIRES_CITY_HAS_ARMORY_ETHIOPIA
BUILDING_IS_MILITARY_ACADEMY_ETHIOPIA,REQUIRES_CITY_HAS_MILITARY_ACADEMY
BUILDING_IS_WORKSHOP_ETHIOPIA,REQUIRES_CITY_HAS_WORKSHOP_ETHIOPIA
BUILDING_IS_FACTORY_ETHIOPIA,REQUIRES_CITY_HAS_FACTORY_ETHIOPIA
BUILDING_IS_POWER_PLANT_ETHIOPIA,REQUIRES_CITY_HAS_POWER_PLANT_ETHIOPIA
DISTRICT_IS_ADJACENT_TO_CITY_CENTER,REQUIRES_PLOT_ADJACENT_TO_CITY_CENTER
ETHIOPIA_PLOT_IS_HILLS_REQUIREMENTS,PLOT_IS_HILLS_REQUIREMENT
BUILDING_IS_POWER_PLANT_ETHIOPIA,REQUIRES_CITY_HAS_COAL_POWER_PLANT_ETHIOPIA
BUILDING_IS_POWER_PLANT_ETHIOPIA,REQUIRES_CITY_HAS_FOSSIL_FUEL_POWER_PLANT_ETHIOPIA
THIS_CITY_HAS_COUNTERSPY,REQUIRE_THIS_CITY_HAS_COUNTERSPY
THIS_CITY_HAS_HARBOR,REQUIRE_THIS_CITY_HAS_HARBOR
THIS_COMBAT_RESULTS_IN_UNIT_DEATH,REQUIRE_THIS_COMBAT_RESULTS_IN_UNIT_DEATH
THIS_COMBAT_RESULTS_IN_BARB_UNIT_DEATH,REQUIRE_THIS_COMBAT_RESULTS_IN_BARB_UNIT_DEATH
THIS_UNIT_IS_A_VAMPIRE,REQUIRE_THIS_UNIT_IS_A_VAMPIRE
THIS_PLAYER_IS_SAME_SECRET_SOCIETY,REQUIRE_PLAYER_IS_SAME_SECRET_SOCIETY
THIS_PLAYER_IS_SAME_SECRET_SOCIETY,REQUIRES_PLAYERS_HAVE_MET
THIS_PLAYER_IS_DIFFERENT_SECRET_SOCIETY,REQUIRE_PLAYER_IS_DIFFERENT_SECRET_SOCIETY
THIS_PLAYER_IS_DIFFERENT_SECRET_SOCIETY,REQUIRES_PLAYERS_HAVE_MET
THIS_PLAYER_IS_MAJOR,REQUIRE_THIS_PLAYER_IS_MAJOR
THIS_PLOT_IS_A_VAMPIRE_CASTLE,REQUIRE_THIS_PLOT_IS_A_VAMPIRE_CASTLE
THIS_UNIT_IS_ADJACENT_AND_AT_WAR_REQUIREMENTS,REQUIRE_THIS_UNIT_IS_ADJACENT_AND_AT_WAR
UNIT_IS_CULTIST,REQUIRES_UNIT_IS_CULTIST
PLOT_IS_FRESH,REQUIRES_PLOT_IS_FRESH_WATER_BABYLON
THIS_WONDER_IS_ANCIENT_OR_CLASSICAL,REQUIRE_THIS_WONDER_IS_ANCIENT_OR_CLASSICAL
THIS_WONDER_IS_ANCIENT_OR_CLASSICAL_INVERSE,REQUIRE_THIS_WONDER_IS_ANCIENT_OR_CLASSICAL_INVERSE
PLAYER_HAS_MAHAVIHARA,REQUIRES_PLAYER_HAS_MAHAVIHARA
PLAYER_HAS_INDUSTRIALIZATION,REQUIRES_PLAYER_HAS_INDUSTRIALIZATION
ANTI_CAVALRY_PROMOTION_CLASS_OPPONENT_REQUIREMENTS,ANTI_CAVALRY_OPPONENT_PROMOTION_CLASS_REQUIREMENT_LC
ANTI_CAVALRY_PROMOTION_CLASS_OPPONENT_REQUIREMENTS,ANTI_CAVALRY_OPPONENT_PROMOTION_CLASS_REQUIREMENT_HC
AOE_ANY_REQUIREMENTS,AOE_REQUIRES_OWNER_ADJACENCY
QUESTING_KNIGHT,REQUIRES_UNIT_IS_QUESTING_KNIGHT
PLAYER_LEADS_DISTRICTS_LUDWIG,REQUIRES_MAJOR_CIV_OPPONENT
PLAYER_LEADS_DISTRICTS_LUDWIG,REQUIRES_MET_30_TURNS_AGO
PLAYER_LEADS_DISTRICTS_LUDWIG,REQUIRES_LEADS_DISTRICTS_LUDWIG
PLAYER_LAGS_DISTRICTS_LUDWIG,REQUIRES_MAJOR_CIV_OPPONENT
PLAYER_LAGS_DISTRICTS_LUDWIG,REQUIRES_MET_30_TURNS_AGO
PLAYER_LAGS_DISTRICTS_LUDWIG,REQUIRES_LAGS_DISTRICTS_LUDWIG
PLAYER_HAS_CLASSICAL_TECH,PLAYER_HAS_TECH_CELESTIAL_NAVIGATION
PLAYER_HAS_CLASSICAL_TECH,PLAYER_HAS_TECH_CURRENCY
PLAYER_HAS_CLASSICAL_TECH,PLAYER_HAS_TECH_HORSEBACK_RIDING
PLAYER_HAS_CLASSICAL_TECH,PLAYER_HAS_TECH_IRON_WORKING
PLAYER_HAS_CLASSICAL_TECH,PLAYER_HAS_TECH_SHIPBUILDING
PLAYER_HAS_CLASSICAL_TECH,PLAYER_HAS_TECH_MATHEMATICS
PLAYER_HAS_CLASSICAL_TECH,PLAYER_HAS_TECH_CONSTRUCTION
PLAYER_HAS_CLASSICAL_TECH,PLAYER_HAS_TECH_ENGINEERING
PLAYER_HAS_MEDIEVAL_TECH,PLAYER_HAS_TECH_MILITARY_TACTICS
PLAYER_HAS_MEDIEVAL_TECH,PLAYER_HAS_TECH_APPRENTICESHIP
PLAYER_HAS_MEDIEVAL_TECH,PLAYER_HAS_TECH_MACHINERY
PLAYER_HAS_MEDIEVAL_TECH,PLAYER_HAS_TECH_EDUCATION
PLAYER_HAS_MEDIEVAL_TECH,PLAYER_HAS_TECH_STIRRUPS
PLAYER_HAS_MEDIEVAL_TECH,PLAYER_HAS_TECH_MILITARY_ENGINEERING
PLAYER_HAS_MEDIEVAL_TECH,PLAYER_HAS_TECH_CASTLES
PLAYER_HAS_MEDIEVAL_TECH,PLAYER_HAS_TECH_BUTTRESS
PLAYER_HAS_RENAISSANCE_TECH,PLAYER_HAS_TECH_CARTOGRAPHY
PLAYER_HAS_RENAISSANCE_TECH,PLAYER_HAS_TECH_MASS_PRODUCTION
PLAYER_HAS_RENAISSANCE_TECH,PLAYER_HAS_TECH_BANKING
PLAYER_HAS_RENAISSANCE_TECH,PLAYER_HAS_TECH_GUNPOWDER
PLAYER_HAS_RENAISSANCE_TECH,PLAYER_HAS_TECH_PRINTING
PLAYER_HAS_RENAISSANCE_TECH,PLAYER_HAS_TECH_SQUARE_RIGGING
PLAYER_HAS_RENAISSANCE_TECH,PLAYER_HAS_TECH_ASTRONOMY
PLAYER_HAS_RENAISSANCE_TECH,PLAYER_HAS_TECH_METAL_CASTING
PLAYER_HAS_RENAISSANCE_TECH,PLAYER_HAS_TECH_SIEGE_TACTICS
PLAYER_HAS_INDUSTRIAL_TECH,PLAYER_HAS_TECH_INDUSTRIALIZATION
PLAYER_HAS_INDUSTRIAL_TECH,PLAYER_HAS_TECH_SCIENTIFIC_THEORY
PLAYER_HAS_INDUSTRIAL_TECH,PLAYER_HAS_TECH_BALLISTICS
PLAYER_HAS_INDUSTRIAL_TECH,PLAYER_HAS_TECH_MILITARY_SCIENCE
PLAYER_HAS_INDUSTRIAL_TECH,PLAYER_HAS_TECH_STEAM_POWER
PLAYER_HAS_INDUSTRIAL_TECH,PLAYER_HAS_TECH_SANITATION
PLAYER_HAS_INDUSTRIAL_TECH,PLAYER_HAS_TECH_ECONOMICS
PLAYER_HAS_INDUSTRIAL_TECH,PLAYER_HAS_TECH_RIFLING
PLAYER_HAS_MODERN_TECH,PLAYER_HAS_TECH_FLIGHT
PLAYER_HAS_MODERN_TECH,PLAYER_HAS_TECH_REPLACEABLE_PARTS
PLAYER_HAS_MODERN_TECH,PLAYER_HAS_TECH_STEEL
PLAYER_HAS_MODERN_TECH,PLAYER_HAS_TECH_ELECTRICITY
PLAYER_HAS_MODERN_TECH,PLAYER_HAS_TECH_RADIO
PLAYER_HAS_MODERN_TECH,PLAYER_HAS_TECH_CHEMISTRY
PLAYER_HAS_MODERN_TECH,PLAYER_HAS_TECH_COMBUSTION
PLAYER_HAS_MODERN_TECH,PLAYER_HAS_TECH_REFINING
PLAYER_HAS_ATOMIC_TECH,PLAYER_HAS_TECH_ADVANCED_FLIGHT
PLAYER_HAS_ATOMIC_TECH,PLAYER_HAS_TECH_ROCKETRY
PLAYER_HAS_ATOMIC_TECH,PLAYER_HAS_TECH_ADVANCED_BALLISTICS
PLAYER_HAS_ATOMIC_TECH,PLAYER_HAS_TECH_COMBINED_ARMS
PLAYER_HAS_ATOMIC_TECH,PLAYER_HAS_TECH_PLASTICS
PLAYER_HAS_ATOMIC_TECH,PLAYER_HAS_TECH_COMPUTERS
PLAYER_HAS_ATOMIC_TECH,PLAYER_HAS_TECH_NUCLEAR_FISSION
PLAYER_HAS_ATOMIC_TECH,PLAYER_HAS_TECH_SYNTHETIC_MATERIALS
PLAYER_HAS_INFORMATION_TECH,PLAYER_HAS_TECH_TELECOMMUNICATIONS
PLAYER_HAS_INFORMATION_TECH,PLAYER_HAS_TECH_SATELLITES
PLAYER_HAS_INFORMATION_TECH,PLAYER_HAS_TECH_GUIDANCE_SYSTEMS
PLAYER_HAS_INFORMATION_TECH,PLAYER_HAS_TECH_LASERS
PLAYER_HAS_INFORMATION_TECH,PLAYER_HAS_TECH_COMPOSITES
PLAYER_HAS_INFORMATION_TECH,PLAYER_HAS_TECH_STEALTH_TECHNOLOGY
PLAYER_HAS_INFORMATION_TECH,PLAYER_HAS_TECH_ROBOTICS
PLAYER_HAS_INFORMATION_TECH,PLAYER_HAS_TECH_NANOTECHNOLOGY
PLAYER_HAS_INFORMATION_TECH,PLAYER_HAS_TECH_NUCLEAR_FUSION
PLAYER_HAS_FUTURE_TECH,PLAYER_HAS_TECH_SEASTEADS
PLAYER_HAS_FUTURE_TECH,PLAYER_HAS_TECH_ADVANCED_AI
PLAYER_HAS_FUTURE_TECH,PLAYER_HAS_TECH_ADVANCED_POWER_CELLS
PLAYER_HAS_FUTURE_TECH,PLAYER_HAS_TECH_CYBERNETICS
PLAYER_HAS_FUTURE_TECH,PLAYER_HAS_TECH_SMART_MATERIALS
PLAYER_HAS_FUTURE_TECH,PLAYER_HAS_TECH_PREDICTIVE_SYSTEMS
PLAYER_HAS_FUTURE_TECH,PLAYER_HAS_TECH_OFFWORLD_MISSION
PLOT_HAS_MARSH_REQUIREMENTS,REQUIRES_PLOT_HAS_MARSH
PLOT_HAS_FLOODPLAINS_REQUIREMENTS,REQUIRES_PLOT_HAS_FLOODPLAINS
PLAYER_HAS_FOREIGN_TRADE,REQUIRES_PLAYER_HAS_FOREIGN_TRADE
PLOT_HAS_GRASS_FLOODPLAINS_REQUIREMENTS,REQUIRES_PLOT_HAS_GRASS_FLOODPLAINS
PLOT_HAS_PLAINS_FLOODPLAINS_REQUIREMENTS,REQUIRES_PLOT_HAS_PLAINS_FLOODPLAINS
