Type,Hash,Kind
TRAIT_AGENDA_ALLY_OF_ENKIDU,1928642623,KIND_TRAIT
TRAIT_AGENDA_AYYUBID_DYNASTY,429453653,KIND_TRAIT
TRAIT_AGENDA_BACKSTAB_AVERSE,693277927,KIND_TRAIT
TRAIT_AGENDA_BIG_STICK_POLICY,773035274,KIND_TRAIT
TRAIT_AGENDA_BLACK_QUEEN,-245649766,KIND_TRAIT
TRAIT_AGENDA_BUSHIDO,-1348424908,KIND_TRAIT
TRAIT_AGENDA_CITY_STATE_ALLY,-557959974,KIND_TRAIT
TRAIT_AGENDA_COUNTER_REFORMER,-1056665487,KIND_TRAIT
TRAIT_AGENDA_DELIAN_LEAGUE,1261045333,KIND_TRAIT
TRAIT_AGENDA_ENTHUSIASTIC_DISCIPLE,233516874,KIND_TRAIT
TRAIT_AGENDA_GREAT_PERSON_OBSESSED,302729854,KIND_TRAIT
TRAIT_AGENDA_IRON_CROWN,-1232678044,KIND_TRAIT
TRAIT_AGENDA_LAST_VIKING_KING,-1866941541,KIND_TRAIT
TRAIT_AGENDA_OPTIMUS_PRINCEPS,-866449083,KIND_TRAIT
TRAIT_AGENDA_PEACEKEEPER,-130443133,KIND_TRAIT
TRAIT_AGENDA_QUEEN_OF_NILE,-987006272,KIND_TRAIT
TRAIT_AGENDA_SUN_NEVER_SETS,1546055570,KIND_TRAIT
TRAIT_AGENDA_TLATOANI,-1220789762,KIND_TRAIT
TRAIT_AGENDA_WESTERNIZER,822249449,KIND_TRAIT
TRAIT_AGENDA_WITH_SHIELD,-778755814,KIND_TRAIT
TRAIT_AGENDA_WONDER_OBSESSED,1689696680,KIND_TRAIT
TRAIT_AGENDA_PREFER_CLEAR_BANDIT_CAMPS,-1851701464,KIND_TRAIT
TRAIT_AGENDA_BARBARIAN_LOVER,912489093,KIND_TRAIT
TRAIT_AGENDA_ENJOYS_WAR,1453731917,KIND_TRAIT
TRAIT_AGENDA_IGNORE_WARMONGERING,-1360177932,KIND_TRAIT
TRAIT_AGENDA_NATURALIST,1845785406,KIND_TRAIT
TRAIT_AGENDA_PREFER_NUKES,1568821102,KIND_TRAIT
TRAIT_AGENDA_PARANOID,-63857130,KIND_TRAIT
TRAIT_AGENDA_PREFER_CULTURE,-1392952069,KIND_TRAIT
TRAIT_AGENDA_PREFER_HAPPINESS,1162306005,KIND_TRAIT
TRAIT_AGENDA_PREFER_INCOME,-1162444862,KIND_TRAIT
TRAIT_AGENDA_PREFER_INDUSTRY,960226081,KIND_TRAIT
TRAIT_AGENDA_PREFER_POPULATION,82146791,KIND_TRAIT
TRAIT_AGENDA_PREFER_SCIENCE,2101842360,KIND_TRAIT
TRAIT_AGENDA_PREFER_STANDING_ARMY,-810440958,KIND_TRAIT
TRAIT_AGENDA_PREFER_AIRPOWER,-1194417268,KIND_TRAIT
TRAIT_AGENDA_PREFER_CITY_STATE_PROTECTOR,-1287350613,KIND_TRAIT
TRAIT_AGENDA_PREFER_EXPLOITATION,-880303888,KIND_TRAIT
TRAIT_AGENDA_PREFER_ENVIRONMENT,-1622195621,KIND_TRAIT
TRAIT_AGENDA_PREFER_SAME_GOVERNMENT,-1275730430,KIND_TRAIT
TRAIT_AGENDA_PREFER_FAITH,1756494581,KIND_TRAIT
TRAIT_AGENDA_EXPLORATION_OBSESSED,-1460317083,KIND_TRAIT
TRAIT_AGENDA_GREAT_PERSON_ADVOCATE,357160803,KIND_TRAIT
TRAIT_AGENDA_WONDER_ADVOCATE,1676944565,KIND_TRAIT
BELIEF_DANCE_OF_THE_AURORA,1202591333,KIND_BELIEF
BELIEF_DESERT_FOLKLORE,-673844216,KIND_BELIEF
BELIEF_SACRED_PATH,1763251781,KIND_BELIEF
BELIEF_RIVER_GODDESS,75964204,KIND_BELIEF
BELIEF_MONUMENT_TO_THE_GODS,1321779673,KIND_BELIEF
BELIEF_DIVINE_SPARK,878215599,KIND_BELIEF
BELIEF_LADY_OF_THE_REEDS_AND_MARSHES,-1265892894,KIND_BELIEF
BELIEF_GOD_OF_THE_SEA,-1398599883,KIND_BELIEF
BELIEF_GOD_OF_THE_OPEN_SKY,1981871308,KIND_BELIEF
BELIEF_GODDESS_OF_THE_HUNT,-2080135417,KIND_BELIEF
BELIEF_STONE_CIRCLES,-311158921,KIND_BELIEF
BELIEF_RELIGIOUS_IDOLS,-823599043,KIND_BELIEF
BELIEF_GOD_OF_CRAFTSMEN,367066239,KIND_BELIEF
BELIEF_GODDESS_OF_FESTIVALS,-1108678303,KIND_BELIEF
BELIEF_GOD_OF_THE_FORGE,1390279398,KIND_BELIEF
BELIEF_GOD_OF_HEALING,474607288,KIND_BELIEF
BELIEF_GOD_OF_WAR,-1523127628,KIND_BELIEF
BELIEF_INITIATION_RITES,-2108133645,KIND_BELIEF
BELIEF_FERTILITY_RITES,1473516519,KIND_BELIEF
BELIEF_RELIGIOUS_SETTLEMENTS,-1367245911,KIND_BELIEF
BELIEF_CATHEDRAL,-2021869387,KIND_BELIEF
BELIEF_GURDWARA,-1934458343,KIND_BELIEF
BELIEF_MEETING_HOUSE,181664509,KIND_BELIEF
BELIEF_MOSQUE,-1982545748,KIND_BELIEF
BELIEF_PAGODA,349947443,KIND_BELIEF
BELIEF_SYNAGOGUE,-2145544167,KIND_BELIEF
BELIEF_WAT,1245780746,KIND_BELIEF
BELIEF_DIVINE_INSPIRATION,-1831745459,KIND_BELIEF
BELIEF_FEED_THE_WORLD,-78755971,KIND_BELIEF
BELIEF_JESUIT_EDUCATION,-1719540987,KIND_BELIEF
BELIEF_RELIQUARIES,-1501972324,KIND_BELIEF
BELIEF_RELIGIOUS_COMMUNITY,-1828770006,KIND_BELIEF
BELIEF_WORK_ETHIC,-1917232432,KIND_BELIEF
BELIEF_ZEN_MEDITATION,-1705524910,KIND_BELIEF
BELIEF_LAY_MINISTRY,-162333995,KIND_BELIEF
BELIEF_PAPAL_PRIMACY,-767802130,KIND_BELIEF
BELIEF_PILGRIMAGE,-1633672016,KIND_BELIEF
BELIEF_STEWARDSHIP,1425025066,KIND_BELIEF
BELIEF_TITHE,-863483638,KIND_BELIEF
BELIEF_WORLD_CHURCH,909358431,KIND_BELIEF
BELIEF_DEFENDER_OF_FAITH,1677288429,KIND_BELIEF
BELIEF_HOLY_ORDER,1655242668,KIND_BELIEF
BELIEF_ITINERANT_PREACHERS,-1892169331,KIND_BELIEF
BELIEF_JUST_WAR,-2075843442,KIND_BELIEF
BELIEF_MISSIONARY_ZEAL,724858666,KIND_BELIEF
BELIEF_MONASTIC_ISOLATION,185162245,KIND_BELIEF
BELIEF_SCRIPTURE,611367928,KIND_BELIEF
BELIEF_CITY_PATRON_GODDESS,1767078862,KIND_BELIEF
BELIEF_EARTH_GODDESS,-1968924437,KIND_BELIEF
BELIEF_CROSS_CULTURAL_DIALOGUE,281458599,KIND_BELIEF
BELIEF_RELIGIOUS_UNITY,1644590895,KIND_BELIEF
BELIEF_CHORAL_MUSIC,1754889078,KIND_BELIEF
BELIEF_WARRIOR_MONKS,1515126127,KIND_BELIEF
BELIEF_RELIGIOUS_COLONIZATION,1767931143,KIND_BELIEF
BELIEF_STUPA,1483680815,KIND_BELIEF
BELIEF_DAR_E_MEHR,-1005832353,KIND_BELIEF
BUILDING_AIRPORT,990042271,KIND_BUILDING
BUILDING_ALHAMBRA,751862046,KIND_BUILDING
BUILDING_AMPHITHEATER,762987263,KIND_BUILDING
BUILDING_ARENA,1397419701,KIND_BUILDING
BUILDING_ARMORY,209119223,KIND_BUILDING
BUILDING_BANK,1714821680,KIND_BUILDING
BUILDING_BARRACKS,1697130061,KIND_BUILDING
BUILDING_BIG_BEN,179315737,KIND_BUILDING
BUILDING_BOLSHOI_THEATRE,1832083520,KIND_BUILDING
BUILDING_BROADCAST_CENTER,-1543972525,KIND_BUILDING
BUILDING_BROADWAY,-1646418429,KIND_BUILDING
BUILDING_CASTLE,101426179,KIND_BUILDING
BUILDING_CATHEDRAL,-1563398559,KIND_BUILDING
BUILDING_CHICHEN_ITZA,-1801267032,KIND_BUILDING
BUILDING_COLOSSEUM,-1665089168,KIND_BUILDING
BUILDING_COLOSSUS,1785097965,KIND_BUILDING
BUILDING_CRISTO_REDENTOR,1781240358,KIND_BUILDING
BUILDING_DAR_E_MEHR,1167560004,KIND_BUILDING
BUILDING_EIFFEL_TOWER,-561798494,KIND_BUILDING
BUILDING_ELECTRONICS_FACTORY,-1598233259,KIND_BUILDING
BUILDING_ESTADIO_DO_MARACANA,-1810980590,KIND_BUILDING
BUILDING_FACTORY,-1096470108,KIND_BUILDING
BUILDING_FILM_STUDIO,-1357280276,KIND_BUILDING
BUILDING_FORBIDDEN_CITY,-2073911405,KIND_BUILDING
BUILDING_GRANARY,-764771404,KIND_BUILDING
BUILDING_GREAT_LIBRARY,619659844,KIND_BUILDING
BUILDING_GREAT_LIGHTHOUSE,-11962071,KIND_BUILDING
BUILDING_GREAT_ZIMBABWE,-555463471,KIND_BUILDING
BUILDING_GURDWARA,1337390763,KIND_BUILDING
BUILDING_HAGIA_SOPHIA,1326556657,KIND_BUILDING
BUILDING_HANGAR,-425575135,KIND_BUILDING
BUILDING_HANGING_GARDENS,-754251518,KIND_BUILDING
BUILDING_HERMITAGE,870179418,KIND_BUILDING
BUILDING_LIBRARY,-468469791,KIND_BUILDING
BUILDING_LIGHTHOUSE,-46510675,KIND_BUILDING
BUILDING_MADRASA,721445519,KIND_BUILDING
BUILDING_MAHABODHI_TEMPLE,-1902383563,KIND_BUILDING
BUILDING_MARKET,683007456,KIND_BUILDING
BUILDING_MEETING_HOUSE,1666693651,KIND_BUILDING
BUILDING_MILITARY_ACADEMY,779924096,KIND_BUILDING
BUILDING_MONT_ST_MICHEL,-1879205001,KIND_BUILDING
BUILDING_MONUMENT,-2025065568,KIND_BUILDING
BUILDING_MOSQUE,519704801,KIND_BUILDING
BUILDING_MUSEUM_ART,-99886926,KIND_BUILDING
BUILDING_MUSEUM_ARTIFACT,1182236625,KIND_BUILDING
BUILDING_ORACLE,-1242520629,KIND_BUILDING
BUILDING_OXFORD_UNIVERSITY,-80930074,KIND_BUILDING
BUILDING_PAGODA,-2081089922,KIND_BUILDING
BUILDING_PALACE,373747371,KIND_BUILDING
BUILDING_PETRA,949463995,KIND_BUILDING
BUILDING_POTALA_PALACE,-1406392692,KIND_BUILDING
BUILDING_POWER_PLANT,341815444,KIND_BUILDING
BUILDING_PYRAMIDS,-400684735,KIND_BUILDING
BUILDING_RESEARCH_LAB,252566811,KIND_BUILDING
BUILDING_RUHR_VALLEY,-142797319,KIND_BUILDING
BUILDING_SEAPORT,-1681819567,KIND_BUILDING
BUILDING_SEWER,-62084486,KIND_BUILDING
BUILDING_SHIPYARD,-578128686,KIND_BUILDING
BUILDING_SHRINE,-1766198995,KIND_BUILDING
BUILDING_STABLE,1332149948,KIND_BUILDING
BUILDING_STADIUM,-1550374126,KIND_BUILDING
BUILDING_STAR_FORT,1271148420,KIND_BUILDING
BUILDING_STAVE_CHURCH,62730150,KIND_BUILDING
BUILDING_STOCK_EXCHANGE,850496935,KIND_BUILDING
BUILDING_STONEHENGE,1607448319,KIND_BUILDING
BUILDING_STUPA,-1536759516,KIND_BUILDING
BUILDING_SYDNEY_OPERA_HOUSE,-1573911713,KIND_BUILDING
BUILDING_SYNAGOGUE,-1515106611,KIND_BUILDING
BUILDING_TEMPLE,1519892624,KIND_BUILDING
BUILDING_TERRACOTTA_ARMY,-1823450052,KIND_BUILDING
BUILDING_UNIVERSITY,-689809087,KIND_BUILDING
BUILDING_VENETIAN_ARSENAL,-1250840136,KIND_BUILDING
BUILDING_WALLS,806902947,KIND_BUILDING
BUILDING_WAT,-676437392,KIND_BUILDING
BUILDING_WATER_MILL,90525320,KIND_BUILDING
BUILDING_WORKSHOP,1738306535,KIND_BUILDING
BUILDING_ZOO,-879749823,KIND_BUILDING
BUILDING_LARGE_ROCKET,-1949941984,KIND_BUILDING
BUILDING_MEDIUM_ROCKET,-1002741619,KIND_BUILDING
BUILDING_SMALL_ROCKET,-1361878921,KIND_BUILDING
CIVIC_CODE_OF_LAWS,996177632,KIND_CIVIC
CIVIC_CRAFTSMANSHIP,1989179363,KIND_CIVIC
CIVIC_FOREIGN_TRADE,-852517947,KIND_CIVIC
CIVIC_MILITARY_TRADITION,664835803,KIND_CIVIC
CIVIC_STATE_WORKFORCE,-1252565340,KIND_CIVIC
CIVIC_EARLY_EMPIRE,-1606261636,KIND_CIVIC
CIVIC_MYSTICISM,-986587357,KIND_CIVIC
CIVIC_GAMES_RECREATION,2134900406,KIND_CIVIC
CIVIC_POLITICAL_PHILOSOPHY,754578608,KIND_CIVIC
CIVIC_DRAMA_POETRY,917276006,KIND_CIVIC
CIVIC_MILITARY_TRAINING,-1829461023,KIND_CIVIC
CIVIC_DEFENSIVE_TACTICS,-704030789,KIND_CIVIC
CIVIC_RECORDED_HISTORY,-1578582819,KIND_CIVIC
CIVIC_THEOLOGY,-1416320420,KIND_CIVIC
CIVIC_NAVAL_TRADITION,-1633200914,KIND_CIVIC
CIVIC_FEUDALISM,1684343212,KIND_CIVIC
CIVIC_CIVIL_SERVICE,-1792735088,KIND_CIVIC
CIVIC_MERCENARIES,2143647454,KIND_CIVIC
CIVIC_MEDIEVAL_FAIRES,766488402,KIND_CIVIC
CIVIC_GUILDS,-1054607414,KIND_CIVIC
CIVIC_DIVINE_RIGHT,-899212983,KIND_CIVIC
CIVIC_EXPLORATION,-1939414584,KIND_CIVIC
CIVIC_HUMANISM,1327167531,KIND_CIVIC
CIVIC_DIPLOMATIC_SERVICE,1783921794,KIND_CIVIC
CIVIC_REFORMED_CHURCH,-8161462,KIND_CIVIC
CIVIC_MERCANTILISM,-1747176033,KIND_CIVIC
CIVIC_THE_ENLIGHTENMENT,-1959872245,KIND_CIVIC
CIVIC_COLONIALISM,1081052647,KIND_CIVIC
CIVIC_CIVIL_ENGINEERING,-1386623813,KIND_CIVIC
CIVIC_NATIONALISM,-13163855,KIND_CIVIC
CIVIC_OPERA_BALLET,-2132677141,KIND_CIVIC
CIVIC_NATURAL_HISTORY,-1015295921,KIND_CIVIC
CIVIC_SCORCHED_EARTH,-45561249,KIND_CIVIC
CIVIC_URBANIZATION,-277634113,KIND_CIVIC
CIVIC_CAPITALISM,473890009,KIND_CIVIC
CIVIC_CONSERVATION,-1102054385,KIND_CIVIC
CIVIC_MASS_MEDIA,749371362,KIND_CIVIC
CIVIC_MOBILIZATION,2046301204,KIND_CIVIC
CIVIC_NUCLEAR_PROGRAM,-1304929357,KIND_CIVIC
CIVIC_IDEOLOGY,-1953831726,KIND_CIVIC
CIVIC_SUFFRAGE,-2105204867,KIND_CIVIC
CIVIC_TOTALITARIANISM,1418458187,KIND_CIVIC
CIVIC_CLASS_STRUGGLE,-1184728299,KIND_CIVIC
CIVIC_COLD_WAR,-645678962,KIND_CIVIC
CIVIC_PROFESSIONAL_SPORTS,1098710980,KIND_CIVIC
CIVIC_CULTURAL_HERITAGE,290078414,KIND_CIVIC
CIVIC_RAPID_DEPLOYMENT,237967898,KIND_CIVIC
CIVIC_SPACE_RACE,2044483154,KIND_CIVIC
CIVIC_GLOBALIZATION,1679754659,KIND_CIVIC
CIVIC_SOCIAL_MEDIA,160112306,KIND_CIVIC
CIVIC_FUTURE_CIVIC,1024022293,KIND_CIVIC
CIVILIZATION_AMERICA,-1651108180,KIND_CIVILIZATION
CIVILIZATION_ARABIA,-610576740,KIND_CIVILIZATION
CIVILIZATION_BARBARIAN,-1758762461,KIND_CIVILIZATION
CIVILIZATION_BRAZIL,831236679,KIND_CIVILIZATION
CIVILIZATION_CHINA,-913950602,KIND_CIVILIZATION
CIVILIZATION_EGYPT,-1155553852,KIND_CIVILIZATION
CIVILIZATION_ENGLAND,-291706713,KIND_CIVILIZATION
CIVILIZATION_FRANCE,839300051,KIND_CIVILIZATION
CIVILIZATION_GENOA,-768056913,KIND_CIVILIZATION
CIVILIZATION_GERMANY,1618876931,KIND_CIVILIZATION
CIVILIZATION_GREECE,2053970112,KIND_CIVILIZATION
CIVILIZATION_INDIA,-507217249,KIND_CIVILIZATION
CIVILIZATION_JAPAN,-1118925780,KIND_CIVILIZATION
CIVILIZATION_KONGO,1460980677,KIND_CIVILIZATION
CIVILIZATION_NORWAY,826883278,KIND_CIVILIZATION
CIVILIZATION_ROME,-1806906687,KIND_CIVILIZATION
CIVILIZATION_RUSSIA,185445610,KIND_CIVILIZATION
CIVILIZATION_SCYTHIA,747331033,KIND_CIVILIZATION
CIVILIZATION_SPAIN,-316274070,KIND_CIVILIZATION
CIVILIZATION_SUMERIA,-1787782335,KIND_CIVILIZATION
CIVILIZATION_BRUSSELS,-2101932944,KIND_CIVILIZATION
CIVILIZATION_BUENOS_AIRES,-549593626,KIND_CIVILIZATION
CIVILIZATION_GENEVA,1333065310,KIND_CIVILIZATION
CIVILIZATION_HATTUSA,1490631343,KIND_CIVILIZATION
CIVILIZATION_HONG_KONG,-281772887,KIND_CIVILIZATION
CIVILIZATION_JAKARTA,4131898,KIND_CIVILIZATION
CIVILIZATION_JERUSALEM,357080612,KIND_CIVILIZATION
CIVILIZATION_KABUL,1596744955,KIND_CIVILIZATION
CIVILIZATION_KANDY,1748130404,KIND_CIVILIZATION
CIVILIZATION_KUMASI,1044830946,KIND_CIVILIZATION
CIVILIZATION_LA_VENTA,-1594541388,KIND_CIVILIZATION
CIVILIZATION_LISBON,1287702226,KIND_CIVILIZATION
CIVILIZATION_MOHENJO_DARO,-1992743837,KIND_CIVILIZATION
CIVILIZATION_NAN_MADOL,-1860127671,KIND_CIVILIZATION
CIVILIZATION_PRESLAV,-1590856877,KIND_CIVILIZATION
CIVILIZATION_VALLETTA,-215101721,KIND_CIVILIZATION
CIVILIZATION_VILNIUS,1551939635,KIND_CIVILIZATION
CIVILIZATION_YEREVAN,-1895171710,KIND_CIVILIZATION
CIVILIZATION_ZANZIBAR,-409149647,KIND_CIVILIZATION
TRAIT_BARBARIAN,1196846098,KIND_TRAIT
TRAIT_BARBARIAN_BUT_SHOWS_UP_IN_PEDIA,1654126858,KIND_TRAIT
TRAIT_CIVILIZATION_FOUNDING_FATHERS,726737940,KIND_TRAIT
TRAIT_CIVILIZATION_BUILDING_FILM_STUDIO,-1818569378,KIND_TRAIT
TRAIT_CIVILIZATION_LAST_PROPHET,-1750031976,KIND_TRAIT
TRAIT_CIVILIZATION_BUILDING_MADRASA,1090391702,KIND_TRAIT
TRAIT_CIVILIZATION_AMAZON,-1191783348,KIND_TRAIT
TRAIT_CIVILIZATION_DYNASTIC_CYCLE,-151423411,KIND_TRAIT
TRAIT_CIVILIZATION_IMPROVEMENT_GREAT_WALL,-707705894,KIND_TRAIT
TRAIT_CIVILIZATION_ITERU,1688390403,KIND_TRAIT
TRAIT_CIVILIZATION_IMPROVEMENT_SPHINX,1561619321,KIND_TRAIT
TRAIT_CIVILIZATION_UNIT_EGYPTIAN_CHARIOT_ARCHER,1221662584,KIND_TRAIT
TRAIT_CIVILIZATION_UNIT_CHINESE_CROUCHING_TIGER,407558500,KIND_TRAIT
TRAIT_CIVILIZATION_DOUBLE_ARCHAEOLOGY_SLOTS,-456642753,KIND_TRAIT
TRAIT_CIVILIZATION_IMPROVEMENT_CHATEAU,-2098671750,KIND_TRAIT
TRAIT_CIVILIZATION_IMPERIAL_FREE_CITIES,998806914,KIND_TRAIT
TRAIT_CIVILIZATION_DISTRICT_HANSA,-1366412503,KIND_TRAIT
TRAIT_CIVILIZATION_PLATOS_REPUBLIC,-966524317,KIND_TRAIT
TRAIT_CIVILIZATION_DISTRICT_ACROPOLIS,1631286228,KIND_TRAIT
TRAIT_CIVILIZATION_UNIT_GREEK_HOPLITE,1976266676,KIND_TRAIT
TRAIT_CIVILIZATION_DHARMA,-1941838812,KIND_TRAIT
TRAIT_CIVILIZATION_IMPROVEMENT_STEPWELL,469090497,KIND_TRAIT
TRAIT_CIVILIZATION_ADJACENT_DISTRICTS,-1681636772,KIND_TRAIT
TRAIT_CIVILIZATION_BUILDING_ELECTRONICS_FACTORY,-1150249580,KIND_TRAIT
TRAIT_CIVILIZATION_UNIT_JAPANESE_SAMURAI,-592114197,KIND_TRAIT
TRAIT_CIVILIZATION_NKISI,-621230928,KIND_TRAIT
TRAIT_CIVILIZATION_MBANZA,-247368753,KIND_TRAIT
TRAIT_CIVILIZATION_BUILDING_STAVE_CHURCH,653164120,KIND_TRAIT
TRAIT_CIVILIZATION_DOUBLE_CULTURE_BUILDINGS,1605644030,KIND_TRAIT
TRAIT_CIVILIZATION_DISTRICT_BATH,179089658,KIND_TRAIT
TRAIT_CIVILIZATION_UNIT_ROMAN_LEGION,-405631555,KIND_TRAIT
TRAIT_CIVILIZATION_ALL_ROADS_TO_ROME,1495698826,KIND_TRAIT
TRAIT_CIVILIZATION_UNIT_KONGO_SHIELD_BEARER,-2116419301,KIND_TRAIT
TRAIT_CIVILIZATION_MOTHER_RUSSIA,-755107960,KIND_TRAIT
TRAIT_CIVILIZATION_DISTRICT_LAVRA,1344296544,KIND_TRAIT
TRAIT_CIVILIZATION_EXTRA_LIGHT_CAVALRY,-1137421880,KIND_TRAIT
TRAIT_CIVILIZATION_IMPROVEMENT_KURGAN,1007114128,KIND_TRAIT
TRAIT_CIVILIZATION_UNIT_SCYTHIAN_HORSE_ARCHER,1438320621,KIND_TRAIT
TRAIT_CIVILIZATION_IMPROVEMENT_MISSION,-2088728865,KIND_TRAIT
TRAIT_CIVILIZATION_UNIT_SPANISH_CONQUISTADOR,-77423574,KIND_TRAIT
TRAIT_CIVILIZATION_TREASURE_FLEET,1135776348,KIND_TRAIT
TRAIT_CIVILIZATION_UNIT_RUSSIAN_COSSACK,-1936197633,KIND_TRAIT
TRAIT_CIVILIZATION_FIRST_CIVILIZATION,-1713071397,KIND_TRAIT
TRAIT_CIVILIZATION_IMPROVEMENT_ZIGGURAT,-2011605224,KIND_TRAIT
TRAIT_CIVILIZATION_UNIT_SUMERIAN_WAR_CART,-434659367,KIND_TRAIT
TRAIT_CIVILIZATION_UNIT_INDIAN_VARU,2080687545,KIND_TRAIT
TRAIT_CIVILIZATION_UNIT_ENGLISH_SEADOG,1367531378,KIND_TRAIT
TRAIT_CIVILIZATION_UNIT_ARABIAN_MAMLUK,-1367130363,KIND_TRAIT
TRAIT_CIVILIZATION_UNIT_FRENCH_GARDE_IMPERIALE,-2018541698,KIND_TRAIT
TRAIT_CIVILIZATION_UNIT_GERMAN_UBOAT,214850737,KIND_TRAIT
TRAIT_CIVILIZATION_UNIT_AMERICAN_P51,-1335365118,KIND_TRAIT
TRAIT_CIVILIZATION_UNIT_BRAZILIAN_MINAS_GERAES,-825752584,KIND_TRAIT
TRAIT_CIVILIZATION_WONDER_TOURISM,1039748276,KIND_TRAIT
TRAIT_CIVILIZATION_UNIT_NORWEGIAN_BERSERKER,536013292,KIND_TRAIT
TRAIT_CIVILIZATION_INEXPENSIVE_BUILDERS,2061455776,KIND_TRAIT
TRAIT_CIVILIZATION_BONUS_AGAINST_BARBS,2024166929,KIND_TRAIT
TRAIT_CIVILIZATION_EARLY_OCEAN_NAVIGATION,-123007480,KIND_TRAIT
TRAIT_CIVILIZATION_STREET_CARNIVAL,-1669249478,KIND_TRAIT
TRAIT_CIVILIZATION_ROYAL_NAVY_DOCKYARD,-2060356103,KIND_TRAIT
DEAL_ITEM_GOLD,99290615,KIND_DEAL_ITEM
DEAL_ITEM_RESOURCES,-1069574269,KIND_DEAL_ITEM
DEAL_ITEM_CITIES,-746262857,KIND_DEAL_ITEM
DEAL_ITEM_UNITS,1059848129,KIND_DEAL_ITEM
DEAL_ITEM_AGREEMENTS,-1950382900,KIND_DEAL_ITEM
DEAL_ITEM_GREATWORK,2069453869,KIND_DEAL_ITEM
DEAL_ITEM_CAPTIVE,-1666338544,KIND_DEAL_ITEM
DIFFICULTY_SETTLER,1078608846,KIND_DIFFICULTY
DIFFICULTY_CHIEFTAIN,1329626265,KIND_DIFFICULTY
DIFFICULTY_WARLORD,-966254459,KIND_DIFFICULTY
DIFFICULTY_PRINCE,-179952465,KIND_DIFFICULTY
DIFFICULTY_KING,675933641,KIND_DIFFICULTY
DIFFICULTY_EMPEROR,1499830429,KIND_DIFFICULTY
DIFFICULTY_IMMORTAL,575051378,KIND_DIFFICULTY
DIFFICULTY_DEITY,1543611863,KIND_DIFFICULTY
DIPLO_STATE_ALLIED,153403816,KIND_DIPLOMATIC_STATE
DIPLO_STATE_DECLARED_FRIEND,-1250061412,KIND_DIPLOMATIC_STATE
DIPLO_STATE_FRIENDLY,-1143066237,KIND_DIPLOMATIC_STATE
DIPLO_STATE_NEUTRAL,-575399808,KIND_DIPLOMATIC_STATE
DIPLO_STATE_UNFRIENDLY,1823294455,KIND_DIPLOMATIC_STATE
DIPLO_STATE_DENOUNCED,-1398155031,KIND_DIPLOMATIC_STATE
DIPLO_STATE_WAR,1599151516,KIND_DIPLOMATIC_STATE
DIPLO_STATE_NO_INFLUENCE,1877259354,KIND_DIPLOMATIC_STATE
DIPLO_STATE_INFLUENTIAL,-441103931,KIND_DIPLOMATIC_STATE
DIPLO_STATE_MAX_INFLUENCE,73002122,KIND_DIPLOMATIC_STATE
DIPLO_STATE_AWARE,-1267004641,KIND_DIPLOMATIC_STATE
DIPLO_STATE_PATRON,-1495603630,KIND_DIPLOMATIC_STATE
DIPLO_STATE_PROTECTOR,1631956283,KIND_DIPLOMATIC_STATE
DIPLO_STATE_MINOR_MINOR,1629317196,KIND_DIPLOMATIC_STATE
DIPLOACTION_RESIDENT_EMBASSY,-667497220,KIND_DIPLOMATIC_ACTION
DIPLOACTION_DEMAND_TRIBUTE,64039944,KIND_DIPLOMATIC_ACTION
DIPLOACTION_OPEN_BORDERS,-242352742,KIND_DIPLOMATIC_ACTION
DIPLOACTION_JOINT_WAR,594401930,KIND_DIPLOMATIC_ACTION
DIPLOACTION_REQUEST_ASSISTANCE,-1356730233,KIND_DIPLOMATIC_ACTION
DIPLOACTION_DENOUNCE,-1447437121,KIND_DIPLOMATIC_ACTION
DIPLOACTION_DECLARE_SURPRISE_WAR,458071439,KIND_DIPLOMATIC_ACTION
DIPLOACTION_MAKE_PEACE,547027585,KIND_DIPLOMATIC_ACTION
DIPLOACTION_DIPLOMATIC_DELEGATION,516339376,KIND_DIPLOMATIC_ACTION
DIPLOACTION_ALLIANCE,1764885355,KIND_DIPLOMATIC_ACTION
DIPLOACTION_GRANT_INFLUENCE_TOKEN,-196941372,KIND_DIPLOMATIC_ACTION
DIPLOACTION_GIFT_UNIT,1785201657,KIND_DIPLOMATIC_ACTION
DIPLOACTION_MILITARY_REQUEST,1698628257,KIND_DIPLOMATIC_ACTION
DIPLOACTION_DECLARE_FORMAL_WAR,326752926,KIND_DIPLOMATIC_ACTION
DIPLOACTION_DECLARE_FRIENDSHIP,-426420889,KIND_DIPLOMATIC_ACTION
DIPLOACTION_DECLARE_WAR_MINOR_CIV,-2100994025,KIND_DIPLOMATIC_ACTION
DIPLOACTION_DECLARE_HOLY_WAR,625861866,KIND_DIPLOMATIC_ACTION
DIPLOACTION_DECLARE_LIBERATION_WAR,1024915512,KIND_DIPLOMATIC_ACTION
DIPLOACTION_DECLARE_RECONQUEST_WAR,-1215088390,KIND_DIPLOMATIC_ACTION
DIPLOACTION_PROPOSE_PEACE_DEAL,1928912595,KIND_DIPLOMATIC_ACTION
DIPLOACTION_PROPOSE_TRADE,15407192,KIND_DIPLOMATIC_ACTION
DIPLOACTION_DECLARE_PROTECTORATE_WAR,1240213745,KIND_DIPLOMATIC_ACTION
DIPLOACTION_DECLARE_COLONIAL_WAR,2030581058,KIND_DIPLOMATIC_ACTION
DIPLOACTION_DECLARE_TERRITORIAL_WAR,-1964910078,KIND_DIPLOMATIC_ACTION
DIPLOACTION_USE_NUCLEAR_WEAPON,-1551032787,KIND_DIPLOMATIC_ACTION
DIPLOACTION_KEEP_PROMISE_DONT_SPY,-1664805884,KIND_DIPLOMATIC_ACTION
DIPLOACTION_KEEP_PROMISE_DONT_CONVERT,-530861341,KIND_DIPLOMATIC_ACTION
DIPLOACTION_KEEP_PROMISE_DONT_DIG_ARTIFACTS,-2048463054,KIND_DIPLOMATIC_ACTION
DIPLOACTION_KEEP_PROMISE_DONT_SETTLE_TOO_NEAR,2055951400,KIND_DIPLOMATIC_ACTION
DIPLOACTION_VIEW_DEMAND_TRIBUTE,1208147432,KIND_DIPLOMATIC_ACTION
DIPLOACTION_VIEW_TRADE,-691477902,KIND_DIPLOMATIC_ACTION
DIPLOACTION_LIBERATE_CITY,-1767935334,KIND_DIPLOMATIC_ACTION
DISTRICT_CITY_CENTER,-1976434563,KIND_DISTRICT
DISTRICT_CAMPUS,1910099296,KIND_DISTRICT
DISTRICT_HOLY_SITE,850484496,KIND_DISTRICT
DISTRICT_ENCAMPMENT,1725642169,KIND_DISTRICT
DISTRICT_COMMERCIAL_HUB,-1098114629,KIND_DISTRICT
DISTRICT_ENTERTAINMENT_COMPLEX,1982083301,KIND_DISTRICT
DISTRICT_THEATER,-2006982882,KIND_DISTRICT
DISTRICT_HARBOR,-873674951,KIND_DISTRICT
DISTRICT_AERODROME,-574757430,KIND_DISTRICT
DISTRICT_INDUSTRIAL_ZONE,-1698135861,KIND_DISTRICT
DISTRICT_AQUEDUCT,-1188273497,KIND_DISTRICT
DISTRICT_NEIGHBORHOOD,1105121556,KIND_DISTRICT
DISTRICT_SPACEPORT,2057779469,KIND_DISTRICT
DISTRICT_WONDER,1660007689,KIND_DISTRICT
DISTRICT_ACROPOLIS,-1103127487,KIND_DISTRICT
DISTRICT_BATH,-1517635156,KIND_DISTRICT
DISTRICT_HANSA,740942305,KIND_DISTRICT
DISTRICT_LAVRA,-762870616,KIND_DISTRICT
DISTRICT_MBANZA,607947397,KIND_DISTRICT
DISTRICT_STREET_CARNIVAL,-128582475,KIND_DISTRICT
DISTRICT_ROYAL_NAVY_DOCKYARD,1464405256,KIND_DISTRICT
ERA_ANCIENT,-1851407529,KIND_ERA
ERA_CLASSICAL,1400916610,KIND_ERA
ERA_MEDIEVAL,-405206530,KIND_ERA
ERA_RENAISSANCE,848543945,KIND_ERA
ERA_INDUSTRIAL,-1526488880,KIND_ERA
ERA_MODERN,440626330,KIND_ERA
ERA_ATOMIC,1948543980,KIND_ERA
ERA_INFORMATION,-163807222,KIND_ERA
FEATURE_FLOODPLAINS,1387624230,KIND_FEATURE
FEATURE_ICE,1542194068,KIND_FEATURE
FEATURE_JUNGLE,-384740295,KIND_FEATURE
FEATURE_FOREST,170002756,KIND_FEATURE
FEATURE_OASIS,1646220195,KIND_FEATURE
FEATURE_MARSH,592796099,KIND_FEATURE
FEATURE_BARRIER_REEF,-711496911,KIND_FEATURE
FEATURE_CLIFFS_DOVER,2072857400,KIND_FEATURE
FEATURE_CRATER_LAKE,1253249868,KIND_FEATURE
FEATURE_DEAD_SEA,1894931018,KIND_FEATURE
FEATURE_EVEREST,1080563218,KIND_FEATURE
FEATURE_GALAPAGOS,226585075,KIND_FEATURE
FEATURE_KILIMANJARO,-1940073471,KIND_FEATURE
FEATURE_PANTANAL,1394593257,KIND_FEATURE
FEATURE_PIOPIOTAHI,1624801336,KIND_FEATURE
FEATURE_TORRES_DEL_PAINE,-1628456412,KIND_FEATURE
FEATURE_TSINGY,981353664,KIND_FEATURE
FEATURE_YOSEMITE,-11012763,KIND_FEATURE
CAPABILITY_RENAME,218036365,KIND_CAPABILITY
CAPABILITY_CIVICS,-261262683,KIND_CAPABILITY
CAPABILITY_MILITARY,-1830136416,KIND_CAPABILITY
CAPABILITY_CIVICS_CHOOSER,11533886,KIND_CAPABILITY
CAPABILITY_CIVICS_TREE,938407249,KIND_CAPABILITY
CAPABILITY_CIVILOPEDIA,1815393444,KIND_CAPABILITY
CAPABILITY_CULTURE,1568514824,KIND_CAPABILITY
CAPABILITY_GOVERNMENTS,-472687191,KIND_CAPABILITY
CAPABILITY_GOVERNMENTS_VIEW,-308035358,KIND_CAPABILITY
CAPABILITY_GOVERNMENTS_LEGACY_BONUSES,1229222645,KIND_CAPABILITY
CAPABILITY_GOVERNORS,-484260593,KIND_CAPABILITY
CAPABILITY_GREAT_WORKS,374732918,KIND_CAPABILITY
CAPABILITY_NEW_GREAT_WORKS,-1811559643,KIND_CAPABILITY
CAPABILITY_GREAT_WORKS_VIEW,281064343,KIND_CAPABILITY
CAPABILITY_SCIENCE,-1933373877,KIND_CAPABILITY
CAPABILITY_TECHNOLOGIES,-1920258938,KIND_CAPABILITY
CAPABILITY_TECH_CHOOSER,-1029108850,KIND_CAPABILITY
CAPABILITY_TECH_TREE,1279948138,KIND_CAPABILITY
CAPABILITY_CULTURE_BORDER_GROWTH,-952954776,KIND_CAPABILITY
CAPABILITY_PURCHASE_PLOTS,1156972074,KIND_CAPABILITY
CAPABILITY_TRADE,1922896962,KIND_CAPABILITY
CAPABILITY_NEW_TRADE,-1389988386,KIND_CAPABILITY
CAPABILITY_TRADE_VIEW,1189427722,KIND_CAPABILITY
CAPABILITY_DIPLOMACY,1799917414,KIND_CAPABILITY
CAPABILITY_DIPLOMACY_DEALS,-726756349,KIND_CAPABILITY
CAPABILITY_DIPLOMACY_VIEW_SELF,-1204258991,KIND_CAPABILITY
CAPABILITY_DIPLOMACY_ACCESS_LEVEL_INFO,1780383965,KIND_CAPABILITY
CAPABILITY_DIPLOMACY_RELATIONSHIP_INFO,73449475,KIND_CAPABILITY
CAPABILITY_RELIGION,-1060021183,KIND_CAPABILITY
CAPABILITY_FOUND_PANTHEONS,-1174653828,KIND_CAPABILITY
CAPABILITY_FOUND_RELIGIONS,-216974843,KIND_CAPABILITY
CAPABILITY_RELIGION_VIEW,-258570090,KIND_CAPABILITY
CAPABILITY_GREAT_PEOPLE,-1758867014,KIND_CAPABILITY
CAPABILITY_GREAT_PEOPLE_CAN_RECRUIT,362636778,KIND_CAPABILITY
CAPABILITY_GREAT_PEOPLE_RECRUIT_WITH_GOLD,-1854651760,KIND_CAPABILITY
CAPABILITY_GOLD,2039443868,KIND_CAPABILITY
CAPABILITY_GREAT_PEOPLE_RECRUIT_WITH_FAITH,422551709,KIND_CAPABILITY
CAPABILITY_GREAT_PEOPLE_CAN_REJECT,1555529848,KIND_CAPABILITY
CAPABILITY_GREAT_PEOPLE_VIEW,-1637060921,KIND_CAPABILITY
CAPABILITY_ESPIONAGE,-1554181680,KIND_CAPABILITY
CAPABILITY_NEW_ESPIONAGE,209934061,KIND_CAPABILITY
CAPABILITY_ESPIONAGE_VIEW,-747512746,KIND_CAPABILITY
CAPABILITY_FAITH,275847045,KIND_CAPABILITY
CAPABILITY_TOURISM,388917757,KIND_CAPABILITY
CAPABILITY_EMERGENCIES,923083232,KIND_CAPABILITY
CAPABILITY_ERAS,-251301186,KIND_CAPABILITY
CAPABILITY_GOLDEN_AND_DARK_AGES,-69184199,KIND_CAPABILITY
CAPABILITY_HISTORIC_MOMENTS,-551557471,KIND_CAPABILITY
CAPABILITY_DISPLAY_HUD_WORLD_RANKINGS,-1762357064,KIND_CAPABILITY
CAPABILITY_REPORTS_LIST,1126085293,KIND_CAPABILITY
CAPABILITY_REPORTS_DIPLOMATIC_DEALS,-1074032971,KIND_CAPABILITY
CAPABILITY_REPORTS_UNIT_EXPENSES,506121243,KIND_CAPABILITY
CAPABILITY_WORLD_TRACKER,1145722751,KIND_CAPABILITY
CAPABILITY_AMENITIES,-948558812,KIND_CAPABILITY
CAPABILITY_UNIT_LIST,633947669,KIND_CAPABILITY
CAPABILITY_LENS_TOGGLING_UI,-1644478903,KIND_CAPABILITY
CAPABILITY_LENS_RELIGION,-1872253985,KIND_CAPABILITY
CAPABILITY_LENS_APPEAL,-1547521686,KIND_CAPABILITY
CAPABILITY_LENS_SETTLER,1338301120,KIND_CAPABILITY
CAPABILITY_LENS_GOVERNMENT,2085432134,KIND_CAPABILITY
CAPABILITY_LENS_TOURISM,-1532441715,KIND_CAPABILITY
CAPABILITY_LENS_CONTINENT,1462138011,KIND_CAPABILITY
CAPABILITY_LENS_EMPIRE,-1324703715,KIND_CAPABILITY
CAPABILITY_LENS_LOYALTY,613780485,KIND_CAPABILITY
CAPABILITY_SEARCH_GAME_MAP,-1666374723,KIND_CAPABILITY
CAPABILITY_CITY_HUD_AMENITIES_CIVICS,-692321038,KIND_CAPABILITY
CAPABILITY_CITY_HUD_AMENITIES_RELIGION,-1941084918,KIND_CAPABILITY
CAPABILITY_CITY_HUD_AMENITIES_NATIONAL_PARKS,1793453379,KIND_CAPABILITY
CAPABILITY_CITY_HUD_AMENITIES_GREAT_PEOPLE,1377310772,KIND_CAPABILITY
CAPABILITY_CITY_HUD_AMENITIES_CITY_STATES,-1369344607,KIND_CAPABILITY
CAPABILITY_CITY_HUD_AMENITIES_WAR_WEARINESS,-2048067059,KIND_CAPABILITY
CAPABILITY_CITY_HUD_AMENITIES_BANKRUPTCY,1324108530,KIND_CAPABILITY
CAPABILITY_CITY_HUD_HOUSING_DISTRICTS,1187825822,KIND_CAPABILITY
CAPABILITY_CITY_HUD_HOUSING_GREAT_PEOPLE,1719155834,KIND_CAPABILITY
CAPABILITY_CITY_HUD_RELIGION_TAB,-1086296992,KIND_CAPABILITY
CAPABILITY_CITY_HUD_WONDERS,-668275476,KIND_CAPABILITY
CAPABILITY_CITY_HUD_TRADING_POSTS,1718678583,KIND_CAPABILITY
CAPABILITY_FAITH_PURCHASE,2090383503,KIND_CAPABILITY
CAPABILITY_CITY_STATES_VIEW,-2047653234,KIND_CAPABILITY
CAPABILITY_TOP_PANEL_ENVOYS,-308741797,KIND_CAPABILITY
CAPABILITY_GOVERNMENT_SCREEN_MILITARY_FILTER,-1757867049,KIND_CAPABILITY
CAPABILITY_GOVERNMENT_SCREEN_DIPLOMACY_FILTER,333752479,KIND_CAPABILITY
CAPABILITY_GOSSIP_REPORT,-1848933681,KIND_CAPABILITY
CAPABILITY_DISPLAY_SCORE,-897640355,KIND_CAPABILITY
CAPABILITY_DISPLAY_NORMALIZED_TURN,-737032832,KIND_CAPABILITY
CAPABILITY_DISPLAY_TOP_PANEL_YIELDS,2110974262,KIND_CAPABILITY
CAPABILITY_DISPLAY_TOP_PANEL_RESOURCES,2020303626,KIND_CAPABILITY
CAPABILITY_DISPLAY_MINIMAP_YIELDS,-1865541298,KIND_CAPABILITY
CAPABILITY_DISPLAY_MINIMAP_RESOURCES,573892605,KIND_CAPABILITY
CAPABILITY_DISPLAY_TOP_PANEL_CIVPEDIA,475449076,KIND_CAPABILITY
CAPABILITY_DISPLAY_PLOT_YIELDS,-275536290,KIND_CAPABILITY
CAPABILITY_DISPLAY_HUD_RIBBON_RELATIONSHIPS,-216612365,KIND_CAPABILITY
CAPABILITY_DISPLAY_HUD_GOSSIP_LIST,-1467770685,KIND_CAPABILITY
CAPABILITY_NOTIFY_UPGRADE_ROADS,513836516,KIND_CAPABILITY
GAMESPEED_MARATHON,137894519,KIND_GAMESPEED
GAMESPEED_EPIC,341116999,KIND_GAMESPEED
GAMESPEED_STANDARD,327976177,KIND_GAMESPEED
GAMESPEED_QUICK,-1424172973,KIND_GAMESPEED
GAMESPEED_ONLINE,-1649545904,KIND_GAMESPEED
SCALING_HALF,-1345809238,KIND_GAMESPEED_SCALING
SCALING_SLIGHT,1353797882,KIND_GAMESPEED_SCALING
GOODYHUT_CULTURE,301278043,KIND_GOODY_HUT
GOODYHUT_GOLD,-2010932837,KIND_GOODY_HUT
GOODYHUT_FAITH,-1897648434,KIND_GOODY_HUT
GOODYHUT_MILITARY,1623514478,KIND_GOODY_HUT
GOODYHUT_SCIENCE,-1068790248,KIND_GOODY_HUT
GOODYHUT_SURVIVORS,1892398955,KIND_GOODY_HUT
GOSSIP_AGENDA_KUDOS,-1968041855,KIND_GOSSIP
GOSSIP_AGENDA_WARNING,-939978574,KIND_GOSSIP
GOSSIP_ALLIED,944135207,KIND_GOSSIP
GOSSIP_ANARCHY_BEGINS,1878998816,KIND_GOSSIP
GOSSIP_ARTIFACT_EXTRACTED,-2098668348,KIND_GOSSIP
GOSSIP_ATTACK_LAUNCHED,235155835,KIND_GOSSIP
GOSSIP_BEACH_RESORT_CREATED,855647858,KIND_GOSSIP
GOSSIP_BARBARIAN_INVASION_STARTED,843182221,KIND_GOSSIP
GOSSIP_BARBARIAN_RAID_STARTED,607510360,KIND_GOSSIP
GOSSIP_CHANGE_GOVERNMENT,1027546484,KIND_GOSSIP
GOSSIP_CLEAR_CAMP,563179799,KIND_GOSSIP
GOSSIP_CITY_BESIEGED,1274348112,KIND_GOSSIP
GOSSIP_CITY_LIBERATED,-1060940565,KIND_GOSSIP
GOSSIP_CITY_RAZED,-1554916796,KIND_GOSSIP
GOSSIP_CITY_STATE_INFLUENCE,84372384,KIND_GOSSIP
GOSSIP_CONQUER_CITY,238720930,KIND_GOSSIP
GOSSIP_CONSTRUCT_BUILDING,-1316691185,KIND_GOSSIP
GOSSIP_CONSTRUCT_DISTRICT,1630197340,KIND_GOSSIP
GOSSIP_CREATE_PANTHEON,56826145,KIND_GOSSIP
GOSSIP_CULTUREVATE_CIVIC,558761677,KIND_GOSSIP
GOSSIP_DECLARED_FRIENDSHIP,1046181038,KIND_GOSSIP
GOSSIP_DELEGATION,62994617,KIND_GOSSIP
GOSSIP_DENOUNCED,563310662,KIND_GOSSIP
GOSSIP_EMBASSY,-281403381,KIND_GOSSIP
GOSSIP_FIND_NATURAL_WONDER,1987996187,KIND_GOSSIP
GOSSIP_FOUND_CITY,1300653782,KIND_GOSSIP
GOSSIP_FOUND_RELIGION,1292432916,KIND_GOSSIP
GOSSIP_GREATPERSON_CREATED,-57127808,KIND_GOSSIP
GOSSIP_INQUISITION_LAUNCHED,2003196433,KIND_GOSSIP
GOSSIP_LAND_UNIT_LEVEL,-1148877984,KIND_GOSSIP
GOSSIP_MAKE_DOW,-337699156,KIND_GOSSIP
GOSSIP_NATIONAL_PARK_CREATED,1467001846,KIND_GOSSIP
GOSSIP_NAVAL_UNIT_LEVEL,1071911233,KIND_GOSSIP
GOSSIP_NEW_RELIGIOUS_MAJORITY,-555980460,KIND_GOSSIP
GOSSIP_PILLAGE,689589196,KIND_GOSSIP
GOSSIP_POLICY_ENACTED,-1657833432,KIND_GOSSIP
GOSSIP_PROJECT_STARTED,-422313278,KIND_GOSSIP
GOSSIP_RECEIVE_DOW,-1390678351,KIND_GOSSIP
GOSSIP_RELIC_RECEIVED,-1960429588,KIND_GOSSIP
GOSSIP_RESEARCH_AGREEMENT,1919056712,KIND_GOSSIP
GOSSIP_RESEARCH_TECH,2060601050,KIND_GOSSIP
GOSSIP_SPACE_RACE_PROJECT_COMPLETED,79918836,KIND_GOSSIP
GOSSIP_SPY_DISRUPT_ROCKETRY,714329741,KIND_GOSSIP
GOSSIP_SPY_GREAT_WORK_HEIST,-176857561,KIND_GOSSIP
GOSSIP_SPY_RECRUIT_PARTISANS,-398161915,KIND_GOSSIP
GOSSIP_SPY_SABOTAGE_PRODUCTION,810463566,KIND_GOSSIP
GOSSIP_SPY_SIPHON_FUNDS,30913075,KIND_GOSSIP
GOSSIP_SPY_STEAL_TECH_BOOST,837680396,KIND_GOSSIP
GOSSIP_TRADE_DEAL,1781195325,KIND_GOSSIP
GOSSIP_TRADE_RENEGE,526321474,KIND_GOSSIP
GOSSIP_TRAIN_SETTLER,47448450,KIND_GOSSIP
GOSSIP_TRAIN_UNIT,1585430139,KIND_GOSSIP
GOSSIP_WMD_BUILT,1420295525,KIND_GOSSIP
GOSSIP_VICTORY_STRATEGY_CHANGED,977617119,KIND_GOSSIP
GOSSIP_WAR_PREPARATION,2021101175,KIND_GOSSIP
GOSSIP_WMD_STRIKE,-2108071088,KIND_GOSSIP
GOSSIP_WONDER_STARTED,518018841,KIND_GOSSIP
GREAT_PERSON_CLASS_GENERAL,-1606258707,KIND_GREAT_PERSON_CLASS
GREAT_PERSON_CLASS_ADMIRAL,95964186,KIND_GREAT_PERSON_CLASS
GREAT_PERSON_CLASS_ENGINEER,900200590,KIND_GREAT_PERSON_CLASS
GREAT_PERSON_CLASS_MERCHANT,-719603786,KIND_GREAT_PERSON_CLASS
GREAT_PERSON_CLASS_PROPHET,553519719,KIND_GREAT_PERSON_CLASS
GREAT_PERSON_CLASS_SCIENTIST,-38407711,KIND_GREAT_PERSON_CLASS
GREAT_PERSON_CLASS_WRITER,-1735006189,KIND_GREAT_PERSON_CLASS
GREAT_PERSON_CLASS_ARTIST,242001430,KIND_GREAT_PERSON_CLASS
GREAT_PERSON_CLASS_MUSICIAN,-1866345616,KIND_GREAT_PERSON_CLASS
GREAT_PERSON_INDIVIDUAL_ARTEMISIA,-672121576,KIND_GREAT_PERSON_INDIVIDUAL
GREAT_PERSON_INDIVIDUAL_GAIUS_DUILIUS,-1890175689,KIND_GREAT_PERSON_INDIVIDUAL
GREAT_PERSON_INDIVIDUAL_THEMISTOCLES,393349523,KIND_GREAT_PERSON_INDIVIDUAL
GREAT_PERSON_INDIVIDUAL_LEIF_ERIKSON,-494965039,KIND_GREAT_PERSON_INDIVIDUAL
GREAT_PERSON_INDIVIDUAL_RAJENDRA_CHOLA,1687726473,KIND_GREAT_PERSON_INDIVIDUAL
GREAT_PERSON_INDIVIDUAL_ZHENG_HE,2002534501,KIND_GREAT_PERSON_INDIVIDUAL
GREAT_PERSON_INDIVIDUAL_FRANCIS_DRAKE,1072532532,KIND_GREAT_PERSON_INDIVIDUAL
GREAT_PERSON_INDIVIDUAL_SANTA_CRUZ,-194565253,KIND_GREAT_PERSON_INDIVIDUAL
GREAT_PERSON_INDIVIDUAL_YI_SUN_SIN,256697118,KIND_GREAT_PERSON_INDIVIDUAL
GREAT_PERSON_INDIVIDUAL_CHING_SHIH,876505184,KIND_GREAT_PERSON_INDIVIDUAL
GREAT_PERSON_INDIVIDUAL_HORATIO_NELSON,-408143394,KIND_GREAT_PERSON_INDIVIDUAL
GREAT_PERSON_INDIVIDUAL_LASKARINA_BOUBOULINA,809419437,KIND_GREAT_PERSON_INDIVIDUAL
GREAT_PERSON_INDIVIDUAL_FRANZ_VON_HIPPER,1497114884,KIND_GREAT_PERSON_INDIVIDUAL
GREAT_PERSON_INDIVIDUAL_JOAQUIM_MARQUES_LISBOA,-1940076294,KIND_GREAT_PERSON_INDIVIDUAL
GREAT_PERSON_INDIVIDUAL_TOGO_HEIHACHIRO,982233171,KIND_GREAT_PERSON_INDIVIDUAL
GREAT_PERSON_INDIVIDUAL_CHESTER_NIMITZ,-2056906279,KIND_GREAT_PERSON_INDIVIDUAL
GREAT_PERSON_INDIVIDUAL_GRACE_HOPPER,621346320,KIND_GREAT_PERSON_INDIVIDUAL
GREAT_PERSON_INDIVIDUAL_SERGEY_GORSHKOV,-867278038,KIND_GREAT_PERSON_INDIVIDUAL
GREAT_PERSON_INDIVIDUAL_CLANCY_FERNANDO,1448986986,KIND_GREAT_PERSON_INDIVIDUAL
GREAT_PERSON_INDIVIDUAL_ANDREY_RUBLEV,1823129744,KIND_GREAT_PERSON_INDIVIDUAL
GREAT_PERSON_INDIVIDUAL_HIERONYMUS_BOSCH,-562993249,KIND_GREAT_PERSON_INDIVIDUAL
GREAT_PERSON_INDIVIDUAL_DONATELLO,-2005554561,KIND_GREAT_PERSON_INDIVIDUAL
GREAT_PERSON_INDIVIDUAL_MICHELANGELO,-302629864,KIND_GREAT_PERSON_INDIVIDUAL
GREAT_PERSON_INDIVIDUAL_QIU_YING,-1037118742,KIND_GREAT_PERSON_INDIVIDUAL
GREAT_PERSON_INDIVIDUAL_TITIAN,2016915516,KIND_GREAT_PERSON_INDIVIDUAL
GREAT_PERSON_INDIVIDUAL_EL_GRECO,-58542685,KIND_GREAT_PERSON_INDIVIDUAL
GREAT_PERSON_INDIVIDUAL_REMBRANDT_VAN_RIJN,366860416,KIND_GREAT_PERSON_INDIVIDUAL
GREAT_PERSON_INDIVIDUAL_SOFONISBA_ANGUISSOLA,-1132765030,KIND_GREAT_PERSON_INDIVIDUAL
GREAT_PERSON_INDIVIDUAL_ANGELICA_KAUFFMAN,-79554785,KIND_GREAT_PERSON_INDIVIDUAL
GREAT_PERSON_INDIVIDUAL_JANG_SEUNG_EOP,871736019,KIND_GREAT_PERSON_INDIVIDUAL
GREAT_PERSON_INDIVIDUAL_KATSUSHIKA_HOKUSAI,1949643525,KIND_GREAT_PERSON_INDIVIDUAL
GREAT_PERSON_INDIVIDUAL_VINCENT_VAN_GOGH,961699272,KIND_GREAT_PERSON_INDIVIDUAL
GREAT_PERSON_INDIVIDUAL_EDMONIA_LEWIS,-1507649703,KIND_GREAT_PERSON_INDIVIDUAL
GREAT_PERSON_INDIVIDUAL_MARIE_ANNE_COLLOT,1017542374,KIND_GREAT_PERSON_INDIVIDUAL
GREAT_PERSON_INDIVIDUAL_CLAUDE_MONET,-1713184894,KIND_GREAT_PERSON_INDIVIDUAL
GREAT_PERSON_INDIVIDUAL_BORIS_ORLOVSKY,216665552,KIND_GREAT_PERSON_INDIVIDUAL
GREAT_PERSON_INDIVIDUAL_GUSTAV_KLIMT,902436305,KIND_GREAT_PERSON_INDIVIDUAL
GREAT_PERSON_INDIVIDUAL_AMRITA_SHER_GIL,-792033095,KIND_GREAT_PERSON_INDIVIDUAL
GREAT_PERSON_INDIVIDUAL_MARY_CASSATT,2007848481,KIND_GREAT_PERSON_INDIVIDUAL
GREAT_PERSON_INDIVIDUAL_BI_SHENG,-1244732453,KIND_GREAT_PERSON_INDIVIDUAL
GREAT_PERSON_INDIVIDUAL_ISIDORE_OF_MILETUS,-299090026,KIND_GREAT_PERSON_INDIVIDUAL
GREAT_PERSON_INDIVIDUAL_JAMES_OF_ST_GEORGE,573763075,KIND_GREAT_PERSON_INDIVIDUAL
GREAT_PERSON_INDIVIDUAL_FILIPPO_BRUNELLESCHI,-361796094,KIND_GREAT_PERSON_INDIVIDUAL
GREAT_PERSON_INDIVIDUAL_LEONARDO_DA_VINCI,-789669120,KIND_GREAT_PERSON_INDIVIDUAL
GREAT_PERSON_INDIVIDUAL_MIMAR_SINAN,-1135785473,KIND_GREAT_PERSON_INDIVIDUAL
GREAT_PERSON_INDIVIDUAL_ADA_LOVELACE,534584211,KIND_GREAT_PERSON_INDIVIDUAL
GREAT_PERSON_INDIVIDUAL_GUSTAVE_EIFFEL,-1763924115,KIND_GREAT_PERSON_INDIVIDUAL
GREAT_PERSON_INDIVIDUAL_JAMES_WATT,291271671,KIND_GREAT_PERSON_INDIVIDUAL
GREAT_PERSON_INDIVIDUAL_ALVAR_AALTO,-498523599,KIND_GREAT_PERSON_INDIVIDUAL
GREAT_PERSON_INDIVIDUAL_NIKOLA_TESLA,-707760200,KIND_GREAT_PERSON_INDIVIDUAL
GREAT_PERSON_INDIVIDUAL_ROBERT_GODDARD,-1537190062,KIND_GREAT_PERSON_INDIVIDUAL
GREAT_PERSON_INDIVIDUAL_JOHN_A_ROEBLING,-805472389,KIND_GREAT_PERSON_INDIVIDUAL
GREAT_PERSON_INDIVIDUAL_JANE_DREW,-707339560,KIND_GREAT_PERSON_INDIVIDUAL
GREAT_PERSON_INDIVIDUAL_SERGEI_KOROLEV,-832941486,KIND_GREAT_PERSON_INDIVIDUAL
GREAT_PERSON_INDIVIDUAL_CHARLES_CORREA,1297496894,KIND_GREAT_PERSON_INDIVIDUAL
GREAT_PERSON_INDIVIDUAL_JOSEPH_PAXTON,411429800,KIND_GREAT_PERSON_INDIVIDUAL
GREAT_PERSON_INDIVIDUAL_WERNHER_VON_BRAUN,-923261266,KIND_GREAT_PERSON_INDIVIDUAL
GREAT_PERSON_INDIVIDUAL_BOUDICA,-2010337728,KIND_GREAT_PERSON_INDIVIDUAL
GREAT_PERSON_INDIVIDUAL_HANNIBAL_BARCA,554798184,KIND_GREAT_PERSON_INDIVIDUAL
GREAT_PERSON_INDIVIDUAL_SUN_TZU,-289135732,KIND_GREAT_PERSON_INDIVIDUAL
GREAT_PERSON_INDIVIDUAL_AETHELFLAED,-2075687643,KIND_GREAT_PERSON_INDIVIDUAL
GREAT_PERSON_INDIVIDUAL_EL_CID,-1966633037,KIND_GREAT_PERSON_INDIVIDUAL
GREAT_PERSON_INDIVIDUAL_GUSTAVUS_ADOLPHUS,-1668963141,KIND_GREAT_PERSON_INDIVIDUAL
GREAT_PERSON_INDIVIDUAL_JOAN_OF_ARC,202228859,KIND_GREAT_PERSON_INDIVIDUAL
GREAT_PERSON_INDIVIDUAL_ANA_NZINGA,1644481987,KIND_GREAT_PERSON_INDIVIDUAL
GREAT_PERSON_INDIVIDUAL_NAPOLEON_BONAPARTE,32485516,KIND_GREAT_PERSON_INDIVIDUAL
GREAT_PERSON_INDIVIDUAL_RANI_LAKSHMIBAI,1826825116,KIND_GREAT_PERSON_INDIVIDUAL
GREAT_PERSON_INDIVIDUAL_SIMON_BOLIVAR,1347297291,KIND_GREAT_PERSON_INDIVIDUAL
GREAT_PERSON_INDIVIDUAL_JOHN_MONASH,-2045089431,KIND_GREAT_PERSON_INDIVIDUAL
GREAT_PERSON_INDIVIDUAL_MARINA_RASKOVA,682647367,KIND_GREAT_PERSON_INDIVIDUAL
GREAT_PERSON_INDIVIDUAL_SAMORI_TURE,315794362,KIND_GREAT_PERSON_INDIVIDUAL
GREAT_PERSON_INDIVIDUAL_DWIGHT_EISENHOWER,-1986335023,KIND_GREAT_PERSON_INDIVIDUAL
GREAT_PERSON_INDIVIDUAL_GEORGY_ZHUKOV,-163097354,KIND_GREAT_PERSON_INDIVIDUAL
GREAT_PERSON_INDIVIDUAL_DOUGLAS_MACARTHUR,1923695395,KIND_GREAT_PERSON_INDIVIDUAL
GREAT_PERSON_INDIVIDUAL_SUDIRMAN,689118087,KIND_GREAT_PERSON_INDIVIDUAL
GREAT_PERSON_INDIVIDUAL_AHMAD_SHAH_MASSOUD,-287931332,KIND_GREAT_PERSON_INDIVIDUAL
GREAT_PERSON_INDIVIDUAL_VIJAYA_WIMALARATNE,1671255688,KIND_GREAT_PERSON_INDIVIDUAL
GREAT_PERSON_INDIVIDUAL_COLAEUS,-1840341554,KIND_GREAT_PERSON_INDIVIDUAL
GREAT_PERSON_INDIVIDUAL_MARCUS_LICINIUS_CRASSUS,-1417211269,KIND_GREAT_PERSON_INDIVIDUAL
GREAT_PERSON_INDIVIDUAL_ZHANG_QIAN,-1240378250,KIND_GREAT_PERSON_INDIVIDUAL
GREAT_PERSON_INDIVIDUAL_MARCO_POLO,-555157291,KIND_GREAT_PERSON_INDIVIDUAL
GREAT_PERSON_INDIVIDUAL_PIERO_DE_BARDI,938741630,KIND_GREAT_PERSON_INDIVIDUAL
GREAT_PERSON_INDIVIDUAL_IRENE_OF_ATHENS,-425302197,KIND_GREAT_PERSON_INDIVIDUAL
GREAT_PERSON_INDIVIDUAL_GIOVANNI_DE_MEDICI,1889926848,KIND_GREAT_PERSON_INDIVIDUAL
GREAT_PERSON_INDIVIDUAL_JAKOB_FUGGER,-1281555600,KIND_GREAT_PERSON_INDIVIDUAL
GREAT_PERSON_INDIVIDUAL_RAJA_TODAR_MAL,1684151696,KIND_GREAT_PERSON_INDIVIDUAL
GREAT_PERSON_INDIVIDUAL_ADAM_SMITH,1357840657,KIND_GREAT_PERSON_INDIVIDUAL
GREAT_PERSON_INDIVIDUAL_JOHN_SPILSBURY,688624688,KIND_GREAT_PERSON_INDIVIDUAL
GREAT_PERSON_INDIVIDUAL_JOHN_JACOB_ASTOR,-2026638055,KIND_GREAT_PERSON_INDIVIDUAL
GREAT_PERSON_INDIVIDUAL_LEVI_STRAUSS,-1069204915,KIND_GREAT_PERSON_INDIVIDUAL
GREAT_PERSON_INDIVIDUAL_JOHN_ROCKEFELLER,-35948472,KIND_GREAT_PERSON_INDIVIDUAL
GREAT_PERSON_INDIVIDUAL_SARAH_BREEDLOVE,1781997386,KIND_GREAT_PERSON_INDIVIDUAL
GREAT_PERSON_INDIVIDUAL_HELENA_RUBINSTEIN,1421590543,KIND_GREAT_PERSON_INDIVIDUAL
GREAT_PERSON_INDIVIDUAL_MELITTA_BENTZ,1597127151,KIND_GREAT_PERSON_INDIVIDUAL
GREAT_PERSON_INDIVIDUAL_MARY_KATHERINE_GODDARD,1906197089,KIND_GREAT_PERSON_INDIVIDUAL
GREAT_PERSON_INDIVIDUAL_ESTEE_LAUDER,-1301247104,KIND_GREAT_PERSON_INDIVIDUAL
GREAT_PERSON_INDIVIDUAL_MASARU_IBUKA,1358781624,KIND_GREAT_PERSON_INDIVIDUAL
GREAT_PERSON_INDIVIDUAL_JAMSETJI_TATA,1301988479,KIND_GREAT_PERSON_INDIVIDUAL
GREAT_PERSON_INDIVIDUAL_ANTONIO_VIVALDI,-1956210563,KIND_GREAT_PERSON_INDIVIDUAL
GREAT_PERSON_INDIVIDUAL_JOHANN_SEBASTIAN_BACH,-392653525,KIND_GREAT_PERSON_INDIVIDUAL
GREAT_PERSON_INDIVIDUAL_LUDWIG_VAN_BEETHOVEN,-2117322560,KIND_GREAT_PERSON_INDIVIDUAL
GREAT_PERSON_INDIVIDUAL_WOLFGANG_AMADEUS_MOZART,443669600,KIND_GREAT_PERSON_INDIVIDUAL
GREAT_PERSON_INDIVIDUAL_YATSUHASHI_KENGYO,1654718456,KIND_GREAT_PERSON_INDIVIDUAL
GREAT_PERSON_INDIVIDUAL_ANTONIO_CARLOS_GOMEZ,-1788300659,KIND_GREAT_PERSON_INDIVIDUAL
GREAT_PERSON_INDIVIDUAL_FRANZ_LISZT,-289203733,KIND_GREAT_PERSON_INDIVIDUAL
GREAT_PERSON_INDIVIDUAL_FREDERIC_CHOPIN,-709310371,KIND_GREAT_PERSON_INDIVIDUAL
GREAT_PERSON_INDIVIDUAL_PETER_ILYICH_TCHAIKOVSKY,-1725092986,KIND_GREAT_PERSON_INDIVIDUAL
GREAT_PERSON_INDIVIDUAL_LIU_TIANHUA,-1998664738,KIND_GREAT_PERSON_INDIVIDUAL
GREAT_PERSON_INDIVIDUAL_ANTONIN_DVORAK,-1371254098,KIND_GREAT_PERSON_INDIVIDUAL
GREAT_PERSON_INDIVIDUAL_CLARA_SCHUMANN,-1001978601,KIND_GREAT_PERSON_INDIVIDUAL
GREAT_PERSON_INDIVIDUAL_JUVENTINO_ROSAS,1121003093,KIND_GREAT_PERSON_INDIVIDUAL
GREAT_PERSON_INDIVIDUAL_LILIUOKALANI,-169457454,KIND_GREAT_PERSON_INDIVIDUAL
GREAT_PERSON_INDIVIDUAL_GAUHAR_JAAN,1943222930,KIND_GREAT_PERSON_INDIVIDUAL
GREAT_PERSON_INDIVIDUAL_MYKOLA_LEONTOVYCH,-1466172108,KIND_GREAT_PERSON_INDIVIDUAL
GREAT_PERSON_INDIVIDUAL_JOHN_THE_BAPTIST,1785091220,KIND_GREAT_PERSON_INDIVIDUAL
GREAT_PERSON_INDIVIDUAL_CONFUCIUS,1624291038,KIND_GREAT_PERSON_INDIVIDUAL
GREAT_PERSON_INDIVIDUAL_ZOROASTER,192975295,KIND_GREAT_PERSON_INDIVIDUAL
GREAT_PERSON_INDIVIDUAL_SIDDHARTHA_GAUTAMA,-384260209,KIND_GREAT_PERSON_INDIVIDUAL
GREAT_PERSON_INDIVIDUAL_LAOZI,-635768933,KIND_GREAT_PERSON_INDIVIDUAL
GREAT_PERSON_INDIVIDUAL_SIMON_PETER,-1718405057,KIND_GREAT_PERSON_INDIVIDUAL
GREAT_PERSON_INDIVIDUAL_BODHIDHARMA,1715330199,KIND_GREAT_PERSON_INDIVIDUAL
GREAT_PERSON_INDIVIDUAL_ADI_SHANKARA,-866739476,KIND_GREAT_PERSON_INDIVIDUAL
GREAT_PERSON_INDIVIDUAL_SONGTSAN_GAMPO,780792631,KIND_GREAT_PERSON_INDIVIDUAL
GREAT_PERSON_INDIVIDUAL_O_NO_YASUMARO,-988910363,KIND_GREAT_PERSON_INDIVIDUAL
GREAT_PERSON_INDIVIDUAL_IRENAEUS,2040796442,KIND_GREAT_PERSON_INDIVIDUAL
GREAT_PERSON_INDIVIDUAL_MARTIN_LUTHER,324621470,KIND_GREAT_PERSON_INDIVIDUAL
GREAT_PERSON_INDIVIDUAL_FRANCIS_OF_ASSISI,-238302219,KIND_GREAT_PERSON_INDIVIDUAL
GREAT_PERSON_INDIVIDUAL_MADHVA_ACHARYA,-831044412,KIND_GREAT_PERSON_INDIVIDUAL
GREAT_PERSON_INDIVIDUAL_THOMAS_AQUINAS,-1312612765,KIND_GREAT_PERSON_INDIVIDUAL
GREAT_PERSON_INDIVIDUAL_HAJI_HUUD,-112661372,KIND_GREAT_PERSON_INDIVIDUAL
GREAT_PERSON_INDIVIDUAL_ARYABHATA,-141232776,KIND_GREAT_PERSON_INDIVIDUAL
GREAT_PERSON_INDIVIDUAL_EUCLID,-156969638,KIND_GREAT_PERSON_INDIVIDUAL
GREAT_PERSON_INDIVIDUAL_HYPATIA,-386091165,KIND_GREAT_PERSON_INDIVIDUAL
GREAT_PERSON_INDIVIDUAL_ABU_AL_QASIM_AL_ZAHRAWI,-770556100,KIND_GREAT_PERSON_INDIVIDUAL
GREAT_PERSON_INDIVIDUAL_HILDEGARD_OF_BINGEN,-2099321853,KIND_GREAT_PERSON_INDIVIDUAL
GREAT_PERSON_INDIVIDUAL_OMAR_KHAYYAM,-2721414,KIND_GREAT_PERSON_INDIVIDUAL
GREAT_PERSON_INDIVIDUAL_GALILEO_GALILEI,1734669051,KIND_GREAT_PERSON_INDIVIDUAL
GREAT_PERSON_INDIVIDUAL_ISAAC_NEWTON,234294483,KIND_GREAT_PERSON_INDIVIDUAL
GREAT_PERSON_INDIVIDUAL_EMILIE_DU_CHATELET,49578762,KIND_GREAT_PERSON_INDIVIDUAL
GREAT_PERSON_INDIVIDUAL_JAMES_YOUNG,628143681,KIND_GREAT_PERSON_INDIVIDUAL
GREAT_PERSON_INDIVIDUAL_CHARLES_DARWIN,-710793839,KIND_GREAT_PERSON_INDIVIDUAL
GREAT_PERSON_INDIVIDUAL_DMITRI_MENDELEEV,-932897098,KIND_GREAT_PERSON_INDIVIDUAL
GREAT_PERSON_INDIVIDUAL_ALAN_TURING,-1758857449,KIND_GREAT_PERSON_INDIVIDUAL
GREAT_PERSON_INDIVIDUAL_ALBERT_EINSTEIN,-1535780269,KIND_GREAT_PERSON_INDIVIDUAL
GREAT_PERSON_INDIVIDUAL_ALFRED_NOBEL,-999348379,KIND_GREAT_PERSON_INDIVIDUAL
GREAT_PERSON_INDIVIDUAL_JANAKI_AMMAL,-876126531,KIND_GREAT_PERSON_INDIVIDUAL
GREAT_PERSON_INDIVIDUAL_MARY_LEAKEY,1548252965,KIND_GREAT_PERSON_INDIVIDUAL
GREAT_PERSON_INDIVIDUAL_ERWIN_SCHRODINGER,-2023999939,KIND_GREAT_PERSON_INDIVIDUAL
GREAT_PERSON_INDIVIDUAL_ABDUS_SALAM,-475328566,KIND_GREAT_PERSON_INDIVIDUAL
GREAT_PERSON_INDIVIDUAL_CARL_SAGAN,-732923764,KIND_GREAT_PERSON_INDIVIDUAL
GREAT_PERSON_INDIVIDUAL_STEPHANIE_KWOLEK,-1774785231,KIND_GREAT_PERSON_INDIVIDUAL
GREAT_PERSON_INDIVIDUAL_BHASA,-844824575,KIND_GREAT_PERSON_INDIVIDUAL
GREAT_PERSON_INDIVIDUAL_HOMER,-1946276492,KIND_GREAT_PERSON_INDIVIDUAL
GREAT_PERSON_INDIVIDUAL_OVID,-572601380,KIND_GREAT_PERSON_INDIVIDUAL
GREAT_PERSON_INDIVIDUAL_QU_YUAN,589413130,KIND_GREAT_PERSON_INDIVIDUAL
GREAT_PERSON_INDIVIDUAL_GEOFFREY_CHAUCER,1640702866,KIND_GREAT_PERSON_INDIVIDUAL
GREAT_PERSON_INDIVIDUAL_LI_BAI,-763179639,KIND_GREAT_PERSON_INDIVIDUAL
GREAT_PERSON_INDIVIDUAL_MURASAKI_SHIKIBU,1465743211,KIND_GREAT_PERSON_INDIVIDUAL
GREAT_PERSON_INDIVIDUAL_MARGARET_CAVENDISH,2138884361,KIND_GREAT_PERSON_INDIVIDUAL
GREAT_PERSON_INDIVIDUAL_MIGUEL_DE_CERVANTES,-1092732036,KIND_GREAT_PERSON_INDIVIDUAL
GREAT_PERSON_INDIVIDUAL_NICCOLO_MACHIAVELLI,759930094,KIND_GREAT_PERSON_INDIVIDUAL
GREAT_PERSON_INDIVIDUAL_WILLIAM_SHAKESPEARE,776161461,KIND_GREAT_PERSON_INDIVIDUAL
GREAT_PERSON_INDIVIDUAL_MARIE_CATHERINE_D_AULNOY,-1131618602,KIND_GREAT_PERSON_INDIVIDUAL
GREAT_PERSON_INDIVIDUAL_ALEXANDER_PUSHKIN,1523852629,KIND_GREAT_PERSON_INDIVIDUAL
GREAT_PERSON_INDIVIDUAL_EDGAR_ALLEN_POE,742343830,KIND_GREAT_PERSON_INDIVIDUAL
GREAT_PERSON_INDIVIDUAL_JANE_AUSTEN,-1504408219,KIND_GREAT_PERSON_INDIVIDUAL
GREAT_PERSON_INDIVIDUAL_JOHANN_WOLFGANG_VON_GOETHE,1773751432,KIND_GREAT_PERSON_INDIVIDUAL
GREAT_PERSON_INDIVIDUAL_MARY_SHELLEY,-183078350,KIND_GREAT_PERSON_INDIVIDUAL
GREAT_PERSON_INDIVIDUAL_JAMES_JOYCE,1351269654,KIND_GREAT_PERSON_INDIVIDUAL
GREAT_PERSON_INDIVIDUAL_EMILY_DICKINSON,-1004150715,KIND_GREAT_PERSON_INDIVIDUAL
GREAT_PERSON_INDIVIDUAL_LEO_TOLSTOY,-1848937528,KIND_GREAT_PERSON_INDIVIDUAL
GREAT_PERSON_INDIVIDUAL_MARK_TWAIN,70800472,KIND_GREAT_PERSON_INDIVIDUAL
GREAT_PERSON_INDIVIDUAL_F_SCOTT_FITZGERALD,399736103,KIND_GREAT_PERSON_INDIVIDUAL
GREAT_PERSON_INDIVIDUAL_HG_WELLS,1424389923,KIND_GREAT_PERSON_INDIVIDUAL
GREAT_PERSON_INDIVIDUAL_RABINDRANATH_TAGORE,-2029360983,KIND_GREAT_PERSON_INDIVIDUAL
GREAT_PERSON_INDIVIDUAL_KAREL_CAPEK,538421021,KIND_GREAT_PERSON_INDIVIDUAL
GREATWORK_BHASA_1,430349233,KIND_GREATWORK
GREATWORK_BHASA_2,-2135963125,KIND_GREATWORK
GREATWORK_HOMER_1,238095404,KIND_GREATWORK
GREATWORK_HOMER_2,-1757913706,KIND_GREATWORK
GREATWORK_OVID_1,192222208,KIND_GREATWORK
GREATWORK_OVID_2,-1837349446,KIND_GREATWORK
GREATWORK_QU_YUAN_1,1752968458,KIND_GREATWORK
GREATWORK_QU_YUAN_2,-243958608,KIND_GREATWORK
GREATWORK_CHAUCER_1,942271374,KIND_GREATWORK
GREATWORK_CHAUCER_2,-1591690700,KIND_GREATWORK
GREATWORK_LI_BAI_1,-640321521,KIND_GREATWORK
GREATWORK_LI_BAI_2,1088170421,KIND_GREATWORK
GREATWORK_MURASAKI_1,1100462547,KIND_GREATWORK
GREATWORK_MURASAKI_2,-660674455,KIND_GREATWORK
GREATWORK_CAVENDISH_1,442972789,KIND_GREATWORK
GREATWORK_CAVENDISH_2,-2089915441,KIND_GREATWORK
GREATWORK_CERVANTES_1,385268133,KIND_GREATWORK
GREATWORK_CERVANTES_2,-1879054305,KIND_GREATWORK
GREATWORK_MACHIAVELLI_1,-1386813157,KIND_GREATWORK
GREATWORK_MACHIAVELLI_2,878688417,KIND_GREATWORK
GREATWORK_SHAKESPEARE_1,930321955,KIND_GREATWORK
GREATWORK_SHAKESPEARE_2,-1367685223,KIND_GREATWORK
GREATWORK_D_AULNOY_1,-1432517334,KIND_GREATWORK
GREATWORK_D_AULNOY_2,865391760,KIND_GREATWORK
GREATWORK_PUSHKIN_1,1783202575,KIND_GREATWORK
GREATWORK_PUSHKIN_2,-213855563,KIND_GREATWORK
GREATWORK_POE_1,1800161049,KIND_GREATWORK
GREATWORK_POE_2,-230353245,KIND_GREATWORK
GREATWORK_AUSTEN_1,-253642513,KIND_GREATWORK
GREATWORK_AUSTEN_2,1776871765,KIND_GREATWORK
GREATWORK_GOETHE_1,-560946094,KIND_GREATWORK
GREATWORK_GOETHE_2,1201272296,KIND_GREATWORK
GREATWORK_SHELLEY_1,-897931633,KIND_GREATWORK
GREATWORK_SHELLEY_2,1400108853,KIND_GREATWORK
GREATWORK_JOYCE_1,818726510,KIND_GREATWORK
GREATWORK_JOYCE_2,-1446668332,KIND_GREATWORK
GREATWORK_DICKINSON_1,-2089255856,KIND_GREATWORK
GREATWORK_DICKINSON_2,443624938,KIND_GREATWORK
GREATWORK_TOLSTOY_1,-51704859,KIND_GREATWORK
GREATWORK_TOLSTOY_2,1709333087,KIND_GREATWORK
GREATWORK_TWAIN_1,-607096115,KIND_GREATWORK
GREATWORK_TWAIN_2,1121526647,KIND_GREATWORK
GREATWORK_FITZGERALD_1,-1977511247,KIND_GREATWORK
GREATWORK_FITZGERALD_2,321438475,KIND_GREATWORK
GREATWORK_WELLS_1,2140589920,KIND_GREATWORK
GREATWORK_WELLS_2,-425746726,KIND_GREATWORK
GREATWORK_TAGORE_1,432495012,KIND_GREATWORK
GREATWORK_TAGORE_2,-2133981154,KIND_GREATWORK
GREATWORK_CAPEK_1,-1111756182,KIND_GREATWORK
GREATWORK_CAPEK_2,615687120,KIND_GREATWORK
GREATWORK_SUN_TZU,-2105277064,KIND_GREATWORK
GREATWORK_RUBLEV_1,-1996852846,KIND_GREATWORK
GREATWORK_RUBLEV_2,301146152,KIND_GREATWORK
GREATWORK_RUBLEV_3,1727271102,KIND_GREATWORK
GREATWORK_BOSCH_1,1095435259,KIND_GREATWORK
GREATWORK_BOSCH_2,-666742207,KIND_GREATWORK
GREATWORK_BOSCH_3,-1354407209,KIND_GREATWORK
GREATWORK_DONATELLO_1,1944076239,KIND_GREATWORK
GREATWORK_DONATELLO_2,-353800587,KIND_GREATWORK
GREATWORK_DONATELLO_3,-1645322525,KIND_GREATWORK
GREATWORK_MICHELANGELO_1,-1454464870,KIND_GREATWORK
GREATWORK_MICHELANGELO_2,810021152,KIND_GREATWORK
GREATWORK_MICHELANGELO_3,1195426230,KIND_GREATWORK
GREATWORK_YING_1,-1545899211,KIND_GREATWORK
GREATWORK_YING_2,986849935,KIND_GREATWORK
GREATWORK_YING_3,1305809433,KIND_GREATWORK
GREATWORK_TITIAN_1,1859356102,KIND_GREATWORK
GREATWORK_TITIAN_2,-136653700,KIND_GREATWORK
GREATWORK_TITIAN_3,-2132941590,KIND_GREATWORK
GREATWORK_GRECO_1,1188317630,KIND_GREATWORK
GREATWORK_GRECO_2,-539158524,KIND_GREATWORK
GREATWORK_GRECO_3,-1462097774,KIND_GREATWORK
GREATWORK_REMBRANDT_1,-1027220838,KIND_GREATWORK
GREATWORK_REMBRANDT_2,1540131616,KIND_GREATWORK
GREATWORK_REMBRANDT_3,751549366,KIND_GREATWORK
GREATWORK_ANGUISSOLA_1,-1484681362,KIND_GREATWORK
GREATWORK_ANGUISSOLA_2,1049157332,KIND_GREATWORK
GREATWORK_ANGUISSOLA_3,1234169410,KIND_GREATWORK
GREATWORK_KAUFFMAN_1,-1898027594,KIND_GREATWORK
GREATWORK_KAUFFMAN_2,399979532,KIND_GREATWORK
GREATWORK_KAUFFMAN_3,1624245402,KIND_GREATWORK
GREATWORK_HOKUSAI_1,-348623040,KIND_GREATWORK
GREATWORK_HOKUSAI_2,1915830010,KIND_GREATWORK
GREATWORK_HOKUSAI_3,87428716,KIND_GREATWORK
GREATWORK_EOP_1,-643744144,KIND_GREATWORK
GREATWORK_EOP_2,1084780490,KIND_GREATWORK
GREATWORK_EOP_3,934240092,KIND_GREATWORK
GREATWORK_GOGH_1,1662250441,KIND_GREATWORK
GREATWORK_GOGH_2,-98911117,KIND_GREATWORK
GREATWORK_GOGH_3,-1927443227,KIND_GREATWORK
GREATWORK_LEWIS_1,983650805,KIND_GREATWORK
GREATWORK_LEWIS_2,-1549270961,KIND_GREATWORK
GREATWORK_LEWIS_3,-726716199,KIND_GREATWORK
GREATWORK_COLLOT_1,-1384720675,KIND_GREATWORK
GREATWORK_COLLOT_2,880772967,KIND_GREATWORK
GREATWORK_COLLOT_3,1131984881,KIND_GREATWORK
GREATWORK_MONET_1,522462697,KIND_GREATWORK
GREATWORK_MONET_2,-2043841453,KIND_GREATWORK
GREATWORK_MONET_3,-248888123,KIND_GREATWORK
GREATWORK_ORLOVSKY_1,1321642562,KIND_GREATWORK
GREATWORK_ORLOVSKY_2,-674235400,KIND_GREATWORK
GREATWORK_ORLOVSKY_3,-1597453458,KIND_GREATWORK
GREATWORK_KLIMT_1,-1913350526,KIND_GREATWORK
GREATWORK_KLIMT_2,352175928,KIND_GREATWORK
GREATWORK_KLIMT_3,1677391790,KIND_GREATWORK
GREATWORK_GIL_1,-1825150760,KIND_GREATWORK
GREATWORK_GIL_2,171915618,KIND_GREATWORK
GREATWORK_GIL_3,2100824564,KIND_GREATWORK
GREATWORK_CASSATT_1,-1751744137,KIND_GREATWORK
GREATWORK_CASSATT_2,245354701,KIND_GREATWORK
GREATWORK_CASSATT_3,2040062043,KIND_GREATWORK
GREATWORK_VIVALDI_1,41267910,KIND_GREATWORK
GREATWORK_VIVALDI_2,-1686314116,KIND_GREATWORK
GREATWORK_BACH_1,59528524,KIND_GREATWORK
GREATWORK_BACH_2,-1702558474,KIND_GREATWORK
GREATWORK_BEETHOVEN_1,1829157781,KIND_GREATWORK
GREATWORK_BEETHOVEN_2,-200283601,KIND_GREATWORK
GREATWORK_MOZART_1,932212378,KIND_GREATWORK
GREATWORK_MOZART_2,-1365688544,KIND_GREATWORK
GREATWORK_KENGYO_1,-2047195410,KIND_GREATWORK
GREATWORK_KENGYO_2,485693268,KIND_GREATWORK
GREATWORK_GOMEZ_1,-160813699,KIND_GREATWORK
GREATWORK_GOMEZ_2,1868790983,KIND_GREATWORK
GREATWORK_LISZT_1,-16721478,KIND_GREATWORK
GREATWORK_LISZT_2,1711900672,KIND_GREATWORK
GREATWORK_CHOPIN_1,2140117252,KIND_GREATWORK
GREATWORK_CHOPIN_2,-427374402,KIND_GREATWORK
GREATWORK_TCHAIKOVSKY_1,676223298,KIND_GREATWORK
GREATWORK_TCHAIKOVSKY_2,-1320744712,KIND_GREATWORK
GREATWORK_TIANHUA_1,1822051671,KIND_GREATWORK
GREATWORK_TIANHUA_2,-174908179,KIND_GREATWORK
GREATWORK_DVORAK_1,-82522390,KIND_GREATWORK
GREATWORK_DVORAK_2,1646108496,KIND_GREATWORK
GREATWORK_SCHUMANN_1,-762502383,KIND_GREATWORK
GREATWORK_SCHUMANN_2,1266971307,KIND_GREATWORK
GREATWORK_ROSAS_1,-1662051537,KIND_GREATWORK
GREATWORK_ROSAS_2,98978453,KIND_GREATWORK
GREATWORK_LILIUOKALANI_1,-818728341,KIND_GREATWORK
GREATWORK_LILIUOKALANI_2,1446667217,KIND_GREATWORK
GREATWORK_JAAN_1,1096508184,KIND_GREATWORK
GREATWORK_JAAN_2,-665701726,KIND_GREATWORK
GREATWORK_LEONTOVYCH_1,-2007851116,KIND_GREATWORK
GREATWORK_LEONTOVYCH_2,291229230,KIND_GREATWORK
GREATWORK_RELIC_1,106345349,KIND_GREATWORK
GREATWORK_RELIC_2,-1621106113,KIND_GREATWORK
GREATWORK_RELIC_3,-396832087,KIND_GREATWORK
GREATWORK_RELIC_4,1983661834,KIND_GREATWORK
GREATWORK_RELIC_5,20674460,KIND_GREATWORK
GREATWORK_RELIC_6,-1741543898,KIND_GREATWORK
GREATWORK_RELIC_7,-281733456,KIND_GREATWORK
GREATWORK_RELIC_8,2139753249,KIND_GREATWORK
GREATWORK_RELIC_9,143473591,KIND_GREATWORK
GREATWORK_RELIC_10,-1156771408,KIND_GREATWORK
GREATWORK_RELIC_11,-871751386,KIND_GREATWORK
GREATWORK_RELIC_12,1426288796,KIND_GREATWORK
GREATWORK_RELIC_13,570703882,KIND_GREATWORK
GREATWORK_RELIC_14,-1134504535,KIND_GREATWORK
GREATWORK_RELIC_15,-882383553,KIND_GREATWORK
GREATWORK_RELIC_16,1382986885,KIND_GREATWORK
GREATWORK_RELIC_17,627672083,KIND_GREATWORK
GREATWORK_RELIC_18,-1244227198,KIND_GREATWORK
GREATWORK_RELIC_19,-1026447084,KIND_GREATWORK
GREATWORK_RELIC_20,-1876934029,KIND_GREATWORK
GREATWORK_RELIC_21,-416845083,KIND_GREATWORK
GREATWORK_RELIC_22,2116952927,KIND_GREATWORK
GREATWORK_RELIC_23,153686985,KIND_GREATWORK
GREATWORK_RELIC_24,-1756526998,KIND_GREATWORK
GREATWORK_ARTIFACT_1,1209792656,KIND_GREATWORK
GREATWORK_ARTIFACT_2,-787306198,KIND_GREATWORK
GREATWORK_ARTIFACT_3,-1508533828,KIND_GREATWORK
GREATWORK_ARTIFACT_4,946932767,KIND_GREATWORK
GREATWORK_ARTIFACT_5,1333148809,KIND_GREATWORK
GREATWORK_ARTIFACT_6,-696292045,KIND_GREATWORK
GREATWORK_ARTIFACT_7,-1585947227,KIND_GREATWORK
GREATWORK_ARTIFACT_8,835141684,KIND_GREATWORK
GREATWORK_ARTIFACT_9,1187016866,KIND_GREATWORK
GREATWORK_ARTIFACT_10,-694241264,KIND_GREATWORK
GREATWORK_ARTIFACT_11,-1583773562,KIND_GREATWORK
GREATWORK_ARTIFACT_12,949016892,KIND_GREATWORK
GREATWORK_ARTIFACT_13,1335355818,KIND_GREATWORK
GREATWORK_ARTIFACT_14,-772572151,KIND_GREATWORK
GREATWORK_ARTIFACT_15,-1493939041,KIND_GREATWORK
GREATWORK_ARTIFACT_16,1073552677,KIND_GREATWORK
GREATWORK_ARTIFACT_17,1224355251,KIND_GREATWORK
GREATWORK_ARTIFACT_18,-666554334,KIND_GREATWORK
GREATWORK_ARTIFACT_19,-1354628940,KIND_GREATWORK
GREATWORK_ARTIFACT_20,-38540333,KIND_GREATWORK
GREATWORK_ARTIFACT_21,-1967858875,KIND_GREATWORK
GREATWORK_ARTIFACT_22,331188991,KIND_GREATWORK
GREATWORK_ARTIFACT_23,1689959017,KIND_GREATWORK
GREATWORK_ARTIFACT_24,-86102070,KIND_GREATWORK
GREATWORK_ARTIFACT_25,-1915150500,KIND_GREATWORK
HAPPINESS_REVOLT,1931187040,KIND_HAPPINESS
HAPPINESS_UNREST,1449234134,KIND_HAPPINESS
HAPPINESS_UNHAPPY,-1102472170,KIND_HAPPINESS
HAPPINESS_DISPLEASED,1574360324,KIND_HAPPINESS
HAPPINESS_CONTENT,696358579,KIND_HAPPINESS
HAPPINESS_HAPPY,-960664224,KIND_HAPPINESS
HAPPINESS_ECSTATIC,1655495889,KIND_HAPPINESS
IMPROVEMENT_BARBARIAN_CAMP,-567604548,KIND_IMPROVEMENT
IMPROVEMENT_FARM,168372657,KIND_IMPROVEMENT
IMPROVEMENT_MINE,1001859687,KIND_IMPROVEMENT
IMPROVEMENT_QUARRY,-80493497,KIND_IMPROVEMENT
IMPROVEMENT_FISHING_BOATS,578093457,KIND_IMPROVEMENT
IMPROVEMENT_PASTURE,154488225,KIND_IMPROVEMENT
IMPROVEMENT_PLANTATION,1523996587,KIND_IMPROVEMENT
IMPROVEMENT_CAMP,-1819558972,KIND_IMPROVEMENT
IMPROVEMENT_LUMBER_MILL,2048582848,KIND_IMPROVEMENT
IMPROVEMENT_GOODY_HUT,1434118760,KIND_IMPROVEMENT
IMPROVEMENT_OIL_WELL,-1355513600,KIND_IMPROVEMENT
IMPROVEMENT_OFFSHORE_OIL_RIG,-396628467,KIND_IMPROVEMENT
IMPROVEMENT_FORT,1694280827,KIND_IMPROVEMENT
IMPROVEMENT_AIRSTRIP,607694793,KIND_IMPROVEMENT
IMPROVEMENT_BEACH_RESORT,570930386,KIND_IMPROVEMENT
IMPROVEMENT_MISSILE_SILO,564403084,KIND_IMPROVEMENT
IMPROVEMENT_CHATEAU,38972510,KIND_IMPROVEMENT
IMPROVEMENT_COLOSSAL_HEAD,-2118175351,KIND_IMPROVEMENT
IMPROVEMENT_GREAT_WALL,-1879978096,KIND_IMPROVEMENT
IMPROVEMENT_KURGAN,-486295547,KIND_IMPROVEMENT
IMPROVEMENT_MISSION,54191611,KIND_IMPROVEMENT
IMPROVEMENT_ROMAN_FORT,1195876395,KIND_IMPROVEMENT
IMPROVEMENT_SPHINX,-2112846612,KIND_IMPROVEMENT
IMPROVEMENT_STEPWELL,662085235,KIND_IMPROVEMENT
IMPROVEMENT_ZIGGURAT,-1264973398,KIND_IMPROVEMENT
LEADER_DEFAULT,-1044695445,KIND_LEADER
LEADER_BARBAROSSA,922652158,KIND_LEADER
LEADER_CATHERINE_DE_MEDICI,-1742398284,KIND_LEADER
LEADER_CLEOPATRA,-1968967108,KIND_LEADER
LEADER_GANDHI,-448371053,KIND_LEADER
LEADER_GILGAMESH,-1945031742,KIND_LEADER
LEADER_GORGO,-747473469,KIND_LEADER
LEADER_HARDRADA,-135252486,KIND_LEADER
LEADER_HOJO,1881290773,KIND_LEADER
LEADER_MVEMBA,-1158032815,KIND_LEADER
LEADER_PEDRO,1091692515,KIND_LEADER
LEADER_PERICLES,1588468838,KIND_LEADER
LEADER_PETER_GREAT,-900432013,KIND_LEADER
LEADER_PHILIP_II,-193072152,KIND_LEADER
LEADER_QIN,168583466,KIND_LEADER
LEADER_SALADIN,789711588,KIND_LEADER
LEADER_TOMYRIS,64991425,KIND_LEADER
LEADER_TRAJAN,1512040514,KIND_LEADER
LEADER_T_ROOSEVELT,-1726152803,KIND_LEADER
LEADER_VICTORIA,217707038,KIND_LEADER
LEADER_MINOR_CIV_DEFAULT,2029185624,KIND_LEADER
LEADER_MINOR_CIV_SCIENTIFIC,788633295,KIND_LEADER
LEADER_MINOR_CIV_RELIGIOUS,-1385721074,KIND_LEADER
LEADER_MINOR_CIV_TRADE,-459325157,KIND_LEADER
LEADER_MINOR_CIV_CULTURAL,1596973242,KIND_LEADER
LEADER_MINOR_CIV_MILITARISTIC,-1981115988,KIND_LEADER
LEADER_MINOR_CIV_INDUSTRIAL,2037643481,KIND_LEADER
LEADER_MINOR_CIV_BRUSSELS,-998258568,KIND_LEADER
LEADER_MINOR_CIV_BUENOS_AIRES,280195702,KIND_LEADER
LEADER_MINOR_CIV_CARTHAGE,1727510213,KIND_LEADER
LEADER_MINOR_CIV_GENEVA,-459921409,KIND_LEADER
LEADER_MINOR_CIV_HATTUSA,-106738944,KIND_LEADER
LEADER_MINOR_CIV_HONG_KONG,-509002657,KIND_LEADER
LEADER_MINOR_CIV_JAKARTA,-1589281387,KIND_LEADER
LEADER_MINOR_CIV_JERUSALEM,467001042,KIND_LEADER
LEADER_MINOR_CIV_KABUL,1824562388,KIND_LEADER
LEADER_MINOR_CIV_KANDY,1541317195,KIND_LEADER
LEADER_MINOR_CIV_KUMASI,-1784411325,KIND_LEADER
LEADER_MINOR_CIV_LA_VENTA,-432144708,KIND_LEADER
LEADER_MINOR_CIV_LISBON,-417196173,KIND_LEADER
LEADER_MINOR_CIV_MOHENJO_DARO,1186434035,KIND_LEADER
LEADER_MINOR_CIV_NAN_MADOL,-1614940993,KIND_LEADER
LEADER_MINOR_CIV_PRESLAV,5702396,KIND_LEADER
LEADER_MINOR_CIV_STOCKHOLM,-2042785508,KIND_LEADER
LEADER_MINOR_CIV_TORONTO,-754643291,KIND_LEADER
LEADER_MINOR_CIV_VALLETTA,-1243280657,KIND_LEADER
LEADER_MINOR_CIV_VILNIUS,-33896036,KIND_LEADER
LEADER_MINOR_CIV_YEREVAN,779323437,KIND_LEADER
LEADER_MINOR_CIV_ZANZIBAR,-1588323527,KIND_LEADER
LEADER_BARBARIAN,-491231149,KIND_LEADER
TRAIT_LEADER_BARBARIAN,305457287,KIND_TRAIT
TRAIT_LEADER_MAJOR_CIV,640304166,KIND_TRAIT
TRAIT_LEADER_EXPANSIONIST,-1920010957,KIND_TRAIT
TRAIT_LEADER_NONRELIGIOUS_MAJOR_CIV,1731651645,KIND_TRAIT
TRAIT_LEADER_RELIGIOUS_MAJOR_CIV,1024380275,KIND_TRAIT
TRAIT_LEADER_CULTURAL_MAJOR_CIV,-979198746,KIND_TRAIT
TRAIT_LEADER_SCIENCE_MAJOR_CIV,1172015759,KIND_TRAIT
CULTURE_KILLS_TRAIT,1421401736,KIND_TRAIT
TRAIT_LEADER_ADVENTURES_ENKIDU,38631601,KIND_TRAIT
TRAIT_LEADER_MEDITERRANEAN,-2109213638,KIND_TRAIT
TRAIT_LEADER_DIVINE_WIND,1236953139,KIND_TRAIT
TRAIT_LEADER_EL_ESCORIAL,-1690553603,KIND_TRAIT
TRAIT_LEADER_GIFTS_FOR_TLATOANI,-289815673,KIND_TRAIT
TRAIT_LEADER_GRAND_EMBASSY,-1105322856,KIND_TRAIT
TRAIT_LEADER_HOLY_ROMAN_EMPEROR,-1067303741,KIND_TRAIT
TRAIT_LEADER_PAX_BRITANNICA,1431898544,KIND_TRAIT
TRAIT_LEADER_RIGHTEOUSNESS_OF_FAITH,1432883523,KIND_TRAIT
TRAIT_LEADER_RELIGIOUS_CONVERT,330772846,KIND_TRAIT
TRAIT_LEADER_ROOSEVELT_COROLLARY,1526235895,KIND_TRAIT
TRAIT_LEADER_SATYAGRAHA,1619859426,KIND_TRAIT
TRAIT_LEADER_UNIT_ENGLISH_REDCOAT,28373651,KIND_TRAIT
TRAIT_LEADER_MELEE_COASTAL_RAIDS,1959049445,KIND_TRAIT
TRAIT_LEADER_UNIT_NORWEGIAN_LONGSHIP,-1428023816,KIND_TRAIT
FIRST_EMPEROR_TRAIT,-958987813,KIND_TRAIT
FLYING_SQUADRON_TRAIT,-215740394,KIND_TRAIT
TRAJANS_COLUMN_TRAIT,-592182794,KIND_TRAIT
TRAIT_LEADER_UNIT_AMERICAN_ROUGH_RIDER,-1830375454,KIND_TRAIT
TRAIT_LEADER_KILLER_OF_CYRUS,-562077819,KIND_TRAIT
TRAIT_LEADER_MAGNANIMOUS,-222482827,KIND_TRAIT
TRAIT_LEADER_SURROUNDED_BY_GLORY,-45601140,KIND_TRAIT
TRAIT_LEADER_AGGRESSIVE_MILITARY,1662417743,KIND_TRAIT
TRAIT_LEADER_LOW_RELIGIOUS_PREFERENCE,-1976436687,KIND_TRAIT
TRAIT_LEADER_LOW_CITY_STATE_PREFERENCE_WAR,-774860937,KIND_TRAIT
MINOR_CIV_DEFAULT_TRAIT,391373345,KIND_TRAIT
MINOR_CIV_SCIENTIFIC_TRAIT,756398405,KIND_TRAIT
MINOR_CIV_RELIGIOUS_TRAIT,919030189,KIND_TRAIT
MINOR_CIV_TRADE_TRAIT,-614955266,KIND_TRAIT
MINOR_CIV_CULTURAL_TRAIT,-1809859862,KIND_TRAIT
MINOR_CIV_MILITARISTIC_TRAIT,-768325200,KIND_TRAIT
MINOR_CIV_INDUSTRIAL_TRAIT,2006952954,KIND_TRAIT
MINOR_CIV_AMSTERDAM_TRAIT,-1691961327,KIND_TRAIT
MINOR_CIV_BRUSSELS_TRAIT,63256867,KIND_TRAIT
MINOR_CIV_BUENOS_AIRES_TRAIT,1243744417,KIND_TRAIT
MINOR_CIV_GENEVA_TRAIT,-1084055017,KIND_TRAIT
MINOR_CIV_HATTUSA_TRAIT,697288685,KIND_TRAIT
MINOR_CIV_HONG_KONG_TRAIT,-328173783,KIND_TRAIT
MINOR_CIV_JAKARTA_TRAIT,-604082985,KIND_TRAIT
MINOR_CIV_KABUL_TRAIT,919323835,KIND_TRAIT
MINOR_CIV_KANDY_TRAIT,1426634099,KIND_TRAIT
MINOR_CIV_KUMASI_TRAIT,-649428655,KIND_TRAIT
MINOR_CIV_LA_VENTA_TRAIT,-1391908193,KIND_TRAIT
MINOR_CIV_LISBON_TRAIT,-412636762,KIND_TRAIT
MINOR_CIV_MOHENJO_DARO_TRAIT,-1507296589,KIND_TRAIT
MINOR_CIV_NAN_MADOL_TRAIT,-1572517341,KIND_TRAIT
MINOR_CIV_SEOUL_TRAIT,-631593448,KIND_TRAIT
MINOR_CIV_TORONTO_TRAIT,-1382607514,KIND_TRAIT
MINOR_CIV_VALLETTA_TRAIT,398305220,KIND_TRAIT
MINOR_CIV_YEREVAN_TRAIT,-1835345630,KIND_TRAIT
MINOR_CIV_ZANZIBAR_TRAIT,817611927,KIND_TRAIT
CONTINENT_AFRICA,1562449609,KIND_CONTINENT
CONTINENT_AMASIA,-2096950907,KIND_CONTINENT
CONTINENT_AMERICA,-478108001,KIND_CONTINENT
CONTINENT_ANTARCTICA,-1760402888,KIND_CONTINENT
CONTINENT_ARCTICA,-1154761555,KIND_CONTINENT
CONTINENT_ASIA,-645081962,KIND_CONTINENT
CONTINENT_ASIAMERICA,1971911126,KIND_CONTINENT
CONTINENT_ATLANTICA,288416544,KIND_CONTINENT
CONTINENT_ATLANTIS,744451326,KIND_CONTINENT
CONTINENT_AUSTRALIA,568617982,KIND_CONTINENT
CONTINENT_AVALONIA,-1518691789,KIND_CONTINENT
CONTINENT_AZANIA,1161652788,KIND_CONTINENT
CONTINENT_BALTICA,-1915665964,KIND_CONTINENT
CONTINENT_CIMMERIA,1189749458,KIND_CONTINENT
CONTINENT_COLUMBIA,1734644625,KIND_CONTINENT
CONTINENT_CONGO_CRATON,-1035808044,KIND_CONTINENT
CONTINENT_EURAMERICA,782765403,KIND_CONTINENT
CONTINENT_EUROPE,-2080423756,KIND_CONTINENT
CONTINENT_GONDWANA,-2117788361,KIND_CONTINENT
CONTINENT_KALAHARIA,-1302421273,KIND_CONTINENT
CONTINENT_KAZAKHSTANIA,-1231679484,KIND_CONTINENT
CONTINENT_KERNORLAND,-1896866241,KIND_CONTINENT
CONTINENT_KUMARI_KANDAM,1985271090,KIND_CONTINENT
CONTINENT_LAURASIA,800064476,KIND_CONTINENT
CONTINENT_LAURENTIA,88460371,KIND_CONTINENT
CONTINENT_LEMURIA,692032081,KIND_CONTINENT
CONTINENT_MU,-834446962,KIND_CONTINENT
CONTINENT_NENA,-704279099,KIND_CONTINENT
CONTINENT_NORTH_AMERICA,-817357107,KIND_CONTINENT
CONTINENT_NOVOPANGAEA,423110638,KIND_CONTINENT
CONTINENT_NUNA,-903663947,KIND_CONTINENT
CONTINENT_OCEANIA,884587212,KIND_CONTINENT
CONTINENT_PANGAEA,498438428,KIND_CONTINENT
CONTINENT_PANGAEA_ULTIMA,1743118556,KIND_CONTINENT
CONTINENT_PANNOTIA,758501077,KIND_CONTINENT
CONTINENT_RODINIA,-1113159962,KIND_CONTINENT
CONTINENT_SIBERIA,488799811,KIND_CONTINENT
CONTINENT_SOUTH_AMERICA,358141418,KIND_CONTINENT
CONTINENT_TERRA_AUSTRALIS,-96431695,KIND_CONTINENT
CONTINENT_UR,-767798156,KIND_CONTINENT
CONTINENT_VAALBARA,561861691,KIND_CONTINENT
CONTINENT_VENDIAN,226607347,KIND_CONTINENT
CONTINENT_ZEALANDIA,490612692,KIND_CONTINENT
MAPSIZE_DUEL,388991850,KIND_MAPSIZE
MAPSIZE_TINY,-601637951,KIND_MAPSIZE
MAPSIZE_SMALL,-1837222328,KIND_MAPSIZE
MAPSIZE_STANDARD,-2055278946,KIND_MAPSIZE
MAPSIZE_LARGE,-1101990427,KIND_MAPSIZE
MAPSIZE_HUGE,370405108,KIND_MAPSIZE
MODIFIER_ALL_PLAYERS_ATTACH_MODIFIER,918614437,KIND_MODIFIER
MODIFIER_ALL_PLAYERS_GRANT_TRAIT,1894225002,KIND_MODIFIER
MODIFIER_ALL_CITIES_ADJUST_BUILDING_PRODUCTION,-899227440,KIND_MODIFIER
MODIFIER_SINGLE_CITY_ADJUST_BUILDING_PRODUCTION,-1847188022,KIND_MODIFIER
MODIFIER_ALL_CITIES_ADJUST_CITY_YIELD_CHANGE,456297456,KIND_MODIFIER
MODIFIER_ALL_CITIES_ADJUST_CITY_GROWTH,-743885145,KIND_MODIFIER
MODIFIER_ALL_CITIES_ATTACH_MODIFIER,-704329837,KIND_MODIFIER
MODIFIER_ALL_CITIES_CULTURE_BORDER_EXPANSION,1768071715,KIND_MODIFIER
MODIFIER_ALL_CITIES_FEATURE_ADJACENCY,1305087963,KIND_MODIFIER
MODIFIER_ALL_CITIES_TERRAIN_ADJACENCY,158317083,KIND_MODIFIER
MODIFIER_ALL_DISTRICTS_ATTACH_MODIFIER,-550522378,KIND_MODIFIER
MODIFIER_ALL_DISTRICTS_ADJUST_YIELD_BASED_ON_ADJACENCY_BONUS,1188835905,KIND_MODIFIER
MODIFIER_ALL_UNITS_ATTACH_MODIFIER,-1874418748,KIND_MODIFIER
MODIFIER_ALL_UNITS_GRANT_ABILITY,824673492,KIND_MODIFIER
MODIFIER_ALL_UNITS_ADJUST_HEAL_PER_TURN,1870388527,KIND_MODIFIER
MODIFIER_BUILDING_YIELD_CHANGE,316424277,KIND_MODIFIER
MODIFIER_FOLLOWER_YIELD_MODIFIER,1024143235,KIND_MODIFIER
MODIFIER_PLAYER_RELIGION_ADD_RELIGIOUS_BUILDING,-38379215,KIND_MODIFIER
MODIFIER_PLAYER_RELIGION_ADD_RELIGIOUS_UNIT,1899132806,KIND_MODIFIER
MODIFIER_PLAYER_RELIGION_ADD_PLAYER_BELIEF_YIELD,1708677803,KIND_MODIFIER
MODIFIER_PLAYER_RELIGION_ADD_RELIGIOUS_BELIEF_YIELD,-489576902,KIND_MODIFIER
MODIFIER_PLAYER_RELIGION_ADJUST_COMBAT_LOSS,37262476,KIND_MODIFIER
MODIFIER_PLAYER_RELIGION_ADJUST_RELIGIOUS_SPREAD_DISTANCE,-298319346,KIND_MODIFIER
MODIFIER_PLAYER_RELIGION_ADJUST_RELIGIOUS_SPREAD_STRENGTH,605256023,KIND_MODIFIER
MODIFIER_PLAYER_RELIGION_ENABLE_AUTO_SPREAD,-84440719,KIND_MODIFIER
MODIFIER_PLAYER_RELIGION_ENABLE_AWARDS_ENVOY,-554682819,KIND_MODIFIER
MODIFIER_PLAYER_CITIES_ADJUST_YIELD_FROM_FOREIGN_TRADE_ROUTES_PASSING_THROUGH,-189899700,KIND_MODIFIER
MODIFIER_CITY_DISTRICTS_ADJUST_CITY_AMENITIES_FROM_RELIGION,-1739015064,KIND_MODIFIER
MODIFIER_CITY_DISTRICTS_ADJUST_TOURISM_ADJACENCY_YIELD_MOFIFIER,1737404898,KIND_MODIFIER
MODIFIER_CITY_DISTRICTS_ADJUST_TOURISM_CHANGE,-426243891,KIND_MODIFIER
MODIFIER_CITY_PLOT_YIELDS_ADJUST_PLOT_YIELD,-2136485739,KIND_MODIFIER
MODIFIER_CITY_TRAINED_UNITS_ADJUST_XP_BONUS,-507246147,KIND_MODIFIER
MODIFIER_CITY_TRAINED_UNITS_ADJUST_MOVEMENT,1076375134,KIND_MODIFIER
MODIFIER_CITY_CORPS_ARMY_ADJUST_DISCOUNT,-1964541513,KIND_MODIFIER
MODIFIER_CITY_ENABLE_BUILDING_FAITH_PURCHASE,-97705398,KIND_MODIFIER
MODIFIER_CITY_ENABLE_UNIT_FAITH_PURCHASE,40547948,KIND_MODIFIER
MODIFIER_PLAYER_ADD_BELIEF,1646991318,KIND_MODIFIER
MODIFIER_PLAYER_ADD_CULTURE_BOMB_TRIGGER,1917499017,KIND_MODIFIER
MODIFIER_PLAYER_ADD_DIPLO_VISIBILITY,-478148274,KIND_MODIFIER
MODIFIER_PLAYER_ADD_DIPLOMATIC_MOVEMENT_MODIFIER,1878904382,KIND_MODIFIER
MODIFIER_PLAYER_ADD_DIPLOMATIC_YIELD_MODIFIER,-877635993,KIND_MODIFIER
MODIFIER_PLAYER_ADD_RELIGIOUS_BUILDING_MULTIPLIER,908630622,KIND_MODIFIER
MODIFIER_PLAYER_ADJUST_CIVIC_BOOST,-820117943,KIND_MODIFIER
MODIFIER_ADJUST_DIPLOMATIC_ACTION_PREFERENCE,-1745032309,KIND_MODIFIER
MODIFIER_ADJUST_OPEN_BORDERS_FROM_INFLUENCE,1390876262,KIND_MODIFIER
MODIFIER_PLAYER_ADJUST_ALLIED_WAR_DISCOUNT,-319655900,KIND_MODIFIER
MODIFIER_PLAYER_ADJUST_AUTO_THEMED_BUILDING,-266851939,KIND_MODIFIER
MODIFIER_PLAYER_ADJUST_CULTURE_BOMB_CONVERTS_CITY,1514921970,KIND_MODIFIER
MODIFIER_PLAYER_ADJUST_ENFORCE_BORDERS,2038909070,KIND_MODIFIER
MODIFIER_PLAYER_ADJUST_FAITH_PEACEFUL_FOUNDERS,-838783605,KIND_MODIFIER
MODIFIER_PLAYER_ADJUST_FAITH_FROM_DISPERSAL,-1749477152,KIND_MODIFIER
MODIFIER_PLAYER_ADJUST_FULL_ACCESS_ONE_STRATEGIC,-1740934750,KIND_MODIFIER
MODIFIER_PLAYER_ADJUST_GOLD_INTEREST_PERCENT,1297145206,KIND_MODIFIER
MODIFIER_PLAYER_CITIES_ADJUST_GREAT_PERSON_POINT_BASE,1863064010,KIND_MODIFIER
MODIFIER_PLAYER_ADJUST_IMPROVED_ROUTE_LEVEL,-2064709675,KIND_MODIFIER
MODIFIER_PLAYER_ADJUST_LEVY_DISCOUNT_PERCENT,1317298063,KIND_MODIFIER
MODIFIER_PLAYER_ADJUST_MAX_WARMONGER_PERCENT,-767863443,KIND_MODIFIER
MODIFIER_PLAYER_ADJUST_TECHNOLOGY_BOOST,1589254126,KIND_MODIFIER
MODIFIER_PLAYER_ADJUST_PLOT_YIELD,-844850341,KIND_MODIFIER
MODIFIER_PLAYER_ADJUST_IMPROVEMENT_GOODY_HUT,-317561941,KIND_MODIFIER
MODIFIER_PLAYER_ADJUST_JOINTWAR_EXPERIENCE,-685582713,KIND_MODIFIER
MODIFIER_PLAYER_ADJUST_JOINTWAR_PLUNDER,-67148414,KIND_MODIFIER
MODIFIER_PLAYER_ADJUST_NATURAL_WONDER_RELIC,-1260774188,KIND_MODIFIER
MODIFIER_PLAYER_ADJUST_NO_OCCUPATION_PENALTIES,-1770122556,KIND_MODIFIER
MODIFIER_PLAYER_ADJUST_PROGRESS_DIFF_TRADE_BONUS,-112440955,KIND_MODIFIER
MODIFIER_PLAYER_ADJUST_RELIGION_BUILDING_DISCOUNT,-1589642855,KIND_MODIFIER
MODIFIER_PLAYER_ADJUST_STEAL_TECH_BOOSTS,-749666151,KIND_MODIFIER
MODIFIER_PLAYER_ADJUST_SPY_BONUS,541776758,KIND_MODIFIER
MODIFIER_PLAYER_ADJUST_TARGET_CITY_SPY_YIELD_PERCENT,-663077765,KIND_MODIFIER
MODIFIER_PLAYER_ADJUST_TOKEN_ON_TRADE_ROUTE_STARTED,854434331,KIND_MODIFIER
MODIFIER_PLAYER_ADJUST_TRADE_ROUTES_CITY_STATE_YIELD,-826389158,KIND_MODIFIER
MODIFIER_PLAYER_ADJUST_UNIT_DISTRICT_PERCENT,614313968,KIND_MODIFIER
MODIFIER_PLAYER_ADJUST_UNIT_WONDER_PERCENT,1556435397,KIND_MODIFIER
MODIFIER_PLAYER_ADJUST_UNIT_UPGRADE_DISCOUNT_PERCENT,-495562749,KIND_MODIFIER
MODIFIER_PLAYER_ADJUST_VALID_BUILDING,1959067204,KIND_MODIFIER
MODIFIER_PLAYER_ADJUST_VALID_IMPROVEMENT,-2081885419,KIND_MODIFIER
MODIFIER_PLAYER_ADJUST_VALID_UNIT_BUILD,-805564905,KIND_MODIFIER
MODIFIER_PLAYER_ADJUST_WAR_WEARINESS,1387353327,KIND_MODIFIER
MODIFIER_PLAYER_ADJUST_WARMONGER_MULTIPLIER,567760042,KIND_MODIFIER
MODIFIER_PLAYER_ADJUST_YIELD_CHANGE,-1892734014,KIND_MODIFIER
MODIFIER_PLAYER_ADJUST_YIELD_CHANGE_PER_TRIBUTARY,-1242101039,KIND_MODIFIER
MODIFIER_PLAYER_ADJUST_YIELD_CHANGE_PER_USED_INFLUENCE_TOKEN,65455476,KIND_MODIFIER
MODIFIER_PLAYER_ADJUST_YIELD_MODIFIER_PER_EARNED_GREAT_PERSON,2134542212,KIND_MODIFIER
MODIFIER_PLAYER_ADJUST_YIELD_MODIFIER_PER_TRIBUTARY,942881947,KIND_MODIFIER
MODIFIER_PLAYER_ADJUST_FREE_CIVIC_BOOST_WONDER_ERA,-2081957752,KIND_MODIFIER
MODIFIER_PLAYER_ADJUST_FREE_GREAT_PERSON_POINTS,-549018254,KIND_MODIFIER
MODIFIER_PLAYER_ADJUST_FREE_RESOURCE_IMPORT,557722059,KIND_MODIFIER
MODIFIER_PLAYER_ADJUST_FREE_TECH_BOOST_WONDER_ERA,-122473444,KIND_MODIFIER
MODIFIER_PLAYER_CAPTURED_CITY_ATTACH_MODIFIER,-746097403,KIND_MODIFIER
MODIFIER_PLAYER_CAPITAL_CITY_ADJUST_CITY_GROWTH,-1585872668,KIND_MODIFIER
MODIFIER_PLAYER_CAPITAL_CITY_ADJUST_UNIT_PRODUCTION,2075940232,KIND_MODIFIER
MODIFIER_PLAYER_CAPITAL_CITY_ADJUST_BUILDING_PRODUCTION,-1073876796,KIND_MODIFIER
MODIFIER_PLAYER_CAPITAL_CITY_ADJUST_DISTRICT_PRODUCTION,-100651521,KIND_MODIFIER
MODIFIER_PLAYER_CAPITAL_CITY_ADJUST_CITY_YIELD_CHANGE,2086144801,KIND_MODIFIER
MODIFIER_PLAYER_CAPITAL_CITY_ADJUST_CITY_YIELD_MODIFIER,-1874803531,KIND_MODIFIER
MODIFIER_PLAYER_CITIES_ATTACH_MODIFIER,-1422739579,KIND_MODIFIER
MODIFIER_PLAYER_CITIES_ADD_EXPENDED_GREAT_PERSON_TILES,-1053091289,KIND_MODIFIER
MODIFIER_PLAYER_CITIES_ADD_POPULATION,-1540381666,KIND_MODIFIER
MODIFIER_PLAYER_CITIES_ADJUST_ALL_DISTRICTS_PRODUCTION,-956623459,KIND_MODIFIER
MODIFIER_PLAYER_CITIES_ADJUST_ALL_PROJECTS_PRODUCTION,-975182091,KIND_MODIFIER
MODIFIER_PLAYER_CITIES_ADJUST_BUILDING_PRODUCTION,269637337,KIND_MODIFIER
MODIFIER_PLAYER_CITIES_ADJUST_BUILDING_YIELD_CHANGE,83564088,KIND_MODIFIER
MODIFIER_PLAYER_CITIES_ADJUST_BUILDING_YIELD_MODIFIER,1749449175,KIND_MODIFIER
MODIFIER_PLAYER_CITIES_ADJUST_CITY_AMENITIES_FROM_CITY_STATES,-1368262534,KIND_MODIFIER
MODIFIER_PLAYER_CITIES_ADJUST_CITY_APPEAL,-1608603696,KIND_MODIFIER
MODIFIER_PLAYER_CITIES_ADJUST_CITY_GROWTH,730269047,KIND_MODIFIER
MODIFIER_PLAYER_CITIES_ADJUST_CITY_STATE_TRADE_ROUTE_DISTRICT_YIELD,-1122366532,KIND_MODIFIER
MODIFIER_PLAYER_CITIES_ADJUST_CITY_YIELD_CHANGE,347582444,KIND_MODIFIER
MODIFIER_PLAYER_CITIES_ADJUST_CITY_YIELD_MODIFIER,1068458664,KIND_MODIFIER
MODIFIER_PLAYER_CITIES_ADJUST_CITY_YIELD_PER_DISTRICT,1760573035,KIND_MODIFIER
MODIFIER_PLAYER_CITIES_ADJUST_DISTRICT_PRODUCTION,1441762274,KIND_MODIFIER
MODIFIER_PLAYER_CITIES_ADJUST_EXTRA_GREAT_WORK_SLOTS,-1167391806,KIND_MODIFIER
MODIFIER_PLAYER_CITIES_ADJUST_EXTRA_UNIT_COPY,1609590345,KIND_MODIFIER
MODIFIER_PLAYER_CITIES_ADJUST_EXTRA_UNIT_COPY_TAG,-1137754606,KIND_MODIFIER
MODIFIER_PLAYER_CITIES_ADJUST_FEATURE_APPEAL_MODIFIER,1123950256,KIND_MODIFIER
MODIFIER_PLAYER_CITIES_ADJUST_GREATWORK_YIELD,2090453402,KIND_MODIFIER
MODIFIER_SINGLE_CITY_ADJUST_IMPROVEMENT_HOUSING,1548688771,KIND_MODIFIER
MODIFIER_PLAYER_CITIES_ADJUST_INNER_DEFENSE,-233550832,KIND_MODIFIER
MODIFIER_PLAYER_CITIES_ADJUST_MILITARY_UNITS_PRODUCTION,-510224239,KIND_MODIFIER
MODIFIER_SINGLE_CITY_ADJUST_MILITARY_UNITS_PRODUCTION,861242108,KIND_MODIFIER
MODIFIER_PLAYER_CITIES_ADJUST_NUM_UNITS_SUPPORTED,-24156480,KIND_MODIFIER
MODIFIER_PLAYER_CITIES_ADJUST_OUTER_DEFENSE,1663190640,KIND_MODIFIER
MODIFIER_PLAYER_CITIES_ADJUST_CITY_HIT_POINTS,2095183964,KIND_MODIFIER
MODIFIER_PLAYER_CITIES_ADJUST_PLOT_PURCHASE_COST,652405972,KIND_MODIFIER
MODIFIER_PLAYER_CITIES_ADJUST_POLICY_AMENITY,-1159293746,KIND_MODIFIER
MODIFIER_PLAYER_CITIES_ADJUST_POLICY_HOUSING,-368595090,KIND_MODIFIER
MODIFIER_PLAYER_CITIES_ADJUST_PROJECT_PRODUCTION,48998995,KIND_MODIFIER
MODIFIER_PLAYER_CITIES_ADJUST_RANGED_STRIKE,-567864246,KIND_MODIFIER
MODIFIER_PLAYER_CITIES_ADJUST_RIVER_DISTRICT_PRODUCTION,2052095104,KIND_MODIFIER
MODIFIER_PLAYER_CITIES_ADJUST_RIVER_WONDER_PRODUCTION,-2117451175,KIND_MODIFIER
MODIFIER_PLAYER_CITIES_ADJUST_SPACE_RACE_PROJECTS_PRODUCTION,740149909,KIND_MODIFIER
MODIFIER_PLAYER_CITIES_ADJUST_TRADE_ROUTE_YIELD_TO_OTHERS,2062818136,KIND_MODIFIER
MODIFIER_PLAYER_CITIES_ADJUST_TRADE_ROUTE_YIELD_FROM_OTHERS,759880651,KIND_MODIFIER
MODIFIER_PLAYER_CITIES_ADJUST_TRADE_ROUTE_YIELD_PER_DESTINATION_LUXURY_FOR_INTERNATIONAL,2049249916,KIND_MODIFIER
MODIFIER_PLAYER_CITIES_ADJUST_TRADE_ROUTE_YIELD_PER_DESTINATION_STRATEGIC_FOR_DOMESTIC,776475863,KIND_MODIFIER
MODIFIER_PLAYER_CITIES_ADJUST_TRADE_ROUTE_YIELD_PER_DESTINATION_STRATEGIC_FOR_INTERNATIONAL,901153800,KIND_MODIFIER
MODIFIER_PLAYER_CITIES_ADJUST_TOURISM,1554334180,KIND_MODIFIER
MODIFIER_PLAYER_CITIES_ADJUST_UNIT_MAX_LEVEL,-190173005,KIND_MODIFIER
MODIFIER_PLAYER_CITIES_ADJUST_UNIT_PRODUCTION,-1260034908,KIND_MODIFIER
MODIFIER_SINGLE_CITY_ADJUST_UNIT_PRODUCTION,-960902773,KIND_MODIFIER
MODIFIER_PLAYER_CITIES_ADJUST_BUILDING_PURCHASE_COST,-684344199,KIND_MODIFIER
MODIFIER_PLAYER_CITIES_ADJUST_UNIT_PURCHASE_COST,1169519632,KIND_MODIFIER
MODIFIER_SINGLE_CITY_ADJUST_UNIT_PURCHASE_COST,265333444,KIND_MODIFIER
MODIFIER_PLAYER_CITIES_ADJUST_UNIT_TAG_ERA_PRODUCTION,-887848670,KIND_MODIFIER
MODIFIER_PLAYER_CITIES_ADJUST_VALID_FEATURES_DISTRICTS,1662059334,KIND_MODIFIER
MODIFIER_PLAYER_CITIES_ADJUST_VALID_FEATURES_WONDERS,1036976675,KIND_MODIFIER
MODIFIER_PLAYER_CITIES_ADJUST_WATER_HOUSING,-1575202062,KIND_MODIFIER
MODIFIER_PLAYER_CITIES_ADJUST_WONDER_ERA_PRODUCTION,112997153,KIND_MODIFIER
MODIFIER_PLAYER_CITIES_ADJUST_WONDER_PRODUCTION,1782155708,KIND_MODIFIER
MODIFIER_PLAYER_CITIES_ADJUST_WONDER_YIELD_CHANGE,169688244,KIND_MODIFIER
MODIFIER_PLAYER_CITIES_ENABLE_BUILDING_FAITH_PURCHASE,57467187,KIND_MODIFIER
MODIFIER_PLAYER_CITIES_ENABLE_UNIT_FAITH_PURCHASE,1028034656,KIND_MODIFIER
MODIFIER_PLAYER_CITIES_EXTRA_DISTRICT,1185788933,KIND_MODIFIER
MODIFIER_PLAYER_CITIES_GRANT_CHEAPEST_BUILDING_IN_CITY,-647319433,KIND_MODIFIER
MODIFIER_PLAYER_CITIES_GRANT_ROAD_TO_CAPITAL,-591288149,KIND_MODIFIER
MODIFIER_PLAYER_CITIES_GRANT_TRADING_POST,1923559425,KIND_MODIFIER
MODIFIER_PLAYER_CITIES_GRANT_UNIT_BY_CLASS,377283839,KIND_MODIFIER
MODIFIER_PLAYER_CITIES_GRANT_UNIT_IN_CITY,-581693004,KIND_MODIFIER
MODIFIER_PLAYER_CITIES_FEATURE_ADJACENCY,22525446,KIND_MODIFIER
MODIFIER_PLAYER_CITIES_DISTRICT_ADJACENCY,964729375,KIND_MODIFIER
MODIFIER_PLAYER_CITIES_TERRAIN_ADJACENCY,1173488582,KIND_MODIFIER
MODIFIER_PLAYER_CORPS_ARMY_PREREQ,56764484,KIND_MODIFIER
MODIFIER_PLAYER_CULTURE_ADJUST_GOVERNMENT_SLOTS_MODIFIER,2029325155,KIND_MODIFIER
MODIFIER_PLAYER_CULTURE_REPLACE_GOVERNMENT_SLOTS,821075542,KIND_MODIFIER
MODIFIER_PLAYER_CITIES_ADJUST_BUILDING_HOUSING,785604216,KIND_MODIFIER
MODIFIER_PLAYER_DISTRICT_ADJUST_EXTRA_REGIONAL_ENTERTAINMENT,1673702225,KIND_MODIFIER
MODIFIER_PLAYER_DISTRICTS_ADJUST_EXTRA_ENTERTAINMENT,-1785809442,KIND_MODIFIER
MODIFIER_PLAYER_DISTRICT_ADJUST_EXTRA_REGIONAL_RANGE,-99779871,KIND_MODIFIER
MODIFIER_PLAYER_DISTRICTS_ADJUST_EXTRA_REGIONAL_RANGE,-1890342395,KIND_MODIFIER
MODIFIER_PLAYER_DISTRICT_ADJUST_EXTRA_REGIONAL_YIELD,-791714397,KIND_MODIFIER
MODIFIER_PLAYER_DISTRICT_ADJUST_GREAT_PERSON_POINTS,-967016540,KIND_MODIFIER
MODIFIER_PLAYER_DISTRICTS_ADJUST_GREAT_PERSON_POINTS,-231798938,KIND_MODIFIER
MODIFIER_PLAYER_DISTRICTS_ADJUST_HOUSING,-1147730585,KIND_MODIFIER
MODIFIER_PLAYER_DISTRICT_ADJUST_TOURISM_CHANGE,-2051490446,KIND_MODIFIER
MODIFIER_PLAYER_DISTRICTS_ADJUST_TOURISM_CHANGE,587144055,KIND_MODIFIER
MODIFIER_PLAYER_DISTRICT_ADJUST_YIELD_BASED_ON_ADJACENCY_BONUS,-248372710,KIND_MODIFIER
MODIFIER_PLAYER_DISTRICTS_ADJUST_YIELD_BASED_ON_APPEAL,-1283595338,KIND_MODIFIER
MODIFIER_PLAYER_DISTRICT_ADJUST_BASE_YIELD_CHANGE,-1047012105,KIND_MODIFIER
MODIFIER_PLAYER_DISTRICT_ADJUST_YIELD_CHANGE,1845727998,KIND_MODIFIER
MODIFIER_PLAYER_DISTRICTS_ADJUST_YIELD_CHANGE,-2115844725,KIND_MODIFIER
MODIFIER_PLAYER_DISTRICTS_ADJUST_YIELD_MODIFIER,-1200323877,KIND_MODIFIER
MODIFIER_PLAYER_DISTRICTS_ADJUST_BUILDING_PRODUCTION,-444616850,KIND_MODIFIER
MODIFIER_PLAYER_DISTRICTS_ADJUST_DISTRICT_PRODUCTION,-1602063787,KIND_MODIFIER
MODIFIER_PLAYER_DISTRICTS_ADJUST_UNIT_PRODUCTION,-685772644,KIND_MODIFIER
MODIFIER_PLAYER_DIPLOMACY_AGENDA_ZEALOT,-1121435367,KIND_MODIFIER
MODIFIER_PLAYER_GAINS_ALL_FOLLOWER_BELIEFS,-956640869,KIND_MODIFIER
MODIFIER_PLAYER_GAINS_FOUNDER_BELIEF_MAJORITY_RELIGION,1992505747,KIND_MODIFIER
MODIFIER_PLAYER_GRANT_UNIT_IN_CAPITAL,-754011474,KIND_MODIFIER
MODIFIER_PLAYER_NEAREST_CITY_ADD_POPULATION,-73460875,KIND_MODIFIER
MODIFIER_PLAYER_OWNED_BONUS_RESOURCE_EXTRA_AMENITIES,-7381234,KIND_MODIFIER
MODIFIER_PLAYER_OWNED_LUXURY_EXTRA_AMENITIES,1033352258,KIND_MODIFIER
MODIFIER_PLAYER_ADJUST_UNIT_MAINTENANCE_DISCOUNT,380180686,KIND_MODIFIER
MODIFIER_PLAYER_CREATE_WMD,-452761676,KIND_MODIFIER
MODIFIER_PLAYER_UNITS_GRANT_RANDOM_BASE_PROMOTION,-110120183,KIND_MODIFIER
MODIFIER_PLAYER_CITY_REMOVE_OTHER_RELIGIONS,1046490270,KIND_MODIFIER
MODIFIER_UNIT_ADJUST_PROPERTY,-1976365207,KIND_MODIFIER
MODIFIER_UNIT_ADJUST_COMBAT_STRENGTH,-1889105973,KIND_MODIFIER
MODIFIER_UNIT_ADJUST_BASE_COMBAT_STRENGTH,203345836,KIND_MODIFIER
MODIFIER_PLAYER_UNITS_ADJUST_ATTACK_RANGE,1196248986,KIND_MODIFIER
MODIFIER_UNIT_ADJUST_ATTACK_RANGE,1721062720,KIND_MODIFIER
MODIFIER_UNIT_GRANT_PLOT,-1011409195,KIND_MODIFIER
MODIFIER_PLAYER_GOVERNMENT_ACCUMULATING_BONUS,-1937072470,KIND_MODIFIER
MODIFIER_PLAYER_GOVERNMENT_FLAT_BONUS,-673424142,KIND_MODIFIER
MODIFIER_PLAYER_GOVERNMENT_ADJUST_BONUS_RATE,-170031875,KIND_MODIFIER
MODIFIER_PLAYER_GOVERNMENT_ADJUST_OTHER_GOVERNMENT_INTOLERANCE,895100127,KIND_MODIFIER
MODIFIER_PLAYER_UNIT_ADJUST_BARBARIAN_COMBAT,-1166905651,KIND_MODIFIER
MODIFIER_PLAYER_UNITS_ADJUST_UNIT_ATTACK_EXPERIENCE_MODIFIER,1805475258,KIND_MODIFIER
MODIFIER_PLAYER_UNITS_ADJUST_UNIT_EXPERIENCE_MODIFIER,-1297519889,KIND_MODIFIER
MODIFIER_PLAYER_UNIT_ADJUST_UNIT_EXPERIENCE_MODIFIER,2635855,KIND_MODIFIER
MODIFIER_PLAYER_UNIT_ADJUST_BYPASS_WALLS,1018553929,KIND_MODIFIER
MODIFIER_PLAYER_UNIT_ADJUST_CANNOT_ATTACK,-567108233,KIND_MODIFIER
MODIFIER_UNIT_ADJUST_COMBAT_CAPTURE,-389033313,KIND_MODIFIER
MODIFIER_PLAYER_UNIT_ADJUST_CLEAR_TERRAIN_START_MOVEMENT,-328110719,KIND_MODIFIER
MODIFIER_PLAYER_UNIT_ADJUST_CITY_ON_CAPTURE,1910254451,KIND_MODIFIER
MODIFIER_PLAYER_UNIT_ADJUST_DAMAGE,938367552,KIND_MODIFIER
MODIFIER_PLAYER_UNITS_ADJUST_DAMAGE,-384983541,KIND_MODIFIER
MODIFIER_WORLD_UNITS_ADJUST_DAMAGE,-413289577,KIND_MODIFIER
MODIFIER_PLAYER_UNIT_ADJUST_ENABLE_WALL_ATTACK,-497077932,KIND_MODIFIER
MODIFIER_PLAYER_UNIT_ADJUST_FRIENDLY_TERRITORY_COMBAT,2035779265,KIND_MODIFIER
MODIFIER_PLAYER_UNITS_ADJUST_FRIENDLY_TERRITORY_START_MOVEMENT,-1193694973,KIND_MODIFIER
MODIFIER_PLAYER_UNITS_ADJUST_STRENGTH_REDUCTION_FOR_DAMAGE_MODIFIER,-1981126774,KIND_MODIFIER
MODIFIER_PLAYER_UNIT_ADJUST_GRANT_EXPERIENCE,693137938,KIND_MODIFIER
MODIFIER_PLAYER_UNITS_ADJUST_GRANT_EXPERIENCE,1552058011,KIND_MODIFIER
MODIFIER_UNITS_ADJUST_GRANT_EXPERIENCE,997707395,KIND_MODIFIER
MODIFIER_PLAYER_UNIT_ADJUST_HEAL,-48137160,KIND_MODIFIER
MODIFIER_PLAYER_UNIT_ADJUST_HEAL_PER_TURN,-1931858100,KIND_MODIFIER
MODIFIER_PLAYER_UNITS_ADJUST_HEAL_PER_TURN,-380624440,KIND_MODIFIER
MODIFIER_PLAYER_UNITS_ADJUST_HEAL_RELIGION_PER_TURN,-2135485871,KIND_MODIFIER
MODIFIER_PLAYER_UNIT_ADJUST_HIDDEN_VISIBILITY,1380683649,KIND_MODIFIER
MODIFIER_PLAYER_UNIT_ADJUST_SEE_HIDDEN,-1244865032,KIND_MODIFIER
MODIFIER_PLAYER_UNIT_ADJUST_IGNORE_ZOC,-482254104,KIND_MODIFIER
MODIFIER_PLAYER_UNIT_ADJUST_EXERT_ZOC,1420117352,KIND_MODIFIER
MODIFIER_PLAYER_UNIT_ADJUST_EXTRACT_SEA_ARTIFACTS,-866236351,KIND_MODIFIER
MODIFIER_PLAYER_UNIT_ADJUST_MOVE_AND_ATTACK,-930404983,KIND_MODIFIER
MODIFIER_PLAYER_UNIT_ADJUST_ATTACK_AND_MOVE,-1777511777,KIND_MODIFIER
MODIFIER_PLAYER_UNIT_ADJUST_HEAL_CHARGES,359932156,KIND_MODIFIER
MODIFIER_PLAYER_UNIT_ADJUST_LAND_VICTORY_SPREAD,18559384,KIND_MODIFIER
MODIFIER_PLAYER_UNIT_ADJUST_NO_FOREIGN_SPREAD,398462292,KIND_MODIFIER
MODIFIER_PLAYER_UNITS_ADJUST_VALID_TERRAIN,-836303204,KIND_MODIFIER
MODIFIER_PLAYER_UNIT_ADJUST_MOVEMENT,-983047187,KIND_MODIFIER
MODIFIER_PLAYER_UNIT_ADJUST_SEA_MOVEMENT,-1094758020,KIND_MODIFIER
MODIFIER_PLAYER_UNIT_ADJUST_SIGHT,2046733458,KIND_MODIFIER
MODIFIER_PLAYER_UNIT_ADJUST_SPREAD_CHARGES,996767388,KIND_MODIFIER
MODIFIER_PLAYER_UNIT_ADJUST_EVICT_PERCENT,-1181390067,KIND_MODIFIER
MODIFIER_PLAYER_UNIT_ADJUST_FOREIGN_SPREAD_MODIFIER,-1240026952,KIND_MODIFIER
MODIFIER_PLAYER_UNIT_ADJUST_NATURAL_WONDER_DEFERRED_CHARGES,-1896076169,KIND_MODIFIER
MODIFIER_PLAYER_UNIT_ADJUST_CONVERTS_BARBARIANS,1470720666,KIND_MODIFIER
MODIFIER_PLAYER_UNIT_ADJUST_RELIC_UPON_DEATH,-674345141,KIND_MODIFIER
MODIFIER_PLAYER_UNIT_ADJUST_INITIATION_GOLD,-2116588679,KIND_MODIFIER
MODIFIER_PLAYER_UNIT_ADJUST_UPGRADE_GOODY_HUT,1800195222,KIND_MODIFIER
MODIFIER_PLAYER_UNIT_ADJUST_IGNORE_RIVERS,-108308213,KIND_MODIFIER
MODIFIER_PLAYER_UNITS_ADJUST_IGNORE_RIVERS,-1677633649,KIND_MODIFIER
MODIFIER_PLAYER_UNIT_ADJUST_IGNORE_CLIFF_WALLS,126526822,KIND_MODIFIER
MODIFIER_PLAYER_UNIT_ADJUST_IGNORE_SHORES,1045203560,KIND_MODIFIER
MODIFIER_PLAYER_UNITS_ADJUST_IGNORE_SHORES,1539736812,KIND_MODIFIER
MODIFIER_PLAYER_UNIT_ADJUST_SUPPORT_BONUS_MODIFIER,-2050005402,KIND_MODIFIER
MODIFIER_PLAYER_UNIT_ADJUST_FLANKING_BONUS_MODIFIER,-293159567,KIND_MODIFIER
MODIFIER_PLAYER_UNITS_ADJUST_FLANKING_BONUS_MODIFIER,-757123640,KIND_MODIFIER
MODIFIER_PLAYER_UNIT_ADJUST_ADVANCED_PILLAGING,-927715020,KIND_MODIFIER
MODIFIER_PLAYER_UNIT_ADJUST_VALID_TERRAIN,-1414723560,KIND_MODIFIER
MODIFIER_UNIT_ADJUST_RAIDING,2146645201,KIND_MODIFIER
MODIFIER_UNIT_ADJUST_ESCORT_MOBILITY,-1301311448,KIND_MODIFIER
MODIFIER_PLAYER_UNIT_ADJUST_BYPASS_COMBAT_UNIT,-1669403669,KIND_MODIFIER
MODIFIER_PLAYER_UNIT_ADJUST_NO_REDUCTION_DAMAGE,-2007155622,KIND_MODIFIER
MODIFIER_PLAYER_UNIT_ADJUST_PLUNDER_YIELDS,-731957832,KIND_MODIFIER
MODIFIER_PLAYER_UNITS_ADJUST_PLUNDER_YIELDS,1055914127,KIND_MODIFIER
MODIFIER_PLAYER_UNIT_ADJUST_MILITARY_FORMATION,364251844,KIND_MODIFIER
MODIFIER_PLAYER_UNIT_GRANT_UNLIMITED_PROMOTION_CHOICES,-1661224156,KIND_MODIFIER
MODIFIER_PLAYER_UNITS_ADJUST_BARBARIAN_COMBAT,-811558332,KIND_MODIFIER
MODIFIER_PLAYER_UNITS_ADJUST_BUILDER_CHARGES,985104524,KIND_MODIFIER
MODIFIER_PLAYER_UNITS_ADJUST_GREAT_PERSON_CHARGES,1553898547,KIND_MODIFIER
MODIFIER_PLAYER_UNITS_ADJUST_OWNER,1735301287,KIND_MODIFIER
MODIFIER_PLAYER_UNITS_ADJUST_COMBAT_DIFFICULTY,1652687922,KIND_MODIFIER
MODIFIER_PLAYER_UNITS_ADJUST_SPREAD_CHARGES,-774259797,KIND_MODIFIER
MODIFIER_PLAYER_UNIT_ADJUST_GREAT_PEOPLE_POINTS_PER_KILL,1182259119,KIND_MODIFIER
MODIFIER_PLAYER_UNIT_ADJUST_HEAL_FROM_COMBAT,1183681344,KIND_MODIFIER
MODIFIER_PLAYER_UNITS_ADJUST_HEAL_FROM_COMBAT,861896649,KIND_MODIFIER
MODIFIER_PLAYER_UNITS_ADJUST_COMBAT_STRENGTH,928880433,KIND_MODIFIER
MODIFIER_PLAYER_UNIT_ADJUST_SPY_ESTABLISH_TIME,2001223306,KIND_MODIFIER
MODIFIER_PLAYER_UNIT_ADJUST_SPY_OPERATION_CHANCE,1079079158,KIND_MODIFIER
MODIFIER_PLAYER_UNIT_ADJUST_SPY_OPERATION_TIME,840222027,KIND_MODIFIER
MODIFIER_PLAYER_UNITS_ADJUST_SPY_OPERATION_TIME,1652925854,KIND_MODIFIER
MODIFIER_PLAYER_UNIT_ADJUST_ENTER_FOREIGN_LANDS,-922409777,KIND_MODIFIER
MODIFIER_PLAYER_UNIT_ADJUST_IGNORE_TERRAIN_COST,1251540195,KIND_MODIFIER
MODIFIER_PLAYER_UNIT_ADJUST_SEE_THROUGH_FEATURES,1943151367,KIND_MODIFIER
MODIFIER_PLAYER_UNIT_ADJUST_SEE_THROUGH_TERRAIN,-644570621,KIND_MODIFIER
MODIFIER_PLAYER_UNIT_ADJUST_TRADE_ROUTE_PLUNDER_IMMUNITY,-1517508688,KIND_MODIFIER
MODIFIER_PLAYER_UNIT_BOOST_ALL_SPIES,1073594554,KIND_MODIFIER
MODIFIER_PLAYER_UNIT_ESCAPE_BOOST,1625593159,KIND_MODIFIER
MODIFIER_PLAYER_UNIT_GRANT_HEAL_AFTER_ACTION,1395481315,KIND_MODIFIER
MODIFIER_PLAYER_UNIT_GRANT_AIR_SLOTS,-2013688618,KIND_MODIFIER
MODIFIER_PLAYER_UNIT_GRANT_UNIT_WITH_EXPERIENCE,1152169915,KIND_MODIFIER
MODIFIER_PLAYER_UNIT_GRANT_UNIT_BY_DOMAIN,898624269,KIND_MODIFIER
MODIFIER_PLAYER_UNIT_GRANT_ADJACENT_FEATURE_YIELD,1567337529,KIND_MODIFIER
MODIFIER_PLAYER_UNIT_GRANT_ADJACENT_NATURAL_WONDER_YIELD,-185922066,KIND_MODIFIER
MODIFIER_PLAYER_UNIT_GRANT_ADJACENT_TERRAIN_YIELD,1639974879,KIND_MODIFIER
MODIFIER_PLAYER_UNIT_ADJUST_EXPERIENCE_LEVEL,416718785,KIND_MODIFIER
MODIFIER_PLAYER_UNIT_ADJUST_ERA_STRENGTH_MODIFIER,540516069,KIND_MODIFIER
MODIFIER_PLAYER_UNIT_ADJUST_WMD_RESISTANCE,2018358362,KIND_MODIFIER
MODIFIER_PLAYER_UNIT_ADJUST_WATER_DAMAGE_RESISTANCE,-1335950830,KIND_MODIFIER
MODIFIER_PLAYER_UNIT_ADJUST_IGNORE_RESOURCE_MAINTENANCE,1249179445,KIND_MODIFIER
MODIFIER_PLAYER_UNITS_ADJUST_EXTRA_UNIT_COPY,-1417200495,KIND_MODIFIER
MODIFIER_PLAYER_UNITS_ADJUST_EXTRA_UNIT_COPY_TAG,-464855754,KIND_MODIFIER
MODIFIER_PLAYER_ADJUST_DISTRICT_PILLAGE,-2028860625,KIND_MODIFIER
MODIFIER_PLAYER_ADJUST_IMPROVEMENT_PILLAGE,-227766667,KIND_MODIFIER
MODIFIER_PLAYER_UNITS_ADJUST_MOVEMENT,1256435049,KIND_MODIFIER
MODIFIER_UNIT_ADJUST_NUM_ATTACKS,-1303618043,KIND_MODIFIER
MODIFIER_UNIT_ADJUST_FORCE_RETREAT,-674373381,KIND_MODIFIER
MODIFIER_PLAYER_UNITS_ADJUST_PER_LUXURY_ATTACK_MODIFIER,-1009146316,KIND_MODIFIER
MODIFIER_PLAYER_UNIT_ADJUST_PER_LUXURY_ATTACK_MODIFIER,-390358908,KIND_MODIFIER
MODIFIER_PLAYER_UNIT_ADJUST_PER_MILITARY_POLICIES_COMBAT_MODIFIER,-1615870057,KIND_MODIFIER
MODIFIER_UNIT_ADJUST_POST_COMBAT_YIELD,-180124171,KIND_MODIFIER
MODIFIER_PLAYER_UNITS_ADJUST_POST_COMBAT_YIELD,111617181,KIND_MODIFIER
MODIFIER_PLAYER_UNITS_ADJUST_SEA_MOVEMENT,-2073554140,KIND_MODIFIER
MODIFIER_PLAYER_UNITS_ADJUST_UNIT_PRODUCTION,1083326076,KIND_MODIFIER
MODIFIER_PLAYER_UNITS_GRANT_ABILITY,2099306817,KIND_MODIFIER
MODIFIER_PLAYER_UNIT_GRANT_ABILITY,-1547492086,KIND_MODIFIER
MODIFIER_PLAYER_UNITS_GRANT_PROMOTION,603994497,KIND_MODIFIER
MODIFIER_UNITS_GRANT_PROMOTION,-1940415055,KIND_MODIFIER
MODIFIER_PLAYER_UNITS_ATTACH_MODIFIER,-1582824373,KIND_MODIFIER
MODIFIER_PLAYER_UNITS_RESET_MOVES,-1266783426,KIND_MODIFIER
MODIFIER_SINGLE_UNIT_ATTACH_MODIFIER,-120195974,KIND_MODIFIER
MODIFIER_SINGLE_CITY_ADJUST_ACTIVE_BUILDING_PRODUCTION,1431941520,KIND_MODIFIER
MODIFIER_SINGLE_CITY_ADJUST_CITY_APPEAL,666478615,KIND_MODIFIER
MODIFIER_SINGLE_CITY_ADJUST_CITY_AMENITIES_FROM_GREAT_PEOPLE,702409764,KIND_MODIFIER
MODIFIER_SINGLE_CITY_ADJUST_CITY_AMENITIES_FROM_RELIGION,-1209144562,KIND_MODIFIER
MODIFIER_SINGLE_CITY_ADJUST_LAKE_ENTERTAINMENT,-1856978712,KIND_MODIFIER
MODIFIER_SINGLE_CITY_ADJUST_CITY_GROWTH,-1407186256,KIND_MODIFIER
MODIFIER_SINGLE_CITY_ADJUST_CITY_HOUSING_FROM_GREAT_PEOPLE,558756010,KIND_MODIFIER
MODIFIER_SINGLE_CITY_ADJUST_CITY_HOUSING_FROM_GREAT_WORKS,341431625,KIND_MODIFIER
MODIFIER_SINGLE_CITY_ADJUST_CITY_UNIT_MAX_LEVEL,243090126,KIND_MODIFIER
MODIFIER_SINGLE_CITY_ADJUST_CITY_YIELD_MODIFIER,-1101327941,KIND_MODIFIER
MODIFIER_SINGLE_CITY_ADJUST_EXTRA_GREAT_WORK_SLOTS,449380954,KIND_MODIFIER
MODIFIER_SINGLE_CITY_ADJUST_GREATWORK_YIELD,247817397,KIND_MODIFIER
MODIFIER_SINGLE_CITY_ADJUST_TOURISM_LATE_ERAS,879986719,KIND_MODIFIER
MODIFIER_SINGLE_CITY_ADJUST_TRADE_ROUTE_YIELD_TO_OTHERS,1472537867,KIND_MODIFIER
MODIFIER_SINGLE_CITY_ADJUST_TRADE_ROUTE_YIELD_FROM_OTHERS,2109597126,KIND_MODIFIER
MODIFIER_SINGLE_CITY_ADJUST_TRADE_ROUTE_YIELD_FOR_DOMESTIC,-1797187684,KIND_MODIFIER
MODIFIER_SINGLE_CITY_ADJUST_TRADE_ROUTE_YIELD_FOR_INTERNATIONAL,-1063034269,KIND_MODIFIER
MODIFIER_PLAYER_CITY_TRADE_ROUTE_YIELD_PER_LOCAL_BONUS_RESOURCE_FOR_DOMESTIC,-1214537492,KIND_MODIFIER
MODIFIER_PLAYER_CITY_TRADE_ROUTE_YIELD_PER_LOCAL_BONUS_RESOURCE_FOR_INTERNATIONAL,1578856040,KIND_MODIFIER
MODIFIER_SINGLE_CITY_ADJUST_BUILDING_HOUSING,-2056241268,KIND_MODIFIER
MODIFIER_SINGLE_CITY_ADJUST_DISTRICT_PRODUCTION_MODIFIER,-466593196,KIND_MODIFIER
MODIFIER_SINGLE_CITY_ADJUST_TOURISM,1801505885,KIND_MODIFIER
MODIFIER_SINGLE_CITY_ADJUST_WONDER_YIELD_CHANGE,-1947643993,KIND_MODIFIER
MODIFIER_SINGLE_CITY_ADJUST_YIELD_CHANGE,-377614788,KIND_MODIFIER
MODIFIER_SINGLE_CITY_ATTACH_MODIFIER,431520032,KIND_MODIFIER
MODIFIER_SINGLE_CITY_BUILDER_CHARGES,-911587635,KIND_MODIFIER
MODIFIER_SINGLE_CITY_FEATURE_ADJACENCY,-1359240297,KIND_MODIFIER
MODIFIER_SINGLE_CITY_GRANT_ABILITY_FOR_TRAINED_UNITS,357386047,KIND_MODIFIER
MODIFIER_SINGLE_CITY_GRANT_BUILDING_IN_CITY,-498046897,KIND_MODIFIER
MODIFIER_SINGLE_CITY_GRANT_BUILDING_IN_CITY_IGNORE,-1951471802,KIND_MODIFIER
MODIFIER_SINGLE_CITY_GRANT_PRODUCTION_IN_CITY,1873320750,KIND_MODIFIER
MODIFIER_SINGLE_CITY_GRANT_RESOURCE_IN_CITY,-2009595251,KIND_MODIFIER
MODIFIER_SINGLE_CITY_GRANT_UNIT_IN_CITY,1525882483,KIND_MODIFIER
MODIFIER_SINGLE_CITY_GRANT_UNIT_IN_NEAREST_CITY,1198167969,KIND_MODIFIER
MODIFIER_SINGLE_CITY_GRANT_UNIT_BY_CLASS_IN_NEAREST_CITY,-999896733,KIND_MODIFIER
MODIFIER_SINGLE_CITY_GRANT_GREAT_PERSON_CLASS_IN_CITY,-283157152,KIND_MODIFIER
MODIFIER_SINGLE_CITY_GRANT_YIELD_PER_GREAT_WORK,214880832,KIND_MODIFIER
MODIFIER_SINGLE_CITY_GRANT_YIELD_PER_UNIT_COST,896408793,KIND_MODIFIER
MODIFIER_SINGLE_CITY_EXTRA_DISTRICT,1902655932,KIND_MODIFIER
MODIFIER_SINGLE_CITY_HEAL_SPREADS,-1683743295,KIND_MODIFIER
MODIFIER_SINGLE_CITY_RELIGION_EXTRA_PROMOTIONS_SCENARIO,-2144904893,KIND_MODIFIER
MODIFIER_SINGLE_CITY_RELIGIOUS_SPREADS,-606373809,KIND_MODIFIER
MODIFIER_SINGLE_CITY_DISTRICTS_ADJUST_GREAT_PERSON_POINTS,1126737733,KIND_MODIFIER
MODIFIER_SINGLE_CITY_ADJUST_PROPERTY,-1914939093,KIND_MODIFIER
MODIFIER_SINGLE_PLOT_ADJUST_PLOT_YIELDS,-967848170,KIND_MODIFIER
MODIFIER_PLAYER_DIPLOMACY_AGENDA_ARCHIPELAGIC_STATE,567507970,KIND_MODIFIER
MODIFIER_PLAYER_DIPLOMACY_AGENDA_AYYUBID_DYNASTY,-37833775,KIND_MODIFIER
MODIFIER_PLAYER_DIPLOMACY_AGENDA_BACKSTAB_AVERSE,-847980957,KIND_MODIFIER
MODIFIER_PLAYER_DIPLOMACY_AGENDA_BLACK_QUEEN,360596521,KIND_MODIFIER
MODIFIER_PLAYER_DIPLOMACY_AGENDA_BULL_MOOSE,-154155341,KIND_MODIFIER
MODIFIER_PLAYER_DIPLOMACY_AGENDA_BUSHIDO,241119716,KIND_MODIFIER
MODIFIER_PLAYER_DIPLOMACY_AGENDA_END_TO_SUFFERING,1521180602,KIND_MODIFIER
MODIFIER_PLAYER_DIPLOMACY_AGENDA_ENVIRONMENT,-104188173,KIND_MODIFIER
MODIFIER_PLAYER_DIPLOMACY_AGENDA_EXPLOITATIVE,524189390,KIND_MODIFIER
MODIFIER_PLAYER_DIPLOMACY_AGENDA_LAST_VIKING_KING,2055854816,KIND_MODIFIER
MODIFIER_PLAYER_DIPLOMACY_AGENDA_MAGNIFICENCES,-43383615,KIND_MODIFIER
MODIFIER_PLAYER_DIPLOMACY_AGENDA_OPPORTUNIST,227918204,KIND_MODIFIER
MODIFIER_PLAYER_DIPLOMACY_AGENDA_OPTIMUS_PRINCEPS,644507710,KIND_MODIFIER
MODIFIER_PLAYER_DIPLOMACY_AGENDA_PARANOID,2051257176,KIND_MODIFIER
MODIFIER_PLAYER_DIPLOMACY_AGENDA_PERPETUALLY_ON_GUARD,-2109701568,KIND_MODIFIER
MODIFIER_PLAYER_DIPLOMACY_AGENDA_QUEEN_OF_NILE,1243375864,KIND_MODIFIER
MODIFIER_PLAYER_DIPLOMACY_AGENDA_SHORT_LIFE_GLORY,-1417371352,KIND_MODIFIER
MODIFIER_PLAYER_DIPLOMACY_AGENDA_WITH_SHIELD_OR_ON_IT,-2064104824,KIND_MODIFIER
MODIFIER_PLAYER_DIPLOMACY_ARCHAEOLOGY,-1835652883,KIND_MODIFIER
MODIFIER_PLAYER_DIPLOMACY_BROKEN_PROMISE,-355353764,KIND_MODIFIER
MODIFIER_PLAYER_DIPLOMACY_ESPIONAGE,-805714192,KIND_MODIFIER
MODIFIER_PLAYER_DIPLOMACY_GOVERNMENTS,1860195032,KIND_MODIFIER
MODIFIER_PLAYER_DIPLOMACY_INCURSION,-2025157660,KIND_MODIFIER
MODIFIER_PLAYER_DIPLOMACY_KEPT_PROMISE,-850396741,KIND_MODIFIER
MODIFIER_PLAYER_DIPLOMACY_NEW_WARMONGER,-1344922991,KIND_MODIFIER
MODIFIER_PLAYER_DIPLOMACY_NO_PROMISE,-61988746,KIND_MODIFIER
MODIFIER_PLAYER_DIPLOMACY_ONE_SIDED_TRADES,2108936089,KIND_MODIFIER
MODIFIER_PLAYER_DIPLOMACY_PEACEFUL,703498582,KIND_MODIFIER
MODIFIER_PLAYER_DIPLOMACY_RANDOM,279770532,KIND_MODIFIER
MODIFIER_PLAYER_DIPLOMACY_SETTLED_CITIES,-1278055499,KIND_MODIFIER
MODIFIER_PLAYER_DIPLOMACY_SIMPLE_MODIFIER,-1709686954,KIND_MODIFIER
MODIFIER_PLAYER_DIPLOMACY_THIRD_PARTY_EFFECTS,-265431209,KIND_MODIFIER
MODIFIER_PLAYER_DIPLOMACY_TRADE_RELATIONS,-451619241,KIND_MODIFIER
MODIFIER_PLAYER_DIPLOMACY_WARMONGER,-902344039,KIND_MODIFIER
MODIFIER_PLAYER_GRANT_ALL_TECHNOLOGY_BOOST_BY_ERA,901708679,KIND_MODIFIER
MODIFIER_PLAYER_GRANT_RANDOM_TECHNOLOGY,1411492340,KIND_MODIFIER
MODIFIER_PLAYER_GRANT_RANDOM_TECHNOLOGY_BOOST_BY_ERA,1155707013,KIND_MODIFIER
MODIFIER_PLAYER_GRANT_RANDOM_TECHNOLOGY_BOOST_ON_NEW_ERA,-1604185598,KIND_MODIFIER
MODIFIER_PLAYER_GRANT_RANDOM_TECHNOLOGY_BOOST_GOODY_HUT,61552498,KIND_MODIFIER
MODIFIER_PLAYER_GRANT_RANDOM_CIVIC,993411362,KIND_MODIFIER
MODIFIER_PLAYER_GRANT_RANDOM_CIVIC_BOOST_BY_ERA,-1537243491,KIND_MODIFIER
MODIFIER_PLAYER_GRANT_RANDOM_CIVIC_BOOST_ON_NEW_ERA,-464992547,KIND_MODIFIER
MODIFIER_PLAYER_GRANT_RANDOM_CIVIC_BOOST_GOODY_HUT,760388382,KIND_MODIFIER
MODIFIER_PLAYER_GRANT_SPECIFIC_TECH_BOOST,-75403916,KIND_MODIFIER
MODIFIER_PLAYER_GRANT_INFLUENCE_TOKEN,998619636,KIND_MODIFIER
MODIFIER_PLAYER_GRANT_INFLUENCE_TOKEN_FROM_CITY_WONDER,1645380522,KIND_MODIFIER
MODIFIER_PLAYER_GRANT_COMBAT_ADJACENCY,-524998420,KIND_MODIFIER
MODIFIER_PLAYER_GRANT_FAITH_FROM_HARVEST,2037309483,KIND_MODIFIER
MODIFIER_PLAYER_GRANT_FAITH_FROM_REMOVE_FEATURE,-954786504,KIND_MODIFIER
MODIFIER_PLAYER_GRANT_RELIC,59259608,KIND_MODIFIER
MODIFIER_PLAYER_GRANT_SPY,-318147994,KIND_MODIFIER
MODIFIER_PLAYER_GRANT_YIELD,-766710248,KIND_MODIFIER
MODIFIER_PLAYER_GRANT_YIELD_PERCENT_UNIT_COST,968862564,KIND_MODIFIER
GRANT_STRENGTH_PER_ADJACENT_UNIT_TYPE,-500423290,KIND_MODIFIER
MODIFIER_PLAYER_MULTIPLY_TREASURY,1477298114,KIND_MODIFIER
MODIFIER_PLAYER_ADJUST_ALWAYS_FULL_RELIGIOUS_TOURISM,1499100074,KIND_MODIFIER
MODIFIER_PLAYER_ADJUST_RELIGIOUS_TOURISM_REDUCTION,-778430331,KIND_MODIFIER
MODIFIER_PLAYER_ADJUST_CITY_TILES,-1359189518,KIND_MODIFIER
MODIFIER_PLAYER_ADJUST_INFLUENCE_POINTS_PER_TURN,-845260680,KIND_MODIFIER
MODIFIER_PLAYER_ADJUST_TRADE_ROUTE_CAPACITY,-1842714365,KIND_MODIFIER
MODIFIER_PLAYER_ADJUST_TRADE_ROUTE_WATER_RANGE,1728741239,KIND_MODIFIER
MODIFIER_PLAYER_DISTRICTS_ADJUST_TRADE_ROUTE_CAPACITY,-450765180,KIND_MODIFIER
MODIFIER_PLAYER_ADJUST_TRADE_ROUTE_YIELD,-1928364894,KIND_MODIFIER
MODIFIER_PLAYER_ADJUST_TRADE_ROUTE_YIELD_FOR_DOMESTIC,909599054,KIND_MODIFIER
MODIFIER_PLAYER_ADJUST_TRADE_ROUTE_YIELD_PER_SPECIALTY_DISTRICT_FOR_DOMESTIC,-534907743,KIND_MODIFIER
MODIFIER_PLAYER_ADJUST_TRADE_ROUTE_YIELD_FOR_INTERNATIONAL,1761027827,KIND_MODIFIER
MODIFIER_PLAYER_ADJUST_GOLD_DISPERSAL,740964278,KIND_MODIFIER
MODIFIER_PLAYER_ADJUST_GREAT_PERSON_PATRONAGE_DISCOUNT_PERCENT,-1045443433,KIND_MODIFIER
MODIFIER_PLAYER_ADJUST_GREAT_PERSON_POINTS,-22538649,KIND_MODIFIER
MODIFIER_PLAYER_ADJUST_GREAT_PERSON_GUARANTEE,22204937,KIND_MODIFIER
MODIFIER_PLAYER_ADJUST_GREAT_PERSON_POINTS_PERCENT,-1812840994,KIND_MODIFIER
MODIFIER_PLAYER_ADJUST_GREAT_PERSON_POINTS_REFUND_PERCENT,-2062421544,KIND_MODIFIER
MODIFIER_PLAYER_ADJUST_DUPLICATE_FIRST_INFLUENCE_TOKEN,1350573148,KIND_MODIFIER
MODIFIER_PLAYER_ADJUST_DUPLICATE_INFLUENCE_TOKEN_WHEN_RIVAL_GOVERNMENT,663336011,KIND_MODIFIER
MODIFIER_PLAYER_ADJUST_TOURISM,1115807485,KIND_MODIFIER
MODIFIER_PLAYER_ADJUST_EMBARKED_MOVEMENT,704257720,KIND_MODIFIER
MODIFIER_PLAYER_ADJUST_PROPERTY,1529027537,KIND_MODIFIER
MODIFIER_PLAYER_ADJUST_TRADE_ROUTE_DESTINATION_YIELD_FOR_ALLY_ROUTE,1363056426,KIND_MODIFIER
MODIFIER_PLAYER_ADJUST_TRADE_ROUTE_ORIGIN_YIELD_FOR_ALLY_ROUTE,-1553287044,KIND_MODIFIER
MODIFIER_PLAYER_ADJUST_TRADE_ROUTE_DESTINATION_YIELD_FOR_SUZERAIN_ROUTE,-1818306742,KIND_MODIFIER
MODIFIER_PLAYER_ADJUST_TRADE_ROUTE_ORIGIN_YIELD_FOR_SUZERAIN_ROUTE,-1014133367,KIND_MODIFIER
MODIFIER_PLAYER_ADJUST_TRADE_ROUTE_TOURISM_MODIFIER,-521004212,KIND_MODIFIER
MODIFIER_PLAYER_ADJUST_TRADE_ROUTE_YIELD_PER_POST_IN_FOREIGN_CITY,1375082939,KIND_MODIFIER
MODIFIER_PLAYER_ADJUST_TRADE_ROUTE_YIELD_PER_POST_IN_OWN_CITY,-1568485856,KIND_MODIFIER
MODIFIER_PLAYER_DISTRICT_CREATE_YIELD,796909990,KIND_MODIFIER
MODIFIER_PLAYER_DISTRICT_CREATE_UNIT,-522363105,KIND_MODIFIER
MODIFIER_PLAYER_DISTRICT_GRANT_AIR_SLOTS,-38980346,KIND_MODIFIER
MODIFIER_PLAYER_GRANT_CITIES_FRESHWATER_HOUSING_BONUS,2144482998,KIND_MODIFIER
MODIFIER_PLAYER_GRANT_CITIES_URBAN_DEFENSES,1953710195,KIND_MODIFIER
MODIFIER_PLAYER_ADOPT_ALLY_FOUNDED_RELIGIONS,-1673146353,KIND_MODIFIER
MODIFIER_PLAYER_TREAT_CAPITAL_AS_HOLY_CITY,1894254876,KIND_MODIFIER
MODIFIER_PLAYER_GRANT_FREE_RESOURCE_FROM_UNIT_PLOT,862333351,KIND_MODIFIER
MODIFIER_PLAYER_GRANT_FREE_RESOURCE_VISIBILITY,1581884585,KIND_MODIFIER
MODIFIER_GAME_TRIGGER_MECHANIC,1561095471,KIND_MODIFIER
MODIFIER_PLAYER_EXPLORE_ENTIRE_MAP,-1538689446,KIND_MODIFIER
MODIFIER_PLAYER_GRANT_YIELD_BASED_ON_CURRENT_YIELD_RATE,1733266593,KIND_MODIFIER
MODIFIER_PLAYER_TRAINED_UNITS_ADJUST_BUILDER_CHARGES,-990223453,KIND_MODIFIER
MODIFIER_PLAYER_TRAINED_UNITS_GRANT_ABILITY,452034477,KIND_MODIFIER
MODIFIER_UNIT_ADJUST_BUILDER_CHARGES,-2104717194,KIND_MODIFIER
MODIFIER_PLAYER_GRANT_RANDOM_RESOURCE_PRODUCT,-589166319,KIND_MODIFIER
NOTIFICATION_BARBARIANS_SIGHTED,709034059,KIND_NOTIFICATION
NOTIFICATION_NEW_BARBARIAN_CAMP,-388235146,KIND_NOTIFICATION
NOTIFICATION_CAPITAL_LOST,-164725077,KIND_NOTIFICATION
NOTIFICATION_CAPITAL_CAPTURED,-83647101,KIND_NOTIFICATION
NOTIFICATION_CAPITAL_RECLAIMED,-2033611778,KIND_NOTIFICATION
NOTIFICATION_CHOOSE_ARTIFACT_PLAYER,1746522008,KIND_NOTIFICATION
NOTIFICATION_CHOOSE_TECH,1496184008,KIND_NOTIFICATION
NOTIFICATION_CHOOSE_CITY_PRODUCTION,1090224621,KIND_NOTIFICATION
NOTIFICATION_CHOOSE_PANTHEON,-1806242486,KIND_NOTIFICATION
NOTIFICATION_CHOOSE_RELIGION,-1493314258,KIND_NOTIFICATION
NOTIFICATION_CHOOSE_BELIEF,661452396,KIND_NOTIFICATION
NOTIFICATION_CLAIM_GREAT_PERSON,-342032810,KIND_NOTIFICATION
NOTIFICATION_COMMAND_UNITS,-28491459,KIND_NOTIFICATION
NOTIFICATION_CITY_RANGE_ATTACK,-1181197223,KIND_NOTIFICATION
NOTIFICATION_CONSIDER_GOVERNMENT_CHANGE,-1228951151,KIND_NOTIFICATION
NOTIFICATION_FILL_CIVIC_SLOT,1664197302,KIND_NOTIFICATION
NOTIFICATION_CHOOSE_CIVIC,-506211412,KIND_NOTIFICATION
NOTIFICATION_CONSIDER_RAZE_CITY,-624946373,KIND_NOTIFICATION
NOTIFICATION_DECLARE_WAR,778487052,KIND_NOTIFICATION
NOTIFICATION_DISCOVER_CONTINENT,875232742,KIND_NOTIFICATION
NOTIFICATION_DISCOVER_GOODY_HUT,-439592332,KIND_NOTIFICATION
NOTIFICATION_DISCOVER_NATURAL_WONDER,-1312788655,KIND_NOTIFICATION
NOTIFICATION_DISCOVER_RESOURCE,910561069,KIND_NOTIFICATION
NOTIFICATION_GIVE_INFLUENCE_TOKEN,1469786321,KIND_NOTIFICATION
NOTIFICATION_MAKE_PEACE,1227555890,KIND_NOTIFICATION
NOTIFICATION_PLAYER_CONNECTING,-1417116259,KIND_NOTIFICATION
NOTIFICATION_PLAYER_CONNECTED,366502522,KIND_NOTIFICATION
NOTIFICATION_PLAYER_DISCONNECT,-494783345,KIND_NOTIFICATION
NOTIFICATION_PLAYER_DESYNCED,850242334,KIND_NOTIFICATION
NOTIFICATION_PLAYER_RESYNC_COMPLETE,-2055687696,KIND_NOTIFICATION
NOTIFICATION_PLAYER_MOD_STATUS,582098145,KIND_NOTIFICATION
NOTIFICATION_HOST_MIGRATION,-1238786763,KIND_NOTIFICATION
NOTIFICATION_HOST_CHANGED,1223931276,KIND_NOTIFICATION
NOTIFICATION_PLAYBYCLOUD_YOURTURN,-739677283,KIND_NOTIFICATION
NOTIFICATION_PLAYBYCLOUD_UNSEENCOMPLETE,-259414535,KIND_NOTIFICATION
NOTIFICATION_PLAYER_KICKED,-1412184134,KIND_NOTIFICATION
NOTIFICATION_PLAYER_MET,-1991002055,KIND_NOTIFICATION
NOTIFICATION_PLAYER_DEFEATED,-2052266218,KIND_NOTIFICATION
NOTIFICATION_SEQUENTIAL_TURNS,2039425023,KIND_NOTIFICATION
NOTIFICATION_SIMULTANEOUS_TURNS,791000081,KIND_NOTIFICATION
NOTIFICATION_TECH_BOOST,574602822,KIND_NOTIFICATION
NOTIFICATION_CIVIC_BOOST,-112421107,KIND_NOTIFICATION
NOTIFICATION_TECH_DISCOVERED,1901749633,KIND_NOTIFICATION
NOTIFICATION_CIVIC_DISCOVERED,-1221056848,KIND_NOTIFICATION
NOTIFICATION_USER_DEFINED_1,-1636606976,KIND_NOTIFICATION
NOTIFICATION_USER_DEFINED_2,125439418,KIND_NOTIFICATION
NOTIFICATION_USER_DEFINED_3,1887255852,KIND_NOTIFICATION
NOTIFICATION_USER_DEFINED_4,-300308337,KIND_NOTIFICATION
NOTIFICATION_USER_DEFINED_5,-1726048231,KIND_NOTIFICATION
NOTIFICATION_USER_DEFINED_6,1558947,KIND_NOTIFICATION
NOTIFICATION_USER_DEFINED_7,1997601077,KIND_NOTIFICATION
NOTIFICATION_USER_DEFINED_8,-407903068,KIND_NOTIFICATION
NOTIFICATION_USER_DEFINED_9,-1867983822,KIND_NOTIFICATION
NOTIFICATION_SPY_CHOOSE_ESCAPE_ROUTE,601136565,KIND_NOTIFICATION
NOTIFICATION_SPY_CHOOSE_DRAGNET_PRIORITY,1696695202,KIND_NOTIFICATION
NOTIFICATION_SPY_HEIST_GREAT_WORK,465376541,KIND_NOTIFICATION
NOTIFICATION_SPY_ENEMY_HEIST_GREAT_WORK,-1922291686,KIND_NOTIFICATION
NOTIFICATION_SPY_RECRUIT_PARTISANS,-82618038,KIND_NOTIFICATION
NOTIFICATION_SPY_ENEMY_RECRUIT_PARTISANS,1709252052,KIND_NOTIFICATION
NOTIFICATION_SPY_SABOTAGED_PRODUCTION,-2051301392,KIND_NOTIFICATION
NOTIFICATION_SPY_ENEMY_SABOTAGED_PRODUCTION,-1248848987,KIND_NOTIFICATION
NOTIFICATION_SPY_SIPHONED_FUNDS,-1682513203,KIND_NOTIFICATION
NOTIFICATION_SPY_ENEMY_SIPHONED_FUNDS,51671653,KIND_NOTIFICATION
NOTIFICATION_SPY_STOLE_TECH_BOOST,35021920,KIND_NOTIFICATION
NOTIFICATION_SPY_ENEMY_STOLE_TECH_BOOST,-1798874777,KIND_NOTIFICATION
NOTIFICATION_SPY_DISRUPTED_ROCKETRY,-248259720,KIND_NOTIFICATION
NOTIFICATION_SPY_ENEMY_DISRUPTED_ROCKETRY,-434464897,KIND_NOTIFICATION
NOTIFICATION_SPY_MISSION_FAILED,-75846220,KIND_NOTIFICATION
NOTIFICATION_SPY_CAPTURED,-67379669,KIND_NOTIFICATION
NOTIFICATION_SPY_ENEMY_CAPTURED,-58213127,KIND_NOTIFICATION
NOTIFICATION_SPY_KILLED,-1744967622,KIND_NOTIFICATION
NOTIFICATION_SPY_ENEMY_KILLED,809349345,KIND_NOTIFICATION
NOTIFICATION_SPY_MISSION_ABORTED,-989009509,KIND_NOTIFICATION
NOTIFICATION_SPY_COUNTERSPY_PROMOTED,-578268954,KIND_NOTIFICATION
NOTIFICATION_SPY_CITY_SOURCES_GAINED,-1338948719,KIND_NOTIFICATION
NOTIFICATION_SPY_LISTENING_POST,-1282291114,KIND_NOTIFICATION
NOTIFICATION_SPY_FLED_CITY,-1197487668,KIND_NOTIFICATION
NOTIFICATION_SPY_ESCAPED_CAPTURE,402986100,KIND_NOTIFICATION
NOTIFICATION_UNIT_DISBANDED,1299850299,KIND_NOTIFICATION
NOTIFICATION_UNIT_ATTACKED,517460369,KIND_NOTIFICATION
NOTIFICATION_UNIT_CAPTURED,1006677981,KIND_NOTIFICATION
NOTIFICATION_UNIT_LOST,1058133396,KIND_NOTIFICATION
NOTIFICATION_UNIT_PROMOTION_AVAILABLE,732356881,KIND_NOTIFICATION
NOTIFICATION_DIPLOMACY_SESSION,-429794713,KIND_NOTIFICATION
NOTIFICATION_CITYSTATE_QUEST_GIVEN,-135163897,KIND_NOTIFICATION
NOTIFICATION_CITYSTATE_QUEST_COMPLETED,-1560578217,KIND_NOTIFICATION
NOTIFICATION_CITYSTATE_MET_FIRST,1696441930,KIND_NOTIFICATION
NOTIFICATION_CITYSTATE_USURPED,377138660,KIND_NOTIFICATION
NOTIFICATION_TRADE_ROUTE_PLUNDERED,1789835551,KIND_NOTIFICATION
NOTIFICATION_TRADING_POST_CREATED,-1297728619,KIND_NOTIFICATION
NOTIFICATION_TRADE_ROUTE_CAPACITY_INCREASED,-857438254,KIND_NOTIFICATION
NOTIFICATION_REBELLION,-196144120,KIND_NOTIFICATION
NOTIFICATION_CITY_LOW_AMENITIES,-5436138,KIND_NOTIFICATION
NOTIFICATION_HOUSING_PREVENTING_GROWTH,-1627667945,KIND_NOTIFICATION
NOTIFICATION_CITY_STARVING,-1169493765,KIND_NOTIFICATION
NOTIFICATION_CITY_FOOD_FOCUS,-1691878119,KIND_NOTIFICATION
NOTIFICATION_TREASURY_BANKRUPT,1843922668,KIND_NOTIFICATION
NOTIFICATION_RELIC_CREATED,-1373139718,KIND_NOTIFICATION
NOTIFICATION_DIPLOMATIC_PROMISE_TO_KEPT,-1976696394,KIND_NOTIFICATION
NOTIFICATION_DIPLOMATIC_PROMISE_FROM_KEPT,2005326875,KIND_NOTIFICATION
NOTIFICATION_DIPLOMATIC_PROMISE_TO_BROKEN,859692431,KIND_NOTIFICATION
NOTIFICATION_DIPLOMATIC_PROMISE_FROM_BROKEN,-789164822,KIND_NOTIFICATION
NOTIFICATION_DIPLO_FRIENDSHIP_EXPIRED,-2138041766,KIND_NOTIFICATION
NOTIFICATION_BORDERS_NOW_ENFORCED,-2069026576,KIND_NOTIFICATION
NOTIFICATION_TILE_PILLAGED,217849372,KIND_NOTIFICATION
NOTIFICATION_WONDER_COMPLETED,2091697919,KIND_NOTIFICATION
NOTIFICATION_WONDER_FAILED,109724530,KIND_NOTIFICATION
NOTIFICATION_ROADS_UPGRADED,1549830951,KIND_NOTIFICATION
NOTIFICATION_MY_DOMINANT_CULTURE,-132909568,KIND_NOTIFICATION
NOTIFICATION_OTHER_DOMINANT_CULTURE,347457293,KIND_NOTIFICATION
NOTIFICATION_MY_CULTURE_VICTORY_SOON,-439873334,KIND_NOTIFICATION
NOTIFICATION_OTHER_CULTURE_VICTORY_SOON,1676341900,KIND_NOTIFICATION
NOTIFICATION_CAN_PURCHASE_WITH_FAITH,201553861,KIND_NOTIFICATION
NOTIFICATION_CITY_BESIEGED_BY_OTHER_PLAYER,399125807,KIND_NOTIFICATION
NOTIFICATION_CASUS_BELLI_GAINED,-1558306293,KIND_NOTIFICATION
NOTIFICATION_TILE_LOST_CULTURE_BOMB,1744596220,KIND_NOTIFICATION
NOTIFICATION_DECLARE_WAR_CITY_STATE,-1276120231,KIND_NOTIFICATION
NOTIFICATION_MAKE_PEACE_CITY_STATE,-1417823442,KIND_NOTIFICATION
NOTIFICATION_AIRCRAFT_FORCED_REBASE,-103088272,KIND_NOTIFICATION
NOTIFICATION_AIRCRAFT_BASE_OVERRUN,679152013,KIND_NOTIFICATION
POLICY_AESTHETICS,2128966500,KIND_POLICY
POLICY_AGOGE,1187625170,KIND_POLICY
POLICY_BASTIONS,1395307863,KIND_POLICY
POLICY_CARAVANSARIES,-1156642760,KIND_POLICY
POLICY_CHARISMATIC_LEADER,1158191987,KIND_POLICY
POLICY_CHIVALRY,331718770,KIND_POLICY
POLICY_COLLECTIVE_ACTIVISM,1744719139,KIND_POLICY
POLICY_COLLECTIVIZATION,949811894,KIND_POLICY
POLICY_COLONIAL_OFFICES,299752247,KIND_POLICY
POLICY_COLONIAL_TAXES,725289043,KIND_POLICY
POLICY_COLONIZATION,259395469,KIND_POLICY
POLICY_CONSCRIPTION,1734966583,KIND_POLICY
POLICY_CONTAINMENT,-1997548413,KIND_POLICY
POLICY_CORVEE,-1409129584,KIND_POLICY
POLICY_CRAFTSMEN,-1555481069,KIND_POLICY
POLICY_CRYPTOGRAPHY,1995147729,KIND_POLICY
POLICY_DEFENSE_OF_MOTHERLAND,-1353779119,KIND_POLICY
POLICY_DIPLOMATIC_LEAGUE,-1148622241,KIND_POLICY
POLICY_DISCIPLINE,1795855951,KIND_POLICY
POLICY_ECOMMERCE,-1798661567,KIND_POLICY
POLICY_ECONOMIC_UNION,-1981885774,KIND_POLICY
POLICY_EXPROPRIATION,275598069,KIND_POLICY
POLICY_FEUDAL_CONTRACT,-1159100062,KIND_POLICY
POLICY_FINEST_HOUR,740425960,KIND_POLICY
POLICY_FIVE_YEAR_PLAN,-1251831005,KIND_POLICY
POLICY_FREE_MARKET,-694395731,KIND_POLICY
POLICY_FRESCOES,1789934023,KIND_POLICY
POLICY_GOD_KING,-1767333096,KIND_POLICY
POLICY_GOTHIC_ARCHITECTURE,568577511,KIND_POLICY
POLICY_GRANDE_ARMEE,-1033567296,KIND_POLICY
POLICY_GRAND_OPERA,1269472782,KIND_POLICY
POLICY_GUNBOAT_DIPLOMACY,1935829389,KIND_POLICY
POLICY_HERITAGE_TOURISM,-719671237,KIND_POLICY
POLICY_ILKUM,-794942417,KIND_POLICY
POLICY_INSPIRATION,1151028801,KIND_POLICY
POLICY_INSULAE,-581840890,KIND_POLICY
POLICY_INTEGRATED_SPACE_CELL,1773183551,KIND_POLICY
POLICY_INTERNATIONAL_SPACE_AGENCY,-787136060,KIND_POLICY
POLICY_INTERNATIONAL_WATERS,1842153842,KIND_POLICY
POLICY_INVENTION,1946138571,KIND_POLICY
POLICY_LAISSEZ_FAIRE,430369250,KIND_POLICY
POLICY_LAND_SURVEYORS,-2062945700,KIND_POLICY
POLICY_LEVEE_EN_MASSE,-25804079,KIND_POLICY
POLICY_LIBERALISM,1849326192,KIND_POLICY
POLICY_LIGHTNING_WARFARE,1563769459,KIND_POLICY
POLICY_LIMES,-1679816467,KIND_POLICY
POLICY_LITERARY_TRADITION,1785307958,KIND_POLICY
POLICY_LOGISTICS,342545917,KIND_POLICY
POLICY_MACHIAVELLIANISM,-1505962996,KIND_POLICY
POLICY_MANEUVER,-183922423,KIND_POLICY
POLICY_MARITIME_INDUSTRIES,-1525622385,KIND_POLICY
POLICY_MARKET_ECONOMY,475170526,KIND_POLICY
POLICY_MARTIAL_LAW,-1064826665,KIND_POLICY
POLICY_MEDINA_QUARTER,-712183472,KIND_POLICY
POLICY_MERCHANT_CONFEDERATION,-561007943,KIND_POLICY
POLICY_MILITARY_FIRST,-1266075782,KIND_POLICY
POLICY_MILITARY_ORGANIZATION,92388573,KIND_POLICY
POLICY_MILITARY_RESEARCH,-318498121,KIND_POLICY
POLICY_NATIONAL_IDENTITY,-1395565860,KIND_POLICY
POLICY_NATIVE_CONQUEST,1288824147,KIND_POLICY
POLICY_NATURAL_PHILOSOPHY,591425041,KIND_POLICY
POLICY_NAVAL_INFRASTRUCTURE,1246736360,KIND_POLICY
POLICY_NAVIGATION,1468972367,KIND_POLICY
POLICY_NEW_DEAL,-370754755,KIND_POLICY
POLICY_NOBEL_PRIZE,1000913802,KIND_POLICY
POLICY_NUCLEAR_ESPIONAGE,1069479951,KIND_POLICY
POLICY_ONLINE_COMMUNITIES,117512689,KIND_POLICY
POLICY_PRESS_GANGS,-994010250,KIND_POLICY
POLICY_PROFESSIONAL_ARMY,588564855,KIND_POLICY
POLICY_PROPAGANDA,583852658,KIND_POLICY
POLICY_PUBLIC_TRANSPORT,63139362,KIND_POLICY
POLICY_PUBLIC_WORKS,-1640746836,KIND_POLICY
POLICY_RAID,695523605,KIND_POLICY
POLICY_RAJ,874110087,KIND_POLICY
POLICY_RATIONALISM,-1027238457,KIND_POLICY
POLICY_RELIGIOUS_ORDERS,1812062473,KIND_POLICY
POLICY_RESOURCE_MANAGEMENT,770774775,KIND_POLICY
POLICY_RETAINERS,351974980,KIND_POLICY
POLICY_REVELATION,-1701374062,KIND_POLICY
POLICY_SATELLITE_BROADCASTS,-1884489591,KIND_POLICY
POLICY_SCRIPTURE,-255112962,KIND_POLICY
POLICY_SERFDOM,-1782593920,KIND_POLICY
POLICY_SIMULTANEUM,1560770484,KIND_POLICY
POLICY_SKYSCRAPERS,1260955023,KIND_POLICY
POLICY_SPORTS_MEDIA,363349814,KIND_POLICY
POLICY_STRATEGIC_AIR_FORCE,-51479911,KIND_POLICY
POLICY_STRATEGOS,1675217608,KIND_POLICY
POLICY_SURVEY,-1853509017,KIND_POLICY
POLICY_SYMPHONIES,-1451582462,KIND_POLICY
POLICY_THIRD_ALTERNATIVE,-1441686163,KIND_POLICY
POLICY_TOTAL_WAR,-550540650,KIND_POLICY
POLICY_TOWN_CHARTERS,-689150821,KIND_POLICY
POLICY_TRADE_CONFEDERATION,917240675,KIND_POLICY
POLICY_TRAVELING_MERCHANTS,-186981851,KIND_POLICY
POLICY_TRIANGULAR_TRADE,-2004135536,KIND_POLICY
POLICY_URBAN_PLANNING,1036612372,KIND_POLICY
POLICY_VETERANCY,579679860,KIND_POLICY
POLICY_WARS_OF_RELIGION,766132501,KIND_POLICY
SLOT_ECONOMIC,1359876717,KIND_SLOT
SLOT_MILITARY,-931536078,KIND_SLOT
SLOT_DIPLOMATIC,2041683934,KIND_SLOT
SLOT_GREAT_PERSON,-1934909356,KIND_SLOT
SLOT_WILDCARD,1935280543,KIND_SLOT
PROJECT_REPAIR_OUTER_DEFENSES,-1816137286,KIND_PROJECT
PROJECT_LAUNCH_EARTH_SATELLITE,-375694157,KIND_PROJECT
PROJECT_LAUNCH_MOON_LANDING,-473089769,KIND_PROJECT
PROJECT_MANHATTAN_PROJECT,113407765,KIND_PROJECT
PROJECT_OPERATION_IVY,493167013,KIND_PROJECT
PROJECT_BUILD_NUCLEAR_DEVICE,476702390,KIND_PROJECT
PROJECT_BUILD_THERMONUCLEAR_DEVICE,1491107056,KIND_PROJECT
PROJECT_CARNIVAL,1817004065,KIND_PROJECT
PROJECT_ENHANCE_DISTRICT_ENCAMPMENT,830531275,KIND_PROJECT
PROJECT_ENHANCE_DISTRICT_HARBOR,-1938097113,KIND_PROJECT
PROJECT_ENHANCE_DISTRICT_INDUSTRIAL_ZONE,-1205325871,KIND_PROJECT
PROJECT_ENHANCE_DISTRICT_COMMERCIAL_HUB,1547024909,KIND_PROJECT
PROJECT_ENHANCE_DISTRICT_HOLY_SITE,30870116,KIND_PROJECT
PROJECT_ENHANCE_DISTRICT_CAMPUS,911210110,KIND_PROJECT
PROJECT_ENHANCE_DISTRICT_THEATER,1914139718,KIND_PROJECT
QUEST_CONVERT_CAPITAL_TO_RELIGION,220565924,KIND_QUEST
QUEST_SEND_TRADE_ROUTE,-1981186760,KIND_QUEST
QUEST_CLEAR_BARBARIAN_CAMP,205630053,KIND_QUEST
QUEST_TRAIN_UNIT_TYPE,-1300959617,KIND_QUEST
QUEST_ZONE_DISTRICT_TYPE,1795878861,KIND_QUEST
QUEST_TRIGGER_TECH_BOOST,-1432021454,KIND_QUEST
QUEST_TRIGGER_CIVIC_BOOST,-1364412288,KIND_QUEST
QUEST_RECRUIT_GREAT_PERSON_CLASS,69685647,KIND_QUEST
RELIGION_PANTHEON,403591807,KIND_RELIGION
RELIGION_BUDDHISM,35560851,KIND_RELIGION
RELIGION_CATHOLICISM,1816441899,KIND_RELIGION
RELIGION_CONFUCIANISM,928075462,KIND_RELIGION
RELIGION_HINDUISM,810081221,KIND_RELIGION
RELIGION_ISLAM,-750971184,KIND_RELIGION
RELIGION_JUDAISM,1021282900,KIND_RELIGION
RELIGION_ORTHODOXY,-219791611,KIND_RELIGION
RELIGION_PROTESTANTISM,-1308378214,KIND_RELIGION
RELIGION_SHINTO,1922837178,KIND_RELIGION
RELIGION_SIKHISM,1171606002,KIND_RELIGION
RELIGION_TAOISM,-471677247,KIND_RELIGION
RELIGION_ZOROASTRIANISM,-1803102003,KIND_RELIGION
RELIGION_CUSTOM_1,-547366190,KIND_RELIGION
RELIGION_CUSTOM_2,1180076904,KIND_RELIGION
RELIGION_CUSTOM_3,827440126,KIND_RELIGION
RELIGION_CUSTOM_4,-1355469219,KIND_RELIGION
RELIGION_CUSTOM_5,-667803957,KIND_RELIGION
RELIGION_CUSTOM_6,1094406001,KIND_RELIGION
RELIGION_CUSTOM_7,909934567,KIND_RELIGION
RELIGION_CUSTOM_8,-1501339018,KIND_RELIGION
RELIGION_CUSTOM_9,-779857184,KIND_RELIGION
RELIGION_CUSTOM_10,1323031694,KIND_RELIGION
RELIGION_CUSTOM_11,970779672,KIND_RELIGION
RELIGION_CUSTOM_12,-1596605022,KIND_RELIGION
RESOURCE_BANANAS,1059970770,KIND_RESOURCE
RESOURCE_CATTLE,1133948075,KIND_RESOURCE
RESOURCE_COPPER,651957199,KIND_RESOURCE
RESOURCE_CRABS,915726565,KIND_RESOURCE
RESOURCE_DEER,1791970261,KIND_RESOURCE
RESOURCE_FISH,673592983,KIND_RESOURCE
RESOURCE_RICE,-1020356429,KIND_RESOURCE
RESOURCE_SHEEP,-1198411971,KIND_RESOURCE
RESOURCE_STONE,568393708,KIND_RESOURCE
RESOURCE_WHEAT,772802784,KIND_RESOURCE
RESOURCE_CITRUS,415205265,KIND_RESOURCE
RESOURCE_COCOA,-780880692,KIND_RESOURCE
RESOURCE_COFFEE,-925482615,KIND_RESOURCE
RESOURCE_COTTON,1079613569,KIND_RESOURCE
RESOURCE_DIAMONDS,-305847662,KIND_RESOURCE
RESOURCE_DYES,150217047,KIND_RESOURCE
RESOURCE_FURS,-1369140178,KIND_RESOURCE
RESOURCE_GYPSUM,-1755213306,KIND_RESOURCE
RESOURCE_INCENSE,934194841,KIND_RESOURCE
RESOURCE_IVORY,1406122326,KIND_RESOURCE
RESOURCE_JADE,399581372,KIND_RESOURCE
RESOURCE_MARBLE,1146899909,KIND_RESOURCE
RESOURCE_MERCURY,-861619656,KIND_RESOURCE
RESOURCE_PEARLS,-1530260464,KIND_RESOURCE
RESOURCE_SALT,-1733717421,KIND_RESOURCE
RESOURCE_SILK,464703006,KIND_RESOURCE
RESOURCE_SILVER,-1274515359,KIND_RESOURCE
RESOURCE_SPICES,-2083773267,KIND_RESOURCE
RESOURCE_SUGAR,-1828433863,KIND_RESOURCE
RESOURCE_TEA,1679835178,KIND_RESOURCE
RESOURCE_TOBACCO,-365537591,KIND_RESOURCE
RESOURCE_TRUFFLES,2091319476,KIND_RESOURCE
RESOURCE_WHALES,-2044340950,KIND_RESOURCE
RESOURCE_WINE,1096685260,KIND_RESOURCE
RESOURCE_JEANS,1526702782,KIND_RESOURCE
RESOURCE_PERFUME,606660053,KIND_RESOURCE
RESOURCE_COSMETICS,-1982861067,KIND_RESOURCE
RESOURCE_TOYS,-1506675625,KIND_RESOURCE
RESOURCE_CINNAMON,865968118,KIND_RESOURCE
RESOURCE_CLOVES,445407986,KIND_RESOURCE
RESOURCE_ALUMINUM,-471399821,KIND_RESOURCE
RESOURCE_COAL,1693191901,KIND_RESOURCE
RESOURCE_HORSES,-1823234744,KIND_RESOURCE
RESOURCE_IRON,1864536632,KIND_RESOURCE
RESOURCE_NITER,1807168256,KIND_RESOURCE
RESOURCE_OIL,-1504231670,KIND_RESOURCE
RESOURCE_URANIUM,332101523,KIND_RESOURCE
RESOURCE_ANTIQUITY_SITE,1890872177,KIND_RESOURCE
RESOURCE_SHIPWRECK,1980863316,KIND_RESOURCE
ROUTE_ANCIENT_ROAD,1033840725,KIND_ROUTE
ROUTE_MEDIEVAL_ROAD,-1704014638,KIND_ROUTE
ROUTE_INDUSTRIAL_ROAD,-899277735,KIND_ROUTE
ROUTE_MODERN_ROAD,1283432944,KIND_ROUTE
SCORING_CIVICS,-247281815,KIND_SCORING_CATEGORY
SCORING_EMPIRE,1358777129,KIND_SCORING_CATEGORY
SCORING_GREAT_PEOPLE,-793289394,KIND_SCORING_CATEGORY
SCORING_MILITARY,1320061902,KIND_SCORING_CATEGORY
SCORING_PILLAGE,1421595741,KIND_SCORING_CATEGORY
SCORING_RELIGION,479560239,KIND_SCORING_CATEGORY
SCORING_TECH,-1461367607,KIND_SCORING_CATEGORY
SCORING_TRADE,-2040930813,KIND_SCORING_CATEGORY
SCORING_SCENARIO1,-1235965821,KIND_SCORING_CATEGORY
SCORING_SCENARIO2,794687801,KIND_SCORING_CATEGORY
SCORING_SCENARIO3,1482344879,KIND_SCORING_CATEGORY
SCORING_WONDER,1517095287,KIND_SCORING_CATEGORY
LINE_ITEM_CIVICS,-936376049,KIND_SCORING_LINE_ITEM
LINE_ITEM_CITIES,878929410,KIND_SCORING_LINE_ITEM
LINE_ITEM_DISTRICTS,1226521973,KIND_SCORING_LINE_ITEM
LINE_ITEM_POPULATION,-233927644,KIND_SCORING_LINE_ITEM
LINE_ITEM_GREAT_PEOPLE,-1296870981,KIND_SCORING_LINE_ITEM
LINE_ITEM_TECHS,1628388341,KIND_SCORING_LINE_ITEM
LINE_ITEM_WONDERS,-1733214341,KIND_SCORING_LINE_ITEM
LINE_ITEM_TRADE,-148604192,KIND_SCORING_LINE_ITEM
LINE_ITEM_PILLAGE,-262970626,KIND_SCORING_LINE_ITEM
TECH_ADVANCED_BALLISTICS,-1240676195,KIND_TECH
TECH_ADVANCED_FLIGHT,45620112,KIND_TECH
TECH_ANIMAL_HUSBANDRY,-1796631678,KIND_TECH
TECH_ARCHERY,-1909781169,KIND_TECH
TECH_ASTROLOGY,-1969425118,KIND_TECH
TECH_ASTRONOMY,-629484253,KIND_TECH
TECH_BALLISTICS,-546036313,KIND_TECH
TECH_BANKING,-976841246,KIND_TECH
TECH_BRONZE_WORKING,323795952,KIND_TECH
TECH_CARTOGRAPHY,1446885832,KIND_TECH
TECH_CELESTIAL_NAVIGATION,-1061871159,KIND_TECH
TECH_CHEMISTRY,376360705,KIND_TECH
TECH_COMBINED_ARMS,-1790425855,KIND_TECH
TECH_COMBUSTION,-549056515,KIND_TECH
TECH_COMPOSITES,-1574004523,KIND_TECH
TECH_COMPUTERS,1442511705,KIND_TECH
TECH_CONSTRUCTION,-289240706,KIND_TECH
TECH_CURRENCY,873683325,KIND_TECH
TECH_ECONOMICS,-2104580068,KIND_TECH
TECH_EDUCATION,-1427507974,KIND_TECH
TECH_ELECTRICITY,-1949163753,KIND_TECH
TECH_ENGINEERING,-1977937788,KIND_TECH
TECH_FLIGHT,1864094654,KIND_TECH
TECH_CASTLES,207504881,KIND_TECH
TECH_GUIDANCE_SYSTEMS,-1076697359,KIND_TECH
TECH_GUNPOWDER,-1624874031,KIND_TECH
TECH_HORSEBACK_RIDING,-1687500898,KIND_TECH
TECH_INDUSTRIALIZATION,-961971910,KIND_TECH
TECH_IRON_WORKING,1274561753,KIND_TECH
TECH_IRRIGATION,1716070941,KIND_TECH
TECH_LASERS,611924100,KIND_TECH
TECH_MACHINERY,1298787636,KIND_TECH
TECH_MASONRY,1034639316,KIND_TECH
TECH_MASS_PRODUCTION,1892543554,KIND_TECH
TECH_MATHEMATICS,167727581,KIND_TECH
TECH_METAL_CASTING,-247615123,KIND_TECH
TECH_APPRENTICESHIP,378879282,KIND_TECH
TECH_MILITARY_ENGINEERING,940814125,KIND_TECH
TECH_STIRRUPS,-615966079,KIND_TECH
TECH_MILITARY_SCIENCE,169392358,KIND_TECH
TECH_MILITARY_TACTICS,-772166420,KIND_TECH
TECH_MINING,-2003738650,KIND_TECH
TECH_NANOTECHNOLOGY,800049441,KIND_TECH
TECH_NUCLEAR_FISSION,840424027,KIND_TECH
TECH_NUCLEAR_FUSION,1514828631,KIND_TECH
TECH_PLASTICS,-2122571700,KIND_TECH
TECH_POTTERY,952445125,KIND_TECH
TECH_PRINTING,1842003121,KIND_TECH
TECH_RADIO,-997089949,KIND_TECH
TECH_REPLACEABLE_PARTS,1316378097,KIND_TECH
TECH_RIFLING,-471009223,KIND_TECH
TECH_ROBOTICS,-785042047,KIND_TECH
TECH_ROCKETRY,-1598125517,KIND_TECH
TECH_SAILING,731440689,KIND_TECH
TECH_SANITATION,1843270105,KIND_TECH
TECH_SATELLITES,2138319163,KIND_TECH
TECH_SCIENTIFIC_THEORY,1051611731,KIND_TECH
TECH_SHIPBUILDING,-1453728812,KIND_TECH
TECH_SIEGE_TACTICS,436081763,KIND_TECH
TECH_SQUARE_RIGGING,1435291771,KIND_TECH
TECH_STEALTH_TECHNOLOGY,835034367,KIND_TECH
TECH_STEAM_POWER,8397716,KIND_TECH
TECH_STEEL,-1438095361,KIND_TECH
TECH_SYNTHETIC_MATERIALS,1915613645,KIND_TECH
TECH_TELECOMMUNICATIONS,1653015423,KIND_TECH
TECH_THE_WHEEL,-1113386130,KIND_TECH
TECH_WRITING,-818360985,KIND_TECH
TERRAIN_CLASS_GRASS,669586475,KIND_TERRAIN_CLASS
TERRAIN_CLASS_MOUNTAIN,147755330,KIND_TERRAIN_CLASS
TERRAIN_CLASS_PLAINS,1898398048,KIND_TERRAIN_CLASS
TERRAIN_CLASS_DESERT,1869204754,KIND_TERRAIN_CLASS
TERRAIN_CLASS_TUNDRA,-1036822123,KIND_TERRAIN_CLASS
TERRAIN_CLASS_SNOW,-1191382423,KIND_TERRAIN_CLASS
TERRAIN_CLASS_WATER,1960288002,KIND_TERRAIN_CLASS
TERRAIN_GRASS,-2081962448,KIND_TERRAIN
TERRAIN_GRASS_HILLS,1855786096,KIND_TERRAIN
TERRAIN_GRASS_MOUNTAIN,1602466867,KIND_TERRAIN
TERRAIN_PLAINS,-68778402,KIND_TERRAIN
TERRAIN_PLAINS_HILLS,-422681442,KIND_TERRAIN
TERRAIN_PLAINS_MOUNTAIN,-1548113680,KIND_TERRAIN
TERRAIN_DESERT,-441972180,KIND_TERRAIN
TERRAIN_DESERT_HILLS,-1186909005,KIND_TERRAIN
TERRAIN_DESERT_MOUNTAIN,1418772217,KIND_TERRAIN
TERRAIN_TUNDRA,1223859883,KIND_TERRAIN
TERRAIN_TUNDRA_HILLS,-345853706,KIND_TERRAIN
TERRAIN_TUNDRA_MOUNTAIN,-548807235,KIND_TERRAIN
TERRAIN_SNOW,1743422479,KIND_TERRAIN
TERRAIN_SNOW_HILLS,-452783488,KIND_TERRAIN
TERRAIN_SNOW_MOUNTAIN,699483892,KIND_TERRAIN
TERRAIN_COAST,1248885265,KIND_TERRAIN
TERRAIN_OCEAN,1204357597,KIND_TERRAIN
TURNPHASE_SINGLEPLAYER,709171261,KIND_TURNPHASE
TURNPHASE_SIMULTANEOUS,-1700022593,KIND_TURNPHASE
TURNPHASE_DYNAMIC,-1699498419,KIND_TURNPHASE
TURNPHASE_TWOPHASE,-954814530,KIND_TURNPHASE
TURNMODE_SIMULTANEOUS,-45419823,KIND_TURNMODE
TURNMODE_SEQUENTIAL,1451359072,KIND_TURNMODE
TURNMODE_DYNAMIC,-1097824060,KIND_TURNMODE
TURNSEG_SINGLEPLAYER,-109025925,KIND_TURNSEGMENT
TURNSEG_SINGLEPHASE,1278700307,KIND_TURNSEGMENT
TURNSEG_SIMULTANEOUS,1231997945,KIND_TURNSEGMENT
TURNSEG_TACTICAL,2077004317,KIND_TURNSEGMENT
TURNSEG_STRATEGIC,-1967037779,KIND_TURNSEGMENT
TURNTIMER_NONE,-1525060181,KIND_TURNTIMER
TURNTIMER_DYNAMIC,698670180,KIND_TURNTIMER
TURNTIMER_STANDARD,2133509568,KIND_TURNTIMER
ABILITY_ANTI_CAVALRY,-469207695,KIND_ABILITY
ABILITY_HEAVY_CHARIOT,-24955138,KIND_ABILITY
ABILITY_IGNORE_TERRAIN_COST,777039899,KIND_ABILITY
ABILITY_IGNORE_CROSSING_RIVERS_COST,1721487444,KIND_ABILITY
ABILITY_ARCHAEOLOGIST_ENTER_FOREIGN_LANDS,-1694423504,KIND_ABILITY
ABILITY_RELIGIOUS_ENTER_FOREIGN_LANDS,-716863095,KIND_ABILITY
ABILITY_RELIGIOUS_IGNORE_TERRAIN_COST,1457017253,KIND_ABILITY
ABILITY_IGNORE_ZOC,-1188156472,KIND_ABILITY
ABILITY_LIGHT_CHARIOT,464358822,KIND_ABILITY
ABILITY_NO_MOVE_AND_SHOOT,-1093626407,KIND_ABILITY
ABILITY_ENABLE_WALL_ATTACK,1102776653,KIND_ABILITY
ABILITY_BYPASS_WALLS,-1506713168,KIND_ABILITY
ABILITY_ANTI_SPEAR,1625640229,KIND_ABILITY
ABILITY_GRANT_RANGE_BONUS,485216339,KIND_ABILITY
ABILITY_RECEIVE_RANGE_BONUS,-670270746,KIND_ABILITY
ABILITY_UNOBSTRUCTED_VIEW,-330656241,KIND_ABILITY
ABILITY_OBSERVATION_STRENGTH_BONUS,-2142051139,KIND_ABILITY
ABILITY_RELIGIOUS_CANNOT_ATTACK,-127795257,KIND_ABILITY
ABILITY_FRIENDLY_TERRITORY_RELIGIOUS,-1298102823,KIND_ABILITY
ABILITY_NO_FOREIGN_SPREAD,1341677622,KIND_ABILITY
ABILITY_OLIGARCHY_MELEE_BUFF,-1005705748,KIND_ABILITY
ABILITY_THEOCRACY_RELIGIOUS_BUFF,-922067539,KIND_ABILITY
ABILITY_RELIGIOUS_ORDERS_BUFF,123750714,KIND_ABILITY
ABILITY_FASCISM_ATTACK_BUFF,925952046,KIND_ABILITY
ABILITY_COMMUNISM_DEFENSE_BUFF,1306022788,KIND_ABILITY
ABILITY_MEDIC_HEAL,1517383599,KIND_ABILITY
ABILITY_STEALTH,1380871424,KIND_ABILITY
ABILITY_SEE_HIDDEN,-274492200,KIND_ABILITY
ABILITY_COASTAL_RAID,-890566948,KIND_ABILITY
ABILITY_MELEE_COASTAL_RAID,598838514,KIND_ABILITY
ABILITY_BYPASS_COMBAT_UNIT,1067111410,KIND_ABILITY
ABILITY_HEAL_NEUTRAL_TERRITORY,1584466616,KIND_ABILITY
ABILITY_TRADE_ROUTE_PLUNDER_IMMUNITY_SEA,924637620,KIND_ABILITY
ABILITY_BERSERKER_RAGE,1811895329,KIND_ABILITY
ABILITY_BERSERKER_MOVEMENT,444775132,KIND_ABILITY
ABILITY_LONGSHIP_MOVEMENT,1991298590,KIND_ABILITY
ABILITY_PRIZE_SHIPS,2043955723,KIND_ABILITY
ABILITY_CAPTIVE_WORKERS,351256095,KIND_ABILITY
ABILITY_BALKAN_CAVALRY,1677131026,KIND_ABILITY
ABILITY_ALTITUDE_TRAINING,1630051518,KIND_ABILITY
ABILITY_COSSACK,-580667169,KIND_ABILITY
ABILITY_REDCOAT,-1977068877,KIND_ABILITY
ABILITY_VARU,-2013690309,KIND_ABILITY
ABILITY_NAGAO,859579950,KIND_ABILITY
ABILITY_CONQUISTADOR,-1981115844,KIND_ABILITY
ABILITY_GARDE,-1184679777,KIND_ABILITY
ABILITY_HOPLITE,2090215701,KIND_ABILITY
ABILITY_UBOAT,-1295010041,KIND_ABILITY
ABILITY_ROUGH_RIDER,-222099767,KIND_ABILITY
ABILITY_MUSTANG,249489568,KIND_ABILITY
ABILITY_MAMLUK,1815564979,KIND_ABILITY
ABILITY_SAMURAI,-1202442791,KIND_ABILITY
ABILITY_PUSHBACK,150836918,KIND_ABILITY
ABILITY_DIGGER,906624430,KIND_ABILITY
ABILITY_GREAT_ADMIRAL_MOVEMENT,-878760515,KIND_ABILITY
ABILITY_GREAT_ADMIRAL_STRENGTH,-369403502,KIND_ABILITY
ABILITY_GREAT_GENERAL_MOVEMENT,-953285743,KIND_ABILITY
ABILITY_GREAT_GENERAL_STRENGTH,-448104514,KIND_ABILITY
ABILITY_KNARR_IGNORE_EMBARK_DISEMBARK_COST,-19647769,KIND_ABILITY
ABILITY_BARRACKS_TRAINED_UNIT_XP,-991292030,KIND_ABILITY
ABILITY_STABLE_TRAINED_UNIT_XP,499169657,KIND_ABILITY
ABILITY_ARMORY_TRAINED_UNIT_XP,1031810327,KIND_ABILITY
ABILITY_MILITARY_ACADEMY_TRAINED_UNIT_XP,1991001884,KIND_ABILITY
ABILITY_LIGHTHOUSE_TRAINED_UNIT_XP,-1544892644,KIND_ABILITY
ABILITY_SHIPYARD_TRAINED_UNIT_XP,-2069054285,KIND_ABILITY
ABILITY_SEAPORT_TRAINED_UNIT_XP,-892522747,KIND_ABILITY
ABILITY_HANGAR_TRAINED_AIRCRAFT_XP,-477454964,KIND_ABILITY
ABILITY_AIRPORT_TRAINED_AIRCRAFT_XP,-1540248827,KIND_ABILITY
ABILITY_ROYAL_NAVY_DOCKYARD_MOVEMENT_BONUS,102932895,KIND_ABILITY
ABILITY_ROMAN_LEGION_BUILD,582940751,KIND_ABILITY
ABILITY_GREAT_LIGHTHOUSE_MOVEMENT,-1495522036,KIND_ABILITY
ABILITY_GREAT_LIGHTHOUSE_EMBARKED_MOVEMENT,-966204154,KIND_ABILITY
ABILITY_RAJENDRA_CHOLA_PLUNDER_BONUS,808791739,KIND_ABILITY
ABILITY_FRANCIS_DRAKE_PLUNDER_BONUS,625841108,KIND_ABILITY
ABILITY_CHING_SHIH_PLUNDER_BONUS,-1046173075,KIND_ABILITY
ABILITY_CLANCY_FERNANDO_BONUS_EXPERIENCE,-372878920,KIND_ABILITY
ABILITY_HORATIO_NELSON_FLANKING_BONUS,-837223456,KIND_ABILITY
ABILITY_LASKARINA_BOUBOULINA_BONUS_EXPERIENCE,1299434795,KIND_ABILITY
ABILITY_SERGEY_GORSHKOV_BONUS_EXPERIENCE,1763239114,KIND_ABILITY
ABILITY_GEORGY_ZHUKOV_FLANKING_BONUS,1818040256,KIND_ABILITY
ABILITY_JOHN_MONASH_BONUS_EXPERIENCE,83535961,KIND_ABILITY
ABILITY_VIJAYA_WIMALARATNE_BONUS_EXPERIENCE,-1273112384,KIND_ABILITY
ABILITY_HOJO_TOKIMUNE_COASTAL_COMBAT_BONUS,-2129399011,KIND_ABILITY
ABILITY_HOJO_TOKIMUNE_SHALLOW_WATER_COMBAT_BONUS,1735904649,KIND_ABILITY
ABILITY_MONTEZUMA_COMBAT_BONUS_PER_LUXURY,1218794221,KIND_ABILITY
ABILITY_PHILIP_II_COMBAT_BONUS_OTHER_RELIGION,62482177,KIND_ABILITY
ABILITY_BARBAROSSA_COMBAT_BONUS_VS_CITY_STATES,1648624972,KIND_ABILITY
ABILITY_ROOSEVELT_COMBAT_BONUS_HOME_CONTINENT,1285035137,KIND_ABILITY
ABILITY_TOMYRIS_BONUS_VS_WOUNDED_UNITS,327464092,KIND_ABILITY
ABILITY_TOMYRIS_HEAL_AFTER_DEFEATING_UNIT,-1618845503,KIND_ABILITY
ABILITY_GORGO_POLICY_SLOT_COMBAT_BONUS,-306066470,KIND_ABILITY
ABILITY_RANGED_ATTACK_DISTRICT_DEBUFF,300526102,KIND_ABILITY
ABILITY_BOMBARD_ATTACK_UNIT_DEBUFF,-1777050348,KIND_ABILITY
ABILITY_AIR_FIGHTER_ATTACK_DISTRICT_DEBUFF,-1947971391,KIND_ABILITY
ABILITY_AIR_BOMBER_ATTACK_UNIT_DEBUFF,-712724622,KIND_ABILITY
ABILITY_ANTI_AIR_COVER,98535921,KIND_ABILITY
UNITCOMMAND_PROMOTE,-1259482049,KIND_UNITCOMMAND
UNITCOMMAND_UPGRADE,-750032448,KIND_UNITCOMMAND
UNITCOMMAND_AUTOMATE,893276661,KIND_UNITCOMMAND
UNITCOMMAND_WAKE,200562917,KIND_UNITCOMMAND
UNITCOMMAND_CANCEL,533311341,KIND_UNITCOMMAND
UNITCOMMAND_STOP_AUTOMATION,-1667350332,KIND_UNITCOMMAND
UNITCOMMAND_DELETE,1942820504,KIND_UNITCOMMAND
UNITCOMMAND_GIFT,-1965031299,KIND_UNITCOMMAND
UNITCOMMAND_ENTER_FORMATION,-913294208,KIND_UNITCOMMAND
UNITCOMMAND_EXIT_FORMATION,-50443187,KIND_UNITCOMMAND
UNITCOMMAND_ACTIVATE_GREAT_PERSON,374670040,KIND_UNITCOMMAND
UNITCOMMAND_DISTRICT_PRODUCTION,-1192882305,KIND_UNITCOMMAND
UNITCOMMAND_FORM_CORPS,487801373,KIND_UNITCOMMAND
UNITCOMMAND_FORM_ARMY,-1373423663,KIND_UNITCOMMAND
UNITCOMMAND_PLUNDER_TRADE_ROUTE,1588023784,KIND_UNITCOMMAND
UNITCOMMAND_CONDEMN_HERETIC,-597630620,KIND_UNITCOMMAND
UNITCOMMAND_NAME_UNIT,-1389442348,KIND_UNITCOMMAND
UNITCOMMAND_WONDER_PRODUCTION,1718431111,KIND_UNITCOMMAND
UNITCOMMAND_HARVEST_WONDER,255997252,KIND_UNITCOMMAND
UNITCOMMAND_AIRLIFT,709929432,KIND_UNITCOMMAND
UNITCOMMAND_EXECUTE_SCRIPT,1299566337,KIND_UNITCOMMAND
UNITCOMMAND_PET_THE_DOG,-1174124415,KIND_UNITCOMMAND
UNITOPERATION_AIR_ATTACK,526596894,KIND_UNITOPERATION
UNITOPERATION_AUTOMATE_EXPLORE,-1676983098,KIND_UNITOPERATION
UNITOPERATION_BUILD_IMPROVEMENT,492889976,KIND_UNITOPERATION
UNITOPERATION_BUILD_ROUTE,115772143,KIND_UNITOPERATION
UNITOPERATION_CLEAR_CONTAMINATION,-1786598626,KIND_UNITOPERATION
UNITOPERATION_CONVERT_BARBARIANS,1286311939,KIND_UNITOPERATION
UNITOPERATION_DISEMBARK,843993831,KIND_UNITOPERATION
UNITOPERATION_DEPLOY,336935588,KIND_UNITOPERATION
UNITOPERATION_DESIGNATE_PARK,1031611255,KIND_UNITOPERATION
UNITOPERATION_EMBARK,287618003,KIND_UNITOPERATION
UNITOPERATION_EVANGELIZE_BELIEF,-1532618003,KIND_UNITOPERATION
UNITOPERATION_EXCAVATE,1548958412,KIND_UNITOPERATION
UNITOPERATION_FORTIFY,-744032280,KIND_UNITOPERATION
UNITOPERATION_HEAL,2126026491,KIND_UNITOPERATION
UNITOPERATION_FOUND_CITY,1463004268,KIND_UNITOPERATION
UNITOPERATION_FOUND_RELIGION,-953161477,KIND_UNITOPERATION
UNITOPERATION_HARVEST_RESOURCE,-201164084,KIND_UNITOPERATION
UNITOPERATION_LAUNCH_INQUISITION,-1128148313,KIND_UNITOPERATION
UNITOPERATION_MAKE_TRADE_ROUTE,-2089494188,KIND_UNITOPERATION
UNITOPERATION_MOVE_TO,1477390184,KIND_UNITOPERATION
UNITOPERATION_MOVE_TO_UNIT,1493464420,KIND_UNITOPERATION
UNITOPERATION_WMD_STRIKE,-1729320470,KIND_UNITOPERATION
UNITOPERATION_COASTAL_RAID,-809912991,KIND_UNITOPERATION
UNITOPERATION_PILLAGE,1216730916,KIND_UNITOPERATION
UNITOPERATION_PILLAGE_ROUTE,-846409234,KIND_UNITOPERATION
UNITOPERATION_PLANT_FOREST,744183902,KIND_UNITOPERATION
UNITOPERATION_RANGE_ATTACK,164636970,KIND_UNITOPERATION
UNITOPERATION_REBASE,-1054550409,KIND_UNITOPERATION
UNITOPERATION_REMOVE_FEATURE,-771890458,KIND_UNITOPERATION
UNITOPERATION_REMOVE_HERESY,-498124375,KIND_UNITOPERATION
UNITOPERATION_REMOVE_IMPROVEMENT,-1314704092,KIND_UNITOPERATION
UNITOPERATION_RETRAIN,1105137311,KIND_UNITOPERATION
UNITOPERATION_REPAIR,147469951,KIND_UNITOPERATION
UNITOPERATION_REPAIR_ROUTE,228327966,KIND_UNITOPERATION
UNITOPERATION_REST_REPAIR,2103646331,KIND_UNITOPERATION
UNITOPERATION_ROUTE_TO,1092273887,KIND_UNITOPERATION
UNITOPERATION_SKIP_TURN,745019656,KIND_UNITOPERATION
UNITOPERATION_SLEEP,-41338758,KIND_UNITOPERATION
UNITOPERATION_SPREAD_RELIGION,1592408602,KIND_UNITOPERATION
UNITOPERATION_SPY_COUNTERSPY,-2005926703,KIND_UNITOPERATION
UNITOPERATION_SPY_DISRUPT_ROCKETRY,-1021949976,KIND_UNITOPERATION
UNITOPERATION_SPY_GAIN_SOURCES,-311249027,KIND_UNITOPERATION
UNITOPERATION_SPY_GREAT_WORK_HEIST,485545794,KIND_UNITOPERATION
UNITOPERATION_SPY_LISTENING_POST,-955496600,KIND_UNITOPERATION
UNITOPERATION_SPY_RECRUIT_PARTISANS,-713713573,KIND_UNITOPERATION
UNITOPERATION_SPY_SABOTAGE_PRODUCTION,163704001,KIND_UNITOPERATION
UNITOPERATION_SPY_SIPHON_FUNDS,574548564,KIND_UNITOPERATION
UNITOPERATION_SPY_STEAL_TECH_BOOST,-664243095,KIND_UNITOPERATION
UNITOPERATION_SPY_TRAVEL_NEW_CITY,-1295211657,KIND_UNITOPERATION
UNITOPERATION_SWAP_UNITS,2141324753,KIND_UNITOPERATION
UNITOPERATION_TELEPORT_TO,-925999621,KIND_UNITOPERATION
UNITOPERATION_TELEPORT_TO_CITY,509098169,KIND_UNITOPERATION
UNITOPERATION_UPGRADE,-765466194,KIND_UNITOPERATION
UNITOPERATION_WAIT_FOR,-877463231,KIND_UNITOPERATION
UNITOPERATION_ALERT,-448283625,KIND_UNITOPERATION
UNITOPERATION_RELIGIOUS_HEAL,-1296191372,KIND_UNITOPERATION
UNITOPERATION_EXECUTE_SCRIPT,-1517241786,KIND_UNITOPERATION
PROMOTION_CLASS_AIR_BOMBER,1251869528,KIND_PROMOTION_CLASS
PROMOTION_CLASS_AIR_FIGHTER,-1899257,KIND_PROMOTION_CLASS
PROMOTION_CLASS_ANTI_CAVALRY,-775364005,KIND_PROMOTION_CLASS
PROMOTION_CLASS_APOSTLE,-821745782,KIND_PROMOTION_CLASS
PROMOTION_CLASS_HEAVY_CAVALRY,360189918,KIND_PROMOTION_CLASS
PROMOTION_CLASS_INQUISITOR,-1255777129,KIND_PROMOTION_CLASS
PROMOTION_CLASS_LIGHT_CAVALRY,-262753146,KIND_PROMOTION_CLASS
PROMOTION_CLASS_MELEE,-1272249169,KIND_PROMOTION_CLASS
PROMOTION_CLASS_MONK,-123514134,KIND_PROMOTION_CLASS
PROMOTION_CLASS_NAVAL_CARRIER,835020511,KIND_PROMOTION_CLASS
PROMOTION_CLASS_NAVAL_MELEE,332581531,KIND_PROMOTION_CLASS
PROMOTION_CLASS_NAVAL_RAIDER,-742972331,KIND_PROMOTION_CLASS
PROMOTION_CLASS_NAVAL_RANGED,-1192093724,KIND_PROMOTION_CLASS
PROMOTION_CLASS_RANGED,-1713300833,KIND_PROMOTION_CLASS
PROMOTION_CLASS_RECON,821719747,KIND_PROMOTION_CLASS
PROMOTION_CLASS_SIEGE,483052537,KIND_PROMOTION_CLASS
PROMOTION_CLASS_SPY,-1714583883,KIND_PROMOTION_CLASS
PROMOTION_CLASS_SUPPORT,823052255,KIND_PROMOTION_CLASS
PROMOTION_RANGER,850416499,KIND_PROMOTION
PROMOTION_ALPINE,-1793214883,KIND_PROMOTION
PROMOTION_SENTRY,-2141362655,KIND_PROMOTION
PROMOTION_GUERRILLA,850725562,KIND_PROMOTION
PROMOTION_SPYGLASS,-448994954,KIND_PROMOTION
PROMOTION_AMBUSH,-963884468,KIND_PROMOTION
PROMOTION_CAMOUFLAGE,-1043555193,KIND_PROMOTION
PROMOTION_BATTLECRY,-833326420,KIND_PROMOTION
PROMOTION_TORTOISE,-610643234,KIND_PROMOTION
PROMOTION_COMMANDO,844243823,KIND_PROMOTION
PROMOTION_AMPHIBIOUS,836819264,KIND_PROMOTION
PROMOTION_ZWEIHANDER,1708589985,KIND_PROMOTION
PROMOTION_URBAN_WARFARE,610738317,KIND_PROMOTION
PROMOTION_ELITE_GUARD,-1988582284,KIND_PROMOTION
PROMOTION_VOLLEY,664752614,KIND_PROMOTION
PROMOTION_GARRISON,-1280436412,KIND_PROMOTION
PROMOTION_ARROW_STORM,-1587685102,KIND_PROMOTION
PROMOTION_INCENDIARIES,-2006843771,KIND_PROMOTION
PROMOTION_SUPPRESSION,826065815,KIND_PROMOTION
PROMOTION_EMPLACEMENT,1517829880,KIND_PROMOTION
PROMOTION_EXPERT_MARKSMAN,240676686,KIND_PROMOTION
PROMOTION_GRAPE_SHOT,1354210037,KIND_PROMOTION
PROMOTION_CREW_WEAPONS,-1794686921,KIND_PROMOTION
PROMOTION_SHRAPNEL,-729210492,KIND_PROMOTION
PROMOTION_SHELLS,-1989344872,KIND_PROMOTION
PROMOTION_ADVANCED_RANGEFINDING,-138893859,KIND_PROMOTION
PROMOTION_EXPERT_CREW,1699618459,KIND_PROMOTION
PROMOTION_FORWARD_OBSERVERS,-258547951,KIND_PROMOTION
PROMOTION_ECHELON,1646237105,KIND_PROMOTION
PROMOTION_THRUST,426728900,KIND_PROMOTION
PROMOTION_SQUARE,-1664501207,KIND_PROMOTION
PROMOTION_SCHILTRON,-1593650054,KIND_PROMOTION
PROMOTION_REDEPLOY,-850534509,KIND_PROMOTION
PROMOTION_CHOKE_POINTS,717831136,KIND_PROMOTION
PROMOTION_HOLD_THE_LINE,1648043548,KIND_PROMOTION
PROMOTION_CAPARISON,-1947988700,KIND_PROMOTION
PROMOTION_COURSERS,-1044694361,KIND_PROMOTION
PROMOTION_DEPREDATION,1034426868,KIND_PROMOTION
PROMOTION_DOUBLE_ENVELOPMENT,-456620983,KIND_PROMOTION
PROMOTION_SPIKING_THE_GUNS,-801864201,KIND_PROMOTION
PROMOTION_PURSUIT,1704691261,KIND_PROMOTION
PROMOTION_ESCORT_MOBILITY,816238774,KIND_PROMOTION
PROMOTION_CHARGE,71399092,KIND_PROMOTION
PROMOTION_BARDING,512797052,KIND_PROMOTION
PROMOTION_MARAUDING,-444240879,KIND_PROMOTION
PROMOTION_ROUT,-986373671,KIND_PROMOTION
PROMOTION_ARMOR_PIERCING,-219401434,KIND_PROMOTION
PROMOTION_REACTIVE_ARMOR,-482870215,KIND_PROMOTION
PROMOTION_BREAKTHROUGH,-1043071063,KIND_PROMOTION
PROMOTION_DOGFIGHTING,909732378,KIND_PROMOTION
PROMOTION_COCKPIT_ARMOR,803348365,KIND_PROMOTION
PROMOTION_INTERCEPTOR,-533788359,KIND_PROMOTION
PROMOTION_STRAFE,-414131531,KIND_PROMOTION
PROMOTION_GROUND_CREWS,-1377705415,KIND_PROMOTION
PROMOTION_TANK_BUSTER,2048090918,KIND_PROMOTION
PROMOTION_DROP_TANKS,2130874409,KIND_PROMOTION
PROMOTION_BOX_FORMATION,1409198988,KIND_PROMOTION
PROMOTION_EVASIVE_MANEUVERS,1480128337,KIND_PROMOTION
PROMOTION_TORPEDO_BOMBER,233893684,KIND_PROMOTION
PROMOTION_CLOSE_AIR_SUPPORT,-58831828,KIND_PROMOTION
PROMOTION_TACTICAL_MAINTENANCE,858800631,KIND_PROMOTION
PROMOTION_LONG_RANGE,-2002200360,KIND_PROMOTION
PROMOTION_SUPERFORTRESS,1306913778,KIND_PROMOTION
PROMOTION_EMBOLON,2098727940,KIND_PROMOTION
PROMOTION_HELMSMAN,-231582132,KIND_PROMOTION
PROMOTION_REINFORCED_HULL,502942403,KIND_PROMOTION
PROMOTION_RUTTER,-2045458205,KIND_PROMOTION
PROMOTION_AUXILIARY_SHIPS,-1955622444,KIND_PROMOTION
PROMOTION_CONVOY,903070825,KIND_PROMOTION
PROMOTION_CREEPING_ATTACK,1903709608,KIND_PROMOTION
PROMOTION_LINE_OF_BATTLE,1530923432,KIND_PROMOTION
PROMOTION_BOMBARDMENT,-900090660,KIND_PROMOTION
PROMOTION_PREPARATORY_FIRE,748830664,KIND_PROMOTION
PROMOTION_ROLLING_BARRAGE,1559869378,KIND_PROMOTION
PROMOTION_SUPPLY_FLEET,-848556340,KIND_PROMOTION
PROMOTION_PROXIMITY_FUSES,1687064071,KIND_PROMOTION
PROMOTION_COINCIDENCE_RANGEFINDING,-1109322428,KIND_PROMOTION
PROMOTION_FLIGHT_DECK,-1780211878,KIND_PROMOTION
PROMOTION_HANGAR_DECK,365720811,KIND_PROMOTION
PROMOTION_FOLDING_WINGS,-644952370,KIND_PROMOTION
PROMOTION_SCOUT_PLANES,3049505,KIND_PROMOTION
PROMOTION_ADVANCED_ENGINES,-183856644,KIND_PROMOTION
PROMOTION_DECK_CREWS,-6593611,KIND_PROMOTION
PROMOTION_SUPER_CARRIER,-2127146442,KIND_PROMOTION
PROMOTION_LOOT,-975242322,KIND_PROMOTION
PROMOTION_BOARDING,-1389402666,KIND_PROMOTION
PROMOTION_SWIFT_KEEL,1609695656,KIND_PROMOTION
PROMOTION_HOMING_TORPEDOES,-940581656,KIND_PROMOTION
PROMOTION_WOLFPACK,-570762477,KIND_PROMOTION
PROMOTION_OBSERVATION,1606516974,KIND_PROMOTION
PROMOTION_SILENT_RUNNING,140919699,KIND_PROMOTION
PROMOTION_ORATOR,374622865,KIND_PROMOTION
PROMOTION_PROSELYTIZER,1408635368,KIND_PROMOTION
PROMOTION_TRANSLATOR,1599023980,KIND_PROMOTION
PROMOTION_PILGRIM,1879053235,KIND_PROMOTION
PROMOTION_INDULGENCE_VENDOR,-1524047918,KIND_PROMOTION
PROMOTION_HEATHEN_CONVERSION,-1317246784,KIND_PROMOTION
PROMOTION_DEBATER,725136611,KIND_PROMOTION
PROMOTION_MARTYR,585649006,KIND_PROMOTION
PROMOTION_CHAPLAIN,601382802,KIND_PROMOTION
PROMOTION_MONK_SHADOW_STRIKE,-118008971,KIND_PROMOTION
PROMOTION_MONK_TWILIGHT_VEIL,1485035852,KIND_PROMOTION
PROMOTION_MONK_EXPLODING_PALMS,1809949699,KIND_PROMOTION
PROMOTION_MONK_DISCIPLES,-345765405,KIND_PROMOTION
PROMOTION_MONK_SWEEPING_WIND,-793229830,KIND_PROMOTION
PROMOTION_MONK_DANCING_CRANE,1337428462,KIND_PROMOTION
PROMOTION_MONK_COBRA_STRIKE,-2027783959,KIND_PROMOTION
PROMOTION_SPY_TECHNOLOGIST,-1444681777,KIND_PROMOTION
PROMOTION_SPY_CAT_BURGLAR,-1548556806,KIND_PROMOTION
PROMOTION_SPY_DEMOLITIONS,1188510764,KIND_PROMOTION
PROMOTION_SPY_CON_ARTIST,-1868935588,KIND_PROMOTION
PROMOTION_SPY_GUERILLA_LEADER,-481460092,KIND_PROMOTION
PROMOTION_SPY_ROCKET_SCIENTIST,377963194,KIND_PROMOTION
PROMOTION_SPY_SEDUCTION,1672550410,KIND_PROMOTION
PROMOTION_SPY_DISGUISE,858610801,KIND_PROMOTION
PROMOTION_SPY_LINGUIST,892368499,KIND_PROMOTION
PROMOTION_SPY_QUARTERMASTER,-1011540128,KIND_PROMOTION
PROMOTION_SPY_ACE_DRIVER,1057921917,KIND_PROMOTION
UNIT_SETTLER,-798712536,KIND_UNIT
UNIT_BUILDER,299201842,KIND_UNIT
UNIT_TRADER,-490823986,KIND_UNIT
UNIT_MISSIONARY,1133470466,KIND_UNIT
UNIT_APOSTLE,-1174548085,KIND_UNIT
UNIT_INQUISITOR,1164184259,KIND_UNIT
UNIT_GURU,517147540,KIND_UNIT
UNIT_ARCHAEOLOGIST,1011336245,KIND_UNIT
UNIT_SPY,594795174,KIND_UNIT
UNIT_NATURALIST,1877270220,KIND_UNIT
UNIT_GREAT_GENERAL,2068613692,KIND_UNIT
UNIT_GREAT_ADMIRAL,-558454325,KIND_UNIT
UNIT_GREAT_ENGINEER,-995617751,KIND_UNIT
UNIT_GREAT_MERCHANT,605313809,KIND_UNIT
UNIT_GREAT_PROPHET,-68096074,KIND_UNIT
UNIT_GREAT_SCIENTIST,-1242118074,KIND_UNIT
UNIT_GREAT_WRITER,767160121,KIND_UNIT
UNIT_GREAT_ARTIST,-1153392324,KIND_UNIT
UNIT_GREAT_MUSICIAN,1640906711,KIND_UNIT
UNIT_SCOUT,1872107673,KIND_UNIT
UNIT_RANGER,1233272462,KIND_UNIT
UNIT_WARRIOR,-373982416,KIND_UNIT
UNIT_SPEARMAN,777513683,KIND_UNIT
UNIT_SWORDSMAN,1954756948,KIND_UNIT
UNIT_WARRIOR_MONK,1983448017,KIND_UNIT
UNIT_MAN_AT_ARMS,738773956,KIND_UNIT
UNIT_PIKEMAN,-302742501,KIND_UNIT
UNIT_MUSKETMAN,1991512874,KIND_UNIT
UNIT_LINE_INFANTRY,-1113193660,KIND_UNIT
UNIT_INFANTRY,-1721899392,KIND_UNIT
UNIT_AT_CREW,878961971,KIND_UNIT
UNIT_TANK,1529387127,KIND_UNIT
UNIT_MECHANIZED_INFANTRY,-1905418447,KIND_UNIT
UNIT_MODERN_AT,202936308,KIND_UNIT
UNIT_MODERN_ARMOR,-1307056753,KIND_UNIT
UNIT_SLINGER,1558890441,KIND_UNIT
UNIT_ARCHER,313932809,KIND_UNIT
UNIT_CROSSBOWMAN,447147805,KIND_UNIT
UNIT_FIELD_CANNON,1806709152,KIND_UNIT
UNIT_MACHINE_GUN,1543324079,KIND_UNIT
UNIT_HORSEMAN,1462612590,KIND_UNIT
UNIT_CAVALRY,-1552029149,KIND_UNIT
UNIT_HELICOPTER,-1136229350,KIND_UNIT
UNIT_CATAPULT,-1421926200,KIND_UNIT
UNIT_TREBUCHET,1844973588,KIND_UNIT
UNIT_BOMBARD,1364948496,KIND_UNIT
UNIT_ARTILLERY,1723399758,KIND_UNIT
UNIT_ROCKET_ARTILLERY,1067903027,KIND_UNIT
UNIT_HEAVY_CHARIOT,982213453,KIND_UNIT
UNIT_KNIGHT,772872653,KIND_UNIT
UNIT_BATTERING_RAM,-319849755,KIND_UNIT
UNIT_SIEGE_TOWER,1590049337,KIND_UNIT
UNIT_MEDIC,-52667939,KIND_UNIT
UNIT_OBSERVATION_BALLOON,-1588630643,KIND_UNIT
UNIT_MILITARY_ENGINEER,19440260,KIND_UNIT
UNIT_ANTIAIR_GUN,1489867406,KIND_UNIT
UNIT_MOBILE_SAM,-714755164,KIND_UNIT
UNIT_GALLEY,722948932,KIND_UNIT
UNIT_QUADRIREME,-1966984507,KIND_UNIT
UNIT_IRONCLAD,2127221117,KIND_UNIT
UNIT_CARAVEL,789711416,KIND_UNIT
UNIT_FRIGATE,-111181148,KIND_UNIT
UNIT_PRIVATEER,-689568797,KIND_UNIT
UNIT_BATTLESHIP,-1593056287,KIND_UNIT
UNIT_SUBMARINE,-1024562647,KIND_UNIT
UNIT_AIRCRAFT_CARRIER,-927800843,KIND_UNIT
UNIT_DESTROYER,1790324223,KIND_UNIT
UNIT_NUCLEAR_SUBMARINE,405093149,KIND_UNIT
UNIT_MISSILE_CRUISER,-1188206859,KIND_UNIT
UNIT_BIPLANE,1860033734,KIND_UNIT
UNIT_FIGHTER,-1107682937,KIND_UNIT
UNIT_BOMBER,-518328463,KIND_UNIT
UNIT_JET_FIGHTER,-653079300,KIND_UNIT
UNIT_JET_BOMBER,1650938984,KIND_UNIT
UNIT_BARBARIAN_HORSEMAN,1802675904,KIND_UNIT
UNIT_BARBARIAN_HORSE_ARCHER,-960283865,KIND_UNIT
UNIT_EGYPTIAN_CHARIOT_ARCHER,1394436025,KIND_UNIT
UNIT_GREEK_HOPLITE,-1429241823,KIND_UNIT
UNIT_SCYTHIAN_HORSE_ARCHER,1460125976,KIND_UNIT
UNIT_SUMERIAN_WAR_CART,-1137241197,KIND_UNIT
UNIT_ENGLISH_REDCOAT,1271218795,KIND_UNIT
UNIT_ENGLISH_SEADOG,-784810922,KIND_UNIT
UNIT_SPANISH_CONQUISTADOR,708273129,KIND_UNIT
UNIT_AMERICAN_P51,-731405138,KIND_UNIT
UNIT_ROMAN_LEGION,-2083333359,KIND_UNIT
UNIT_JAPANESE_SAMURAI,-102343659,KIND_UNIT
UNIT_NORWEGIAN_BERSERKER,-244655288,KIND_UNIT
UNIT_NORWEGIAN_LONGSHIP,-710992687,KIND_UNIT
UNIT_RUSSIAN_COSSACK,-1340823219,KIND_UNIT
UNIT_INDIAN_VARU,402303392,KIND_UNIT
UNIT_KONGO_SHIELD_BEARER,1866609599,KIND_UNIT
UNIT_ARABIAN_MAMLUK,775511073,KIND_UNIT
UNIT_FRENCH_GARDE_IMPERIALE,1249559851,KIND_UNIT
UNIT_GERMAN_UBOAT,1758333469,KIND_UNIT
UNIT_BRAZILIAN_MINAS_GERAES,52279725,KIND_UNIT
UNIT_CHINESE_CROUCHING_TIGER,59156901,KIND_UNIT
FORMATION_CLASS_AIR,834076875,KIND_FORMATION_CLASS
FORMATION_CLASS_CIVILIAN,-1034876249,KIND_FORMATION_CLASS
FORMATION_CLASS_LAND_COMBAT,-1697348104,KIND_FORMATION_CLASS
FORMATION_CLASS_NAVAL,-18130129,KIND_FORMATION_CLASS
FORMATION_CLASS_SUPPORT,-238869951,KIND_FORMATION_CLASS
DEFEAT_DEFAULT,1023789026,KIND_DEFEAT
DEFEAT_TIME,-236283835,KIND_DEFEAT
VICTORY_DEFAULT,-1085549345,KIND_VICTORY
VICTORY_CONQUEST,407109516,KIND_VICTORY
VICTORY_CULTURE,-356759317,KIND_VICTORY
VICTORY_RELIGIOUS,415516560,KIND_VICTORY
VICTORY_SCORE,1428793787,KIND_VICTORY
VICTORY_TECHNOLOGY,353119609,KIND_VICTORY
VICTORY_STRATEGY_RELIGIOUS_VICTORY,748821550,KIND_VICTORY_STRATEGY
STRATEGY_EARLY_EXPLORATION,1419125862,KIND_VICTORY_STRATEGY
STRATEGY_RAPID_EXPANSION,-2088469856,KIND_VICTORY_STRATEGY
STRATEGY_NAVAL,234779232,KIND_VICTORY_STRATEGY
STRATEGY_CLASSICAL_CHANGES,73084998,KIND_VICTORY_STRATEGY
STRATEGY_MEDIEVAL_CHANGES,1396833585,KIND_VICTORY_STRATEGY
STRATEGY_RENAISSANCE_CHANGES,636312767,KIND_VICTORY_STRATEGY
STRATEGY_INDUSTRIAL_CHANGES,-1552086859,KIND_VICTORY_STRATEGY
STRATEGY_MODERN_CHANGES,-846430876,KIND_VICTORY_STRATEGY
STRATEGY_WONDER_OBSESSED,305309398,KIND_VICTORY_STRATEGY
WMD_NUCLEAR_DEVICE,-1130634417,KIND_WMD
WMD_THERMONUCLEAR_DEVICE,1468676125,KIND_WMD
SURPRISE_WAR,1133958949,KIND_WAR
FORMAL_WAR,1941490022,KIND_WAR
HOLY_WAR,166064814,KIND_WAR
RECONQUEST_WAR,1970445516,KIND_WAR
LIBERATION_WAR,-566258,KIND_WAR
DEFENSIVE_PACT,-82274681,KIND_WAR
JOINT_WAR,490727785,KIND_WAR
SUZERAIN_WAR,1348783716,KIND_WAR
PROTECTORATE_WAR,290135188,KIND_WAR
COLONIAL_WAR,567508968,KIND_WAR
TERRITORIAL_WAR,1167699519,KIND_WAR
YIELD_FOOD,619730924,KIND_YIELD
YIELD_PRODUCTION,-1155936758,KIND_YIELD
YIELD_GOLD,-1218354358,KIND_YIELD
YIELD_CULTURE,-348170776,KIND_YIELD
YIELD_SCIENCE,981596331,KIND_YIELD
YIELD_FAITH,2131725942,KIND_YIELD
PSEUDOYIELD_CIVIC,1634077636,KIND_PSEUDOYIELD
PSEUDOYIELD_CITY_BASE,441757351,KIND_PSEUDOYIELD
PSEUDOYIELD_CITY_DEFENSES,730434217,KIND_PSEUDOYIELD
PSEUDOYIELD_CITY_DEFENDING_UNITS,-963139951,KIND_PSEUDOYIELD
PSEUDOYIELD_CITY_ORIGINAL_CAPITAL,-796811398,KIND_PSEUDOYIELD
PSEUDOYIELD_CITY_POPULATION,1555039633,KIND_PSEUDOYIELD
PSEUDOYIELD_ENVIRONMENT,1697596423,KIND_PSEUDOYIELD
PSEUDOYIELD_DIPLOMATIC_BONUS,-1800675452,KIND_PSEUDOYIELD
PSEUDOYIELD_DISTRICT,860350300,KIND_PSEUDOYIELD
PSEUDOYIELD_GPP_GENERAL,297698359,KIND_PSEUDOYIELD
PSEUDOYIELD_GPP_ADMIRAL,-1270569024,KIND_PSEUDOYIELD
PSEUDOYIELD_GPP_ENGINEER,1393573807,KIND_PSEUDOYIELD
PSEUDOYIELD_GPP_MERCHANT,-1280544617,KIND_PSEUDOYIELD
PSEUDOYIELD_GPP_PROPHET,-1862082115,KIND_PSEUDOYIELD
PSEUDOYIELD_GPP_SCIENTIST,-1313188232,KIND_PSEUDOYIELD
PSEUDOYIELD_GPP_WRITER,1872172584,KIND_PSEUDOYIELD
PSEUDOYIELD_GPP_ARTIST,-110208979,KIND_PSEUDOYIELD
PSEUDOYIELD_GPP_MUSICIAN,-160033711,KIND_PSEUDOYIELD
PSEUDOYIELD_GREATWORK_SCULPTURE,1891262692,KIND_PSEUDOYIELD
PSEUDOYIELD_GREATWORK_PORTRAIT,1809759060,KIND_PSEUDOYIELD
PSEUDOYIELD_GREATWORK_LANDSCAPE,1796988088,KIND_PSEUDOYIELD
PSEUDOYIELD_GREATWORK_RELIGIOUS,-642583442,KIND_PSEUDOYIELD
PSEUDOYIELD_GREATWORK_ARTIFACT,-1233391741,KIND_PSEUDOYIELD
PSEUDOYIELD_GREATWORK_WRITING,-1469688827,KIND_PSEUDOYIELD
PSEUDOYIELD_GREATWORK_MUSIC,-374409167,KIND_PSEUDOYIELD
PSEUDOYIELD_GREATWORK_RELIC,1283279792,KIND_PSEUDOYIELD
PSEUDOYIELD_HAPPINESS,-837837309,KIND_PSEUDOYIELD
PSEUDOYIELD_CLEAR_BANDIT_CAMPS,-748378504,KIND_PSEUDOYIELD
PSEUDOYIELD_INFLUENCE,-1340324197,KIND_PSEUDOYIELD
PSEUDOYIELD_IMPROVEMENT,-2083936648,KIND_PSEUDOYIELD
PSEUDOYIELD_NUCLEAR_WEAPON,-1052476989,KIND_PSEUDOYIELD
PSEUDOYIELD_RESOURCE_LUXURY,872069318,KIND_PSEUDOYIELD
PSEUDOYIELD_SPACE_RACE,-1353775920,KIND_PSEUDOYIELD
PSEUDOYIELD_STANDING_ARMY_NUMBER,-7421221,KIND_PSEUDOYIELD
PSEUDOYIELD_STANDING_ARMY_VALUE,167926177,KIND_PSEUDOYIELD
PSEUDOYIELD_TECHNOLOGY,737458364,KIND_PSEUDOYIELD
PSEUDOYIELD_TOURISM,414250971,KIND_PSEUDOYIELD
PSEUDOYIELD_UNIT_ARCHAEOLOGIST,-129372667,KIND_PSEUDOYIELD
PSEUDOYIELD_UNIT_COMBAT,-155407401,KIND_PSEUDOYIELD
PSEUDOYIELD_UNIT_NAVAL_COMBAT,-1856842508,KIND_PSEUDOYIELD
PSEUDOYIELD_UNIT_AIR_COMBAT,1669449597,KIND_PSEUDOYIELD
PSEUDOYIELD_UNIT_EXPLORER,120216574,KIND_PSEUDOYIELD
PSEUDOYIELD_UNIT_SETTLER,417479007,KIND_PSEUDOYIELD
PSEUDOYIELD_UNIT_RELIGIOUS,-2106453749,KIND_PSEUDOYIELD
PSEUDOYIELD_UNIT_TRADE,756273834,KIND_PSEUDOYIELD
PSEUDOYIELD_UNIT_SPY,406391502,KIND_PSEUDOYIELD
PSEUDOYIELD_WONDER,-987386126,KIND_PSEUDOYIELD
COLLECTION_OWNER,68787000,KIND_COLLECTION
COLLECTION_ALL_ARTIFACT_EXTRACTIONS,-1304521058,KIND_COLLECTION
COLLECTION_ALL_CAPITAL_CITIES,-1017488858,KIND_COLLECTION
COLLECTION_ALL_CAPTURED_CITIES,471468264,KIND_COLLECTION
COLLECTION_ALL_PLAYERS,444591400,KIND_COLLECTION
COLLECTION_ALL_PLOT_YIELDS,-222659418,KIND_COLLECTION
COLLECTION_ALL_TEAMS,1628612411,KIND_COLLECTION
COLLECTION_ALL_UNIT_DEATHS,-1084706940,KIND_COLLECTION
COLLECTION_ALL_UNITS,509669674,KIND_COLLECTION
COLLECTION_CITY_PLOT_YIELDS,298985472,KIND_COLLECTION
COLLECTION_COMBAT_RESULTS,1177254916,KIND_COLLECTION
COLLECTION_MAJOR_OPPOSING_PLAYERS,2134996284,KIND_COLLECTION
COLLECTION_MAJOR_OPPOSING_TEAMS,-1641085274,KIND_COLLECTION
COLLECTION_MAJOR_PLAYERS,1180500521,KIND_COLLECTION
COLLECTION_MAJOR_TEAMS,-2139387019,KIND_COLLECTION
COLLECTION_OWNER_CITY,205693087,KIND_COLLECTION
COLLECTION_OWNER_PLAYER,33679887,KIND_COLLECTION
COLLECTION_OWNER_UNIT,-39670024,KIND_COLLECTION
COLLECTION_PLAYER_CAPITAL_CITY,701256264,KIND_COLLECTION
COLLECTION_PLAYER_COMBAT,-327288896,KIND_COLLECTION
COLLECTION_PLAYER_IMPROVEMENTS,-1727902190,KIND_COLLECTION
COLLECTION_PLAYER_PLOT_YIELDS,2045120596,KIND_COLLECTION
COLLECTION_PLAYER_UNITS,-1590587503,KIND_COLLECTION
COLLECTION_SINGLE_PLOT_YIELDS,655859320,KIND_COLLECTION
COLLECTION_TEAM_CAPITAL_CITIES,394118286,KIND_COLLECTION
COLLECTION_TEAM_CAPTURED_CITIES,-993852244,KIND_COLLECTION
COLLECTION_TEAM_PLAYERS,-803285649,KIND_COLLECTION
COLLECTION_TEAM_UNITS,1600443904,KIND_COLLECTION
COLLECTION_UNIT_COMBAT,-1966494364,KIND_COLLECTION
COLLECTION_ALL_CITIES,-461529527,KIND_COLLECTION
COLLECTION_ALL_DISTRICTS,331221330,KIND_COLLECTION
COLLECTION_ALLIANCE_CITIES,2031083392,KIND_COLLECTION
COLLECTION_ALLIANCE_COMBATS,994255685,KIND_COLLECTION
COLLECTION_ALLIANCE_DISTRICTS,-626406828,KIND_COLLECTION
COLLECTION_ALLIANCE_PLAYERS,-128260739,KIND_COLLECTION
COLLECTION_ALLIANCE_TRADEROUTES,-430638168,KIND_COLLECTION
COLLECTION_ALLIANCE_TRAINED_UNITS,966636011,KIND_COLLECTION
COLLECTION_ALLIANCE_UNITS,-1101621329,KIND_COLLECTION
COLLECTION_CITY_DISTRICTS,-1747607395,KIND_COLLECTION
COLLECTION_CITY_TRAINED_UNITS,-58763962,KIND_COLLECTION
COLLECTION_EMERGENCY_CAPITAL_CITIES,-98576113,KIND_COLLECTION
COLLECTION_EMERGENCY_CITIES,755130848,KIND_COLLECTION
COLLECTION_EMERGENCY_COMBATS,1990545315,KIND_COLLECTION
COLLECTION_EMERGENCY_DISTRICTS,-1769341269,KIND_COLLECTION
COLLECTION_EMERGENCY_PLAYERS,-1245935205,KIND_COLLECTION
COLLECTION_EMERGENCY_TRADE_ROUTES,1499102370,KIND_COLLECTION
COLLECTION_EMERGENCY_UNITS,1841290841,KIND_COLLECTION
COLLECTION_PLAYER_ALLIANCES,-1170536663,KIND_COLLECTION
COLLECTION_PLAYER_BUILT_CITIES,1790956623,KIND_COLLECTION
COLLECTION_PLAYER_CAPTURED_CITIES,501001328,KIND_COLLECTION
COLLECTION_PLAYER_CITIES,-1200511693,KIND_COLLECTION
COLLECTION_PLAYER_CITY_STATE_UNITS,-1746362300,KIND_COLLECTION
COLLECTION_PLAYER_DISTRICTS,2145142683,KIND_COLLECTION
COLLECTION_PLAYER_GOVERNORS,-669259237,KIND_COLLECTION
COLLECTION_PLAYER_TRAINED_UNITS,178920892,KIND_COLLECTION
COLLECTION_PLAYER_COMBAT_RESULTS,812340155,KIND_COLLECTION
COLLECTION_TEAM_CITIES,1065833400,KIND_COLLECTION
COLLECTION_TEAM_DISTRICTS,-2071682449,KIND_COLLECTION
COLLECTION_UNIT_NEAREST_OWNER_CITY,1718004108,KIND_COLLECTION
EFFECT_DO_NOTHING,-2129871338,KIND_EFFECT
EFFECT_ADJUST_CITY_HIT_POINTS,392464240,KIND_EFFECT
EFFECT_ADD_BELIEF,-7896466,KIND_EFFECT
EFFECT_ADD_CULTURE_BOMB_TRIGGER,260798205,KIND_EFFECT
EFFECT_ADD_DIPLO_VISIBILITY,-1923211059,KIND_EFFECT
EFFECT_ADD_EXPENDED_GREAT_PERSON_TILES,1754518112,KIND_EFFECT
EFFECT_ADD_PLAYER_BELIEF_YIELD,1128378830,KIND_EFFECT
EFFECT_ADD_PLAYER_PROJECT_AVAILABILITY,-130614307,KIND_EFFECT
EFFECT_ADD_RELIGIOUS_BELIEF_YIELD,-1735086576,KIND_EFFECT
EFFECT_ADD_RELIGIOUS_BUILDING,-1116887039,KIND_EFFECT
EFFECT_ADD_RELIGIOUS_BUILDING_MULTIPLIER,1008190864,KIND_EFFECT
EFFECT_ADD_RELIGIOUS_UNIT,-727415849,KIND_EFFECT
EFFECT_ADJUST_ACTIVE_BUILDING_PRODUCTION,1276073351,KIND_EFFECT
EFFECT_ADJUST_ADD_AMENITY_PER_ADJACENT_LUXURY,-906223519,KIND_EFFECT
EFFECT_ADJUST_ALL_DISTRICT_PRODUCTION_MODIFIER,-1968156262,KIND_EFFECT
EFFECT_ADJUST_ALL_DISTRICTS_PRODUCTION,1867767258,KIND_EFFECT
EFFECT_ADJUST_ALL_PROJECTS_PRODUCTION,-776343015,KIND_EFFECT
EFFECT_ADJUST_CITY_CULTURE_BORDER_EXPANSION,1073868223,KIND_EFFECT
EFFECT_ADJUST_BUILDING_HOUSING,476100580,KIND_EFFECT
EFFECT_ADJUST_BUILDING_PRODUCTION,969915884,KIND_EFFECT
EFFECT_ADJUST_BUILDING_PURCHASE_COST,-1333977243,KIND_EFFECT
EFFECT_ADJUST_BUILDING_SPREAD_CHARGES,1251621952,KIND_EFFECT
EFFECT_ADJUST_BUILDING_YIELD_MODIFIER,2082499899,KIND_EFFECT
EFFECT_ADJUST_CITIES_FRESHWATER_HOUSING_BONUS,-1293510040,KIND_EFFECT
EFFECT_ADJUST_CITIES_HAS_URBAN_DEFENSES,-1235662573,KIND_EFFECT
EFFECT_ADJUST_CITY_ALL_MILITARY_UNITS_PRODUCTION,-698913894,KIND_EFFECT
EFFECT_ADJUST_CITY_AMENITIES_FROM_CITY_STATES,-1571639924,KIND_EFFECT
EFFECT_ADJUST_CITY_AMENITIES_FROM_GREAT_PEOPLE,399210393,KIND_EFFECT
EFFECT_ADJUST_CITY_AMENITIES_FROM_RELIGION,352932015,KIND_EFFECT
EFFECT_ADJUST_CITY_APPEAL,-1895024016,KIND_EFFECT
EFFECT_ADJUST_CITY_CORPS_ARMY_PRODUCTION,51297518,KIND_EFFECT
EFFECT_ADJUST_CITY_ENTERTAINMENT_FROM_WONDER_ADJACENT_TO_LAKE,-1321485944,KIND_EFFECT
EFFECT_ADJUST_CITY_EXTRA_DISTRICTS,-884638241,KIND_EFFECT
EFFECT_ADJUST_CITY_GREATWORK_YIELD,-2139963636,KIND_EFFECT
EFFECT_ADJUST_CITY_GROWTH,76912855,KIND_EFFECT
EFFECT_ADJUST_CITY_HAPPINESS_GREAT_PERSON,1472646838,KIND_EFFECT
EFFECT_ADJUST_CITY_HAPPINESS_YIELD,1137748539,KIND_EFFECT
EFFECT_ADJUST_CITY_HOUSING_FROM_GREAT_PEOPLE,-891111966,KIND_EFFECT
EFFECT_ADJUST_CITY_HOUSING_FROM_GREAT_WORKS,-1255497076,KIND_EFFECT
EFFECT_ADJUST_CITY_INNER_DEFENSE,1679565219,KIND_EFFECT
EFFECT_ADJUST_CITY_OUTER_DEFENSE,-181785661,KIND_EFFECT
EFFECT_ADJUST_CITY_POPULATION,-703255465,KIND_EFFECT
EFFECT_ADJUST_CITY_PRODUCTION_BUILDING,823419250,KIND_EFFECT
EFFECT_ADJUST_CITY_PRODUCTION_DISTRICT,-507882463,KIND_EFFECT
EFFECT_ADJUST_CITY_PRODUCTION_UNIT,-658648442,KIND_EFFECT
EFFECT_ADJUST_CITY_PROPERTY,-1048064187,KIND_EFFECT
EFFECT_ADJUST_CITY_RANGED_STRIKE,1211070969,KIND_EFFECT
EFFECT_ADJUST_CITY_RELIGION_EXTRA_PROMOTIONS,-1128532256,KIND_EFFECT
EFFECT_ADJUST_CITY_RELIGION_ON_CAPTURE,-732393140,KIND_EFFECT
EFFECT_ADJUST_CITY_SPY_BONUS,-676189953,KIND_EFFECT
EFFECT_ADJUST_CITY_STATE_TRADE_ROUTE_DISTRICT_YIELD,901728439,KIND_EFFECT
EFFECT_ADJUST_CITY_STATE_TRADE_ROUTE_FLAT_YIELD,2107939571,KIND_EFFECT
EFFECT_ADJUST_CITY_TOURISM_LATE_ERAS,276109317,KIND_EFFECT
EFFECT_ADJUST_CITY_TRADE_ROUTE_YIELD_FOR_DOMESTIC,-664453995,KIND_EFFECT
EFFECT_ADJUST_CITY_TRADE_ROUTE_YIELD_FOR_INTERNATIONAL,7379832,KIND_EFFECT
EFFECT_ADJUST_CITY_TRADE_ROUTE_YIELD_PER_DESTINATION_LUXURY_RESOURCE_FOR_INTERNATIONAL,866573209,KIND_EFFECT
EFFECT_ADJUST_CITY_TRADE_ROUTE_YIELD_PER_DESTINATION_STRATEGIC_RESOURCE_FOR_DOMESTIC,2049410834,KIND_EFFECT
EFFECT_ADJUST_CITY_TRADE_ROUTE_YIELD_PER_DESTINATION_STRATEGIC_RESOURCE_FOR_INTERNATIONAL,652917156,KIND_EFFECT
EFFECT_ADJUST_CITY_TRADE_ROUTE_YIELD_PER_LOCAL_BONUS_RESOURCE_FOR_DOMESTIC,-1485879437,KIND_EFFECT
EFFECT_ADJUST_CITY_TRADE_ROUTE_YIELD_PER_LOCAL_BONUS_RESOURCE_FOR_INTERNATIONAL,-1091932555,KIND_EFFECT
EFFECT_ADJUST_CITY_TRADE_ROUTE_YIELD_PER_LOCAL_LUXURY_RESOURCE_FOR_INTERNATIONAL,-1980269751,KIND_EFFECT
EFFECT_ADJUST_CITY_TRADE_ROUTE_YIELD_PER_LOCAL_STRATEGIC_RESOURCE_FOR_INTERNATIONAL,419975589,KIND_EFFECT
EFFECT_ADJUST_CITY_YIELD_CHANGE,-314784918,KIND_EFFECT
EFFECT_ADJUST_CITY_YIELD_FROM_FOREIGN_TRADE_ROUTES_PASSING_THROUGH,214803717,KIND_EFFECT
EFFECT_ADJUST_CITY_YIELD_MODIFIER,376605085,KIND_EFFECT
EFFECT_ADJUST_CITY_YIELD_MODIFIER_FROM_FAITH,1299018052,KIND_EFFECT
EFFECT_ADJUST_CITY_YIELD_PER_DISTRICT,2090214023,KIND_EFFECT
EFFECT_ADJUST_CITY_YIELD_PER_MAJOR_TRADE_PARTNER,-408625963,KIND_EFFECT
EFFECT_ADJUST_CITY_YIELD_PER_TERRAIN_TYPE,222302350,KIND_EFFECT
EFFECT_ADJUST_CIVIC_BOOST,817256692,KIND_EFFECT
EFFECT_ADJUST_CORPS_ARMY_PREREQ,-716025120,KIND_EFFECT
EFFECT_ADJUST_CULTURE_BOMB_CONVERTS_CITY,1349812284,KIND_EFFECT
EFFECT_ADJUST_DIPLOMATIC_ACTION_PREFERENCE,1115160415,KIND_EFFECT
EFFECT_ADJUST_PLAYER_DISTRICT_AIR_SLOTS,-2117018571,KIND_EFFECT
EFFECT_ADJUST_DISTRICT_AMENITY,-946799277,KIND_EFFECT
EFFECT_ADJUST_DISTRICT_BASE_YIELD_CHANGE,-753813001,KIND_EFFECT
EFFECT_ADJUST_DISTRICT_EXTRA_ENTERTAINMENT,-1675277747,KIND_EFFECT
EFFECT_ADJUST_DISTRICT_EXTRA_REGIONAL_ENTERTAINMENT,2145201142,KIND_EFFECT
EFFECT_ADJUST_DISTRICT_EXTRA_REGIONAL_RANGE,-430128380,KIND_EFFECT
EFFECT_ADJUST_DISTRICT_EXTRA_REGIONAL_YIELD,-862004154,KIND_EFFECT
EFFECT_ADJUST_DISTRICT_HOUSING,-1754151181,KIND_EFFECT
EFFECT_ADJUST_DISTRICT_PRODUCTION,2083676375,KIND_EFFECT
EFFECT_ADJUST_DISTRICT_PROPERTY,1143673779,KIND_EFFECT
EFFECT_ADJUST_DISTRICT_TOURISM_ADJACENCY_YIELD_MOFIFIER,-1761499190,KIND_EFFECT
EFFECT_ADJUST_DISTRICT_TOURISM_CHANGE,-478935109,KIND_EFFECT
EFFECT_ADJUST_DISTRICT_WITHIN_ONE_HEX_ESPIONAGE_DEFENSE_BONUS,1471567115,KIND_EFFECT
EFFECT_ADJUST_DISTRICT_YIELD_BASED_ON_ADJACENCY_BONUS,-36923637,KIND_EFFECT
EFFECT_ADJUST_DISTRICT_YIELD_CHANGE,1438827023,KIND_EFFECT
EFFECT_ADJUST_DISTRICT_YIELD_MODIFIER,2046795287,KIND_EFFECT
EFFECT_ADJUST_DUPLICATE_FIRST_INFLUENCE_TOKEN,1074994997,KIND_EFFECT
EFFECT_ADJUST_DUPLICATE_INFLUENCE_TOKEN_WHEN_RIVAL_GOVERNMENT,-9892380,KIND_EFFECT
EFFECT_ADJUST_DUPLICATE_INFLUENCE_TOKEN_WHEN_TRADE_ROUTE_TO,2077328148,KIND_EFFECT
EFFECT_ADJUST_PLAYER_EMBARKED_UNIT_MOVEMENT,-694024417,KIND_EFFECT
EFFECT_ADJUST_UNIT_ESCAPE_BOOST,-1227558941,KIND_EFFECT
EFFECT_ADJUST_EXTRA_GREAT_WORK_SLOTS,-584867618,KIND_EFFECT
EFFECT_ADJUST_EXTRA_UNIT_COPY,880089445,KIND_EFFECT
EFFECT_ADJUST_EXTRA_UNIT_COPY_TAG,-1779247833,KIND_EFFECT
EFFECT_ADJUST_PLAYER_FAITH_PEACEFUL_FOUNDERS,419518143,KIND_EFFECT
EFFECT_ADJUST_FEATURE_APPEAL_MODIFIER,1452804700,KIND_EFFECT
EFFECT_ADJUST_FEATURE_PREREQ,-1901245913,KIND_EFFECT
EFFECT_ADJUST_FLAT_BONUS,1888456558,KIND_EFFECT
EFFECT_ADJUST_FOLLOWER_YIELD_MODIFIER,2067188835,KIND_EFFECT
EFFECT_ADJUST_FORBID_LAND_ROUTE,-1222565506,KIND_EFFECT
EFFECT_ADJUST_FREE_CIVIC_BOOST_FIRST_TRADING_POST_EACH_CIV,1653503233,KIND_EFFECT
EFFECT_ADJUST_FREE_CIVIC_BOOST_WONDER_ERA,-13563808,KIND_EFFECT
EFFECT_ADJUST_FREE_TECH_BOOST_FIRST_TRADING_POST_EACH_CIV,-325980191,KIND_EFFECT
EFFECT_ADJUST_FREE_TECH_BOOST_WONDER_ERA,-225678382,KIND_EFFECT
EFFECT_ADJUST_GAINS_ALL_FOLLOWER_BELIEFS,774296899,KIND_EFFECT
EFFECT_ADJUST_GAINS_FOUNDER_BELIEF_MAJORITY_RELIGION,1483294007,KIND_EFFECT
EFFECT_ADJUST_GAME_PROPERTY,-283424763,KIND_EFFECT
EFFECT_ADJUST_GOLD_DISPERSAL,1492466437,KIND_EFFECT
EFFECT_ADJUST_PLAYER_GOVERNMENT_SLOT_TYPE,1262820145,KIND_EFFECT
EFFECT_ADJUST_GREAT_PERSON_GUARANTEE,1907458508,KIND_EFFECT
EFFECT_ADJUST_GREAT_PERSON_PATRONAGE_DISCOUNT_PERCENT,-990798091,KIND_EFFECT
EFFECT_ADJUST_GREAT_PERSON_POINTS_PERCENT,-282792650,KIND_EFFECT
EFFECT_ADJUST_GREAT_PERSON_POINTS,782177764,KIND_EFFECT
EFFECT_ADJUST_GREAT_PERSON_POINTS_REFUND_PERCENT,-2143514534,KIND_EFFECT
EFFECT_ADJUST_HEAL_CHARGES,-1012170461,KIND_EFFECT
EFFECT_ADJUST_IMPROVEMENT_GOODY_HUT,1689594286,KIND_EFFECT
EFFECT_ADJUST_IMPROVEMENT_HOUSING,-194607707,KIND_EFFECT
EFFECT_ADJUST_IMPROVEMENT_PROPERTY,-968822735,KIND_EFFECT
EFFECT_ADJUST_INFLUENCE_POINTS_PER_TURN,-227560970,KIND_EFFECT
EFFECT_ADJUST_MULTIPLY_TREASURY,-1908556442,KIND_EFFECT
EFFECT_ADJUST_NO_FRESH_WATER_HOUSING,-1372397915,KIND_EFFECT
EFFECT_ADJUST_NUM_UNITS_SUPPORTED,-682455563,KIND_EFFECT
EFFECT_ADJUST_PLAYER_ALLIED_WAR_DISCOUNT,-1029212032,KIND_EFFECT
EFFECT_ADJUST_PLAYER_ALWAYS_FULL_RELIGIOUS_TOURISM,-1066023814,KIND_EFFECT
EFFECT_ADJUST_PLAYER_AUTO_THEMED_BUILDING,562895716,KIND_EFFECT
EFFECT_ADJUST_PLAYER_CITY_TILES,-1795803885,KIND_EFFECT
EFFECT_ADJUST_PLAYER_COUNTER_SPY_YIELD_AWARD_PER_LEVEL,-1341978486,KIND_EFFECT
EFFECT_ADJUST_PLAYER_EMBARK_UNIT_PASS,-12185671,KIND_EFFECT
EFFECT_ADJUST_PLAYER_ENFORCE_BORDERS,-975811244,KIND_EFFECT
EFFECT_ADJUST_PLAYER_FAITH_FROM_DISPERSAL,1177299481,KIND_EFFECT
EFFECT_ADJUST_PLAYER_FREE_GREAT_PERSON_POINTS,-31108676,KIND_EFFECT
EFFECT_ADJUST_PLAYER_FREE_RESOURCE_IMPORT,-257221838,KIND_EFFECT
EFFECT_ADJUST_FULL_ACCESS_ONE_STRATEGIC,-1479894996,KIND_EFFECT
EFFECT_ADJUST_PLAYER_GOLD_INTEREST_PERCENT,-1981807876,KIND_EFFECT
EFFECT_ADJUST_PLAYER_IMPROVED_ROUTE_LEVEL,1434072364,KIND_EFFECT
EFFECT_ADJUST_PLAYER_INTERNATIONAL_TRADE_ROUTE_YIELD_MODIFIER,-414921828,KIND_EFFECT
EFFECT_ADJUST_PLAYER_INTERNATIONAL_TRADE_ROUTE_YIELD_PER_IMPROVEMENT_IN_ORIGIN_CITY,1057032240,KIND_EFFECT
EFFECT_ADJUST_PLAYER_JOINTWAR_EXPERIENCE,-109584861,KIND_EFFECT
EFFECT_ADJUST_PLAYER_JOINTWAR_PLUNDER,-1656418483,KIND_EFFECT
EFFECT_ADJUST_PLAYER_LEVY_DISCOUNT_PERCENT,-1976270843,KIND_EFFECT
EFFECT_ADJUST_PLAYER_MAX_WARMONGER_PERCENT,378243815,KIND_EFFECT
EFFECT_ADJUST_PLAYER_NO_OCCUPATION_PENALTIES,1098803696,KIND_EFFECT
EFFECT_ADJUST_PLAYER_OPEN_BORDERS_FROM_INFLUENCE,-96577124,KIND_EFFECT
EFFECT_ADJUST_PLAYER_OTHER_GOVERNMENT_INTOLERANCE,271584911,KIND_EFFECT
EFFECT_ADJUST_OWNED_BONUS_RESOURCE_EXTRA_AMENITIES,-1890039140,KIND_EFFECT
EFFECT_ADJUST_OWNED_LUXURY_EXTRA_AMENITIES,1931204496,KIND_EFFECT
EFFECT_ADJUST_PLAYER_PROGRESS_DIFF_TRADE_BONUS,-2051947066,KIND_EFFECT
EFFECT_ADJUST_PLAYER_PROPERTY,-2039649054,KIND_EFFECT
EFFECT_ADJUST_PLAYER_RANDOM_CIVIC_BOOST_GOODY_HUT,-270646284,KIND_EFFECT
EFFECT_ADJUST_PLAYER_RANDOM_TECHNOLOGY_BOOST_GOODY_HUT,-1815335342,KIND_EFFECT
EFFECT_ADJUST_PLAYER_RELIGIOUS_TOURISM_REDUCTION,-289359947,KIND_EFFECT
EFFECT_ADJUST_PLAYER_SPY_BONUS,-1622674409,KIND_EFFECT
EFFECT_ADJUST_PLAYER_STEAL_TECH_BOOSTS,-655596078,KIND_EFFECT
EFFECT_ADJUST_PLAYER_STRENGTH_MODIFIER,-182349635,KIND_EFFECT
EFFECT_ADJUST_PLAYER_TARGET_CITY_SPY_YIELD_PERCENT,1096125355,KIND_EFFECT
EFFECT_ADJUST_PLAYER_TOKEN_ON_FIRST_MEETING,1143965242,KIND_EFFECT
EFFECT_ADJUST_PLAYER_TOKEN_ON_TRADE_ROUTE_STARTED,336316440,KIND_EFFECT
EFFECT_ADJUST_PLAYER_TOURISM,25830546,KIND_EFFECT
EFFECT_ADJUST_PLAYER_TRADE_ROUTE_DESTINATION_YIELD_FOR_ALLY_ROUTE,-1187994504,KIND_EFFECT
EFFECT_ADJUST_PLAYER_TRADE_ROUTE_DESTINATION_YIELD_FOR_SUZERAIN_ROUTE,-454751122,KIND_EFFECT
EFFECT_ADJUST_PLAYER_TRADE_ROUTE_ORIGIN_YIELD_FOR_ALLY_ROUTE,-1971791500,KIND_EFFECT
EFFECT_ADJUST_PLAYER_TRADE_ROUTE_ORIGIN_YIELD_FOR_SUZERAIN_ROUTE,1969941710,KIND_EFFECT
EFFECT_ADJUST_PLAYER_TRADE_ROUTE_TOURISM_MODIFIER,-971738801,KIND_EFFECT
EFFECT_ADJUST_PLAYER_TRADE_ROUTE_YIELD_PER_FOLLOWER,-351140964,KIND_EFFECT
EFFECT_ADJUST_PLAYER_TRADE_ROUTE_YIELD_PER_IMPROVEMENT_IN_TARGET_CITY,596296678,KIND_EFFECT
EFFECT_ADJUST_PLAYER_TRADE_ROUTE_YIELD_PER_PATH_TILE,1427783634,KIND_EFFECT
EFFECT_ADJUST_PLAYER_TRADE_ROUTE_YIELD_PER_POST_IN_FOREIGN_CITY,-793091196,KIND_EFFECT
EFFECT_ADJUST_PLAYER_TRADE_ROUTE_YIELD_PER_POST_IN_OWN_CITY,1764384345,KIND_EFFECT
EFFECT_ADJUST_PLAYER_UNIT_DISTRICT_PERCENT,-533892998,KIND_EFFECT
EFFECT_ADJUST_PLAYER_UNIT_UPGRADE_DISCOUNT_PERCENT,2069489619,KIND_EFFECT
EFFECT_ADJUST_PLAYER_UNIT_WONDER_PERCENT,1922062689,KIND_EFFECT
EFFECT_ADJUST_PLAYER_VALID_BUILDING,1128414965,KIND_EFFECT
EFFECT_ADJUST_PLAYER_VALID_IMPROVEMENT,-2007656866,KIND_EFFECT
EFFECT_ADJUST_PLAYER_VALID_UNIT_BUILD,-1455004456,KIND_EFFECT
EFFECT_ADJUST_PLAYER_WMD_COUNT,962414583,KIND_EFFECT
EFFECT_ADJUST_PLAYER_YIELD_CHANGE,-1432891718,KIND_EFFECT
EFFECT_ADJUST_PLAYER_YIELD_CHANGE_PER_GREAT_PERSON_CLASS_ON_RESOURCE,-950619800,KIND_EFFECT
EFFECT_ADJUST_PLAYER_YIELD_CHANGE_PER_TRIBUTARY,1516169079,KIND_EFFECT
EFFECT_ADJUST_PLAYER_YIELD_CHANGE_PER_USED_INFLUENCE_TOKEN,-893046588,KIND_EFFECT
EFFECT_ADJUST_PLAYER_YIELD_MODIFIER_PER_EARNED_GREAT_PERSON,-1265494019,KIND_EFFECT
EFFECT_ADJUST_PLAYER_YIELD_MODIFIER_PER_TRIBUTARY,517297816,KIND_EFFECT
EFFECT_ADJUST_PLOT_PURCHASE_COST,583025069,KIND_EFFECT
EFFECT_ADJUST_PLOT_YIELD,1768445570,KIND_EFFECT
EFFECT_ADJUST_POLICY_AMENITY,1422412958,KIND_EFFECT
EFFECT_ADJUST_POLICY_HOUSING,69826366,KIND_EFFECT
EFFECT_ADJUST_POPULATION_FROM_PLOT,2018241172,KIND_EFFECT
EFFECT_ENABLE_RELIGION_AWARDS_ENVOY,-861147613,KIND_EFFECT
EFFECT_ADJUST_RELIGION_BUILDING_DISCOUNT,-1426020777,KIND_EFFECT
EFFECT_ENABLE_RELIGION_AUTO_SPREAD,382125864,KIND_EFFECT
EFFECT_ADJUST_RELIGIOUS_COMBAT_LOSS,247688388,KIND_EFFECT
EFFECT_ADJUST_RELIGIOUS_SPREAD_DISTANCE,-1915540970,KIND_EFFECT
EFFECT_ADJUST_RELIGIOUS_SPREAD_STRENGTH,1207456079,KIND_EFFECT
EFFECT_ADJUST_RESOURCE_YIELD_BY_COUNT,-281486193,KIND_EFFECT
EFFECT_ADJUST_RIVER_DISTRICT_PRODUCTION,-1841233797,KIND_EFFECT
EFFECT_ADJUST_RIVER_WONDER_PRODUCTION,-1783867723,KIND_EFFECT
EFFECT_ADJUST_SPACE_RACE_PROJECTS_PRODUCTION,-1185741730,KIND_EFFECT
EFFECT_ADJUST_UNIT_SPY_ESTABLISH_TIME,1095768632,KIND_EFFECT
EFFECT_ADJUST_UNIT_SPY_OPERATION_CHANCE,-1432261115,KIND_EFFECT
EFFECT_ADJUST_UNIT_SPY_OPERATION_TIME,67953145,KIND_EFFECT
EFFECT_ADJUST_TECHNOLOGY_BOOST,-1729834399,KIND_EFFECT
EFFECT_ADJUST_TRADE_ROUTE_CAPACITY,-431256422,KIND_EFFECT
EFFECT_ADJUST_PLAYER_TRADE_ROUTE_CAPACITY_ON_MEETING,1405748344,KIND_EFFECT
EFFECT_ADJUST_TRADE_ROUTE_WATER_RANGE,-1938511333,KIND_EFFECT
EFFECT_ADJUST_TRADE_ROUTE_YIELD,-254886698,KIND_EFFECT
EFFECT_ADJUST_TRADE_ROUTE_YIELD_FOR_DOMESTIC,2135839444,KIND_EFFECT
EFFECT_ADJUST_TRADE_ROUTE_YIELD_FOR_INTERNATIONAL,1799678366,KIND_EFFECT
EFFECT_ADJUST_TRADE_ROUTE_YIELD_FROM_OTHERS,-590441981,KIND_EFFECT
EFFECT_ADJUST_TRADE_ROUTE_YIELD_PER_SPECIALTY_DISTRICT_FOR_DOMESTIC,1080367183,KIND_EFFECT
EFFECT_ADJUST_UNIT_ADVANCED_PILLAGING,-22276730,KIND_EFFECT
EFFECT_ADJUST_UNIT_ATTACK_AND_MOVE,-945035703,KIND_EFFECT
EFFECT_ADJUST_UNIT_ATTACK_EXPERIENCE_MODIFIER,1008337207,KIND_EFFECT
EFFECT_ADJUST_UNIT_ATTACK_RANGE,1047751482,KIND_EFFECT
EFFECT_ADJUST_UNIT_BARBARIAN_COMBAT,-711737448,KIND_EFFECT
EFFECT_ADJUST_UNIT_BUILD_CHARGES,114287922,KIND_EFFECT
EFFECT_ADJUST_UNIT_BYPASS_COMBAT_UNIT,-1436102823,KIND_EFFECT
EFFECT_ADJUST_UNIT_BYPASS_WALLS,2136768689,KIND_EFFECT
EFFECT_ADJUST_UNIT_CANNOT_ATTACK,1830227519,KIND_EFFECT
EFFECT_ADJUST_UNIT_CLEAR_TERRAIN_START_MOVEMENT,-578658340,KIND_EFFECT
EFFECT_ADJUST_UNIT_COMBAT_CAPTURE,-58849618,KIND_EFFECT
EFFECT_ADJUST_UNIT_COMBAT_STRENGTH,-559139291,KIND_EFFECT
EFFECT_ADJUST_UNIT_COMBAT_STRENGTH_FOR_ERA,1498904515,KIND_EFFECT
EFFECT_ADJUST_UNIT_CONVERTS_BARBARIANS,1928372254,KIND_EFFECT
EFFECT_ADJUST_UNIT_DAMAGE,1789429835,KIND_EFFECT
EFFECT_ADJUST_UNIT_DOMAIN_PRODUCTION,1705310343,KIND_EFFECT
EFFECT_ADJUST_UNIT_ENABLE_WALL_ATTACK,-733538842,KIND_EFFECT
EFFECT_ADJUST_UNIT_ENABLE_WALL_ATTACK_WHOLE_GAME_SAME_RELIGION,-1444242361,KIND_EFFECT
EFFECT_ADJUST_UNIT_ENABLE_WALL_ATTACK_WHOLE_GAME_SAME_RELIGION_PROMOTION_CLASS,-1377593813,KIND_EFFECT
EFFECT_ADJUST_UNIT_ENTER_FOREIGN_LANDS,-329454005,KIND_EFFECT
EFFECT_ADJUST_UNIT_ERA_STRENGTH_MODIFIER,74042717,KIND_EFFECT
EFFECT_ADJUST_UNIT_ESCORT_MOBILITY,-475717178,KIND_EFFECT
EFFECT_ADJUST_UNIT_EVICT_PERCENT,179370053,KIND_EFFECT
EFFECT_ADJUST_UNIT_EXERT_ZOC,1950476780,KIND_EFFECT
EFFECT_ADJUST_UNIT_EXPERIENCE_LEVEL,2000113300,KIND_EFFECT
EFFECT_ADJUST_UNIT_EXPERIENCE_MODIFIER,-671868115,KIND_EFFECT
EFFECT_ADJUST_UNIT_EXTRACT_SEA_ARTIFACTS,-402646023,KIND_EFFECT
EFFECT_ADJUST_UNIT_FLANKING_BONUS_MODIFIER,821607889,KIND_EFFECT
EFFECT_ADJUST_UNIT_FORCE_RETREAT,1732615911,KIND_EFFECT
EFFECT_ADJUST_UNIT_FOREIGN_SPREAD_MODIFIER,1751691288,KIND_EFFECT
EFFECT_ADJUST_UNIT_FRIENDLY_TERRITORY_COMBAT,-682564522,KIND_EFFECT
EFFECT_ADJUST_UNIT_FRIENDLY_TERRITORY_START_MOVEMENT,-647791353,KIND_EFFECT
EFFECT_ADJUST_UNIT_GRANT_EXPERIENCE,1186046791,KIND_EFFECT
EFFECT_ADJUST_GREAT_PEOPLE_POINTS_PER_KILL,-664150534,KIND_EFFECT
EFFECT_ADJUST_GREAT_PEOPLE_POINTS_PER_KILL_BY_DEFEATED_STRENGTH,1164594489,KIND_EFFECT
EFFECT_ADJUST_UNIT_GREAT_PERSON_CHARGES,127107667,KIND_EFFECT
EFFECT_ADJUST_UNIT_HEAL,-2145056955,KIND_EFFECT
EFFECT_ADJUST_UNIT_HEALING_MODIFIERS,-340771947,KIND_EFFECT
EFFECT_ADJUST_UNIT_HEALING_RELIGION_MODIFIERS,775561082,KIND_EFFECT
EFFECT_ADJUST_UNIT_HIDDEN_VISIBILITY,1227213611,KIND_EFFECT
EFFECT_ADJUST_UNIT_HOLY_CITIES_COMBAT_MODIFIER,25747144,KIND_EFFECT
EFFECT_ADJUST_UNIT_IGNORE_CLIFF_WALLS,831685076,KIND_EFFECT
EFFECT_ADJUST_UNIT_IGNORE_RESOURCE_MAINTENANCE,-674740837,KIND_EFFECT
EFFECT_ADJUST_UNIT_IGNORE_RIVERS,1252969027,KIND_EFFECT
EFFECT_ADJUST_UNIT_IGNORE_SHORES,-1922492128,KIND_EFFECT
EFFECT_ADJUST_UNIT_IGNORE_TERRAIN_COST,1874933351,KIND_EFFECT
EFFECT_ADJUST_UNIT_IGNORE_ZOC,162840957,KIND_EFFECT
EFFECT_ADJUST_UNIT_INITIATION_YIELD,180063639,KIND_EFFECT
EFFECT_ADJUST_UNIT_LAND_VICTORY_SPREAD,608369436,KIND_EFFECT
EFFECT_ADJUST_UNIT_MAINTENANCE_DISCOUNT,693694784,KIND_EFFECT
EFFECT_ADJUST_CITY_UNIT_MAX_LEVEL,-1504388376,KIND_EFFECT
EFFECT_ADJUST_UNIT_MILITARY_FORMATION,598617718,KIND_EFFECT
EFFECT_ADJUST_UNIT_MILITARY_POLICIES_COMBAT_MODIFIER,-879176960,KIND_EFFECT
EFFECT_ADJUST_UNIT_MOVE_AND_ATTACK,-1725066913,KIND_EFFECT
EFFECT_ADJUST_UNIT_MOVEMENT,1313789080,KIND_EFFECT
EFFECT_ADJUST_UNIT_NATURAL_WONDER_DEFERRED_CHARGES,593258098,KIND_EFFECT
EFFECT_ADJUST_UNIT_NEIGHBOR_COMBAT_MODIFIER,-315235578,KIND_EFFECT
EFFECT_ADJUST_UNIT_NO_BARB_XP_LIMIT,-2028614531,KIND_EFFECT
EFFECT_ADJUST_UNIT_NO_FOREIGN_SPREAD,212748798,KIND_EFFECT
EFFECT_ADJUST_UNIT_NO_REDUCTION_DAMAGE,-1392183586,KIND_EFFECT
EFFECT_ADJUST_UNIT_NUM_ATTACKS,1010709816,KIND_EFFECT
EFFECT_ADJUST_UNIT_OWNER,301801392,KIND_EFFECT
EFFECT_ADJUST_UNIT_PER_LUXURY_ATTACK_MODIFIER,-2038523647,KIND_EFFECT
EFFECT_ADJUST_UNIT_PLUNDER_YIELDS,-1393829495,KIND_EFFECT
EFFECT_ADJUST_UNIT_POST_COMBAT_HEAL,-1905153209,KIND_EFFECT
EFFECT_ADJUST_UNIT_PRODUCTION,-547349624,KIND_EFFECT
EFFECT_ADJUST_UNIT_PROMOTE_NO_FINISH_MOVES,-1430174545,KIND_EFFECT
EFFECT_ADJUST_UNIT_PROPERTY,828464561,KIND_EFFECT
EFFECT_ADJUST_UNIT_PURCHASE_COST,1100470633,KIND_EFFECT
EFFECT_ADJUST_UNIT_RAIDING,652668772,KIND_EFFECT
EFFECT_ADJUST_UNIT_RELIC_UPON_DEATH,-1204838882,KIND_EFFECT
EFFECT_ADJUST_UNIT_SEA_MOVEMENT,-44681340,KIND_EFFECT
EFFECT_ADJUST_UNIT_SEE_HIDDEN,1597603437,KIND_EFFECT
EFFECT_ADJUST_UNIT_SEE_THROUGH_FEATURES,-1725809164,KIND_EFFECT
EFFECT_ADJUST_UNIT_SEE_THROUGH_TERRAIN,-53647225,KIND_EFFECT
EFFECT_ADJUST_UNIT_SIGHT,1463264616,KIND_EFFECT
EFFECT_ADJUST_UNIT_SPREAD_CHARGES,1138596525,KIND_EFFECT
EFFECT_ADJUST_UNIT_STRENGTH_REDUCTION_FOR_DAMAGE_MODIFIER,1634979492,KIND_EFFECT
EFFECT_ADJUST_UNIT_SUPPORT_BONUS_MODIFIER,1079051147,KIND_EFFECT
EFFECT_ADJUST_UNIT_TAG_ERA_PRODUCTION,-546138674,KIND_EFFECT
EFFECT_ADJUST_UNIT_TRADE_ROUTE_PLUNDER_IMMUNITY,-1803577875,KIND_EFFECT
EFFECT_ADJUST_UNIT_UPGRADE_GOODY_HUT,1881311292,KIND_EFFECT
EFFECT_ADJUST_UNIT_WMD_PROTECTION,-1089408196,KIND_EFFECT
EFFECT_ADJUST_UNIT_WATER_DAMAGE_PROTECTION,-775378459,KIND_EFFECT
EFFECT_ADJUST_VALID_FEATURES_DISTRICTS,-893793535,KIND_EFFECT
EFFECT_ADJUST_VALID_FEATURES_WONDERS,1518838079,KIND_EFFECT
EFFECT_ADJUST_WAR_WEARINESS,1013939564,KIND_EFFECT
EFFECT_ADJUST_WATER_HOUSING,-2103103760,KIND_EFFECT
EFFECT_ADJUST_WONDER_ERA_PRODUCTION,-1823087686,KIND_EFFECT
EFFECT_ADJUST_WONDER_PRODUCTION,-1816992454,KIND_EFFECT
EFFECT_ADJUST_WONDER_YIELD_CHANGE,599840641,KIND_EFFECT
EFFECT_ADJUST_YIELD_BY_NUMBER_OF_RESOURCES,664762226,KIND_EFFECT
EFFECT_ADOPT_ALLY_FOUNDED_RELIGIONS,367172106,KIND_EFFECT
EFFECT_ASSIGN_CITY_PROPERTY,-580298083,KIND_EFFECT
EFFECT_ASSIGN_DISTRICT_PROPERTY,-1997571341,KIND_EFFECT
EFFECT_ASSIGN_GAME_PROPERTY,-201990691,KIND_EFFECT
EFFECT_ASSIGN_PLAYER_PROPERTY,1340692688,KIND_EFFECT
EFFECT_ASSIGN_UNIT_PROPERTY,764397673,KIND_EFFECT
EFFECT_ATTACH_MODIFIER,1910716874,KIND_EFFECT
EFFECT_BECOME_CITY_SUZERAIN,1085077999,KIND_EFFECT
EFFECT_ADJUST_BUILDING_FEATURE_YIELD_CHANGE,-660128012,KIND_EFFECT
EFFECT_CITY_GRANT_HERO,880782818,KIND_EFFECT
EFFECT_CITY_GRANT_RANDOM_RESOURCE_PRODUCT,-671031434,KIND_EFFECT
EFFECT_CITY_LEVY_UNITS_IN_TERRITORY,1876565093,KIND_EFFECT
EFFECT_CITY_REMOVE_OTHER_RELIGIONS,1241630983,KIND_EFFECT
EFFECT_DIPLOMACY_AGENDA_BULL_MOOSE,-2102516950,KIND_EFFECT
EFFECT_DIPLOMACY_AGENDA_ETHIOPIAN_HIGHLANDS,-1845433353,KIND_EFFECT
EFFECT_PLAYER_DIPLOMACY_AGENDA_COMPARE_ARMY_SIZE,-2045485513,KIND_EFFECT
EFFECT_DIPLOMACY_AGENDA_ARCHIPELAGIC_STATE,-1887518568,KIND_EFFECT
EFFECT_DIPLOMACY_AGENDA_AYYUBID_DYNASTY,-1034986913,KIND_EFFECT
EFFECT_DIPLOMACY_AGENDA_BLACK_QUEEN,-1663496660,KIND_EFFECT
EFFECT_DIPLOMACY_AGENDA_BUSHIDO,1939796368,KIND_EFFECT
EFFECT_DIPLOMACY_AGENDA_END_TO_SUFFERING,1351876724,KIND_EFFECT
EFFECT_DIPLOMACY_AGENDA_ENVIRONMENT,1886223606,KIND_EFFECT
EFFECT_DIPLOMACY_AGENDA_EXPLOITATIVE,1876765963,KIND_EFFECT
EFFECT_PLAYER_DIPLOMACY_AGENDA_DISTRICT_SPREAD,394101597,KIND_EFFECT
EFFECT_DIPLOMACY_AGENDA_KUBLAI_PAX,-67342303,KIND_EFFECT
EFFECT_DIPLOMACY_AGENDA_LAST_VIKING_KING,1891009838,KIND_EFFECT
EFFECT_DIPLOMACY_AGENDA_LORD_OF_MINES,226906500,KIND_EFFECT
EFFECT_DIPLOMACY_AGENDA_MAGNIFICENCES,370463149,KIND_EFFECT
EFFECT_DIPLOMACY_AGENDA_OPPORTUNIST,-2077062279,KIND_EFFECT
EFFECT_DIPLOMACY_AGENDA_OPTIMUS_PRINCEPS,743782384,KIND_EFFECT
EFFECT_DIPLOMACY_AGENDA_PARANOID,760661949,KIND_EFFECT
EFFECT_DIPLOMACY_AGENDA_PERPETUALLY_ON_GUARD,-885411366,KIND_EFFECT
EFFECT_DIPLOMACY_AGENDA_QUEEN_OF_NILE,-1587364460,KIND_EFFECT
EFFECT_DIPLOMACY_AGENDA_TRIEU_DEFENDER,-42117349,KIND_EFFECT
EFFECT_DIPLOMACY_AGENDA_TURTLER,753469056,KIND_EFFECT
EFFECT_DIPLOMACY_AGENDA_WITH_SHIELD_OR_ON_IT,-847154926,KIND_EFFECT
EFFECT_DIPLOMACY_AGENDA_ZEALOT,2071364758,KIND_EFFECT
EFFECT_DIPLOMACY_ARCHAEOLOGY,-431414178,KIND_EFFECT
EFFECT_DIPLOMACY_BROKEN_PROMISE,-1760527576,KIND_EFFECT
EFFECT_DIPLOMACY_CONVERT_CITY,463701704,KIND_EFFECT
EFFECT_DIPLOMACY_ESPIONAGE,2060886631,KIND_EFFECT
EFFECT_DIPLOMACY_FORCE_INCURSION,561803311,KIND_EFFECT
EFFECT_DIPLOMACY_GOVERNMENTS,440360555,KIND_EFFECT
EFFECT_DIPLOMACY_KEPT_PROMISE,-1621900159,KIND_EFFECT
EFFECT_DIPLOMACY_NO_PROMISE,-1836054027,KIND_EFFECT
EFFECT_DIPLOMACY_ONE_SIDED_TRADES,-1383805926,KIND_EFFECT
EFFECT_DIPLOMACY_SETTLED_CITIES,-837571647,KIND_EFFECT
EFFECT_DIPLOMACY_SIMPLE_EFFECT,1907965505,KIND_EFFECT
EFFECT_DIPLOMACY_THIRD_PARTY_EFFECTS,-2133949294,KIND_EFFECT
EFFECT_ENABLE_BUILDING_FAITH_PURCHASE,386594271,KIND_EFFECT
EFFECT_ENABLE_SPECIFIC_BUILDING_FAITH_PURCHASE,-2044089785,KIND_EFFECT
EFFECT_ENABLE_UNIT_FAITH_PURCHASE,345733973,KIND_EFFECT
EFFECT_EXPLORE_ENTIRE_MAP,1541591271,KIND_EFFECT
EFFECT_GRANT_ABILITY,-502491397,KIND_EFFECT
EFFECT_GRANT_AIR_SLOTS,-667484205,KIND_EFFECT
EFFECT_GRANT_ALL_TECHNOLOGY_BOOST_BY_ERA,1065460809,KIND_EFFECT
EFFECT_GRANT_CITY_OWNER_INFLUENCE_TOKEN_WONDER,1410601886,KIND_EFFECT
EFFECT_GRANT_CITY_ROAD_TO_CAPITAL,133500088,KIND_EFFECT
EFFECT_GRANT_CITY_TRADING_POST,1146077516,KIND_EFFECT
EFFECT_GRANT_CITY_YIELD_PERCENT_BUILDING_CREATED_COST,2081444556,KIND_EFFECT
EFFECT_GRANT_CITY_YIELD_PERCENT_UNIT_CREATED_COST,-1162705384,KIND_EFFECT
EFFECT_GRANT_COMBAT_ADJACENCY,-1297541674,KIND_EFFECT
EFFECT_GRANT_BUILDING_IN_CITY,-74859956,KIND_EFFECT
EFFECT_GRANT_BUILDING_IN_CITY_IGNORE,1279542722,KIND_EFFECT
EFFECT_GRANT_CHEAPEST_BUILDING_IN_CITY,1891792944,KIND_EFFECT
EFFECT_GRANT_FREE_ENVOYS_HERE,-308292065,KIND_EFFECT
EFFECT_GRANT_GREAT_PERSON_CLASS_IN_CITY,-707970058,KIND_EFFECT
EFFECT_GRANT_FREE_RESOURCE_FROM_UNIT_PLOT,1336998223,KIND_EFFECT
EFFECT_GRANT_FREE_RESOURCE_IN_CITY,-680725536,KIND_EFFECT
EFFECT_GRANT_FREE_RESOURCE_VISIBILITY,-1254657595,KIND_EFFECT
EFFECT_GRANT_UNIT_BY_CLASS,-1065003638,KIND_EFFECT
EFFECT_GRANT_UNIT_BY_DOMAIN,590740457,KIND_EFFECT
EFFECT_GRANT_UNIT_IN_CITY,-230257644,KIND_EFFECT
EFFECT_GRANT_FREE_UNIT_ON_PLOT,-503297993,KIND_EFFECT
EFFECT_GRANT_HEAL_AFTER_ACTION,-1666160054,KIND_EFFECT
EFFECT_GRANT_INFLUENCE_TOKEN,1331344711,KIND_EFFECT
EFFECT_GRANT_PLAYER_FAITH_FROM_HARVEST,-1574548980,KIND_EFFECT
EFFECT_GRANT_PLAYER_FAITH_FROM_REMOVE_FEATURE,-329513550,KIND_EFFECT
EFFECT_GRANT_PLAYER_RANDOM_CIVIC,55745176,KIND_EFFECT
EFFECT_GRANT_PLAYER_RANDOM_TECHNOLOGY,-1488824098,KIND_EFFECT
EFFECT_GRANT_PLAYER_RELIGIOUS_PRESSURE_GREAT_PERSON_ACTIVATED,-1737831519,KIND_EFFECT
EFFECT_GRANT_PLAYER_SPECIFIC_TECH_BOOST_GREAT_PERSON,-2093071705,KIND_EFFECT
EFFECT_GRANT_PLAYER_SPECIFIC_TECHNOLOGY,752910652,KIND_EFFECT
EFFECT_GRANT_PLAYER_YIELD_PERCENT_UNIT_COST,1959616957,KIND_EFFECT
EFFECT_GRANT_PLOT,1317506407,KIND_EFFECT
EFFECT_GRANT_PRODUCTION_IN_CITY,743989964,KIND_EFFECT
EFFECT_GRANT_PROMOTION,-196410368,KIND_EFFECT
EFFECT_GRANT_RANDOM_CIVIC_BOOST_BY_ERA,-525281989,KIND_EFFECT
EFFECT_GRANT_RANDOM_CIVIC_BOOST_ON_NEW_ERA,1256553031,KIND_EFFECT
EFFECT_GRANT_RANDOM_TECHNOLOGY_BOOST_BY_ERA,1419143011,KIND_EFFECT
EFFECT_GRANT_RANDOM_TECHNOLOGY_BOOST_ON_NEW_ERA,-1923841083,KIND_EFFECT
EFFECT_GRANT_RELIC,-961565197,KIND_EFFECT
EFFECT_GRANT_SPY,-1813289501,KIND_EFFECT
EFFECT_GRANT_STRENGTH_PER_ADJACENT_UNIT_TYPE,1334196347,KIND_EFFECT
EFFECT_GRANT_TOURISM_PER_EXCESS_LUXURIES,-1330751999,KIND_EFFECT
EFFECT_GRANT_UNIT_OF_CLASS_AND_APPLY_ABILITY,1618963231,KIND_EFFECT
EFFECT_GRANT_UNIT_YIELD_ADJACENT_FEATURES,-168358145,KIND_EFFECT
EFFECT_GRANT_UNIT_IN_EACH_DISTRICT,1548382209,KIND_EFFECT
EFFECT_GRANT_UNIT_YIELD_ADJACENT_NATURAL_WONDERS,-18751057,KIND_EFFECT
EFFECT_GRANT_UNIT_YIELD_ADJACENT_TERRAINS,-308811602,KIND_EFFECT
EFFECT_GRANT_UNIT_TYPE_UNLIMITED_PROMOTION_CHOICES,812572179,KIND_EFFECT
EFFECT_GRANT_UNIT_WITH_EXPERIENCE,-1006827375,KIND_EFFECT
EFFECT_GRANT_YIELD,392919347,KIND_EFFECT
EFFECT_GRANT_YIELD_BASED_ON_CURRENT_YIELD_RATE,1395770974,KIND_EFFECT
EFFECT_GRANT_YIELD_PER_EXCESS_LUXURIES,-1976918454,KIND_EFFECT
EFFECT_GRANT_YIELD_PER_FEATURE_IN_CITY,364578543,KIND_EFFECT
EFFECT_GRANT_YIELD_PER_GREAT_WORK_IN_CITY,-1877523651,KIND_EFFECT
EFFECT_GRANT_YIELD_PER_RESOURCE_IN_CITY,753370403,KIND_EFFECT
EFFECT_IMPROVEMENT_ADJACENCY,1680232723,KIND_EFFECT
EFFECT_MAP_REMOVE_CLIFFS_IN_DIRECTION,-2098076101,KIND_EFFECT
EFFECT_ADJUST_NATURAL_WONDER_RELIC,-1061422771,KIND_EFFECT
EFFECT_ADJUST_PLAYER_ADJUST_ENVOYS_NON_SPECIALTY,1488116885,KIND_EFFECT
EFFECT_ADJUST_PLAYER_FEAUTE_REQUIRED_FOR_SPECIALTY_DISTRICTS,-1689938389,KIND_EFFECT
EFFECT_ADJUST_PLAYER_FREE_BUILDING_WHEN_SPECIALTY_DISTRICT_CONSTRUCTED,-2070653512,KIND_EFFECT
EFFECT_ADJUST_PLAYER_FREE_BUILDING_WHEN_SPECIALTY_DISTRICT_CONSTRUCTED_EXCEPT,-1572679947,KIND_EFFECT
EFFECT_ADJUST_PLAYER_SPECIALTY_DISTRICT_CANNOT_BE_BUILT_ADJACENT_TO_CITY,-570947889,KIND_EFFECT
EFFECT_ADJUST_PLAYER_SPECIFIC_DISTRICT_GRANT_ENVOYS,509482276,KIND_EFFECT
EFFECT_PLAYER_ADJUST_YIELD_FROM_DELEGATIONS,-280804387,KIND_EFFECT
EFFECT_PLAYER_ADJUST_YIELD_FROM_EMBASSIES,-1772804721,KIND_EFFECT
EFFECT_PLAYER_DISCOVER_HERO,1787021363,KIND_EFFECT
EFFECT_ADJUST_PLAYER_DISTRICT_AND_BUILDINGS_CREATE_UNIT_WITH_ABILITY_BY_CLASS,1561986432,KIND_EFFECT
EFFECT_ADJUST_PLAYER_DISTRICT_CREATE_UNIT,1750195397,KIND_EFFECT
EFFECT_ADJUST_PLAYER_DISTRICT_CREATE_YIELD,1240553199,KIND_EFFECT
EFFECT_GRANT_RANDOM_BASE_PROMOTION,-1817302029,KIND_EFFECT
EFFECT_PURCHASE_PRODUCTION_IN_CITY,2080924651,KIND_EFFECT
EFFECT_RESTORE_UNIT_MOVEMENT,-2119177407,KIND_EFFECT
EFFECT_STEAL_POP_ON_PLOT_TO_CREATE_UNIT,1830630789,KIND_EFFECT
EFFECT_TREAT_CAPITAL_AS_HOLY_CITY,-1595995489,KIND_EFFECT
EFFECT_TRIGGER_GAME_MECHANIC,-1520499409,KIND_EFFECT
EFFECT_UNIT_TELEPORT,1462349876,KIND_EFFECT
EFFECT_UNIT_TRANSFER_CITY_AS_GIFT_AND_APPLY_MODIFIER,-809337657,KIND_EFFECT
EFFECT_ADD_DIPLOMATIC_ACTION_OVERRIDE,2134458964,KIND_EFFECT
EFFECT_ADD_DIPLOMATIC_COMBAT_MODIFIER,-200503317,KIND_EFFECT
EFFECT_ADD_DIPLOMATIC_MOVEMENT_MODIFIER,1342973872,KIND_EFFECT
EFFECT_ADD_DIPLOMATIC_YIELD_MODIFIER,-1152186974,KIND_EFFECT
EFFECT_ADD_PLAYER_UPGRADE_MILITARY_FORMATION_ON_CITY_CONQUEST,1846943711,KIND_EFFECT
EFFECT_ADJUST_ACCUMULATING_BONUS,647175955,KIND_EFFECT
EFFECT_ADJUST_ALL_BUILDING_PRODUCTION_MODIFIER,-504320866,KIND_EFFECT
EFFECT_ADJUST_ALL_BUILDINGS_PURCHASE_COST,151044597,KIND_EFFECT
EFFECT_ADJUST_ALL_UNIT_PRODUCTION_MODIFIER,-1600655161,KIND_EFFECT
EFFECT_ADJUST_ALLIANCE_PLAYER_STRENGTH_MODIFIER,1407840847,KIND_EFFECT
EFFECT_ADJUST_ATTACKER_STRENGTH_MODIFIER,-1853774741,KIND_EFFECT
EFFECT_ADJUST_BONUS_RATE,-1796418066,KIND_EFFECT
EFFECT_ADJUST_BUILDING_YIELD_CHANGE,-1861040477,KIND_EFFECT
EFFECT_ADJUST_BUILDING_YIELD_MODIFIERS_FOR_DISTRICT,748479230,KIND_EFFECT
EFFECT_ADJUST_CITY_AIR_DEFENSE_BONUS,-2070457577,KIND_EFFECT
EFFECT_ADJUST_CITY_ALL_YIELDS_CHANGE,-1059918277,KIND_EFFECT
EFFECT_ADJUST_CITY_ALLOWED_IMPROVEMENT,-1609590436,KIND_EFFECT
EFFECT_ADJUST_CITY_ALLOWED_INCOMING_REGIONAL_STACKING,1720587198,KIND_EFFECT
EFFECT_ADJUST_CITY_ALWAYS_LOYAL,869381602,KIND_EFFECT
EFFECT_ADJUST_CITY_AMENITIES_FROM_GOVERNORS,-1538928004,KIND_EFFECT
EFFECT_ADJUST_CITY_ATTACKS_PER_TURN,-2098755697,KIND_EFFECT
EFFECT_ADJUST_CITY_CAN_PURCHASE_DISTRICTS,-344338779,KIND_EFFECT
EFFECT_ADJUST_CITY_COMBAT_BONUS,537896380,KIND_EFFECT
EFFECT_ADJUST_CITY_GOLD_FROM_CITIZENS,1411645053,KIND_EFFECT
EFFECT_ADJUST_CITY_GREAT_PERSON_POINTS_MODIFIER,-204332187,KIND_EFFECT
EFFECT_ADJUST_CITY_HOUSING_PER_DISTRICT,33622604,KIND_EFFECT
EFFECT_ADJUST_CITY_IDENTITY_PER_CITIZEN,-1541196963,KIND_EFFECT
EFFECT_ADJUST_CITY_IDENTITY_PER_TURN,-1612672123,KIND_EFFECT
EFFECT_ADJUST_CITY_IDENTITY_PRESSURE,-323022890,KIND_EFFECT
EFFECT_ADJUST_CITY_IDENTITY_PRESSURE_FROM_AGES,639840367,KIND_EFFECT
EFFECT_ADJUST_CITY_IGNORE_STRATEGIC_RESOURCE_REQUIREMENTS,2101578896,KIND_EFFECT
EFFECT_ADJUST_CITY_RELIGION_IGNORE_COMBAT,-515754632,KIND_EFFECT
EFFECT_ADJUST_CITY_RELIGION_IGNORE_PRESSURE,-2125308180,KIND_EFFECT
EFFECT_ADJUST_CITY_RELIGION_PRESSURE,-1294221947,KIND_EFFECT
EFFECT_ADJUST_CITY_RELIGIOUS_COMBAT_BONUS,913227096,KIND_EFFECT
EFFECT_ADJUST_CITY_RELIGIOUS_HEAL,482213740,KIND_EFFECT
EFFECT_ADJUST_CITY_RESOURCE_HARVEST_BONUS,-1301373880,KIND_EFFECT
EFFECT_ADJUST_CITY_SETTLER_CONSUME_POP,-420145929,KIND_EFFECT
EFFECT_ADJUST_CITY_SIEGE_PROTECTION,-559941794,KIND_EFFECT
EFFECT_ADJUST_CITY_TOURISM,1508310140,KIND_EFFECT
EFFECT_ADJUST_CITY_YIELD_MODIFIER_PER_GOVERNOR_TITLE,-1696880458,KIND_EFFECT
EFFECT_ADJUST_CITY_YIELD_PER_POPULATION,-501469245,KIND_EFFECT
EFFECT_ADJUST_CORPS_ARMY_MODIFIED_STRENGTH,-1381124230,KIND_EFFECT
EFFECT_ADJUST_DEFENDER_STRENGTH_MODIFIER,-1186500851,KIND_EFFECT
EFFECT_ADJUST_DISABLE_HEALING,-85879588,KIND_EFFECT
EFFECT_ADJUST_DISABLE_INFLUENCE,-176455968,KIND_EFFECT
EFFECT_ADJUST_DISABLE_PATRONAGE,2009398385,KIND_EFFECT
EFFECT_ADJUST_DISABLE_SETTLING,-1506896720,KIND_EFFECT
EFFECT_ADJUST_DISTRICT_GREAT_PERSON_POINTS,-75171595,KIND_EFFECT
EFFECT_ADJUST_DISTRICT_YIELD_BASED_ON_APPEAL,-1005331383,KIND_EFFECT
EFFECT_ADJUST_DUPLICATE_INFLUENCE_TOKEN_WHEN_SAME_RELIGION,1552279365,KIND_EFFECT
EFFECT_ADJUST_EXTRA_STARTING_POPULATION_OFF_HOME_CONTINENT,852644370,KIND_EFFECT
EFFECT_ADJUST_GOVERNOR_IDENTITY_PRESSURE,1513377018,KIND_EFFECT
EFFECT_ADJUST_IMPROVEMENT_AMENITY,-1534607867,KIND_EFFECT
EFFECT_ADJUST_INQUISITION_START_CHARGES,-495121948,KIND_EFFECT
EFFECT_ADJUST_NEUTRALIZE_INDEFINITELY,-1675622439,KIND_EFFECT
EFFECT_ADJUST_ALLIANCE_POINTS_FOR_COMMON_ENEMY_MODIFIER,785208819,KIND_EFFECT
EFFECT_ADJUST_ALLIANCE_POINTS_FOR_MODIFIER,1058151544,KIND_EFFECT
EFFECT_ADJUST_ALLIANCE_POINTS_FOR_TRADE_MODIFIER,382392638,KIND_EFFECT
EFFECT_ADJUST_PLAYER_ALL_ALLIANCES_PROVIDE_SHARED_VIS,1013447153,KIND_EFFECT
EFFECT_ADJUST_PLAYER_ALWAYS_ALLOW_COMMEMORATION_QUEST_COUNT,1491392691,KIND_EFFECT
EFFECT_ADJUST_PLAYER_CULTURAL_IDENTITY_PRESSURE_RADIUS_FROM_CAPITAL,1319732832,KIND_EFFECT
EFFECT_ADJUST_PLAYER_ERA_SCORE_PER_PRIDE_MOMENT,-1004953366,KIND_EFFECT
EFFECT_ADJUST_PLAYER_ERA_SCORE_PER_AERODROME_BUILDING_CONSTRUCTED,1824982132,KIND_EFFECT
EFFECT_ADJUST_PLAYER_ERA_SCORE_PER_ARMY_KILLED,-267700902,KIND_EFFECT
EFFECT_ADJUST_PLAYER_ERA_SCORE_PER_ARTIFACT_EXTRACTED,1531610339,KIND_EFFECT
EFFECT_ADJUST_PLAYER_ERA_SCORE_PER_CITY_RELIGION_CONVERSION,1812708313,KIND_EFFECT
EFFECT_ADJUST_PLAYER_ERA_SCORE_PER_CIVIC_BOOST,2066884641,KIND_EFFECT
EFFECT_ADJUST_PLAYER_ERA_SCORE_PER_CONTINENT_DISCOVERED,199586390,KIND_EFFECT
EFFECT_ADJUST_PLAYER_ERA_SCORE_PER_CORPS_KILLED,1585234972,KIND_EFFECT
EFFECT_ADJUST_PLAYER_ERA_SCORE_PER_CULTURE_BUILDING_CONSTRUCTED,-1572464576,KIND_EFFECT
EFFECT_ADJUST_PLAYER_ERA_SCORE_PER_CURRENT_CIVIC,750970473,KIND_EFFECT
EFFECT_ADJUST_PLAYER_ERA_SCORE_PER_CURRENT_TECH,-1625382339,KIND_EFFECT
EFFECT_ADJUST_PLAYER_ERA_SCORE_PER_DISTRICT_CONSTRUCTED,-912632879,KIND_EFFECT
EFFECT_ADJUST_PLAYER_ERA_SCORE_PER_GREAT_PERSON_EARNED,-1657677535,KIND_EFFECT
EFFECT_ADJUST_PLAYER_ERA_SCORE_PER_INDUSTRIAL_BUILDING_CONSTRUCTED,1843709110,KIND_EFFECT
EFFECT_ADJUST_PLAYER_ERA_SCORE_PER_NATURAL_WONDER_DISCOVERED,1741166514,KIND_EFFECT
EFFECT_ADJUST_PLAYER_ERA_SCORE_PER_NON_BARBARIAN_UNIT_SEA_KILLED,-546227188,KIND_EFFECT
EFFECT_ADJUST_PLAYER_ERA_SCORE_PER_SCIENCE_BUILDING_CONSTRUCTED,72891928,KIND_EFFECT
EFFECT_ADJUST_PLAYER_ERA_SCORE_PER_SPY_SUCCESSFUL_MISSION,-154390403,KIND_EFFECT
EFFECT_ADJUST_PLAYER_ERA_SCORE_PER_TECH_BOOST,1416909584,KIND_EFFECT
EFFECT_ADJUST_PLAYER_ERA_SCORE_PER_TRADE_ROUTE_COMPLETED,1284755986,KIND_EFFECT
EFFECT_ADJUST_PLAYER_ERA_SCORE_PER_UNIT_PROMOTION_EARNED,390140244,KIND_EFFECT
EFFECT_ADJUST_PLAYER_TRADE_GAIN_TILES_EN_ROUTE,-1599626672,KIND_EFFECT
EFFECT_ADJUST_PLAYER_GOVERNOR_POINTS,-1859729090,KIND_EFFECT
EFFECT_ADJUST_PLAYER_IDENTITY_PER_TURN_FOR_DOMESTIC_TRADE_ROUTE_ORIGIN,-1289878352,KIND_EFFECT
EFFECT_ADJUST_PLAYER_IMMEDIATE_TRADING_POST,1482162518,KIND_EFFECT
EFFECT_ADJUST_PLAYER_LOYALTY_MARTIAL_LAW_MODIFIER,-175634903,KIND_EFFECT
EFFECT_ADJUST_PLAYER_POST_COMBAT_LOYALTY,25216901,KIND_EFFECT
EFFECT_ADJUST_PLAYER_POST_PILLAGE_LOYALTY,-262464017,KIND_EFFECT
EFFECT_ADJUST_PLAYER_TOURISM_FROM_NATIONAL_PARKS,884720558,KIND_EFFECT
EFFECT_ADJUST_PLAYER_TRADE_ROUTE_YIELD_MODIFIER,791126147,KIND_EFFECT
EFFECT_ADJUST_PLAYER_UNIT_PROJECT_PERCENT,1418727157,KIND_EFFECT
EFFECT_ADJUST_PLAYER_WARMONGER_MULTIPLIER,-264083885,KIND_EFFECT
EFFECT_ADJUST_PROJECT_PRODUCTION,113837866,KIND_EFFECT
EFFECT_ENABLE_RELIGION_AWARDS_ENVOY_RELIGIOUS_PRESSURE,1733156959,KIND_EFFECT
EFFECT_ADJUST_UNIT_SPY_OFFENSIVE_OPERATION_TIME,963655246,KIND_EFFECT
EFFECT_ADJUST_TRADE_ROUTE_YIELD_CHANGE,-1582783433,KIND_EFFECT
EFFECT_ADJUST_TRADE_ROUTE_YIELD_PER_SPECIALTY_DISTRICT_FOR_INTERNATIONAL,1442694395,KIND_EFFECT
EFFECT_ADJUST_TRADE_ROUTE_YIELD_TO_OTHERS,-737151448,KIND_EFFECT
EFFECT_ADJUST_TRAIT_AMENITY,-1567639777,KIND_EFFECT
EFFECT_ADJUST_UNIT_COMBAT_UNIT_CAPTURE,-189498576,KIND_EFFECT
EFFECT_ADJUST_UNIT_DIPLO_VISIBILITY_COMBAT_MODIFIER,1961826266,KIND_EFFECT
EFFECT_ADJUST_UNIT_DIRECT_LOYALTY_DAMAGE,724838128,KIND_EFFECT
EFFECT_ADJUST_UNIT_FAITH_ON_DISTRICT_PLUNDER,-1723269486,KIND_EFFECT
EFFECT_ADJUST_UNIT_FAITH_ON_IMPROVEMENT_PLUNDER,-1531308852,KIND_EFFECT
EFFECT_ADJUST_UNIT_PARADROP_ABILITY,433683392,KIND_EFFECT
EFFECT_ADJUST_UNIT_PILLAGE_DISTRICT_MODIFIER,909278323,KIND_EFFECT
EFFECT_ADJUST_UNIT_PILLAGE_IMPROVEMENT_MODIFIER,1967626807,KIND_EFFECT
EFFECT_ADJUST_UNIT_STRENGTH_FROM_CITY_CULTURAL_IDENTITY,360890741,KIND_EFFECT
EFFECT_ADJUST_UNIT_VALID_TERRAIN,411605840,KIND_EFFECT
EFFECT_ADJUST_PLAYER_WMD_MAINTENANCE_MODIFIER,-683886729,KIND_EFFECT
EFFECT_ALLIANCE_GRANT_SHARED_VIS,1735427829,KIND_EFFECT
EFFECT_ALLIANCE_CULTURE_SHARING,-782455756,KIND_EFFECT
EFFECT_ALLIANCE_ENVOY_POINTS_FROM_ALLY_TRIBUTARIES,-406754536,KIND_EFFECT
EFFECT_ALLIANCE_PRESSURE_FROM_NO_ALLY_RELIGION,456727585,KIND_EFFECT
EFFECT_ALLIANCE_RESEARCH_AGREEMENT,2095447278,KIND_EFFECT
EFFECT_ALLIANCE_SCIENCE_SHARING,-999817352,KIND_EFFECT
EFFECT_ALLIANCE_TOURISM_SHARING,-1763488658,KIND_EFFECT
EFFECT_ALLIANCE_YIELD_INCOME_FROM_ALLY_RELIGION,-1519904479,KIND_EFFECT
EFFECT_ALLIANCE_SHARE_SUZERAIN,1331594746,KIND_EFFECT
EFFECT_ATTACH_PERMANENT_MODIFIER_TO_ADJACENT_PLOT_UNITS,-1943456045,KIND_EFFECT
EFFECT_ATTACH_PERMANENT_MODIFIER_TO_PLOT_UNITS,-628801330,KIND_EFFECT
EFFECT_ATTACH_UNIT_MODIFIER,-1240900722,KIND_EFFECT
EFFECT_DIPLOMACY_CULTURAL_ID,2072361963,KIND_EFFECT
EFFECT_DIPLOMACY_AGENDA_HORN_CHEST_LOINS,-777328482,KIND_EFFECT
EFFECT_DIPLOMACY_AGENDA_SHORT_LIFE_GLORY,-1581515034,KIND_EFFECT
EFFECT_DIPLOMACY_BROKEN_PLEDGE,390711961,KIND_EFFECT
EFFECT_DIPLOMACY_KEPT_PLEDGE,969625300,KIND_EFFECT
EFFECT_DIPLOMACY_NO_PLEDGE,-1754528674,KIND_EFFECT
EFFECT_DIPLOMACY_RANDOM,228934082,KIND_EFFECT
EFFECT_DIPLOMACY_TRADE_RELATIONS,-1308515662,KIND_EFFECT
EFFECT_DISTRICT_ADJACENCY,378668991,KIND_EFFECT
EFFECT_FEATURE_ADJACENCY,2092339514,KIND_EFFECT
EFFECT_GOVERNOR_ADJUST_CITY_COPY_LUXURIES_FOR_IMPORT,-626371213,KIND_EFFECT
EFFECT_GOVERNOR_ADJUST_CITY_TOKENS_GRANTED,-248487496,KIND_EFFECT
EFFECT_GOVERNOR_ADJUST_CITY_TOKENS_GRANTED_MODIFIER,1008056625,KIND_EFFECT
EFFECT_GOVERNOR_ADJUST_IDENITITY_PER_TITLE,-297115200,KIND_EFFECT
EFFECT_GRANT_BOOST_WITH_GREAT_PERSON,1811956598,KIND_EFFECT
EFFECT_GRANT_CITY_LOYALTY,-1583268026,KIND_EFFECT
EFFECT_GRANT_IMPROVEMENT_ADJACENT_YIELDS,2085761898,KIND_EFFECT
EFFECT_GRANT_RELIGIOUS_PRESSURE_BURST,-69576342,KIND_EFFECT
EFFECT_KILL_EMERGENCY_TARGET_SPIES_IN_CITY,-742871917,KIND_EFFECT
EFFECT_ADJUST_PLAYER_UNIT_BUILD_DISABLED,-1502010674,KIND_EFFECT
EFFECT_REPLACE_PLAYER_GOVERNMENT_SLOT_TYPE,951742441,KIND_EFFECT
EFFECT_RIVER_ADJACENCY,-643928963,KIND_EFFECT
EFFECT_TERRAIN_ADJACENCY,940778746,KIND_EFFECT
EFFECT_TRADE_ROUTE_CANCEL,1771560593,KIND_EFFECT
EFFECT_TREAT_HOLY_SITE_AS_HOLY_CITY,-764399869,KIND_EFFECT
EFFECT_ACTIVATE_VOLCANOES,1893316648,KIND_EFFECT
EFFECT_ADD_PLAYER_FAVOR,-176614706,KIND_EFFECT
EFFECT_MOUNTAIN_PORTAL,-1121175890,KIND_EFFECT
EFFECT_ADD_PLAYER_SEQUESTERED_CARBON,1977488512,KIND_EFFECT
EFFECT_ADJUST_ADDITIONAL_PILLAGING,-1031162186,KIND_EFFECT
EFFECT_ADJUST_ADJACENT_CITY_RIVER_BUILDING_PRODUCTION,278177907,KIND_EFFECT
EFFECT_ADJUST_ADJACENT_CITY_RIVER_DISTRICT_PRODUCTION,1432974664,KIND_EFFECT
EFFECT_ADJUST_ADJACENT_LEVIED_UNIT_COMBAT_BONUS,1342395878,KIND_EFFECT
EFFECT_ADJUST_ALL_DISTRICTS_PURCHASE_COST,215954137,KIND_EFFECT
EFFECT_ADJUST_ALL_GREAT_WORKS_TOURISM_MODIFIER,-879129739,KIND_EFFECT
EFFECT_ADJUST_ALL_GREAT_WORKS_YIELDS_MODIFIER,-1552420547,KIND_EFFECT
EFFECT_ADJUST_ALL_UNITS_PURCHASE_COST,1143196892,KIND_EFFECT
EFFECT_ADJUST_RELIGION_ANYONE_CONDEMNS_FAVOR,1483077859,KIND_EFFECT
EFFECT_ADJUST_PLAYER_ANYONE_PLUNDER_FAVOR,2093602752,KIND_EFFECT
EFFECT_ADJUST_PLAYER_ANYONE_TRADE_TO_FAVOR,1689301719,KIND_EFFECT
EFFECT_ADJUST_AUTO_THEMED_BUILDINGS_WITH_X_SLOTS,1024433159,KIND_EFFECT
EFFECT_ADJUST_BANNED_DIPLOMATIC_ACTIONS,1540271986,KIND_EFFECT
EFFECT_ADJUST_BANNED_DIPLOMATIC_ACTIONS_SPECIFIC_CIVILIZATION,1781139117,KIND_EFFECT
EFFECT_ADJUST_PLAYER_BLOCK_UNIT_ENTRY,-982132758,KIND_EFFECT
EFFECT_ADJUST_UNIT_BOOST_ALL_SPIES,310744064,KIND_EFFECT
EFFECT_ADJUST_CO2_GENERATION_REDUCTION,-604351503,KIND_EFFECT
EFFECT_ADJUST_CAN_FAITH_PURCHASE_DISTRICTS,-561520752,KIND_EFFECT
EFFECT_ADJUST_RESOURCE_POWER_PROVIDED_GOVERNOR,928726251,KIND_EFFECT
EFFECT_ADJUST_CITY_ENTERTAINMENT,-1507706948,KIND_EFFECT
EFFECT_ADJUST_CITY_EXTRA_ACCUMULATION,142718188,KIND_EFFECT
EFFECT_ADJUST_CITY_EXTRA_ACCUMULATION_FOR_STRATEGIC_DIVERSITY,-1201427593,KIND_EFFECT
EFFECT_ADJUST_CITY_EXTRA_ACCUMULATION_SPECIFIC_RESOURCE,1622637362,KIND_EFFECT
EFFECT_ADJUST_CITY_EXTRA_AMENITY_FOR_LUXURY_DIVERSITY,-785961570,KIND_EFFECT
EFFECT_ADJUST_CITY_FREE_POWER,1428422521,KIND_EFFECT
EFFECT_ADJUST_CITY_FRIENDLY_COMBAT_BONUS,-55434262,KIND_EFFECT
EFFECT_ADJUST_CITY_GREEN_ENERGY_TOURISM,-1388290779,KIND_EFFECT
EFFECT_ADJUST_CITY_IMPROVEMENT_TOURISM,454444231,KIND_EFFECT
EFFECT_ADJUST_CITY_NATIONAL_PARK_TOURISM,588078632,KIND_EFFECT
EFFECT_ADJUST_CITY_POPULATION_UNIT_CREATED,997426880,KIND_EFFECT
EFFECT_ADJUST_CITY_PREVENT_BYPASS_OUTER_DEFENSES,-512838676,KIND_EFFECT
EFFECT_ADJUST_CITY_PREVENT_MELEE_ATTACK_OUTER_DEFENSES,-1889519164,KIND_EFFECT
EFFECT_ADJUST_CITY_REQUIRED_POWER,-1554529611,KIND_EFFECT
EFFECT_ADJUST_CITY_STRATEGIC_RESOURCE_REQUIREMENT_MODIFIER,2074481317,KIND_EFFECT
EFFECT_ADJUST_CITY_TOURISM_PER_FEATURE,1695202272,KIND_EFFECT
EFFECT_ADJUST_CITY_YIELD_FROM_POWERED_BUILDING,-1965317895,KIND_EFFECT
EFFECT_ADJUST_CITY_YIELD_PER_FLOOD,670232733,KIND_EFFECT
EFFECT_ADJUST_CITY_YIELD_PER_TERRAIN_CLASS_CITIES,-261897703,KIND_EFFECT
EFFECT_ADJUST_CITY_YIELD_PER_TERRAIN_CLASS_CITIES_IMPROVEMENT,-856038383,KIND_EFFECT
EFFECT_ADJUST_RELIGION_CONDEMN_PROHIBITED,-1191018334,KIND_EFFECT
EFFECT_DISTRICT_ADD_NAVAL_UNIT,1243567652,KIND_EFFECT
EFFECT_ADJUST_DISTRICT_ADJACENT_NATURAL_WONDER_PRODUCTION,-147720719,KIND_EFFECT
EFFECT_ADJUST_DISTRICT_ATTACK_RANGE,-997777081,KIND_EFFECT
EFFECT_ADJUST_DISTRICT_BUILDING_PRODUCTION,-321629955,KIND_EFFECT
EFFECT_ADJUST_DISTRICT_PREREQ,-1534273576,KIND_EFFECT
EFFECT_ADJUST_EXTRA_ACCUMALATION_TERRAIN,1028347041,KIND_EFFECT
EFFECT_ADJUST_EXTRA_HEAL_GOVERNOR,2121742254,KIND_EFFECT
EFFECT_ADJUST_FEATURE_NO_IMPROVEMENT_APPEAL_GOVERNOR,-1437925204,KIND_EFFECT
EFFECT_ADJUST_GAME_REALISM_SETTING,1855669763,KIND_EFFECT
EFFECT_ADJUST_GLOBAL_WMD_STOCKPILE,126743637,KIND_EFFECT
EFFECT_ADJUST_PLAYER_GOVERNMENT_SLOT_TYPE_GRANT_FAVOR,-1688148990,KIND_EFFECT
EFFECT_ADJUST_GOVERNMENT_SLOTS,-943595222,KIND_EFFECT
EFFECT_ADJUST_GOVERNOR_ALLIANCE_POINTS,1275130460,KIND_EFFECT
EFFECT_ADJUST_GOVERNOR_GRIEVENCE_SCORE,-924653843,KIND_EFFECT
EFFECT_ADJUST_PLAYER_GOVERNOR_FAVOR,-1428632523,KIND_EFFECT
EFFECT_ADJUST_GREAT_WORK_OBJECT_NO_TOURISM,-2140734784,KIND_EFFECT
EFFECT_ADJUST_GREAT_WORK_OBJECT_TOURISM_MODIFIER,1954451610,KIND_EFFECT
EFFECT_ADJUST_PLAYER_GRIEVANCE_DECAY,-437806918,KIND_EFFECT
EFFECT_ADJUST_PLAYER_GRIEVANCE_GENERATION,-72416658,KIND_EFFECT
EFFECT_ADJUST_IDENTITY_PER_TURN_FROM_NEARBY_GREAT_WORKS,-1292394624,KIND_EFFECT
EFFECT_ADJUST_IDENTITY_PER_TURN_FROM_NEARBY_WONDERS,-23370760,KIND_EFFECT
EFFECT_ADJUST_IGNORE_IDENTITY_PRESSURE,-1634259661,KIND_EFFECT
EFFECT_ADJUST_IMPROVEMENT_VALID_TERRAIN,1948103095,KIND_EFFECT
EFFECT_ADJUST_LOYALTY_FROM_GREAT_WORKS_CITIZENS,-1498652024,KIND_EFFECT
EFFECT_ADJUST_MODIFIED_FREE_POWER_IN_CITY,658941676,KIND_EFFECT
EFFECT_ADJUST_MOST_ADVANCED_STRATEGIC_RESOURCE_COUNT,1534599564,KIND_EFFECT
EFFECT_ADJUST_NATURAL_WONDER_AMENITY,1793266027,KIND_EFFECT
EFFECT_ADJUST_NO_GREAT_PERSON_POINTS,-1566838010,KIND_EFFECT
EFFECT_ADJUST_NUMBER_ALLIES_UNIT_COMBAT_BONUS,-956279676,KIND_EFFECT
EFFECT_ADJUST_PLAYER_ADD_CHOP_YIELD,-740456834,KIND_EFFECT
EFFECT_ADJUST_PLAYER_ALLIANCE_FAVOR_MULTIPLIER,769742077,KIND_EFFECT
EFFECT_ADJUST_PLAYER_ALWAYS_LOYAL_COASTAL_HOME_CONTINENT,-1273182994,KIND_EFFECT
EFFECT_ADJUST_PLAYER_BAN_CHOP,1140429527,KIND_EFFECT
EFFECT_ADJUST_PLAYER_BAN_CITY_PRODUCTION,-39109898,KIND_EFFECT
EFFECT_ADJUST_PLAYER_BAN_POLICY,800820459,KIND_EFFECT
EFFECT_ADJUST_PLAYER_BAN_RESOURCE,1725208881,KIND_EFFECT
EFFECT_ADJUST_PLAYER_BAN_UNIT_PRODUCTION_YIELD,-241681593,KIND_EFFECT
EFFECT_ADJUST_PLAYER_BID_COST_MODIFIER,221213035,KIND_EFFECT
EFFECT_ADJUST_PLAYER_BUFF_UNIT_PRODUCTION_YIELD,-467204192,KIND_EFFECT
EFFECT_ADJUST_PLAYER_BUILDING_FAVOR,310313277,KIND_EFFECT
EFFECT_ADJUST_PLAYER_CAPITAL,-854800342,KIND_EFFECT
EFFECT_ADJUST_PLAYER_DIPLOMATIC_VICTORY_POINTS,-378292712,KIND_EFFECT
EFFECT_ADJUST_PLAYER_EMERGENCY_FAVOR_MODIFIER,1601881886,KIND_EFFECT
EFFECT_ADJUST_PLAYER_ERA_SCORE_PER_NON_BARBARIAN_UNIT_KILLED_BY_GDR,-927060779,KIND_EFFECT
EFFECT_ADJUST_PLAYER_EXTRA_FAVOR_PER_TURN,920499849,KIND_EFFECT
EFFECT_ADJUST_PLAYER_FAVOR_REFUND_FOR_SUCCESSFUL_RESOLUTION,-655746435,KIND_EFFECT
EFFECT_ADJUST_PLAYER_FREE_RESOURCE_IMPORT_EXTRACTION,257780164,KIND_EFFECT
EFFECT_ADJUST_PLAYER_GREATPERSON_FAVOR_MODIFIER,111619389,KIND_EFFECT
EFFECT_ADJUST_PLAYER_HEALING_FROM_DISPERSAL,-1658714247,KIND_EFFECT
EFFECT_ADJUST_PLAYER_LEVIED_UNIT_UPGRADE_DISCOUNT_PERCENT,3805383,KIND_EFFECT
EFFECT_ADJUST_PLAYER_NO_CAP_RESOURCE,-1764683165,KIND_EFFECT
EFFECT_ADJUST_PLAYER_OVERALL_TOURISM_REDUCTION,2084105203,KIND_EFFECT
EFFECT_ADJUST_PLAYER_POLICY_FAVOR,-1844974264,KIND_EFFECT
EFFECT_ADJUST_PLAYER_PREVENT_HARVEST_RESOURCE,-511602605,KIND_EFFECT
EFFECT_ADJUST_PLAYER_RANDOM_EVENT_AVOID,173855054,KIND_EFFECT
EFFECT_ADJUST_PLAYER_RESOURCE_ACCUMULATION_MODIFIER,620217864,KIND_EFFECT
EFFECT_ADJUST_PLAYER_RESOURCE_STOCKPILE_CAP,-1855206409,KIND_EFFECT
EFFECT_ADJUST_PLAYER_ROCK_BAND_UNIT_ALBUM_SALES,-560987134,KIND_EFFECT
EFFECT_ADJUST_PLAYER_SCIENCE_VICTORY_POINTS,-1338874705,KIND_EFFECT
EFFECT_ADJUST_PLAYER_SCIENCE_VICTORY_POINTS_PER_TURN,1753265604,KIND_EFFECT
EFFECT_ADJUST_PLAYER_SEND_INFLUENCE_TOKEN_FAVOR_BY_BONUS_TYPE,-1858476905,KIND_EFFECT
EFFECT_ADJUST_PLAYER_SEND_TRADE_ROUTE_FAVOR_BY_BONUS_TYPE,-206560508,KIND_EFFECT
EFFECT_ADJUST_PLAYER_SKIP_FREE_CITY_STEP,-2025733739,KIND_EFFECT
EFFECT_ADJUST_PLAYER_SUZERAIN_BONUS_DISABLED,-1320512237,KIND_EFFECT
EFFECT_ADJUST_PLAYER_SUZERAIN_FAVOR_BY_BONUS_TYPE,563975488,KIND_EFFECT
EFFECT_ADJUST_PLAYER_SUZERAIN_FAVOR_MULTIPLIER,204388968,KIND_EFFECT
EFFECT_ADJUST_PLAYER_TERRAIN_WORK_IMPASSABLE_MODIFIER,1605918537,KIND_EFFECT
EFFECT_ADJUST_PLAYER_TOURISM_FAVOR,1958681447,KIND_EFFECT
EFFECT_ADJUST_PLAYER_TRADE_ROUTE_BY_CITY_STATE_BONUS_TYPE_MODIFIER,396276033,KIND_EFFECT
EFFECT_ADJUST_PLAYER_TRADE_ROUTE_RELIGIOUS_PRESSURE,-597458829,KIND_EFFECT
EFFECT_ADJUST_PLAYER_TRADE_ROUTE_YIELD_PER_TERRAIN_FOR_DOMESTIC,380159611,KIND_EFFECT
EFFECT_ADJUST_PLAYER_TRADE_ROUTE_YIELD_PER_TERRAIN_FOR_INTERNATIONAL,-1304302634,KIND_EFFECT
EFFECT_ADJUST_PLAYER_UNIT_UPGRADE_RESOURCE_COST_DISCOUNT,1942493445,KIND_EFFECT
EFFECT_ADJUST_PLOT_PURCHASE_COST_TERRAIN,-1618706945,KIND_EFFECT
EFFECT_ADJUST_POPULATION_AFTER_CONQUEST,-216218142,KIND_EFFECT
EFFECT_ADJUST_PREVENT_STRUCTURAL_DAMAGE,-1640151211,KIND_EFFECT
EFFECT_ADJUST_RANDOM_EVENT_MODIFIED_DAMAGE_OPPOSING_PLAYER,1671868006,KIND_EFFECT
EFFECT_ADJUST_RANDOM_EVENT_NO_UNIT_DAMAGE,644325856,KIND_EFFECT
EFFECT_ADJUST_RELIGION_AMENITIES_FOR_MINIMUM_FOLLOWERS,995803281,KIND_EFFECT
EFFECT_ADJUST_UNIT_ROCK_BAND_LEVEL_DISTRICT,1951243794,KIND_EFFECT
EFFECT_ADJUST_UNIT_ROCK_BAND_LEVEL_IMPROVEMENT,-404411052,KIND_EFFECT
EFFECT_ADJUST_UNIT_ROCK_BAND_LEVEL_NATIONAL_PARK,-179055242,KIND_EFFECT
EFFECT_ADJUST_UNIT_ROCK_BAND_LEVEL_NATURAL_WONDER,-2006395097,KIND_EFFECT
EFFECT_ADJUST_UNIT_ROCK_BAND_TOURISM_BOMB_VALUE_PEACE,-2139298009,KIND_EFFECT
EFFECT_SETTLED_FOREIGN_CONTINENT_UNIT_CLASS,-1840274352,KIND_EFFECT
EFFECT_ADJUST_UNIT_SPY_COUNTERSPY_ADJACENT_LEVEL_BOOST,388571134,KIND_EFFECT
EFFECT_ADJUST_UNIT_SPY_COUNTERSPY_ENTIRE_CITY,-1440309390,KIND_EFFECT
EFFECT_ADJUST_TERRAIN_YIELD_FROM_ADJACENT_IMPROVEMENTS,-1913893184,KIND_EFFECT
EFFECT_ADJUST_UNIT_TOURISM_BOMB_CONVERT_CITY,898774574,KIND_EFFECT
EFFECT_ADJUST_UNIT_TOURISM_BOMB_DISTRICT,939205672,KIND_EFFECT
EFFECT_ADJUST_UNIT_TOURISM_BOMB_NATIONAL_PARK,1988773323,KIND_EFFECT
EFFECT_ADJUST_UNIT_TOURISM_BOMB_NATURAL_WONDER,1027326342,KIND_EFFECT
EFFECT_ADJUST_UNIT_TOURISM_BOMB_RANGE,1863301320,KIND_EFFECT
EFFECT_ADJUST_UNIT_TOURISM_BOMB_IMPROVEMENT,-231662118,KIND_EFFECT
EFFECT_ADJUST_UNIT_ADVANCED_COASTAL_RAID,76187951,KIND_EFFECT
EFFECT_ADJUST_UNIT_AGAINST_DISTRICT_COMBAT_BONUS,1347157140,KIND_EFFECT
EFFECT_ADJUST_UNIT_ANTI_AIR_STRENGTH,1078216180,KIND_EFFECT
EFFECT_ADJUST_UNIT_BYPASS_WALLS_PROMOTION_CLASS,-1524843822,KIND_EFFECT
EFFECT_ADJUST_UNIT_DISASTER_CHARGES,-544674703,KIND_EFFECT
EFFECT_ADJUST_UNIT_ENABLE_WALL_ATTACK_PROMOTION_CLASS,1955171708,KIND_EFFECT
EFFECT_ADJUST_UNIT_ENABLE_WALL_ATTACK_WHOLE_GAME,1096625921,KIND_EFFECT
EFFECT_ADJUST_UNIT_ENABLE_WALL_ATTACK_WHOLE_GAME_PROMOTION_CLASS,-89972844,KIND_EFFECT
EFFECT_ADJUST_UNIT_ENEMY_TERRITORY_START_MOVEMENT,499180449,KIND_EFFECT
EFFECT_ADJUST_UNIT_FIGHT_WHILE_EMBARKED,-406222164,KIND_EFFECT
EFFECT_ADJUST_UNIT_IGNORE_RANGED_VS_DISTRICT_PENALTY,-573625488,KIND_EFFECT
EFFECT_ADJUST_UNIT_IGNORE_STRATEGIC_RESOURCE_LEVIED,-1281755908,KIND_EFFECT
EFFECT_ADJUST_UNIT_INITIATION_YIELD_POPULATION,255645773,KIND_EFFECT
EFFECT_ADJUST_UNIT_JUMP_ABILITY,1270412189,KIND_EFFECT
EFFECT_ADJUST_UNIT_PER_UNUSED_MOVEMENT_COMBAT_BONUS,1318210444,KIND_EFFECT
EFFECT_ADJUST_UNIT_POST_COMBAT_YIELD,-1982297785,KIND_EFFECT
EFFECT_ADJUST_UNIT_POST_TOURISM_BOMB_LOYALTY,-1052064188,KIND_EFFECT
EFFECT_ADJUST_UNITS_RELIGIOUS_STRENGTH_BY_RELIGION_TYPE,-124399284,KIND_EFFECT
EFFECT_ADJUST_WONDER_ADJACENT_NATURAL_WONDER_PRODUCTION,-1703575074,KIND_EFFECT
EFFECT_ADJUST_UNIT_YIELD_PER_TOURISM_BOMB,-1109920888,KIND_EFFECT
EFFECT_ADJUST_ALL_DISTRICTS_CULTURE_BOMB,1590802474,KIND_EFFECT
EFFECT_ATTACH_MODIFIER_IF_PROMOTION_CLASS_MATCHES,-881471323,KIND_EFFECT
EFFECT_ATTACH_MODIFIER_TO_MINORCIVBONUSTYPE,1652063976,KIND_EFFECT
EFFECT_ATTACH_MODIFIER_TO_PLAYERTYPE,-718659534,KIND_EFFECT
EFFECT_CHANGE_UNIT_OPERATION_AVAILABILITY,2032086236,KIND_EFFECT
EFFECT_CITY_RECOMMISSION_REACTOR,1503441973,KIND_EFFECT
EFFECT_DIPLOMACY_AGENDA_SIMON_BOLIVAR,-1199234294,KIND_EFFECT
EFFECT_DIPLOMACY_AGENDA_ANGEVIN_EMPIRE,919149908,KIND_EFFECT
EFFECT_DIPLOMACY_AGENDA_CANADIAN_EXPEDITIONARY,-2007295729,KIND_EFFECT
EFFECT_DIPLOMACY_AGENDA_FLAT_EARTHER,-173618870,KIND_EFFECT
EFFECT_DIPLOMACY_AGENDA_HORSE_LORD,-1878917356,KIND_EFFECT
EFFECT_DIPLOMACY_AGENDA_KAITIAKITANGA,612246012,KIND_EFFECT
EFFECT_DIPLOMACY_AGENDA_LAWGIVER,261021137,KIND_EFFECT
EFFECT_DIPLOMACY_AGENDA_PATRON_OF_ARTS,-1196013217,KIND_EFFECT
EFFECT_DIPLOMACY_AGENDA_RAVEN_BANNER,-1498990355,KIND_EFFECT
EFFECT_DIPLOMACY_NEW_WARMONGER,1770577694,KIND_EFFECT
EFFECT_DIPLOMACY_TENSION,-415798160,KIND_EFFECT
EFFECT_DIPLOMACY_THIRD_PARTY_WARMONGER,-1216107265,KIND_EFFECT
EFFECT_DISABLE_PLAYER_GRIEVANCE_DECAY,-1845108655,KIND_EFFECT
EFFECT_GRANT_FOUND_FOREIGN_CITY_TRADE_ROUTE_CAPACITY,-1034441824,KIND_EFFECT
EFFECT_GRANT_GOLDEN_AGE_TRADE_ROUTE_CAPACITY,234945473,KIND_EFFECT
EFFECT_GOVERNOR_ADJUST_CITY_COPY_STRATEGICS_FOR_IMPORT,2122579137,KIND_EFFECT
EFFECT_GRANT_FREE_RESOURCE_EXTRACTED,-444710873,KIND_EFFECT
EFFECT_GRANT_INFLUENCE_TOKEN_LEVY_MILITARY,1782736122,KIND_EFFECT
EFFECT_GRANT_PLAYER_FREE_RESOURCE_EXTRACTED,-655369925,KIND_EFFECT
EFFECT_GRANT_ROUTE_IN_RADIUS,7697455,KIND_EFFECT
EFFECT_ADJUST_CITY_NO_CULTURE_BORDER_EXPANSION,-325071840,KIND_EFFECT
EFFECT_PLAYER_ADJUST_FAVOR_FROM_DELEGATIONS,1933219953,KIND_EFFECT
EFFECT_PLAYER_ADJUST_FAVOR_FROM_EMBASSIES,564424330,KIND_EFFECT
EFFECT_PLAYER_SEND_GOLD_TO_EMERGENCIES_OF_TYPE,1957605930,KIND_EFFECT
EFFECT_TRADE_ROUTE_DISABLE,-1625968435,KIND_EFFECT
REQUIREMENT_PLOT_IMPROVED_RESOURCE_CLASS_TYPE_MATCHES,-1027983348,KIND_REQUIREMENT
REQUIREMENT_ALWAYS_MET,-250675431,KIND_REQUIREMENT
REQUIREMENT_COLLECTION_ALL_MET,1042310278,KIND_REQUIREMENT
REQUIREMENT_COLLECTION_ANY_MET,-605495937,KIND_REQUIREMENT
REQUIREMENT_COLLECTION_COUNT_ATLEAST,-764840124,KIND_REQUIREMENT
REQUIREMENT_COLLECTION_COUNT_EQUALS,-1472873840,KIND_REQUIREMENT
REQUIREMENT_COLLECTION_COUNT_GREATERTHAN,2040602909,KIND_REQUIREMENT
REQUIREMENT_MET,1765958823,KIND_REQUIREMENT
REQUIREMENT_NEVER_MET,-1480551024,KIND_REQUIREMENT
REQUIREMENT_NOT_MET,-216752118,KIND_REQUIREMENT
REQUIREMENT_ALLY,-1653571311,KIND_REQUIREMENT
REQUIREMENT_ATTACKER_PLOT_IMPROVEMENT_DEFENSE_STRENGTH,146426999,KIND_REQUIREMENT
REQUIREMENT_ATTACKER_PLOT_IMPROVEMENT_TYPE_MATCHES,-2016250998,KIND_REQUIREMENT
REQUIREMENT_CITY_FOLLOWS_PANTHEON,-1383081325,KIND_REQUIREMENT
REQUIREMENT_CITY_FOLLOWS_RELIGION,-1624972553,KIND_REQUIREMENT
REQUIREMENT_CITY_HAS_ANY_WONDER,-1780445171,KIND_REQUIREMENT
REQUIREMENT_CITY_HAS_BUILDING,-806394085,KIND_REQUIREMENT
REQUIREMENT_CITY_HAS_COUNTERSPY,2140003847,KIND_REQUIREMENT
REQUIREMENT_CITY_HAS_FEATURE,615926557,KIND_REQUIREMENT
REQUIREMENT_CITY_HAS_NATIONAL_PARK,880285866,KIND_REQUIREMENT
REQUIREMENT_CITY_HAS_RESOURCE_TYPE_IMPROVED,-667386348,KIND_REQUIREMENT
REQUIREMENT_CITY_IS_ORIGINAL_CAPITAL,-204640128,KIND_REQUIREMENT
REQUIREMENT_CITY_IS_OWNER_CAPITAL_CONTINENT,62574967,KIND_REQUIREMENT
REQUIREMENT_CITY_IS_PRODUCING_PROJECT,257637608,KIND_REQUIREMENT
REQUIREMENT_CITY_LOCATION_MATCHES,-431915184,KIND_REQUIREMENT
REQUIREMENT_CITY_IS_ORIGINAL_OWNER,1408648643,KIND_REQUIREMENT
REQUIREMENT_CITY_TRANSFER_TYPE_MATCHES,-60550071,KIND_REQUIREMENT
REQUIREMENT_CIVILIZATION_LEVEL,-136771689,KIND_REQUIREMENT
REQUIREMENT_COMBAT_OTHER_PLAYER_IS_HUMAN,1634676115,KIND_REQUIREMENT
REQUIREMENT_COMBAT_RESULTS_ATTACKING_UNIT_HAS_TAG,-435873782,KIND_REQUIREMENT
REQUIREMENT_COMBAT_RESULTS_DEFENDER_IS_DISTRICT,-1398156264,KIND_REQUIREMENT
REQUIREMENT_COMBAT_TYPE_MATCHES,1422008711,KIND_REQUIREMENT
REQUIREMENT_CULTURE_BOMBED,1274064765,KIND_REQUIREMENT
REQUIREMENT_DECLARED_FRIEND,1581210828,KIND_REQUIREMENT
REQUIREMENT_DEFENSIVE_PACT,-2092282098,KIND_REQUIREMENT
REQUIREMENT_DELEGATION,-1704783284,KIND_REQUIREMENT
REQUIREMENT_DEMAND_RECEIVED,-1137477125,KIND_REQUIREMENT
REQUIREMENT_DENOUNCED,-1964490939,KIND_REQUIREMENT
REQUIREMENT_DENOUNCED_FRIEND,-1206491395,KIND_REQUIREMENT
REQUIREMENT_DISTRICT_TYPE_MATCHES,-1397106947,KIND_REQUIREMENT
REQUIREMENT_ERA_IS,-1474742706,KIND_REQUIREMENT
REQUIREMENT_ESPIONAGE_DETECTED,475806803,KIND_REQUIREMENT
REQUIREMENT_FOUNDED_NO_RELIGION,629593690,KIND_REQUIREMENT
REQUIREMENT_CITY_OCCUPIED_FRIEND,1755766894,KIND_REQUIREMENT
REQUIREMENT_GAME_ERA_ATLEAST,703597551,KIND_REQUIREMENT
REQUIREMENT_GAME_IS_MULTIPLAYER,1870650965,KIND_REQUIREMENT
REQUIREMENT_GAME_TURN_ATLEAST,-184727873,KIND_REQUIREMENT
REQUIREMENT_GAME_TURN_MAX_REACHED,-585069829,KIND_REQUIREMENT
REQUIREMENT_GAME_VICTORY_ENABLED,-1166171569,KIND_REQUIREMENT
REQUIREMENT_HAD_FRIENDLY_MEETING,1406955366,KIND_REQUIREMENT
REQUIREMENT_MAP_HAS_FEATURE,1992434768,KIND_REQUIREMENT
REQUIREMENT_OPEN_BORDERS,1042981122,KIND_REQUIREMENT
REQUIREMENT_OPPONENT_IS_DISTRICT,1412613039,KIND_REQUIREMENT
REQUIREMENT_OPPONENT_IS_FORTIFIED,1753166725,KIND_REQUIREMENT
REQUIREMENT_OPPONENT_IS_OTHER_RELIGION,-979391413,KIND_REQUIREMENT
REQUIREMENT_OPPONENT_IS_STRONGER,1463923771,KIND_REQUIREMENT
REQUIREMENT_OPPONENT_IS_WOUNDED,-161110822,KIND_REQUIREMENT
REQUIREMENT_OPPONENT_UNIT_DOMAIN_MATCHES,-2032415268,KIND_REQUIREMENT
REQUIREMENT_OPPONENT_UNIT_PROMOTION_CLASS_MATCHES,1121599841,KIND_REQUIREMENT
REQUIREMENT_OPPONENT_UNIT_TAG_MATCHES,-1388312466,KIND_REQUIREMENT
REQUIREMENT_OPPONENT_UNIT_TYPE_MATCHES,197680884,KIND_REQUIREMENT
REQUIREMENT_PLAYER_BUILT_WONDER,684594120,KIND_REQUIREMENT
REQUIREMENT_PLAYER_CITY_STATE_PROTECTOR,-1617755793,KIND_REQUIREMENT
REQUIREMENT_PLAYER_CIVILIZED,-1930585132,KIND_REQUIREMENT
REQUIREMENT_PLAYER_CONQUERED_X_CITY_STATES,854451125,KIND_REQUIREMENT
REQUIREMENT_PLAYER_DEAL_ENACTED,1701301775,KIND_REQUIREMENT
REQUIREMENT_PLAYER_DEFAULT_DEFEAT,-205160817,KIND_REQUIREMENT
REQUIREMENT_PLAYER_ENVIRONMENT,984782706,KIND_REQUIREMENT
REQUIREMENT_PLAYER_ERA_AT_LEAST,1248401284,KIND_REQUIREMENT
REQUIREMENT_PLAYER_EXPLOITATION,-1987001015,KIND_REQUIREMENT
REQUIREMENT_PLAYER_EXPLORATION_LEAD,329831339,KIND_REQUIREMENT
REQUIREMENT_PLAYER_FINISHED_RESEARCH,-832562349,KIND_REQUIREMENT
REQUIREMENT_PLAYER_FOUNDED_OUR_RELIGION,-71286282,KIND_REQUIREMENT
REQUIREMENT_PLAYER_FOUNDED_RELIGION_WITH_BELIEF,1827241313,KIND_REQUIREMENT
REQUIREMENT_PLAYER_HANDICAP_AT_OR_ABOVE,-819746185,KIND_REQUIREMENT
REQUIREMENT_PLAYER_HAS_AT_LEAST_NUM_BUILDINGS,2127041236,KIND_REQUIREMENT
REQUIREMENT_PLAYER_HAS_AT_LEAST_NUM_MILITARY_UNITS,373277712,KIND_REQUIREMENT
REQUIREMENT_PLAYER_HAS_CIVIC,-479107961,KIND_REQUIREMENT
REQUIREMENT_PLAYER_HAS_CIVILIZATION_OR_LEADER_TRAIT,1831373375,KIND_REQUIREMENT
REQUIREMENT_PLAYER_HAS_COMP_STOMP_VICTORY,-106687772,KIND_REQUIREMENT
REQUIREMENT_PLAYER_HAS_COMPLETED_PROJECT,1378326104,KIND_REQUIREMENT
REQUIREMENT_PLAYER_HAS_DESIRED_LUXURY,-1188004940,KIND_REQUIREMENT
REQUIREMENT_PLAYER_HAS_FEATURE,-37472581,KIND_REQUIREMENT
REQUIREMENT_PLAYER_HAS_GOLDEN_HORDE_VICTORY,953813926,KIND_REQUIREMENT
REQUIREMENT_PLAYER_HAS_GREAT_PERSON_CLASS,965913353,KIND_REQUIREMENT
REQUIREMENT_PLAYER_HAS_HIGHEST_SCORE,1868607517,KIND_REQUIREMENT
REQUIREMENT_PLAYER_HAS_IMPROVEMENT,1041800942,KIND_REQUIREMENT
REQUIREMENT_PLAYER_HAS_MET,-1873176518,KIND_REQUIREMENT
REQUIREMENT_PLAYER_HAS_MOST_PROMOTION_CLASS,41243280,KIND_REQUIREMENT
REQUIREMENT_PLAYER_HAS_MOST_RELIGION_FOLLOWERS,794917387,KIND_REQUIREMENT
REQUIREMENT_PLAYER_HAS_MOST_WMD_CITY_HITS,1261384565,KIND_REQUIREMENT
REQUIREMENT_PLAYER_HAS_PANTHEON,856866546,KIND_REQUIREMENT
REQUIREMENT_PLAYER_HAS_RESOURCE_VISIBILITY,202234948,KIND_REQUIREMENT
REQUIREMENT_PLAYER_HAS_SAME_GOVERNMENT,-1852413136,KIND_REQUIREMENT
REQUIREMENT_PLAYER_HAS_TECHNOLOGY,1195258444,KIND_REQUIREMENT
REQUIREMENT_PLAYER_INCOME_LEAD,1603146161,KIND_REQUIREMENT
REQUIREMENT_PLAYER_IS_ATTACKING,-918459071,KIND_REQUIREMENT
REQUIREMENT_PLAYER_IS_BARBARIAN,-2008627647,KIND_REQUIREMENT
REQUIREMENT_PLAYER_IS_CLOSE_TO_VICTORY,-2135959659,KIND_REQUIREMENT
REQUIREMENT_PLAYER_IS_HUMAN,1645880049,KIND_REQUIREMENT
REQUIREMENT_PLAYER_IS_MAJOR,-95679987,KIND_REQUIREMENT
REQUIREMENT_PLAYER_IS_MINOR,955353662,KIND_REQUIREMENT
REQUIREMENT_PLAYER_IS_NEIGHBOR,-12066496,KIND_REQUIREMENT
REQUIREMENT_PLAYER_IS_NOT_WARMONGER,-1102802982,KIND_REQUIREMENT
REQUIREMENT_PLAYER_IS_RELIGION_FOUNDER,-782144404,KIND_REQUIREMENT
REQUIREMENT_PLAYER_IS_SUZERAIN_OF_X,-385482748,KIND_REQUIREMENT
REQUIREMENT_PLAYER_IS_TEAM_MEMBER,-745134859,KIND_REQUIREMENT
REQUIREMENT_PLAYER_LEADER_TAG_MATCHES,-903665372,KIND_REQUIREMENT
REQUIREMENT_PLAYER_LEADER_TYPE_MATCHES,-1650027173,KIND_REQUIREMENT
REQUIREMENT_PLAYER_MAJORITY_RELIGION_IS_OWNER,-2040040231,KIND_REQUIREMENT
REQUIREMENT_PLAYER_MEETS_SCORE_THRESHOLD,-235306858,KIND_REQUIREMENT
REQUIREMENT_PLAYER_MET_X_TURNS_AGO,-757538470,KIND_REQUIREMENT
REQUIREMENT_PLAYER_MILITARY_STRENGTH_LEAD,-873991479,KIND_REQUIREMENT
REQUIREMENT_PLAYER_NUKE_LOVER,-1235367083,KIND_REQUIREMENT
REQUIREMENT_PLAYER_OWNS_OBJECT,1973117547,KIND_REQUIREMENT
REQUIREMENT_PLAYER_RELIGION_NOT_RECEIVED,-1145254652,KIND_REQUIREMENT
REQUIREMENT_PLAYER_RELIGION_RECEIVED,562882259,KIND_REQUIREMENT
REQUIREMENT_PLAYER_STANDING_ARMY_LEAD,1967565323,KIND_REQUIREMENT
REQUIREMENT_PLAYER_TURN_STARTED,1795181990,KIND_REQUIREMENT
REQUIREMENT_PLAYER_TYPE_MATCHES,1426723553,KIND_REQUIREMENT
REQUIREMENT_PLAYER_WITH_SHIELD_OR_ON_IT,-607501376,KIND_REQUIREMENT
REQUIREMENT_PLAYER_YIELD_LEAD,1811245784,KIND_REQUIREMENT
REQUIREMENT_PLOT_ADJACENT_BUILDING_TYPE_MATCHES,-1837860573,KIND_REQUIREMENT
REQUIREMENT_PLOT_ADJACENT_FEATURE_TYPE_MATCHES,-1930412436,KIND_REQUIREMENT
REQUIREMENT_PLOT_ADJACENT_FRIENDLY_UNIT_TAG_MATCHES,-1539876814,KIND_REQUIREMENT
REQUIREMENT_PLOT_ADJACENT_FRIENDLY_UNIT_TYPE_MATCHES,1763456123,KIND_REQUIREMENT
REQUIREMENT_PLOT_ADJACENT_IMPROVEMENT_TYPE_MATCHES,1564743682,KIND_REQUIREMENT
REQUIREMENT_PLOT_ADJACENT_RESOURCE_CLASS_TYPE_MATCHES,857445751,KIND_REQUIREMENT
REQUIREMENT_PLOT_ADJACENT_TO_COAST,1057081593,KIND_REQUIREMENT
REQUIREMENT_PLOT_ADJACENT_TO_LAKE,-402111371,KIND_REQUIREMENT
REQUIREMENT_PLOT_ADJACENT_TO_MOUNTAIN,436951824,KIND_REQUIREMENT
REQUIREMENT_PLOT_ADJACENT_TO_NATURAL_WONDER,1360847977,KIND_REQUIREMENT
REQUIREMENT_PLOT_ADJACENT_TO_OWNER,-1845818025,KIND_REQUIREMENT
REQUIREMENT_PLOT_ADJACENT_TO_RIVER,-1418163200,KIND_REQUIREMENT
REQUIREMENT_PLOT_ADJACENT_TO_WONDER,-877675114,KIND_REQUIREMENT
REQUIREMENT_PLOT_ADJACENT_UNIT_TYPE_MATCHES,-74430600,KIND_REQUIREMENT
REQUIREMENT_PLOT_DISTRICT_IS_DEFENDED,-303603091,KIND_REQUIREMENT
REQUIREMENT_PLOT_FEATURE_TAG_MATCHES,-1897400231,KIND_REQUIREMENT
REQUIREMENT_PLOT_FEATURE_TYPE_MATCHES,-1286185973,KIND_REQUIREMENT
REQUIREMENT_PLOT_HAS_ANY_IMPROVEMENT,1237398937,KIND_REQUIREMENT
REQUIREMENT_PLOT_HAS_FALLOUT,1955885377,KIND_REQUIREMENT
REQUIREMENT_PLOT_IMPROVEMENT_TAG_MATCHES,-1222373575,KIND_REQUIREMENT
REQUIREMENT_PLOT_IMPROVEMENT_TYPE_MATCHES,-19005788,KIND_REQUIREMENT
REQUIREMENT_PLOT_IS_APPEAL_BETWEEN,1624837908,KIND_REQUIREMENT
REQUIREMENT_PLOT_IS_COAST,1208458296,KIND_REQUIREMENT
REQUIREMENT_PLOT_IS_COASTAL_LAND,-2099471745,KIND_REQUIREMENT
REQUIREMENT_PLOT_IS_FRESH_WATER,1988702697,KIND_REQUIREMENT
REQUIREMENT_PLOT_IS_HILLS,1096481435,KIND_REQUIREMENT
REQUIREMENT_PLOT_IS_LAKE,-378793100,KIND_REQUIREMENT
REQUIREMENT_PLOT_IS_OWNER_CAPITAL_CONTINENT,-1260468106,KIND_REQUIREMENT
REQUIREMENT_PLOT_NEAR_CAPITAL,231475623,KIND_REQUIREMENT
REQUIREMENT_PLOT_PROPERTY_MATCHES,10946897,KIND_REQUIREMENT
REQUIREMENT_PLOT_RESOURCE_CLASS_TYPE_MATCHES,1863961484,KIND_REQUIREMENT
REQUIREMENT_PLOT_RESOURCE_TAG_MATCHES,-1093204328,KIND_REQUIREMENT
REQUIREMENT_PLOT_RESOURCE_TYPE_MATCHES,1594203859,KIND_REQUIREMENT
REQUIREMENT_PLOT_RESOURCE_VISIBLE,2019318050,KIND_REQUIREMENT
REQUIREMENT_PLOT_TERRAIN_CLASS_MATCHES,932025985,KIND_REQUIREMENT
REQUIREMENT_PLOT_TERRAIN_TYPE_MATCHES,502777749,KIND_REQUIREMENT
REQUIREMENT_PLOT_UNIT_FLANKED,1620504038,KIND_REQUIREMENT
REQUIREMENT_PLOT_UNIT_TYPE_MATCHES,-1268944331,KIND_REQUIREMENT
REQUIREMENT_PLOT_WONDER_IS_ERA,-1655236411,KIND_REQUIREMENT
REQUIREMENT_RANDOM_VALUE_LESS_THAN_OR_EQUAL_TO,1397731982,KIND_REQUIREMENT
REQUIREMENT_REQUIREMENTSET_IS_MET,-1805287312,KIND_REQUIREMENT
REQUIREMENT_RESIDENT_EMBASSY,804857708,KIND_REQUIREMENT
REQUIREMENT_SPECIFIC_LEADER_ELIMINATED,-826817141,KIND_REQUIREMENT
REQUIREMENT_TEAM_CONQUERED_X_CITY_STATES,-1569925482,KIND_REQUIREMENT
REQUIREMENT_TEAM_HAS_ANCIENT_RIVALS_VICTORY,1211103982,KIND_REQUIREMENT
REQUIREMENT_TEAM_HAS_HIGHEST_SCORE,675951654,KIND_REQUIREMENT
REQUIREMENT_TEAM_HAS_MOST_PROMOTION_CLASS,-1602051369,KIND_REQUIREMENT
REQUIREMENT_TEAM_HAS_MOST_RELIGION_FOLLOWERS,1842440174,KIND_REQUIREMENT
REQUIREMENT_TEAM_HAS_MOST_TERRITORY,-578513900,KIND_REQUIREMENT
REQUIREMENT_TEAM_HAS_MOST_WMD_CITY_HITS,1963426170,KIND_REQUIREMENT
REQUIREMENT_TOURISTS_EXCEED_STAYCATIONERS,72030664,KIND_REQUIREMENT
REQUIREMENT_UNIT_ADJACENT_TO_OWNER_TERRITORY,1447322882,KIND_REQUIREMENT
REQUIREMENT_UNIT_DAMAGE_MINIMUM,767340151,KIND_REQUIREMENT
REQUIREMENT_UNITDEATH_KILLED_BY_SPECIFIC_UNIT_TYPE,1054351047,KIND_REQUIREMENT
REQUIREMENT_UNITDEATH_KILLED_BY_UNIT,1722064305,KIND_REQUIREMENT
REQUIREMENT_UNITDEATH_SPECIFIC_UNIT_TYPE,-1081441682,KIND_REQUIREMENT
REQUIREMENT_UNITDEATH_X_TURNS_AGO,193210610,KIND_REQUIREMENT
REQUIREMENT_UNIT_DOMAIN_MATCHES,1417546842,KIND_REQUIREMENT
REQUIREMENT_UNIT_ERA_TYPE_MATCHES,1568712478,KIND_REQUIREMENT
REQUIREMENT_UNIT_FORMATION_CLASS_MATCHES,1798429566,KIND_REQUIREMENT
REQUIREMENT_UNIT_HAS_ABILITY,-1233279890,KIND_REQUIREMENT
REQUIREMENT_UNIT_HAS_PROMOTION,816480174,KIND_REQUIREMENT
REQUIREMENT_UNIT_IN_ENEMY_TERRITORY,1045970586,KIND_REQUIREMENT
REQUIREMENT_UNIT_IN_FORMATION,-1835338868,KIND_REQUIREMENT
REQUIREMENT_UNIT_IN_OWNER_TERRITORY,1398263481,KIND_REQUIREMENT
REQUIREMENT_UNIT_IS_BARBARIAN,-182388231,KIND_REQUIREMENT
REQUIREMENT_UNIT_IS_COMBAT,789169346,KIND_REQUIREMENT
REQUIREMENT_NEAR_RELIGIOUS_CITY,-101266946,KIND_REQUIREMENT
REQUIREMENT_UNIT_ON_COAST,-1849651330,KIND_REQUIREMENT
REQUIREMENT_UNIT_ON_HOME_CONTINENT,-1832890254,KIND_REQUIREMENT
REQUIREMENT_UNIT_PROMOTION_CLASS_MATCHES,-1409532192,KIND_REQUIREMENT
REQUIREMENT_UNIT_TAG_MATCHES,-799794535,KIND_REQUIREMENT
REQUIREMENT_UNIT_TYPE_MATCHES,678178137,KIND_REQUIREMENT
REQUIREMENT_ALLIANCE_AT_WAR_WITH_COMBAT_TARGET,818890509,KIND_REQUIREMENT
REQUIREMENT_ALLIANCE_CITY_HAS_TRADE_ROUTE_WITH_ALLY,-15366656,KIND_REQUIREMENT
REQUIREMENT_ALLIANCE_SHARES_SECRET_SOCIETY,-1334573279,KIND_REQUIREMENT
REQUIREMENT_CITY_CONVERTED,-1709446345,KIND_REQUIREMENT
REQUIREMENT_CITY_HAS_DISTRICT,524374600,KIND_REQUIREMENT
REQUIREMENT_CITY_HAS_FULL_LOYALTY,213847906,KIND_REQUIREMENT
REQUIREMENT_CITY_HAS_GARRISON_UNIT,368661592,KIND_REQUIREMENT
REQUIREMENT_CITY_HAS_GOVERNOR,-1077234772,KIND_REQUIREMENT
REQUIREMENT_CITY_HAS_GOVERNOR_WITH_X_TITLES,-1682445816,KIND_REQUIREMENT
REQUIREMENT_CITY_HAS_HIGH_ADJACENCY_DISTRICT,1937577352,KIND_REQUIREMENT
REQUIREMENT_CITY_HAS_SPECIFIC_GOVERNOR_PROMOTION_TYPE,1679043731,KIND_REQUIREMENT
REQUIREMENT_CITY_HAS_X_FEATURE_TYPE,10989057,KIND_REQUIREMENT
REQUIREMENT_CITY_HAS_X_POPULATION,-1179813152,KIND_REQUIREMENT
REQUIREMENT_CITY_HAS_X_SPECIALTY_DISTRICTS,988770591,KIND_REQUIREMENT
REQUIREMENT_CITY_HAS_X_TERRAIN_TYPE,-1461151451,KIND_REQUIREMENT
REQUIREMENT_CITY_LIBERATED,1363379395,KIND_REQUIREMENT
REQUIREMENT_CITY_OCCUPIED,-1677496502,KIND_REQUIREMENT
REQUIREMENT_CITY_OWNER_ALLY_AT_WAR,-1447469748,KIND_REQUIREMENT
REQUIREMENT_CITY_RAZED,989065393,KIND_REQUIREMENT
REQUIREMENT_COMBAT_ATTACKER_IS_EMERGENCY_MEMBER,1286161232,KIND_REQUIREMENT
REQUIREMENT_COMBAT_ATTACKER_IS_PLAYER,1205898529,KIND_REQUIREMENT
REQUIREMENT_COMBAT_DEFENDER_IS_EMERGENCY_MEMBER,1941486735,KIND_REQUIREMENT
REQUIREMENT_COMBAT_DEFENDER_IS_PLAYER,1218209032,KIND_REQUIREMENT
REQUIREMENT_COMBAT_ENEMY_NOT_ALLIANCE_RELIGION,-660013597,KIND_REQUIREMENT
REQUIREMENT_COMBAT_RESULTS_UNIT_DIED,-1096966610,KIND_REQUIREMENT
REQUIREMENT_COMBAT_VERSUS_TYPE_MATCHES,2128086957,KIND_REQUIREMENT
REQUIREMENT_GAME_ERA_ATLEAST_EXPANSION,-78697262,KIND_REQUIREMENT
REQUIREMENT_GAME_ERA_ATMOST_EXPANSION,942831423,KIND_REQUIREMENT
REQUIREMENT_GAME_ERA_IS,-590101352,KIND_REQUIREMENT
REQUIREMENT_GAME_HAS_CIVILIZATION_OR_LEADER_TRAIT,-1781540775,KIND_REQUIREMENT
REQUIREMENT_GREAT_PERSON_TYPE_MATCHES,1411129312,KIND_REQUIREMENT
REQUIREMENT_NEAR_CULTURE_BORDER,1733094016,KIND_REQUIREMENT
REQUIREMENT_OPPONENT_ERA_AGE_MATCHES,1778244949,KIND_REQUIREMENT
REQUIREMENT_OPPONENT_ERA_AT_LEAST,1544284139,KIND_REQUIREMENT
REQUIREMENT_OPPONENT_IS_BARBARIAN,-1641794002,KIND_REQUIREMENT
REQUIREMENT_OPPONENT_IS_FREE_CITY,227785176,KIND_REQUIREMENT
REQUIREMENT_OPPONENT_IS_MINOR_CIV,-1919900375,KIND_REQUIREMENT
REQUIREMENT_OPPONENT_WAS_KILLED,-1276148232,KIND_REQUIREMENT
REQUIREMENT_PLAYER_IS_AT_LEAST_ALLIANCE_LEVEL_WITH_EMERGENCY_PLAYER,1541714830,KIND_REQUIREMENT
REQUIREMENT_PLAYER_ALWAYS_ALLOWED_COMMEMORATION_QUEST,1451128633,KIND_REQUIREMENT
REQUIREMENT_PLAYER_AT_WAR_AND_HAS_MET,1446397424,KIND_REQUIREMENT
REQUIREMENT_PLAYER_AT_WAR_WITH_EMERGENCY_MEMBER,547900241,KIND_REQUIREMENT
REQUIREMENT_PLAYER_AT_WAR_WITH_NEIGHBOR,-1962818164,KIND_REQUIREMENT
REQUIREMENT_PLAYER_ATTACKED_CONTINENT,-526466244,KIND_REQUIREMENT
REQUIREMENT_PLAYER_CAN_EVER_EARN_GREAT_PERSON_CLASS,1966929669,KIND_REQUIREMENT
REQUIREMENT_PLAYER_COASTAL_CITIES,1316055925,KIND_REQUIREMENT
REQUIREMENT_PLAYER_COMPETING_MINORS,383173709,KIND_REQUIREMENT
REQUIREMENT_PLAYER_CONQUERING_ALLYING_MINORS,1757190320,KIND_REQUIREMENT
REQUIREMENT_PLAYER_DECLARED_WAR,-2134063373,KIND_REQUIREMENT
REQUIREMENT_PLAYER_DISTRICT_THRESHOLD,-704614763,KIND_REQUIREMENT
REQUIREMENT_PLAYER_DOMINATION_VICTORY,578860678,KIND_REQUIREMENT
REQUIREMENT_PLAYER_FOUNDED_NO_RELIGION,164568743,KIND_REQUIREMENT
REQUIREMENT_PLAYER_GOT_GREAT_PERSON,-143811286,KIND_REQUIREMENT
REQUIREMENT_PLAYER_HAPPINESS_LEAD,-1215788798,KIND_REQUIREMENT
REQUIREMENT_PLAYER_HAS_ACTIVE_ALLIANCE_OF_AT_LEAST_LEVEL,-957247082,KIND_REQUIREMENT
REQUIREMENT_PLAYER_HAS_AT_LEAST_NUMBER_CITIES,1526618249,KIND_REQUIREMENT
REQUIREMENT_PLAYER_HAS_BUILDING,-259845189,KIND_REQUIREMENT
REQUIREMENT_PLAYER_HAS_CITY_ON_EMERGENCY_PLOT_CONTINENT,-1497928963,KIND_REQUIREMENT
REQUIREMENT_PLAYER_HAS_DARK_AGE,-930359318,KIND_REQUIREMENT
REQUIREMENT_PLAYER_HAS_DISTRICT,539829992,KIND_REQUIREMENT
REQUIREMENT_PLAYER_HAS_ENVOY_WITH_EMERGENCY_DATA_PLAYER,726789371,KIND_REQUIREMENT
REQUIREMENT_PLAYER_HAS_GIVEN_INFLUENCE_TOKENS,163187712,KIND_REQUIREMENT
REQUIREMENT_PLAYER_HAS_GOLDEN_AGE,194882214,KIND_REQUIREMENT
REQUIREMENT_PLAYER_HAS_GREAT_PERSON,-247904091,KIND_REQUIREMENT
REQUIREMENT_PLAYER_IS_WINNING_ANY_VICTORY,-21764925,KIND_REQUIREMENT
REQUIREMENT_PLAYER_HAS_MANY_ALLIANCES,-1954702567,KIND_REQUIREMENT
REQUIREMENT_PLAYER_HAS_RESOURCE_OWNED,-1385925653,KIND_REQUIREMENT
REQUIREMENT_PLAYER_IS_AT_PEACE,1070293709,KIND_REQUIREMENT
REQUIREMENT_PLAYER_IS_AT_PEACE_WITH_ALL_MAJORS,1441839115,KIND_REQUIREMENT
REQUIREMENT_PLAYER_IS_AT_WAR,821152785,KIND_REQUIREMENT
REQUIREMENT_PLAYER_IS_DIFFERENT_SECRET_SOCIETY,-787293642,KIND_REQUIREMENT
REQUIREMENT_PLAYER_IS_EMERGENCY_TARGET,-712278436,KIND_REQUIREMENT
REQUIREMENT_PLAYER_IS_SAME_RELIGION,2006497247,KIND_REQUIREMENT
REQUIREMENT_PLAYER_IS_SAME_SECRET_SOCIETY,-1808663958,KIND_REQUIREMENT
REQUIREMENT_PLAYER_IS_SAME_SEX,-940091606,KIND_REQUIREMENT
REQUIREMENT_PLAYER_IS_SHARING_INFO,-834920973,KIND_REQUIREMENT
REQUIREMENT_PLAYER_IS_SUZERAIN,-14907318,KIND_REQUIREMENT
REQUIREMENT_PLAYER_IS_SUZERAIN_X_TYPE,2105667247,KIND_REQUIREMENT
REQUIREMENT_PLAYER_MOUNTAIN_CITIES,232521049,KIND_REQUIREMENT
REQUIREMENT_PLAYER_NOT_COMPETING_MINORS,-1671111786,KIND_REQUIREMENT
REQUIREMENT_PLAYER_NOT_INVOLVED_MINORS,1224872090,KIND_REQUIREMENT
REQUIREMENT_PLAYER_ON_NON_HOME_CONTINENT,1287928631,KIND_REQUIREMENT
REQUIREMENT_PLAYER_PEACEFUL_ON_CONTINENT,1230164704,KIND_REQUIREMENT
REQUIREMENT_PLAYER_PILLAGE_LEAD,-3148034,KIND_REQUIREMENT
REQUIREMENT_PLAYER_POPULATION_LEAD,-645576529,KIND_REQUIREMENT
REQUIREMENT_PLAYER_SHARES_HOME_CONTINENT,-601091373,KIND_REQUIREMENT
REQUIREMENT_PLAYER_TOURISM_LEAD,132257030,KIND_REQUIREMENT
REQUIREMENT_PLAYER_AVERAGE_WALL_LEVEL_THRESHOLD,1730229703,KIND_REQUIREMENT
REQUIREMENT_PLOT_ADJACENT_DISTRICT_TYPE_MATCHES,1453620623,KIND_REQUIREMENT
REQUIREMENT_PLOT_ADJACENT_FRIENDLY_TERRITORY,-225714601,KIND_REQUIREMENT
REQUIREMENT_PLOT_ADJACENT_TERRAIN_TYPE_MATCHES,575776242,KIND_REQUIREMENT
REQUIREMENT_PLOT_ADJACENT_TO_OWNER_AT_WAR,711222187,KIND_REQUIREMENT
REQUIREMENT_PLOT_ANY_ADJACENT_RESOURCE,-1991522660,KIND_REQUIREMENT
REQUIREMENT_PLOT_DISTRICT_IS_FUNCTIONING,-1997824582,KIND_REQUIREMENT
REQUIREMENT_PLOT_DISTRICT_TAG_MATCHES,-1763830797,KIND_REQUIREMENT
REQUIREMENT_PLOT_DISTRICT_TYPE_MATCHES,-2058539242,KIND_REQUIREMENT
REQUIREMENT_PLOT_HAS_ANY_DISTRICT,812415133,KIND_REQUIREMENT
REQUIREMENT_PLOT_HAS_ANY_FEATURE,1725962529,KIND_REQUIREMENT
REQUIREMENT_PLOT_HAS_ANY_RESOURCE,-1120086004,KIND_REQUIREMENT
REQUIREMENT_PLOT_IS_IMPASSABLE,1255550093,KIND_REQUIREMENT
REQUIREMENT_PLOT_IS_MOUNTAIN,-1110271371,KIND_REQUIREMENT
REQUIREMENT_PLOT_NEARBY_UNIT_TAG_MATCHES,1724186489,KIND_REQUIREMENT
REQUIREMENT_PLOT_UNIT_CITY_HAS_ANY_DISTRICT,-138083861,KIND_REQUIREMENT
REQUIREMENT_PLOT_UNIT_CITY_HAS_DISTRICT_SAME_OWNER,915708717,KIND_REQUIREMENT
REQUIREMENT_PLOT_UNIT_EMBARKED,705739103,KIND_REQUIREMENT
REQUIREMENT_TEAM_DOMINATION_VICTORY,-1815317210,KIND_REQUIREMENT
REQUIREMENT_TRADE_ROUTE_BETWEEN_ALLIANCE_PARTNERS,1755129265,KIND_REQUIREMENT
REQUIREMENT_TRADE_ROUTE_BETWEEN_EMERGENCY_MEMBER_AND_TARGET,-242980699,KIND_REQUIREMENT
REQUIREMENT_TRADE_ROUTE_BETWEEN_EMERGENCY_MEMBERS,-1449673560,KIND_REQUIREMENT
REQUIREMENT_TRADE_ROUTE_DESTINATION_IS_CITY_STATE,-186511767,KIND_REQUIREMENT
REQUIREMENT_UNIT_EMBARKED,1521181737,KIND_REQUIREMENT
REQUIREMENT_UNIT_IN_EMERGENCY_TARGET_TERRITORY,1495026299,KIND_REQUIREMENT
REQUIREMENT_CITY_HAS_GOVERNMENT_BUILDING_TIER,-856597836,KIND_REQUIREMENT
REQUIREMENT_CITY_IS_POWERED,-970127850,KIND_REQUIREMENT
REQUIREMENT_COMBAT_ATTACKER_IS_EMERGENCY_MEMBER_WITH_SCORE,-1593377311,KIND_REQUIREMENT
REQUIREMENT_COMBAT_DEFENDER_IS_EMERGENCY_MEMBER_WITH_SCORE,1001398635,KIND_REQUIREMENT
REQUIREMENT_GAME_CLIMATE_CHANGE_LEVEL_AT_LEAST,-2102097944,KIND_REQUIREMENT
REQUIREMENT_PLAYER_DIPLO_VP_LEAD,466826479,KIND_REQUIREMENT
REQUIREMENT_PLAYER_FAVOR_LEAD,282845046,KIND_REQUIREMENT
REQUIREMENT_PLAYER_GOT_FIRST_PLACE_IN_EMERGENCY,393092498,KIND_REQUIREMENT
REQUIREMENT_PLAYER_GOT_HIGH_TIER_SCORE_IN_EMERGENCY,1087096992,KIND_REQUIREMENT
REQUIREMENT_PLAYER_GOT_LOW_TIER_SCORE_IN_EMERGENCY,1794066153,KIND_REQUIREMENT
REQUIREMENT_PLAYER_HAS_RESOURCE_IMPROVED,1177073964,KIND_REQUIREMENT
REQUIREMENT_PLAYER_HAS_SCIENCE_VICTORY_POINTS,2084321962,KIND_REQUIREMENT
REQUIREMENT_PLAYER_IN_JOINT_EMERGENCY,-1991573611,KIND_REQUIREMENT
REQUIREMENT_PLAYER_IS_EMERGENCY_MEMBER_WITH_SCORE,1937483049,KIND_REQUIREMENT
REQUIREMENT_PLAYER_IS_SUZERAIN_BONUS_ENABLED,2055070225,KIND_REQUIREMENT
REQUIREMENT_TEAM_DIPLOMATIC_VICTORY,-500179745,KIND_REQUIREMENT
REQUIREMENT_UNIT_IS_LEVIED,1719239849,KIND_REQUIREMENT
REQUIREMENT_UNIT_PLOT_HAS_NATIONAL_PARK,-1964621784,KIND_REQUIREMENT
REQUIREMENTSET_TEST_ALL,-1116364298,KIND_REQUIREMENTSET
REQUIREMENTSET_TEST_ANY,-492951649,KIND_REQUIREMENTSET
BUILDING_TLACHTLI,-1330961180,KIND_BUILDING
CIVILIZATION_AZTEC,1347583174,KIND_CIVILIZATION
LEADER_MONTEZUMA,1148724266,KIND_LEADER
UNIT_AZTEC_EAGLE_WARRIOR,1526148314,KIND_UNIT
TRAIT_CIVILIZATION_LEGEND_FIVE_SUNS,1783498345,KIND_TRAIT
TRAIT_CIVILIZATION_BUILDING_TLACHTLI,-726961592,KIND_TRAIT
TRAIT_CIVILIZATION_UNIT_AZTEC_EAGLE_WARRIOR,-1267786114,KIND_TRAIT
BUILDING_HUEY_TEOCALLI,1633875598,KIND_BUILDING
BUILDING_ANGKOR_WAT,1607802850,KIND_BUILDING
BUILDING_PRASAT,-2075595190,KIND_BUILDING
CIVILIZATION_INDONESIA,1921455536,KIND_CIVILIZATION
CIVILIZATION_KHMER,-1716173954,KIND_CIVILIZATION
FEATURE_HA_LONG_BAY,1084731038,KIND_FEATURE
IMPROVEMENT_KAMPUNG,874973008,KIND_IMPROVEMENT
LEADER_GITARJA,-1552319097,KIND_LEADER
LEADER_JAYAVARMAN,750287050,KIND_LEADER
UNIT_INDONESIAN_JONG,104961797,KIND_UNIT
UNIT_KHMER_DOMREY,-307152925,KIND_UNIT
TRAIT_CIVILIZATION_IMPROVEMENT_KAMPUNG,-1264753548,KIND_TRAIT
TRAIT_CIVILIZATION_INDONESIA_NUSANTARA,967867101,KIND_TRAIT
TRAIT_CIVILIZATION_UNIT_INDONESIAN_JONG,985844151,KIND_TRAIT
TRAIT_CIVILIZATION_KHMER_BARAYS,383349699,KIND_TRAIT
TRAIT_CIVILIZATION_BUILDING_PRASAT,292881178,KIND_TRAIT
TRAIT_CIVILIZATION_UNIT_KHMER_DOMREY,-1984863921,KIND_TRAIT
TRAIT_LEADER_EXALTED_GODDESS,-1921458553,KIND_TRAIT
TRAIT_LEADER_MONASTERIES_KING,-1789396140,KIND_TRAIT
TRAIT_AGENDA_END_TO_SUFFERING,-1332068671,KIND_TRAIT
TRAIT_AGENDA_ARCHIPELAGIC_STATE,-676501568,KIND_TRAIT
ABILITY_JONG,-2107216125,KIND_ABILITY
ABILITY_MARTYR,-1096417154,KIND_ABILITY
ABILITY_GITARJA_RELIGIOUS_NO_EMBARK_DISEMBARK_COST,46594860,KIND_ABILITY
ABILITY_SPEAR_OF_FIONN,739767634,KIND_ABILITY
CIVILIZATION_AUCKLAND,-233439096,KIND_CIVILIZATION
CIVILIZATION_ANTANANARIVO,608547851,KIND_CIVILIZATION
CIVILIZATION_ARMAGH,1951711831,KIND_CIVILIZATION
CIVILIZATION_GRANADA,-1562699200,KIND_CIVILIZATION
CIVILIZATION_MUSCAT,1085264183,KIND_CIVILIZATION
CIVILIZATION_PALENQUE,-135391837,KIND_CIVILIZATION
LEADER_MINOR_CIV_AUCKLAND,-1260469120,KIND_LEADER
LEADER_MINOR_CIV_ANTANANARIVO,-339010661,KIND_LEADER
LEADER_MINOR_CIV_ARMAGH,-541715466,KIND_LEADER
LEADER_MINOR_CIV_GRANADA,60910575,KIND_LEADER
LEADER_MINOR_CIV_MUSCAT,-347275114,KIND_LEADER
LEADER_MINOR_CIV_PALENQUE,-1322856021,KIND_LEADER
MINOR_CIV_AUCKLAND_TRAIT,-1630381722,KIND_TRAIT
MINOR_CIV_ANTANANARIVO_TRAIT,1673527683,KIND_TRAIT
MINOR_CIV_ARMAGH_TRAIT,1153452246,KIND_TRAIT
MINOR_CIV_GRANADA_TRAIT,486965043,KIND_TRAIT
MINOR_CIV_MUSCAT_TRAIT,426866228,KIND_TRAIT
MINOR_CIV_PALENQUE_TRAIT,513820866,KIND_TRAIT
IMPROVEMENT_ALCAZAR,-1706722750,KIND_IMPROVEMENT
IMPROVEMENT_MONASTERY,-1837687688,KIND_IMPROVEMENT
FEATURE_EYJAFJALLAJOKULL,853279971,KIND_FEATURE
FEATURE_LYSEFJORDEN,308108439,KIND_FEATURE
FEATURE_GIANTS_CAUSEWAY,1653648472,KIND_FEATURE
RANDOM_EVENT_EYJAFJALLAJOKULL_CATASTROPHIC,573305945,KIND_RANDOM_EVENT
RANDOM_EVENT_EYJAFJALLAJOKULL_MEGACOLOSSAL,-851148740,KIND_RANDOM_EVENT
CIVILIZATION_POLAND,1147588701,KIND_CIVILIZATION
LEADER_JADWIGA,-1632488649,KIND_LEADER
BUILDING_SUKIENNICE,809186280,KIND_BUILDING
UNIT_POLISH_HUSSAR,724227541,KIND_UNIT
TRAIT_AGENDA_SAINT,472001065,KIND_TRAIT
TRAIT_CIVILIZATION_BUILDING_SUKIENNICE,-1333702452,KIND_TRAIT
TRAIT_CIVILIZATION_UNIT_POLISH_HUSSAR,-198297024,KIND_TRAIT
TRAIT_LEADER_LITHUANIAN_UNION,2008372824,KIND_TRAIT
TRAIT_CIVILIZATION_GOLDEN_LIBERTY,621429769,KIND_TRAIT
BUILDING_JEBEL_BARKAL,-512325035,KIND_BUILDING
CIVILIZATION_NUBIA,-797898077,KIND_CIVILIZATION
IMPROVEMENT_PYRAMID,1880312462,KIND_IMPROVEMENT
LEADER_AMANITORE,1254487876,KIND_LEADER
UNIT_NUBIAN_PITATI,-520378242,KIND_UNIT
TRAIT_CIVILIZATION_TA_SETI,764700717,KIND_TRAIT
TRAIT_CIVILIZATION_IMPROVEMENT_PYRAMID,-257349206,KIND_TRAIT
TRAIT_AGENDA_CITY_PLANNER,-1679512234,KIND_TRAIT
TRAIT_CIVILIZATION_UNIT_NUBIAN_PITATI,1073694699,KIND_TRAIT
TRAIT_LEADER_KANDAKE_OF_MEROE,-2027626077,KIND_TRAIT
ABILITY_NUBIA_RANGED_EXPERIENCE_MODIFIER,-1771250263,KIND_ABILITY
BUILDING_APADANA,1725182698,KIND_BUILDING
BUILDING_BASILIKOI_PAIDES,945554639,KIND_BUILDING
BUILDING_HALICARNASSUS_MAUSOLEUM,129514676,KIND_BUILDING
CIVILIZATION_PERSIA,-1634075386,KIND_CIVILIZATION
CIVILIZATION_MACEDON,1537796075,KIND_CIVILIZATION
IMPROVEMENT_PAIRIDAEZA,1719494282,KIND_IMPROVEMENT
LEADER_ALEXANDER,578691269,KIND_LEADER
LEADER_CYRUS,1064695772,KIND_LEADER
TRAIT_CIVILIZATION_HELLENISTIC_FUSION,1386480369,KIND_TRAIT
TRAIT_CIVILIZATION_SATRAPIES,-872940002,KIND_TRAIT
TRAIT_CIVILIZATION_BUILDING_BASILIKOI_PAIDES,-385221876,KIND_TRAIT
TRAIT_CIVILIZATION_IMPROVEMENT_PAIRIDAEZA,1012787904,KIND_TRAIT
TRAIT_CIVILIZATION_UNIT_HYPASPIST,-1694139367,KIND_TRAIT
TRAIT_LEADER_UNIT_HETAIROI,-314794516,KIND_TRAIT
TRAIT_LEADER_TO_WORLDS_END,-1071668737,KIND_TRAIT
TRAIT_LEADER_FALL_BABYLON,1444786757,KIND_TRAIT
TRAIT_CIVILIZATION_UNIT_IMMORTAL,-996542793,KIND_TRAIT
TRAIT_AGENDA_SHORT_LIFE_GLORY,1102430291,KIND_TRAIT
TRAIT_AGENDA_BACKSTABBER,2065729053,KIND_TRAIT
ABILITY_HYPASPIST,586503158,KIND_ABILITY
ABILITY_HETAIROI,1538442791,KIND_ABILITY
ABILITY_IMMORTAL,1382158529,KIND_ABILITY
ABILITY_BASILIKOI_TRAINED_UNIT_XP,1656297221,KIND_ABILITY
UNIT_MACEDONIAN_HYPASPIST,269399699,KIND_UNIT
UNIT_MACEDONIAN_HETAIROI,2017148939,KIND_UNIT
UNIT_PERSIAN_IMMORTAL,314822370,KIND_UNIT
CIVILIZATION_AUSTRALIA,518964052,KIND_CIVILIZATION
TRAIT_CIVILIZATION_IMPROVEMENT_OUTBACK_STATION,-1988320574,KIND_TRAIT
TRAIT_CIVILIZATION_LAND_DOWN_UNDER,-1521219132,KIND_TRAIT
TRAIT_CIVILIZATION_UNIT_DIGGER,452065789,KIND_TRAIT
FEATURE_ULURU,-16968128,KIND_FEATURE
IMPROVEMENT_OUTBACK_STATION,1151932567,KIND_IMPROVEMENT
LEADER_JOHN_CURTIN,-1592982735,KIND_LEADER
TRAIT_AGENDA_PERPETUALLY_ON_GUARD,-236386274,KIND_TRAIT
TRAIT_LEADER_CITADEL_CIVILIZATION,652430279,KIND_TRAIT
UNIT_DIGGER,-780805309,KIND_UNIT
TRAIT_AGENDA_BILLIONAIRE,232056694,KIND_TRAIT
TRAIT_AGENDA_CHEOMSEONGDAE,-465162720,KIND_TRAIT
TRAIT_AGENDA_FLOWER_OF_SCOTLAND,429160938,KIND_TRAIT
TRAIT_AGENDA_HORN_CHEST_LOINS,832886315,KIND_TRAIT
TRAIT_AGENDA_HORSE_LORD,-817520127,KIND_TRAIT
TRAIT_AGENDA_IRON_CONFEDERACY,-24571169,KIND_TRAIT
TRAIT_AGENDA_MAURYA_EMPIRE,-1317940120,KIND_TRAIT
TRAIT_AGENDA_NARIKALA_FORTRESS,-2013883365,KIND_TRAIT
TRAIT_AGENDA_SPIRIT_OF_TUCAPEL,-1540698519,KIND_TRAIT
BUILDING_ORDU,-1965290963,KIND_BUILDING
BUILDING_TSIKHE,1313522800,KIND_BUILDING
BUILDING_AMUNDSEN_SCOTT_RESEARCH_STATION,1615395080,KIND_BUILDING
BUILDING_CASA_DE_CONTRATACION,-218337120,KIND_BUILDING
BUILDING_KILWA_KISIWANI,-1506964906,KIND_BUILDING
BUILDING_KOTOKU_IN,1746737183,KIND_BUILDING
BUILDING_ST_BASILS_CATHEDRAL,-1643117034,KIND_BUILDING
BUILDING_STATUE_LIBERTY,649431074,KIND_BUILDING
BUILDING_TAJ_MAHAL,1432095036,KIND_BUILDING
BUILDING_TEMPLE_ARTEMIS,-1423681175,KIND_BUILDING
CIVILIZATION_CREE,-1597095920,KIND_CIVILIZATION
CIVILIZATION_GEORGIA,-1462469414,KIND_CIVILIZATION
CIVILIZATION_KOREA,-1750671788,KIND_CIVILIZATION
CIVILIZATION_MAPUCHE,-248707860,KIND_CIVILIZATION
CIVILIZATION_MONGOLIA,977237613,KIND_CIVILIZATION
CIVILIZATION_NETHERLANDS,-1472389409,KIND_CIVILIZATION
CIVILIZATION_SCOTLAND,1576296194,KIND_CIVILIZATION
CIVILIZATION_ZULU,1155917229,KIND_CIVILIZATION
TRAIT_CIVILIZATION_CREE_TRADE_GAIN_TILES,895902941,KIND_TRAIT
TRAIT_CIVILIZATION_GROTE_RIVIEREN,680910682,KIND_TRAIT
TRAIT_CIVILIZATION_MONGOLIAN_ORTOO,1628819554,KIND_TRAIT
TRAIT_CIVILIZATION_SCOTTISH_ENLIGHTENMENT,-450972838,KIND_TRAIT
TRAIT_CIVILIZATION_THREE_KINGDOMS,1963807752,KIND_TRAIT
TRAIT_CIVILIZATION_GOLDEN_AGE_QUESTS,1815247296,KIND_TRAIT
TRAIT_CIVILIZATION_BUILDING_ORDU,637141883,KIND_TRAIT
TRAIT_CIVILIZATION_BUILDING_TSIKHE,-612947680,KIND_TRAIT
TRAIT_CIVILIZATION_DISTRICT_SEOWON,1860160615,KIND_TRAIT
TRAIT_CIVILIZATION_DISTRICT_IKANDA,-205424531,KIND_TRAIT
TRAIT_CIVILIZATION_IMPROVEMENT_CHEMAMULL,-1838305473,KIND_TRAIT
TRAIT_CIVILIZATION_IMPROVEMENT_POLDER,-1112855211,KIND_TRAIT
TRAIT_CIVILIZATION_IMPROVEMENT_GOLF_COURSE,910811385,KIND_TRAIT
TRAIT_CIVILIZATION_IMPROVEMENT_MEKEWAP,-1550578637,KIND_TRAIT
TRAIT_CIVILIZATION_UNIT_ZULU_IMPI,-781789372,KIND_TRAIT
TRAIT_CIVILIZATION_UNIT_KOREAN_HWACHA,-862987623,KIND_TRAIT
TRAIT_CIVILIZATION_UNIT_SCOTTISH_HIGHLANDER,-1846461398,KIND_TRAIT
TRAIT_CIVILIZATION_UNIT_DUTCH_ZEVEN_PROVINCIEN,221992102,KIND_TRAIT
TRAIT_CIVILIZATION_UNIT_MONGOLIAN_KESHIG,-1315273714,KIND_TRAIT
TRAIT_CIVILIZATION_UNIT_GEORGIAN_KHEVSURETI,1956002474,KIND_TRAIT
TRAIT_CIVILIZATION_UNIT_MAPUCHE_MALON_RAIDER,-564040417,KIND_TRAIT
TRAIT_CIVILIZATION_UNIT_CREE_OKIHTCITAW,1128641238,KIND_TRAIT
TRAIT_CIVILIZATION_MAPUCHE_TOQUI,1955797485,KIND_TRAIT
TRAIT_CIVILIZATION_ZULU_ISIBONGO,679973856,KIND_TRAIT
DISTRICT_IKANDA,1727829309,KIND_DISTRICT
DISTRICT_SEOWON,-69066441,KIND_DISTRICT
FEATURE_DELICATE_ARCH,1781837174,KIND_FEATURE
FEATURE_EYE_OF_THE_SAHARA,656656409,KIND_FEATURE
FEATURE_LAKE_RETBA,482180537,KIND_FEATURE
FEATURE_MATTERHORN,224663563,KIND_FEATURE
FEATURE_RORAIMA,-433949006,KIND_FEATURE
FEATURE_UBSUNUR_HOLLOW,1149695214,KIND_FEATURE
FEATURE_ZHANGYE_DANXIA,-222537260,KIND_FEATURE
IMPROVEMENT_CHEMAMULL,-1220608319,KIND_IMPROVEMENT
IMPROVEMENT_GOLF_COURSE,-1608881925,KIND_IMPROVEMENT
IMPROVEMENT_POLDER,1655685824,KIND_IMPROVEMENT
IMPROVEMENT_MEKEWAP,590245655,KIND_IMPROVEMENT
LEADER_CHANDRAGUPTA,-746938402,KIND_LEADER
LEADER_GENGHIS_KHAN,1866567481,KIND_LEADER
LEADER_LAUTARO,1816759674,KIND_LEADER
LEADER_POUNDMAKER,-927759162,KIND_LEADER
LEADER_ROBERT_THE_BRUCE,1010617219,KIND_LEADER
LEADER_SEONDEOK,-1496537798,KIND_LEADER
LEADER_SHAKA,-1901591782,KIND_LEADER
LEADER_TAMAR,919322800,KIND_LEADER
LEADER_WILHELMINA,-2122977063,KIND_LEADER
TRAIT_LEADER_AMABUTHO,1782147721,KIND_TRAIT
TRAIT_LEADER_ARTHASHASTRA,-1503095478,KIND_TRAIT
TRAIT_LEADER_BANNOCKBURN,1041406949,KIND_TRAIT
TRAIT_LEADER_HWARANG,-717511671,KIND_TRAIT
TRAIT_LEADER_RELIGION_CITY_STATES,-793150915,KIND_TRAIT
TRAIT_LEADER_ALLIANCE_AND_TRADE,-345287372,KIND_TRAIT
TRAIT_RADIO_ORANJE,1528625676,KIND_TRAIT
TRAIT_LEADER_LAUTARO_ABILITY,-1859748536,KIND_TRAIT
TRAIT_LEADER_GENGHIS_KHAN_ABILITY,114536451,KIND_TRAIT
UNIT_ZULU_IMPI,1405158796,KIND_UNIT
UNIT_KOREAN_HWACHA,327890188,KIND_UNIT
UNIT_SCOTTISH_HIGHLANDER,2137591438,KIND_UNIT
UNIT_DE_ZEVEN_PROVINCIEN,-350450317,KIND_UNIT
UNIT_MONGOLIAN_KESHIG,-1798711824,KIND_UNIT
UNIT_GEORGIAN_KHEVSURETI,-1710356466,KIND_UNIT
UNIT_MAPUCHE_MALON_RAIDER,255103708,KIND_UNIT
UNIT_CREE_OKIHTCITAW,2143743076,KIND_UNIT
TRAIT_AGENDA_CURMUDGEON,-396143273,KIND_TRAIT
TRAIT_AGENDA_FLIRTATIOUS,343760240,KIND_TRAIT
TRAIT_AGENDA_GOSSIP,-628818278,KIND_TRAIT
TRAIT_AGENDA_SYCOPHANT,1134909723,KIND_TRAIT
TRAIT_AGENDA_SYMPATHIZER,-245944134,KIND_TRAIT
DIPLOACTION_ALLIANCE_RESEARCH,430927667,KIND_DIPLOMATIC_ACTION
DIPLOACTION_ALLIANCE_MILITARY,204129001,KIND_DIPLOMATIC_ACTION
DIPLOACTION_ALLIANCE_ECONOMIC,-1789054026,KIND_DIPLOMATIC_ACTION
DIPLOACTION_ALLIANCE_CULTURAL,-1958696345,KIND_DIPLOMATIC_ACTION
DIPLOACTION_ALLIANCE_RELIGIOUS,1439781421,KIND_DIPLOMATIC_ACTION
DIPLOACTION_RENEW_ALLIANCE,-1403946596,KIND_DIPLOMATIC_ACTION
ALLIANCE_RESEARCH,-768844443,KIND_DIPLOMACY_ALLIANCE
ALLIANCE_CULTURAL,1086560305,KIND_DIPLOMACY_ALLIANCE
ALLIANCE_ECONOMIC,1591607776,KIND_DIPLOMACY_ALLIANCE
ALLIANCE_MILITARY,-945164097,KIND_DIPLOMACY_ALLIANCE
ALLIANCE_RELIGIOUS,-686676514,KIND_DIPLOMACY_ALLIANCE
BUILDING_GOV_TALL,-1191428830,KIND_BUILDING
BUILDING_GOV_WIDE,358609368,KIND_BUILDING
BUILDING_GOV_CONQUEST,-540008721,KIND_BUILDING
BUILDING_GOV_CITYSTATES,-2134741333,KIND_BUILDING
BUILDING_GOV_SPIES,-1439291169,KIND_BUILDING
BUILDING_GOV_FAITH,858778155,KIND_BUILDING
BUILDING_GOV_MILITARY,1825425130,KIND_BUILDING
BUILDING_GOV_CULTURE,-1359634544,KIND_BUILDING
BUILDING_GOV_SCIENCE,2135634643,KIND_BUILDING
BUILDING_FERRIS_WHEEL,-2054348538,KIND_BUILDING
BUILDING_AQUARIUM,-683073647,KIND_BUILDING
BUILDING_AQUATICS_CENTER,-547966944,KIND_BUILDING
BUILDING_FOOD_MARKET,-1522377160,KIND_BUILDING
BUILDING_SHOPPING_MALL,-7933968,KIND_BUILDING
CIVILIZATION_ANTIOCH,-1127493960,KIND_CIVILIZATION
CIVILIZATION_BABYLON,-2074343635,KIND_CIVILIZATION
CIVILIZATION_FREE_CITIES,1332034383,KIND_CIVILIZATION
TRAIT_CIVILIZATION_NO_PLAYER,-1221993642,KIND_TRAIT
DIPLO_STATE_FREE_CITIES_NEUTRAL,-1528468022,KIND_DIPLOMATIC_STATE
DIPLOACTION_DECLARE_GOLDEN_AGE_WAR,364487899,KIND_DIPLOMATIC_ACTION
DIPLOACTION_DECLARE_WAR_OF_RETRIBUTION,30740252,KIND_DIPLOMATIC_ACTION
DIPLOACTION_DECLARE_IDEOLOGICAL_WAR,1679924433,KIND_DIPLOMATIC_ACTION
DIPLOACTION_THIRD_PARTY_WAR,-1258934878,KIND_DIPLOMATIC_ACTION
DISTRICT_GOVERNMENT,-1743686858,KIND_DISTRICT
DISTRICT_WATER_ENTERTAINMENT_COMPLEX,-484977807,KIND_DISTRICT
DISTRICT_WATER_STREET_CARNIVAL,1592888624,KIND_DISTRICT
EMERGENCY_MILITARY,-521641971,KIND_DIPLOMACY_EMERGENCY
EMERGENCY_SETTLED_CITY,830564937,KIND_DIPLOMACY_EMERGENCY
EMERGENCY_CAPTURE_CITY_STATE,-150261932,KIND_DIPLOMACY_EMERGENCY
EMERGENCY_RELIGIOUS,-228935954,KIND_DIPLOMACY_EMERGENCY
EMERGENCY_SPYING,992209516,KIND_DIPLOMACY_EMERGENCY
EMERGENCY_NUCLEAR,-803248758,KIND_DIPLOMACY_EMERGENCY
EMERGENCY_BACKSTAB,-318698449,KIND_DIPLOMACY_EMERGENCY
FEATURE_REEF,-351013929,KIND_FEATURE
GOSSIP_SPY_FOMENT_UNREST,1981938698,KIND_GOSSIP
GOSSIP_SPY_NEUTRALIZE_GOVERNOR,-117061802,KIND_GOSSIP
GOVERNMENT_CHIEFDOM,1855162266,KIND_GOVERNMENT
GOVERNMENT_AUTOCRACY,1163285806,KIND_GOVERNMENT
GOVERNMENT_OLIGARCHY,-1635089126,KIND_GOVERNMENT
GOVERNMENT_CLASSICAL_REPUBLIC,809918684,KIND_GOVERNMENT
GOVERNMENT_MONARCHY,-644568663,KIND_GOVERNMENT
GOVERNMENT_THEOCRACY,-2062098032,KIND_GOVERNMENT
GOVERNMENT_MERCHANT_REPUBLIC,1854204056,KIND_GOVERNMENT
GOVERNMENT_FASCISM,1650225613,KIND_GOVERNMENT
GOVERNMENT_COMMUNISM,-1842268724,KIND_GOVERNMENT
GOVERNMENT_DEMOCRACY,-2126710697,KIND_GOVERNMENT
POLICY_GOV_AUTOCRACY,1586441760,KIND_POLICY
POLICY_GOV_OLIGARCHY,-2058093036,KIND_POLICY
POLICY_GOV_CLASSICAL_REPUBLIC,1593082438,KIND_POLICY
POLICY_GOV_MONARCHY,21683452,KIND_POLICY
POLICY_GOV_THEOCRACY,-1630561634,KIND_POLICY
POLICY_GOV_MERCHANT_REPUBLIC,-1218407153,KIND_POLICY
POLICY_GOV_FASCISM,-1325203867,KIND_POLICY
POLICY_GOV_COMMUNISM,-1981264190,KIND_POLICY
POLICY_GOV_DEMOCRACY,-1696234663,KIND_POLICY
GOVERNOR_THE_DEFENDER,1628120902,KIND_GOVERNOR
GOVERNOR_THE_AMBASSADOR,639110662,KIND_GOVERNOR
GOVERNOR_THE_CARDINAL,881141369,KIND_GOVERNOR
GOVERNOR_THE_RESOURCE_MANAGER,1828256809,KIND_GOVERNOR
GOVERNOR_THE_BUILDER,1759071014,KIND_GOVERNOR
GOVERNOR_THE_EDUCATOR,-1082199467,KIND_GOVERNOR
GOVERNOR_THE_MERCHANT,1081370761,KIND_GOVERNOR
GOVERNOR_PROMOTION_REDOUBT,-666530767,KIND_GOVERNOR_PROMOTION
GOVERNOR_PROMOTION_GARRISON_COMMANDER,-1798401920,KIND_GOVERNOR_PROMOTION
GOVERNOR_PROMOTION_DEFENSE_LOGISTICS,-612362363,KIND_GOVERNOR_PROMOTION
GOVERNOR_PROMOTION_EMBRASURE,397664712,KIND_GOVERNOR_PROMOTION
GOVERNOR_PROMOTION_AIR_DEFENSE_INITIATIVE,-73961048,KIND_GOVERNOR_PROMOTION
GOVERNOR_PROMOTION_EDUCATOR_ARMS_RACE_PROPONENT,273628191,KIND_GOVERNOR_PROMOTION
GOVERNOR_PROMOTION_AMBASSADOR_MESSENGER,110858044,KIND_GOVERNOR_PROMOTION
GOVERNOR_PROMOTION_AMBASSADOR_EMISSARY,854041117,KIND_GOVERNOR_PROMOTION
GOVERNOR_PROMOTION_AMBASSADOR_AFFLUENCE,-989892191,KIND_GOVERNOR_PROMOTION
GOVERNOR_PROMOTION_LOCAL_INFORMANTS,308274133,KIND_GOVERNOR_PROMOTION
GOVERNOR_PROMOTION_AMBASSADOR_FOREIGN_INVESTOR,867509429,KIND_GOVERNOR_PROMOTION
GOVERNOR_PROMOTION_AMBASSADOR_PUPPETEER,-1393356649,KIND_GOVERNOR_PROMOTION
GOVERNOR_PROMOTION_CARDINAL_BISHOP,1046772354,KIND_GOVERNOR_PROMOTION
GOVERNOR_PROMOTION_CARDINAL_GRAND_INQUISITOR,-1169445237,KIND_GOVERNOR_PROMOTION
GOVERNOR_PROMOTION_CARDINAL_LAYING_ON_OF_HANDS,329352432,KIND_GOVERNOR_PROMOTION
GOVERNOR_PROMOTION_CARDINAL_CITADEL_OF_GOD,988185986,KIND_GOVERNOR_PROMOTION
GOVERNOR_PROMOTION_CARDINAL_PATRON_SAINT,283914776,KIND_GOVERNOR_PROMOTION
GOVERNOR_PROMOTION_CARDINAL_DIVINE_ARCHITECT,-1246582847,KIND_GOVERNOR_PROMOTION
GOVERNOR_PROMOTION_RESOURCE_MANAGER_GROUNDBREAKER,1522989637,KIND_GOVERNOR_PROMOTION
GOVERNOR_PROMOTION_RESOURCE_MANAGER_SURPLUS_LOGISTICS,-323567035,KIND_GOVERNOR_PROMOTION
GOVERNOR_PROMOTION_RESOURCE_MANAGER_EXPEDITION,201364422,KIND_GOVERNOR_PROMOTION
GOVERNOR_PROMOTION_RESOURCE_MANAGER_INDUSTRIALIST,1417515462,KIND_GOVERNOR_PROMOTION
GOVERNOR_PROMOTION_RESOURCE_MANAGER_BLACK_MARKETEER,-1846904869,KIND_GOVERNOR_PROMOTION
GOVERNOR_PROMOTION_RESOURCE_MANAGER_VERTICAL_INTEGRATION,-1123266087,KIND_GOVERNOR_PROMOTION
GOVERNOR_PROMOTION_BUILDER_GUILDMASTER,633913796,KIND_GOVERNOR_PROMOTION
GOVERNOR_PROMOTION_ZONING_COMMISSIONER,-1434149405,KIND_GOVERNOR_PROMOTION
GOVERNOR_PROMOTION_AQUACULTURE,-122625491,KIND_GOVERNOR_PROMOTION
GOVERNOR_PROMOTION_REINFORCED_INFRASTRUCTURE,1298004032,KIND_GOVERNOR_PROMOTION
GOVERNOR_PROMOTION_WATER_WORKS,-1863467223,KIND_GOVERNOR_PROMOTION
GOVERNOR_PROMOTION_PARKS_RECREATION,1630405030,KIND_GOVERNOR_PROMOTION
GOVERNOR_PROMOTION_EDUCATOR_LIBRARIAN,-260701711,KIND_GOVERNOR_PROMOTION
GOVERNOR_PROMOTION_EDUCATOR_CONNOISSEUR,-1896567561,KIND_GOVERNOR_PROMOTION
GOVERNOR_PROMOTION_EDUCATOR_RESEARCHER,25974729,KIND_GOVERNOR_PROMOTION
GOVERNOR_PROMOTION_EDUCATOR_GRANTS,859138435,KIND_GOVERNOR_PROMOTION
GOVERNOR_PROMOTION_MERCHANT_CURATOR,-267596526,KIND_GOVERNOR_PROMOTION
GOVERNOR_PROMOTION_EDUCATOR_SPACE_INITIATIVE,-531669954,KIND_GOVERNOR_PROMOTION
GOVERNOR_PROMOTION_MERCHANT_LAND_ACQUISITION,-526949283,KIND_GOVERNOR_PROMOTION
GOVERNOR_PROMOTION_MERCHANT_HARBORMASTER,-549684962,KIND_GOVERNOR_PROMOTION
GOVERNOR_PROMOTION_MERCHANT_FORESTRY_MANAGEMENT,-888289208,KIND_GOVERNOR_PROMOTION
GOVERNOR_PROMOTION_MERCHANT_TAX_COLLECTOR,-1166926876,KIND_GOVERNOR_PROMOTION
GOVERNOR_PROMOTION_MERCHANT_RENEWABLE_ENERGY,1767865989,KIND_GOVERNOR_PROMOTION
GOVERNOR_PROMOTION_MERCHANT_CONTRACTOR,1470186972,KIND_GOVERNOR_PROMOTION
GREAT_PERSON_INDIVIDUAL_FERDINAND_MAGELLAN,-1158053253,KIND_GREAT_PERSON_INDIVIDUAL
GREAT_PERSON_INDIVIDUAL_TIMUR,1095178874,KIND_GREAT_PERSON_INDIVIDUAL
IMPROVEMENT_FISHERY,-209686240,KIND_IMPROVEMENT
IMPROVEMENT_CITY_PARK,248721113,KIND_IMPROVEMENT
LEADER_MINOR_CIV_ANTIOCH,498188055,KIND_LEADER
LEADER_MINOR_CIV_BABYLON,623277698,KIND_LEADER
LEADER_FREE_CITIES,-1907075578,KIND_LEADER
TRAIT_LEADER_FREE_CITIES,-2034752079,KIND_TRAIT
MINOR_CIV_ANTIOCH_TRAIT,-569121733,KIND_TRAIT
MINOR_CIV_BABYLON_TRAIT,2102559828,KIND_TRAIT
MINOR_CIV_CARTHAGE_TRAIT,291664124,KIND_TRAIT
MINOR_CIV_JERUSALEM_TRAIT,-2047865422,KIND_TRAIT
MINOR_CIV_PRESLAV_TRAIT,-1389499112,KIND_TRAIT
MINOR_CIV_STOCKHOLM_TRAIT,-1833828454,KIND_TRAIT
MINOR_CIV_VILNIUS_TRAIT,956373715,KIND_TRAIT
LOYALTY_LEVEL_0,240190456,KIND_LOYALTY_LEVEL
LOYALTY_LEVEL_1,2035692398,KIND_LOYALTY_LEVEL
LOYALTY_LEVEL_2,-530619692,KIND_LOYALTY_LEVEL
LOYALTY_LEVEL_3,-1755819454,KIND_LOYALTY_LEVEL
MODIFIER_GAME_ADJUST_PLOT_YIELD,-1164056990,KIND_MODIFIER
MODIFIER_ALL_PLAYERS_ADJUST_GREAT_PERSON_POINTS,520047837,KIND_MODIFIER
MODIFIER_PLAYER_ADD_DIPLOMATIC_ACTION_OVERRIDE,-1807247560,KIND_MODIFIER
MODIFIER_PLAYER_ADD_DIPLOMATIC_COMBAT_MODIFIER,527587975,KIND_MODIFIER
MODIFIER_PLAYER_ADD_UPGRADE_MILITARY_FORMATION_ON_CITY_CONQUEST,1351372267,KIND_MODIFIER
MODIFIER_PLAYER_ADJUST_ALLIANCES_SHARED_VIS,1693386989,KIND_MODIFIER
MODIFIER_PLAYER_ADJUST_DUPLICATE_INFLUENCE_TOKEN_WHEN_SAME_RELIGION,-987302978,KIND_MODIFIER
MODIFIER_PLAYER_ADJUST_EXTRA_STARTING_POPULATION_OFF_HOME_CONTINENT,-1418639639,KIND_MODIFIER
MODIFIER_PLAYER_ADJUST_PLAYER_ALWAYS_ALLOW_COMMEMORATION_QUEST_COUNT,1913802803,KIND_MODIFIER
MODIFIER_PLAYER_ADJUST_PLAYER_CULTURAL_IDENTITY_PRESSURE_RADIUS_FROM_CAPITAL,-288265586,KIND_MODIFIER
MODIFIER_PLAYER_ADJUST_PLAYER_ERA_SCORE_PER_PRIDE_MOMENT,-382783187,KIND_MODIFIER
MODIFIER_PLAYER_ADJUST_PLAYER_ERA_SCORE_PER_CITY_RELIGION_CONVERSION,1190998873,KIND_MODIFIER
MODIFIER_PLAYER_ADJUST_PLAYER_ERA_SCORE_PER_CIVIC_BOOST,1330406110,KIND_MODIFIER
MODIFIER_PLAYER_ADJUST_PLAYER_ERA_SCORE_PER_CONTINENT_DISCOVERED,-649376011,KIND_MODIFIER
MODIFIER_PLAYER_ADJUST_PLAYER_ERA_SCORE_PER_DISTRICT_CONSTRUCTED,456421234,KIND_MODIFIER
MODIFIER_PLAYER_ADJUST_PLAYER_ERA_SCORE_PER_NATURAL_WONDER_DISCOVERED,-1973788134,KIND_MODIFIER
MODIFIER_PLAYER_ADJUST_PLAYER_ERA_SCORE_PER_CORPS_KILLED,1934251483,KIND_MODIFIER
MODIFIER_PLAYER_ADJUST_PLAYER_ERA_SCORE_PER_ARMY_KILLED,-998932571,KIND_MODIFIER
MODIFIER_PLAYER_ADJUST_PLAYER_ERA_SCORE_PER_TECH_BOOST,1156010105,KIND_MODIFIER
MODIFIER_PLAYER_ADJUST_PLAYER_ERA_SCORE_PER_TRADE_ROUTE_COMPLETED,60722812,KIND_MODIFIER
MODIFIER_PLAYER_ADJUST_PLAYER_ERA_SCORE_PER_NON_BARBARIAN_NAVAL_UNIT_KILLED,1479190780,KIND_MODIFIER
MODIFIER_PLAYER_ADJUST_PLAYER_ERA_SCORE_PER_SCIENCE_BUILDING_CONSTRUCTED,-1619374602,KIND_MODIFIER
MODIFIER_PLAYER_ADJUST_PLAYER_ERA_SCORE_PER_CULTURE_BUILDING_CONSTRUCTED,962882478,KIND_MODIFIER
MODIFIER_PLAYER_ADJUST_PLAYER_ERA_SCORE_PER_AERODROME_BUILDING_CONSTRUCTED,1698062770,KIND_MODIFIER
MODIFIER_PLAYER_ADJUST_PLAYER_ERA_SCORE_PER_INDUSTRIAL_BUILDING_CONSTRUCTED,535450198,KIND_MODIFIER
MODIFIER_PLAYER_ADJUST_PLAYER_ERA_SCORE_PER_SPY_SUCCESSFUL_MISSION,1552511358,KIND_MODIFIER
MODIFIER_PLAYER_ADJUST_PLAYER_ERA_SCORE_PER_ARTIFACT_EXTRACTED,1578423937,KIND_MODIFIER
MODIFIER_PLAYER_ADJUST_PLAYER_ERA_SCORE_PER_GREAT_PERSON_EARNED,1049134855,KIND_MODIFIER
MODIFIER_PLAYER_ADJUST_PLAYER_IDENTITY_PER_TURN_FOR_DOMESTIC_TRADE_ROUTE_ORIGIN,-1133003692,KIND_MODIFIER
MODIFIER_PLAYER_ADJUST_GOVERNOR_POINTS,762825956,KIND_MODIFIER
MODIFIER_ALL_PLAYERS_ADJUST_GOVERNOR_POINTS,2139907163,KIND_MODIFIER
MODIFIER_PLAYER_ADJUST_TRADE_ROUTE_YIELD_MODIFIER,-1064415963,KIND_MODIFIER
MODIFIER_PLAYER_ADJUST_TRADE_ROUTE_YIELD_PER_IMPROVEMENT_IN_TARGET,-809498775,KIND_MODIFIER
MODIFIER_PLAYER_ADJUST_TRADE_ROUTE_YIELD_PER_SPECIALTY_DISTRICT_FOR_INTERNATIONAL,-1437219132,KIND_MODIFIER
MODIFIER_PLAYER_ADJUST_TOURISM_FROM_NATIONAL_PARKS,199322782,KIND_MODIFIER
MODIFIER_PLAYER_ADJUST_IMMEDIATE_TRADING_POST,1441913783,KIND_MODIFIER
MODIFIER_PLAYER_ADJUST_WMD_MAINTENANCE_MODIFIER,-161528903,KIND_MODIFIER
MODIFIER_PLAYER_ADJUST_POST_COMBAT_LOYALTY,802541345,KIND_MODIFIER
MODIFIER_PLAYER_ADJUST_POST_PILLAGE_LOYALTY,567160598,KIND_MODIFIER
MODIFIER_PLAYER_DISTRICTS_ADJUST_YIELD_BASED_ON_ADJACENCY_BONUS,633393232,KIND_MODIFIER
MODIFIER_PLAYER_UNITS_ADJUST_DIPLO_VISIBILITY_COMBAT_MODIFIER,-1513832444,KIND_MODIFIER
MODIFIER_PLAYER_LOYALTY_ADJUST_MARTIAL_LAW_MODIFIER,-433265755,KIND_MODIFIER
MODIFIER_ALL_UNITS_ADJUST_DIPLO_VISIBILITY_COMBAT_MODIFIER,-237461488,KIND_MODIFIER
MODIFIER_PLAYER_CITIES_ADJUST_HAPPINESS_GREAT_PERSON,-1794032451,KIND_MODIFIER
MODIFIER_PLAYER_CITIES_ADJUST_HAPPINESS_YIELD,-1086595923,KIND_MODIFIER
MODIFIER_PLAYER_CITIES_ADJUST_BUILDING_PRODUCTION_MODIFIER,2101319200,KIND_MODIFIER
MODIFIER_PLAYER_CITIES_ADJUST_BUILDING_YIELD_MODIFIERS_FOR_DISTRICT,-1539726859,KIND_MODIFIER
MODIFIER_PLAYER_CITIES_ADJUST_DISTRICT_PRODUCTION_MODIFIER,377449252,KIND_MODIFIER
MODIFIER_PLAYER_CITIES_ADJUST_BUILDING_PRODUCTION_CHANGE,2051358554,KIND_MODIFIER
MODIFIER_PLAYER_CITIES_ADJUST_DISTRICT_PRODUCTION_CHANGE,1659895264,KIND_MODIFIER
MODIFIER_PLAYER_CITIES_ADJUST_GREAT_PERSON_POINT,792381527,KIND_MODIFIER
MODIFIER_PLAYER_CITIES_ADJUST_IDENTITY_PER_CITIZEN,-1450209443,KIND_MODIFIER
MODIFIER_PLAYER_CITIES_ADJUST_IDENTITY_PRESSURE_FROM_EMERGENCIES,709915789,KIND_MODIFIER
MODIFIER_PLAYER_CITIES_ADJUST_IMPROVEMENT_AMENITY,-1923459792,KIND_MODIFIER
MODIFIER_PLAYER_CITIES_ADJUST_TRAIT_AMENITY,-2110338275,KIND_MODIFIER
MODIFIER_PLAYER_CITIES_ADJUST_UNIT_PRODUCTION_MODIFIER,-1737510643,KIND_MODIFIER
MODIFIER_PLAYER_CITIES_ADJUST_UNIT_PRODUCTION_CHANGE,-2041239032,KIND_MODIFIER
MODIFIER_PLAYER_CITIES_ADJUST_UNITS_PURCHASE_COST,494900835,KIND_MODIFIER
MODIFIER_PLAYER_CITIES_ADJUST_CITY_YIELD_PER_POPULATION,168645432,KIND_MODIFIER
MODIFIER_PLAYER_CITIES_ADJUST_CITY_YIELD_MODIFIER_PER_GOVERNOR_TITLE,226612349,KIND_MODIFIER
MODIFIER_PLAYER_CITIES_ADJUST_ALWAYS_LOYAL,840206504,KIND_MODIFIER
MODIFIER_PLAYER_CITIES_RIVER_ADJACENCY,55566898,KIND_MODIFIER
MODIFIER_PLAYER_CITYSTATEUNITS_ATTACH_MODIFIER,912968224,KIND_MODIFIER
MODIFIER_PLAYER_CORPS_ARMY_MODIFIED_STRENGTH,-484322136,KIND_MODIFIER
MODIFIER_PLAYER_RELIGION_ENABLE_AWARDS_ENVOY_RELIGIOUS_PRESSURE,1400658520,KIND_MODIFIER
MODIFIER_PLAYER_TREAT_HOLY_SITES_AS_HOLY_CITIES,-427211123,KIND_MODIFIER
MODIFIER_SINGLE_CITY_ADJUST_BUILDING_PRODUCTION_MODIFIER,-1888442544,KIND_MODIFIER
MODIFIER_SINGLE_CITY_ADJUST_IDENTITY_PER_TURN,-1142553697,KIND_MODIFIER
MODIFIER_SINGLE_CITY_ADJUST_IDENTITY_PRESSURE,-927359028,KIND_MODIFIER
MODIFIER_SINGLE_CITY_ADJUST_IMPROVEMENT_AMENITY,212739619,KIND_MODIFIER
MODIFIER_SINGLE_CITY_ADJUST_UNIT_PRODUCTION_MODIFIER,1458577707,KIND_MODIFIER
MODIFIER_SINGLE_CITY_GRANT_LOYALTY,-1950060671,KIND_MODIFIER
MODIFIER_PLAYER_DIPLOMACY_AGENDA_HORN_CHEST_LOINS,-610945200,KIND_MODIFIER
MODIFIER_PLAYER_DIPLOMACY_AGENDA_HORSE_LORD,-463463795,KIND_MODIFIER
MODIFIER_PLAYER_DIPLOMACY_AGENDA_SPIRIT_OF_TUCAPEL,1662474172,KIND_MODIFIER
MODIFIER_PLAYER_TRADE_GAIN_TILES_EN_ROUTE,-2021970726,KIND_MODIFIER
MODIFIER_PLAYER_UNIT_ADJUST_PARADROP_ABILITY,1983425173,KIND_MODIFIER
MODIFIER_PLAYER_DISABLE_HEALING,1089549715,KIND_MODIFIER
MODIFIER_PLAYER_DISABLE_INFLUENCE,592118852,KIND_MODIFIER
MODIFIER_PLAYER_DISABLE_PATRONAGE,-1577810219,KIND_MODIFIER
MODIFIER_PLAYER_DISABLE_SETTLING,1089984528,KIND_MODIFIER
MODIFIER_PLAYER_ADJUST_INQUISITION_START_CHARGES,-577970070,KIND_MODIFIER
MODIFIER_PLAYER_UNIT_BUILD_DISABLED,580918806,KIND_MODIFIER
MODIFIER_UNIT_STRENGTH_FROM_CITY_CULTURAL_IDENTITY,-696090381,KIND_MODIFIER
MODIFIER_UNIT_ADJUST_COMBAT_UNIT_CAPTURE,737249210,KIND_MODIFIER
MODIFIER_PLAYER_CITIES_ADJUST_IDENTITY_PER_TURN,27105019,KIND_MODIFIER
MODIFIER_PLAYER_DIPLOMACY_BROKEN_PLEDGE,-787017962,KIND_MODIFIER
MODIFIER_PLAYER_DIPLOMACY_KEPT_PLEDGE,1293173351,KIND_MODIFIER
MODIFIER_PLAYER_DIPLOMACY_NO_PLEDGE,574841033,KIND_MODIFIER
MODIFIER_PLAYER_GOVERNORS_ADJUST_IDENTITY_PER_TITLE,2061006217,KIND_MODIFIER
MODIFIER_PLAYER_GOVERNORS_ADJUST_GOVERNOR_IDENTITY_PRESSURE,113289568,KIND_MODIFIER
MODIFIER_PLAYER_GRANT_BOOST_WITH_GREAT_PERSON,484642995,KIND_MODIFIER
MODIFIER_PLAYER_CITIES_ADJUST_CITY_ALL_YIELDS_CHANGE,-1483059929,KIND_MODIFIER
MODIFIER_ALLIANCE_DO_NOTHING,708196076,KIND_MODIFIER
MODIFIER_ALLIANCE_SHARE_VISIBILITY,-1638105628,KIND_MODIFIER
MODIFIER_ALLIANCE_CITIES_MILITARY_UNIT_PRODUCTION,-836972148,KIND_MODIFIER
MODIFIER_ALLIANCE_COMBATS_UNIT_STRENGTHS,563437515,KIND_MODIFIER
MODIFIER_ALLIANCE_DISTRICTS_ADJUST_GREAT_POINTS,1339141667,KIND_MODIFIER
MODIFIER_ALLIANCE_PLAYER_TRADE_ROUTE_CAPACITY,-700194584,KIND_MODIFIER
MODIFIER_ALLIANCE_TRADE_ROUTE_ADJUST_YIELD,977090462,KIND_MODIFIER
MODIFIER_ALLIANCE_UNIT_MOVEMENT,-160002542,KIND_MODIFIER
MODIFIER_ALLIANCE_PLAYERS_ENVOY_POINTS_FROM_ALLY,798160813,KIND_MODIFIER
MODIFIER_ALLIANCE_PLAYERS_SCIENCE_FROM_ALLY,451132322,KIND_MODIFIER
MODIFIER_ALLIANCE_PLAYERS_TOURISM_FROM_ALLY,1410580167,KIND_MODIFIER
MODIFIER_ALLIANCE_PLAYERS_CULTURE_FROM_ALLY,-1269977378,KIND_MODIFIER
MODIFIER_ALLIANCE_PLAYERS_YIELD_FROM_FOLLOWERS_OF_ALLY_RELIGIONS,265130361,KIND_MODIFIER
MODIFIER_ALLIANCE_PLAYERS_RELIGIOUS_PRESSURE,-1845606079,KIND_MODIFIER
MODIFIER_ALLIANCE_TRAINED_UNITS_FREE_UPGRADE,959657649,KIND_MODIFIER
MODIFIER_ALLIANCE_RESEARCH_AGREEMENT,149429327,KIND_MODIFIER
MODIFIER_ALLIANCE_PLAYERS_SHARE_SUZERAIN,557326447,KIND_MODIFIER
MODIFIER_PLAYER_ALLIANCES_ATTACH_MODIFIER,-1391150709,KIND_MODIFIER
MODIFIER_PLAYER_ADJUST_ALLIANCE_POINTS,1608571228,KIND_MODIFIER
MODIFIER_PLAYER_ADJUST_ALLIANCE_POINTS_FOR_COMMON_FOE,-1885045784,KIND_MODIFIER
MODIFIER_PLAYER_ADJUST_ALLIANCE_POINTS_FOR_TRADE,1578462949,KIND_MODIFIER
MODIFIER_EMERGENCY_CITIES_EXERT_RELIGIOUS_PRESSURE,-1686708694,KIND_MODIFIER
MODIFIER_EMERGENCY_CITIES_KILL_ALL_EMERGENCY_TARGET_SPIES,-1704059433,KIND_MODIFIER
MODIFIER_EMERGENCY_COMBATS_ADJUST_ATTACKER_STRENGTH,-1864421106,KIND_MODIFIER
MODIFIER_EMERGENCY_COMBATS_ADJUST_DEFENDER_STRENGTH,-322032569,KIND_MODIFIER
MODIFIER_EMERGENCY_PLAYERS_ADJUST_WAR_WEARINESS,-819312648,KIND_MODIFIER
MODIFIER_EMERGENCY_PLAYERS_GRANT_RELIC,266008286,KIND_MODIFIER
MODIFIER_EMERGENCY_PLAYERS_GRANT_UNIT,1442620878,KIND_MODIFIER
MODIFIER_EMERGENCY_PLAYERS_YIELDS_PER_ENVOY,1243290971,KIND_MODIFIER
MODIFIER_EMERGENCY_PLAYERS_YIELD_PER_TURN,199082127,KIND_MODIFIER
MODIFIER_EMERGENCY_TARGET_CITY_GRANT_LOYALTY,330326267,KIND_MODIFIER
MODIFIER_EMERGENCY_TRADE_ROUTES_ADJUST_YIELDS,-811515543,KIND_MODIFIER
MODIFIER_EMERGENCY_TRADE_ROUTES_CANCEL,-1460200422,KIND_MODIFIER
MODIFIER_EMERGENCY_UNITS_ADJUST_HEALING,1114126279,KIND_MODIFIER
MODIFIER_EMERGENCY_UNITS_ADJUST_MOVEMENT,-991795122,KIND_MODIFIER
MODIFIER_EMERGENCY_UNITS_ADJUST_SPYING_EFFICIENCY,-304881776,KIND_MODIFIER
MODIFIER_EMERGENCY_UNITS_GRANT_ABILITY,-2019595662,KIND_MODIFIER
MODIFIER_CITY_ADJUST_ATTACKS_PER_TURN,-1029520911,KIND_MODIFIER
MODIFIER_CITY_ADJUST_RESOURCE_HARVEST_BONUS,-2002421537,KIND_MODIFIER
MODIFIER_CITY_ADJUST_SIEGE_PROTECTION,-1629834976,KIND_MODIFIER
MODIFIER_CITY_ADJUST_SPY_BONUS,1853760955,KIND_MODIFIER
MODIFIER_CITY_IGNORE_STRATEGIC_RESOURCE_REQUIREMENT,1074399112,KIND_MODIFIER
MODIFIER_CITY_INCREASE_DISTRICT_PRODUCTION_RATE,-1310140848,KIND_MODIFIER
MODIFIER_SINGLE_CITY_ADJUST_WONDER_PRODUCTION,-800973608,KIND_MODIFIER
MODIFIER_SINGLE_CITY_CULTURE_BORDER_EXPANSION,-593751205,KIND_MODIFIER
MODIFIER_CITY_ADJUST_CAN_PURCHASE_DISTRICTS,-776852942,KIND_MODIFIER
MODIFIER_CITY_ADJUST_CITY_YIELD_PER_DISTRICT,-1850608366,KIND_MODIFIER
MODIFIER_CITY_ADJUST_AIR_DEFENSE_BONUS,862603882,KIND_MODIFIER
MODIFIER_SINGLE_CITY_RELIGION_PRESSURE,1973178797,KIND_MODIFIER
MODIFIER_SINGLE_CITY_RELIGIOUS_COMBAT_BONUS,-1441202735,KIND_MODIFIER
MODIFIER_SINGLE_CITY_RELIGIOUS_HEAL,1226544435,KIND_MODIFIER
MODIFIER_SINGLE_CITY_RELIGION_IGNORE_PRESSURE,500146184,KIND_MODIFIER
MODIFIER_SINGLE_CITY_RELIGION_IGNORE_COMBAT,2100590065,KIND_MODIFIER
MODIFIER_SINGLE_CITY_RELIGION_EXTRA_PROMOTIONS,457198975,KIND_MODIFIER
MODIFIER_CITY_ADJUST_SETTLER_CONSUME_POPULATION,-1687838884,KIND_MODIFIER
MODIFIER_SINGLE_CITY_ADJUST_PROJECT_PRODUCTION,1217295495,KIND_MODIFIER
MODIFIER_GOVERNOR_ADJUST_CITY_ENVOYS,-880343256,KIND_MODIFIER
MODIFIER_SINGLE_CITY_ADJUST_AMENITIES_FROM_GOVERNORS,-627193226,KIND_MODIFIER
MODIFIER_GOVERNOR_ADJUST_CITY_COPY_LUXURIES_FOR_IMPORT,-1965630381,KIND_MODIFIER
MODIFIER_GOVERNOR_ADJUST_CITY_ENVOYS_MODIFIER,-1607006250,KIND_MODIFIER
MODIFIER_GOVERNOR_ADJUST_GOVERNOR_IDENTITY_PRESSURE,-1898126407,KIND_MODIFIER
MODIFIER_CITY_ADJUST_CITIZEN_GOLD_PER_TURN,1115265568,KIND_MODIFIER
MODIFIER_CITY_ADJUST_ALLOWED_IMPROVEMENT,1593147866,KIND_MODIFIER
MODIFIER_CITY_ADJUST_ALLOWED_INCOMING_REGIONAL_STACKING,-765126894,KIND_MODIFIER
MODIFIER_CITY_DISTRICTS_ADJUST_YIELD_MODIFIER,2081657185,KIND_MODIFIER
MODIFIER_CITY_ADJUST_YIELD_FROM_FOREIGN_TRADE_ROUTES_PASSING_THROUGH,90982083,KIND_MODIFIER
MODIFIER_CITY_ADJUST_CITY_COMBAT_BONUS,-268118727,KIND_MODIFIER
MODIFIER_CITY_INCREASE_GREAT_PERSON_POINT_BONUS,-101225878,KIND_MODIFIER
MODIFIER_PLAYER_CITIES_ADJUST_GREAT_PERSON_POINT_BONUS,929002168,KIND_MODIFIER
MODIFIER_PLAYER_CITIES_ADJUST_AMENITIES_FROM_GOVERNORS,335698512,KIND_MODIFIER
MODIFIER_PLAYER_GRANT_FREE_BUILDERS,-52785612,KIND_MODIFIER
MODIFIER_UNIT_STACKING_COMBAT_STRENGTH,-497528946,KIND_MODIFIER
MODIFIER_PLAYER_ADJUST_UNIT_PROJECT_PERCENT,-2063254516,KIND_MODIFIER
MODIFIER_PLAYER_CITIES_ADJUST_YIELDS_PER_LOYAL_CITIZEN,1483961276,KIND_MODIFIER
MODIFIER_PLAYER_BUILT_CITIES_GRANT_FREE_UNIT,2006334966,KIND_MODIFIER
MODIFIER_PLAYER_CITIES_ADJUST_HOUSING_PER_DISTRICT,263042636,KIND_MODIFIER
MODIFIER_COMBAT_RESULTS_ATTACH_UNIT_MODIFIER,-592239467,KIND_MODIFIER
MODIFIER_PLAYER_UNITS_ADJUST_FAITH_ON_DISTRICT_PILLAGE,-1053739046,KIND_MODIFIER
MODIFIER_PLAYER_UNITS_ADJUST_FAITH_ON_IMPROVEMENT_PILLAGE,-1862846587,KIND_MODIFIER
MODIFIER_PLAYER_UNITS_ADJUST_SPY_ESTABLISH_TIME,668556895,KIND_MODIFIER
MODIFIER_PLAYER_UNITS_ADJUST_SPY_OFFENSIVE_OPERATION_TIME,757570658,KIND_MODIFIER
MODIFIER_ALL_PLAYERS_ADJUST_ERA_SCORE_PER_CURRENT_CIVIC,-363541921,KIND_MODIFIER
MODIFIER_ALL_PLAYERS_ADJUST_ERA_SCORE_PER_CURRENT_TECH,99296775,KIND_MODIFIER
MODIFIER_ALL_PLAYERS_ADJUST_ERA_SCORE_PER_UNIT_PROMOTION_EARNED,-241897373,KIND_MODIFIER
MOMENT_ARTIFACT_EXTRACTED,780706814,KIND_MOMENT
MOMENT_ARTIFACT_EXTRACTED_SHIPWRECK_FIRST,-404689191,KIND_MOMENT
MOMENT_ARTIFACT_EXTRACTED_SHIPWRECK_FIRST_IN_WORLD,1607174805,KIND_MOMENT
MOMENT_BARBARIAN_CAMP_DESTROYED,-509016565,KIND_MOMENT
MOMENT_BARBARIAN_CAMP_DESTROYED_NEAR_YOUR_CITY,-869072102,KIND_MOMENT
MOMENT_BATTLE_FOUGHT,-1164472252,KIND_MOMENT
MOMENT_BELIEF_ADDED_MAX_BELIEFS_REACHED,1262976721,KIND_MOMENT
MOMENT_BELIEF_ADDED_MAX_BELIEFS_REACHED_FIRST_IN_WORLD,2019242767,KIND_MOMENT
MOMENT_BUILDING_CONSTRUCTED_FIRST_UNIQUE,2046818354,KIND_MOMENT
MOMENT_BUILDING_CONSTRUCTED_FULL_AERODROME_FIRST,-1820919322,KIND_MOMENT
MOMENT_BUILDING_CONSTRUCTED_FULL_ENCAMPMENT_FIRST,1693830847,KIND_MOMENT
MOMENT_BUILDING_CONSTRUCTED_FULL_ENTERTAINMENT_COMPLEX_FIRST,-414588892,KIND_MOMENT
MOMENT_BUILDING_CONSTRUCTED_FULL_WATER_ENTERTAINMENT_COMPLEX_FIRST,-1212176804,KIND_MOMENT
MOMENT_BUILDING_CONSTRUCTED_GAME_ERA_WONDER,-764784931,KIND_MOMENT
MOMENT_BUILDING_CONSTRUCTED_PAST_ERA_WONDER,-732572303,KIND_MOMENT
MOMENT_CITY_BUILT_BECAME_LARGEST_CIV_BY_MARGIN,601648565,KIND_MOMENT
MOMENT_CITY_BUILT_NEAR_NATURAL_WONDER,1341731873,KIND_MOMENT
MOMENT_CITY_BUILT_NEAR_OTHER_CIV_CITY,-267160670,KIND_MOMENT
MOMENT_CITY_BUILT_NEW_CONTINENT,-1812654879,KIND_MOMENT
MOMENT_CITY_BUILT_ON_DESERT,-229846375,KIND_MOMENT
MOMENT_CITY_BUILT_ON_SNOW,-1299240195,KIND_MOMENT
MOMENT_CITY_BUILT_ON_TUNDRA,1595295262,KIND_MOMENT
MOMENT_CITY_CHANGED_RELIGION_ENEMY_CITY_DURING_WAR,898686115,KIND_MOMENT
MOMENT_CITY_CHANGED_RELIGION_OTHER_HOLY_CITY,1014855959,KIND_MOMENT
MOMENT_CITY_SIZE_EXTRA_LARGE_FIRST,-452401751,KIND_MOMENT
MOMENT_CITY_SIZE_EXTRA_LARGE_FIRST_IN_WORLD,-1887101843,KIND_MOMENT
MOMENT_CITY_SIZE_LARGE_FIRST,636604012,KIND_MOMENT
MOMENT_CITY_SIZE_LARGE_FIRST_IN_WORLD,969360852,KIND_MOMENT
MOMENT_CITY_SIZE_MEDIUM_FIRST,46205088,KIND_MOMENT
MOMENT_CITY_SIZE_MEDIUM_FIRST_IN_WORLD,1765239780,KIND_MOMENT
MOMENT_CITY_SIZE_SMALL_FIRST,1601976798,KIND_MOMENT
MOMENT_CITY_SIZE_SMALL_FIRST_IN_WORLD,-377285367,KIND_MOMENT
MOMENT_CITY_TRANSFERRED_DISLOYAL_FREE_CITY,1813460614,KIND_MOMENT
MOMENT_CITY_TRANSFERRED_FOREIGN_CAPITAL,1064544139,KIND_MOMENT
MOMENT_CITY_TRANSFERRED_PLAYER_DEFEATED,225736713,KIND_MOMENT
MOMENT_CITY_TRANSFERRED_TO_ORIGINAL_OWNER,2072046997,KIND_MOMENT
MOMENT_CIVIC_CULTURVATED_IN_ERA_FIRST,-686426713,KIND_MOMENT
MOMENT_CIVIC_CULTURVATED_IN_ERA_FIRST_IN_WORLD,1950854524,KIND_MOMENT
MOMENT_DISTRICT_CONSTRUCTED_FIRST_UNIQUE,249605924,KIND_MOMENT
MOMENT_DISTRICT_CONSTRUCTED_HIGH_ADJACENCY_CAMPUS,1734196346,KIND_MOMENT
MOMENT_DISTRICT_CONSTRUCTED_HIGH_ADJACENCY_COMMERCIAL_HUB,1936317227,KIND_MOMENT
MOMENT_DISTRICT_CONSTRUCTED_HIGH_ADJACENCY_HARBOR,-580340189,KIND_MOMENT
MOMENT_DISTRICT_CONSTRUCTED_HIGH_ADJACENCY_HOLY_SITE,-953298,KIND_MOMENT
MOMENT_DISTRICT_CONSTRUCTED_HIGH_ADJACENCY_INDUSTRIAL_ZONE,1779103309,KIND_MOMENT
MOMENT_DISTRICT_CONSTRUCTED_HIGH_ADJACENCY_THEATER_SQUARE,-762914075,KIND_MOMENT
MOMENT_DISTRICT_CONSTRUCTED_NEIGHBORHOOD_FIRST,566003489,KIND_MOMENT
MOMENT_DISTRICT_CONSTRUCTED_NEIGHBORHOOD_FIRST_IN_WORLD,-1635438867,KIND_MOMENT
MOMENT_EMERGENCY_WON_AS_MEMBER,-101841804,KIND_MOMENT
MOMENT_EMERGENCY_WON_AS_TARGET,-815410704,KIND_MOMENT
MOMENT_FIND_NATURAL_WONDER,-1327574058,KIND_MOMENT
MOMENT_FIND_NATURAL_WONDER_FIRST_IN_WORLD,-1135601589,KIND_MOMENT
MOMENT_FIND_NEW_CONTINENT_FIRST_IN_WORLD,-1067549901,KIND_MOMENT
MOMENT_FORMATION_ARMADA_FIRST,1543911346,KIND_MOMENT
MOMENT_FORMATION_ARMADA_FIRST_IN_WORLD,-1999468480,KIND_MOMENT
MOMENT_FORMATION_ARMY_FIRST,896171534,KIND_MOMENT
MOMENT_FORMATION_ARMY_FIRST_IN_WORLD,1941772812,KIND_MOMENT
MOMENT_FORMATION_CORPS_FIRST,-986483426,KIND_MOMENT
MOMENT_FORMATION_CORPS_FIRST_IN_WORLD,566817110,KIND_MOMENT
MOMENT_FORMATION_FLEET_FIRST,1712213030,KIND_MOMENT
MOMENT_FORMATION_FLEET_FIRST_IN_WORLD,2023717912,KIND_MOMENT
MOMENT_GAME_ERA_STARTED_WITH_DARK_AGE,-701475119,KIND_MOMENT
MOMENT_GAME_ERA_STARTED_WITH_GOLDEN_AGE,-1383012205,KIND_MOMENT
MOMENT_GAME_ERA_STARTED_WITH_HEROIC_AGE,768690857,KIND_MOMENT
MOMENT_GAME_ERA_STARTED_WITH_NORMAL_AGE,1283306725,KIND_MOMENT
MOMENT_GOODY_HUT_TRIGGERED,-1672407476,KIND_MOMENT
MOMENT_GOVERNMENT_ENACTED_TIER_1_FIRST,1775396536,KIND_MOMENT
MOMENT_GOVERNMENT_ENACTED_TIER_1_FIRST_IN_WORLD,-1890893618,KIND_MOMENT
MOMENT_GOVERNMENT_ENACTED_TIER_2_FIRST,1480227877,KIND_MOMENT
MOMENT_GOVERNMENT_ENACTED_TIER_2_FIRST_IN_WORLD,-1501301700,KIND_MOMENT
MOMENT_GOVERNMENT_ENACTED_TIER_3_FIRST,-28477551,KIND_MOMENT
MOMENT_GOVERNMENT_ENACTED_TIER_3_FIRST_IN_WORLD,149644717,KIND_MOMENT
MOMENT_GOVERNOR_ALL_APPOINTED_FIRST,78895716,KIND_MOMENT
MOMENT_GOVERNOR_FULLY_PROMOTED_FIRST,-1467012439,KIND_MOMENT
MOMENT_GREAT_PERSON_CREATED_GAME_ERA,-1515121900,KIND_MOMENT
MOMENT_GREAT_PERSON_CREATED_PAST_ERA,-1215039745,KIND_MOMENT
MOMENT_GREAT_PERSON_CREATED_PATRONAGE_FAITH_OVER_HALF,875880855,KIND_MOMENT
MOMENT_GREAT_PERSON_CREATED_PATRONAGE_GOLD_OVER_HALF,651392233,KIND_MOMENT
MOMENT_IMPROVEMENT_CONSTRUCTED_FIRST_UNIQUE,1928707360,KIND_MOMENT
MOMENT_IMPROVEMENT_CONSTRUCTED_SEASIDE_RESORT_FIRST,-1909274636,KIND_MOMENT
MOMENT_IMPROVEMENT_CONSTRUCTED_SEASIDE_RESORT_FIRST_IN_WORLD,-638854430,KIND_MOMENT
MOMENT_INQUISITION_LAUNCHED,-1837808475,KIND_MOMENT
MOMENT_INQUISITION_LAUNCHED_FIRST_IN_WORLD,732579318,KIND_MOMENT
MOMENT_NATIONAL_PARK_CREATED,-1684418691,KIND_MOMENT
MOMENT_NATIONAL_PARK_CREATED_FIRST_IN_WORLD,1107047892,KIND_MOMENT
MOMENT_PANTHEON_FOUNDED,-923957546,KIND_MOMENT
MOMENT_PANTHEON_FOUNDED_FIRST_IN_WORLD,-2029139120,KIND_MOMENT
MOMENT_PLAYER_GAVE_ENVOY_BECAME_SUZERAIN_FIRST_IN_WORLD,937298822,KIND_MOMENT
MOMENT_PLAYER_GAVE_ENVOY_CANCELED_LEVY,485586715,KIND_MOMENT
MOMENT_PLAYER_GAVE_ENVOY_CANCELED_SUZERAIN_DURING_WAR,-1544093691,KIND_MOMENT
MOMENT_PLAYER_LEVIED_MILITARY,1618764095,KIND_MOMENT
MOMENT_PLAYER_LEVIED_MILITARY_NEAR_ENEMY_CITY,877152649,KIND_MOMENT
MOMENT_PLAYER_MET_ALL_MAJORS,1022441014,KIND_MOMENT
MOMENT_PLAYER_MET_ALL_MAJORS_FIRST_IN_WORLD,-903405804,KIND_MOMENT
MOMENT_PLAYER_MET_MAJOR,815813506,KIND_MOMENT
MOMENT_PROJECT_FOUNDED_MANHATTEN,-1832395464,KIND_MOMENT
MOMENT_PROJECT_FOUNDED_MARS,-2021139416,KIND_MOMENT
MOMENT_PROJECT_FOUNDED_MARS_FIRST_IN_WORLD,-1581089587,KIND_MOMENT
MOMENT_PROJECT_FOUNDED_MOON_LANDING,1514132051,KIND_MOMENT
MOMENT_PROJECT_FOUNDED_MOON_LANDING_FIRST_IN_WORLD,-1913488824,KIND_MOMENT
MOMENT_PROJECT_FOUNDED_OPERATION_IVY,2077827872,KIND_MOMENT
MOMENT_PROJECT_FOUNDED_SATELLITE_LAUNCH,525826894,KIND_MOMENT
MOMENT_PROJECT_FOUNDED_SATELLITE_LAUNCH_FIRST_IN_WORLD,703542946,KIND_MOMENT
MOMENT_RELIGION_FOUNDED,-1342518935,KIND_MOMENT
MOMENT_RELIGION_FOUNDED_FIRST_IN_WORLD,-751419483,KIND_MOMENT
MOMENT_SHIP_SUNK,1326086238,KIND_MOMENT
MOMENT_SPY_MAX_LEVEL,-1457550065,KIND_MOMENT
MOMENT_SPY_MAX_LEVEL_FIRST,942441992,KIND_MOMENT
MOMENT_TECH_RESEARCHED_IN_ERA_FIRST,985311566,KIND_MOMENT
MOMENT_TECH_RESEARCHED_IN_ERA_FIRST_IN_WORLD,-77408354,KIND_MOMENT
MOMENT_TRADING_POST_CONSTRUCTED_IN_EVERY_CIV,1409098037,KIND_MOMENT
MOMENT_TRADING_POST_CONSTRUCTED_IN_EVERY_CIV_FIRST_IN_WORLD,408529219,KIND_MOMENT
MOMENT_TRADING_POST_CONSTRUCTED_IN_OTHER_CIV,-1943876060,KIND_MOMENT
MOMENT_UNIT_CREATED_FIRST_DOMAIN_AIR,1057293998,KIND_MOMENT
MOMENT_UNIT_CREATED_FIRST_DOMAIN_AIR_IN_WORLD,885591471,KIND_MOMENT
MOMENT_UNIT_CREATED_FIRST_DOMAIN_SEA,145522530,KIND_MOMENT
MOMENT_UNIT_CREATED_FIRST_DOMAIN_SEA_IN_WORLD,308926176,KIND_MOMENT
MOMENT_UNIT_CREATED_FIRST_REQUIRING_STRATEGIC,-587249413,KIND_MOMENT
MOMENT_UNIT_CREATED_FIRST_REQUIRING_STRATEGIC_IN_WORLD,1623578098,KIND_MOMENT
MOMENT_UNIT_CREATED_FIRST_UNIQUE,1769408121,KIND_MOMENT
MOMENT_UNIT_HIGH_LEVEL,-549796485,KIND_MOMENT
MOMENT_UNIT_HIGH_LEVEL_FIRST,126652857,KIND_MOMENT
MOMENT_UNIT_KILLED_ASSISTED_BY_ADMIRAL,-1843449713,KIND_MOMENT
MOMENT_UNIT_KILLED_ASSISTED_BY_GENERAL,937759608,KIND_MOMENT
MOMENT_UNIT_KILLED_UNDERDOG_MILITARY_FORMATION,-1492142435,KIND_MOMENT
MOMENT_UNIT_KILLED_UNDERDOG_PROMOTIONS,-1273479098,KIND_MOMENT
MOMENT_WAR_DECLARED_USING_CASUS_BELLI,-72504059,KIND_MOMENT
MOMENT_WORLD_CIRCUMNAVIGATED,718951514,KIND_MOMENT
MOMENT_WORLD_CIRCUMNAVIGATED_FIRST_IN_WORLD,399312093,KIND_MOMENT
MOMENT_DATA_BELIEF,-610957,KIND_MOMENT_DATA
MOMENT_DATA_BUILDING,1713643131,KIND_MOMENT_DATA
MOMENT_DATA_CITY_STATE_PLAYER,-727859313,KIND_MOMENT_DATA
MOMENT_DATA_CIVIC,1990399492,KIND_MOMENT_DATA
MOMENT_DATA_CONTINENT,-1018874305,KIND_MOMENT_DATA
MOMENT_DATA_DISTRICT,-1232458968,KIND_MOMENT_DATA
MOMENT_DATA_EMERGENCY,-1990251682,KIND_MOMENT_DATA
MOMENT_DATA_FEATURE,1398896881,KIND_MOMENT_DATA
MOMENT_DATA_GOVERNMENT,-1386074123,KIND_MOMENT_DATA
MOMENT_DATA_GOVERNOR,369216204,KIND_MOMENT_DATA
MOMENT_DATA_GREAT_PERSON_INDIVIDUAL,-422107292,KIND_MOMENT_DATA
MOMENT_DATA_GREAT_WORK,604219298,KIND_MOMENT_DATA
MOMENT_DATA_IMPROVEMENT,1386954814,KIND_MOMENT_DATA
MOMENT_DATA_OLD_RELIGION,-996596052,KIND_MOMENT_DATA
MOMENT_DATA_PLAYER_ERA,1306798379,KIND_MOMENT_DATA
MOMENT_DATA_PROJECT,1661328761,KIND_MOMENT_DATA
MOMENT_DATA_RELIGION,-1759605930,KIND_MOMENT_DATA
MOMENT_DATA_RESOURCE,1004178361,KIND_MOMENT_DATA
MOMENT_DATA_TARGET_PLAYER,-1493285436,KIND_MOMENT_DATA
MOMENT_DATA_TARGET_PLAYER_ERA,1453187739,KIND_MOMENT_DATA
MOMENT_DATA_TECHNOLOGY,-227209448,KIND_MOMENT_DATA
MOMENT_DATA_UNIT,-1590237054,KIND_MOMENT_DATA
MOMENT_DATA_WAR,-385679944,KIND_MOMENT_DATA
COMMEMORATION_AERONAUTICAL,1529267640,KIND_MOMENT_OUTCOME
COMMEMORATION_CULTURAL,-991391802,KIND_MOMENT_OUTCOME
COMMEMORATION_ECONOMIC,-621472233,KIND_MOMENT_OUTCOME
COMMEMORATION_ESPIONAGE,224203560,KIND_MOMENT_OUTCOME
COMMEMORATION_EXPLORATION,-1329272046,KIND_MOMENT_OUTCOME
COMMEMORATION_INDUSTRIAL,670312749,KIND_MOMENT_OUTCOME
COMMEMORATION_INFRASTRUCTURE,732349654,KIND_MOMENT_OUTCOME
COMMEMORATION_MILITARY,1132652360,KIND_MOMENT_OUTCOME
COMMEMORATION_RELIGIOUS,-196122250,KIND_MOMENT_OUTCOME
COMMEMORATION_SCIENTIFIC,1904625467,KIND_MOMENT_OUTCOME
COMMEMORATION_TOURISM,-990154663,KIND_MOMENT_OUTCOME
MOMENT_ILLUSTRATION_RELIGION,-649573025,KIND_MOMENT_ILLUSTRATION
MOMENT_ILLUSTRATION_CIVIC_ERA,-1099004965,KIND_MOMENT_ILLUSTRATION
MOMENT_ILLUSTRATION_TECHNOLOGY_ERA,643531974,KIND_MOMENT_ILLUSTRATION
MOMENT_ILLUSTRATION_AIR_UNIT_ERA,-788794472,KIND_MOMENT_ILLUSTRATION
MOMENT_ILLUSTRATION_SEA_UNIT_ERA,-161797929,KIND_MOMENT_ILLUSTRATION
MOMENT_ILLUSTRATION_UNIQUE_UNIT,971037680,KIND_MOMENT_ILLUSTRATION
MOMENT_ILLUSTRATION_GOVERNOR,1482099909,KIND_MOMENT_ILLUSTRATION
MOMENT_ILLUSTRATION_GOVERNMENT,245874031,KIND_MOMENT_ILLUSTRATION
MOMENT_ILLUSTRATION_GAME_ERA,-460021954,KIND_MOMENT_ILLUSTRATION
MOMENT_ILLUSTRATION_UNIQUE_BUILDING,-1467394998,KIND_MOMENT_ILLUSTRATION
MOMENT_ILLUSTRATION_UNIQUE_DISTRICT,2015846681,KIND_MOMENT_ILLUSTRATION
MOMENT_ILLUSTRATION_UNIQUE_IMPROVEMENT,-705448051,KIND_MOMENT_ILLUSTRATION
MOMENT_ILLUSTRATION_NATURAL_WONDER,1495751710,KIND_MOMENT_ILLUSTRATION
NOTIFICATION_ALLIANCE_LEVELED,653655788,KIND_NOTIFICATION
NOTIFICATION_PRIDE_MOMENT_RECORDED,203011657,KIND_NOTIFICATION
NOTIFICATION_GOVERNOR_ESTABLISHED_IN_CITY,881497236,KIND_NOTIFICATION
NOTIFICATION_GOVERNOR_APPOINTMENT_AVAILABLE,2007978647,KIND_NOTIFICATION
NOTIFICATION_GOVERNOR_OPPORTUNITY_AVAILABLE,1723095200,KIND_NOTIFICATION
NOTIFICATION_GOVERNOR_PROMOTION_AVAILABLE,-418132042,KIND_NOTIFICATION
NOTIFICATION_GOVERNOR_IDLE,575704835,KIND_NOTIFICATION
NOTIFICATION_GOVERNOR_REMOVED_FROM_CITY,-283710875,KIND_NOTIFICATION
NOTIFICATION_GOVERNOR_FORCED_REMOVAL_FROM_CITY,-2028772209,KIND_NOTIFICATION
NOTIFICATION_GOVERNOR_CHANGED_CITIES,-1567452494,KIND_NOTIFICATION
NOTIFICATION_GOVERNOR_RETURNING_TO_SERVICE,-46811749,KIND_NOTIFICATION
NOTIFICATION_CITY_LOSING_CULTURAL_IDENTITY,-1923338556,KIND_NOTIFICATION
NOTIFICATION_CONSIDER_DISLOYAL_CITY,689696900,KIND_NOTIFICATION
NOTIFICATION_FOREIGN_CITY_BECAME_FREE_CITY,17320653,KIND_NOTIFICATION
NOTIFICATION_SPY_FABRICATE_SCANDAL,-1194254773,KIND_NOTIFICATION
NOTIFICATION_SPY_ENEMY_FABRICATE_SCANDAL,639851221,KIND_NOTIFICATION
NOTIFICATION_SPY_FOMENT_UNREST,-1987361494,KIND_NOTIFICATION
NOTIFICATION_SPY_ENEMY_FOMENT_UNREST,-113553048,KIND_NOTIFICATION
NOTIFICATION_SPY_NEUTRALIZE_GOVERNOR,2133878153,KIND_NOTIFICATION
NOTIFICATION_SPY_ENEMY_NEUTRALIZE_GOVERNOR,-515647130,KIND_NOTIFICATION
NOTIFICATION_EMERGENCY_DECLARED,-1243853597,KIND_NOTIFICATION
NOTIFICATION_EMERGENCY_FAILED,1921275508,KIND_NOTIFICATION
NOTIFICATION_EMERGENCY_SUCCEEDED,769447121,KIND_NOTIFICATION
NOTIFICATION_EMERGENCY_FAILED_TARGET,-1788301040,KIND_NOTIFICATION
NOTIFICATION_EMERGENCY_SUCCEEDED_TARGET,1217291252,KIND_NOTIFICATION
NOTIFICATION_EMERGENCY_NEEDS_ATTENTION,2109978993,KIND_NOTIFICATION
NOTIFICATION_EMERGENCY_AVERTED,-1944678916,KIND_NOTIFICATION
NOTIFICATION_DIPLOMATIC_PLEDGE_TO_KEPT,1458634373,KIND_NOTIFICATION
NOTIFICATION_DIPLOMATIC_PLEDGE_FROM_KEPT,-1360033160,KIND_NOTIFICATION
NOTIFICATION_DIPLOMATIC_PLEDGE_TO_BROKEN,-363557908,KIND_NOTIFICATION
NOTIFICATION_DIPLOMATIC_PLEDGE_FROM_BROKEN,472799526,KIND_NOTIFICATION
NOTIFICATION_COMMEMORATION_AVAILABLE,1077649747,KIND_NOTIFICATION
NOTIFICATION_QUEST_RECORDED,-1239364502,KIND_NOTIFICATION
POLICY_AFTER_ACTION_REPORTS,-814404455,KIND_POLICY
POLICY_CIVIL_PRESTIGE,1966563684,KIND_POLICY
POLICY_COMMUNICATIONS_OFFICE,408350029,KIND_POLICY
POLICY_LIMITANEI,233156848,KIND_POLICY
POLICY_PRAETORIUM,2085034511,KIND_POLICY
POLICY_SECOND_STRIKE_CAPABILITY,1430589561,KIND_POLICY
POLICY_WISSELBANKEN,1385447509,KIND_POLICY
POLICY_MONASTICISM,1630128883,KIND_POLICY
POLICY_TWILIGHT_VALOR,1248228320,KIND_POLICY
POLICY_INQUISITION,-643698489,KIND_POLICY
POLICY_ISOLATIONISM,915844300,KIND_POLICY
POLICY_LETTERS_OF_MARQUE,816055902,KIND_POLICY
POLICY_ROBBER_BARONS,-145919760,KIND_POLICY
POLICY_ELITE_FORCES,-1841279746,KIND_POLICY
POLICY_COLLECTIVISM,283942541,KIND_POLICY
POLICY_ROGUE_STATE,-827620085,KIND_POLICY
POLICY_RAID_EXPANSION1,852086065,KIND_POLICY
PROJECT_WATER_CARNIVAL,-780323573,KIND_PROJECT
PROJECT_BREAD_AND_CIRCUSES,1224477067,KIND_PROJECT
PROJECT_WATER_BREAD_AND_CIRCUSES,-721370355,KIND_PROJECT
RESOURCE_AMBER,2117004356,KIND_RESOURCE
RESOURCE_OLIVES,1210449237,KIND_RESOURCE
RESOURCE_TURTLES,106691567,KIND_RESOURCE
SCORING_ERA_SCORE,-1151990157,KIND_SCORING_CATEGORY
LINE_ITEM_ERA_SCORE,478042888,KIND_SCORING_LINE_ITEM
ABILITY_ALPINE_TRAINING,-1519845340,KIND_ABILITY
ABILITY_ORDU_TRAINED_UNIT_XP,-994994008,KIND_ABILITY
ABILITY_ORDU_INCREASED_MOVEMENT,-799049856,KIND_ABILITY
ABILITY_ECONOMIC_GOLDEN_AGE_PLUNDER_IMMUNITY,1246108385,KIND_ABILITY
ABILITY_TWILIGHT_VALOR_ATTACK_BONUS,906854987,KIND_ABILITY
ABILITY_INQUISITION_FRIENDLY_TERRITORY_BONUS,438945152,KIND_ABILITY
ABILITY_PARADROP,1090214826,KIND_ABILITY
ABILITY_RECEIVE_BOMBARD_STRENGTH_BUFF,-1275611097,KIND_ABILITY
ABILITY_SCOTTISH_HIGHLANDER,1087781277,KIND_ABILITY
ABILITY_DUTCH_ZEVEN_PROVINCIEN,358088140,KIND_ABILITY
ABILITY_MONGOLIAN_KESHIG,-1698253730,KIND_ABILITY
ABILITY_GEORGIAN_KHEVSURETI,-1515110627,KIND_ABILITY
ABILITY_MAPUCHE_MALON_RAIDER,-1951044555,KIND_ABILITY
ABILITY_CREE_OKIHTCITAW,-1422954388,KIND_ABILITY
ABILITY_ZULU_IMPI,1754724523,KIND_ABILITY
ABILITY_OLIGARCHY_LEGACY_MELEE_BUFF,-1306687936,KIND_ABILITY
ABILITY_THEOCRACY_LEGACY_RELIGIOUS_BUFF,-901855248,KIND_ABILITY
ABILITY_FASCISM_LEGACY_ATTACK_BUFF,-407210797,KIND_ABILITY
ABILITY_GRANT_MOVEMENT_BONUS,398648973,KIND_ABILITY
ABILITY_TOQUI_XP_FROM_GOVERNOR,-1126091696,KIND_ABILITY
ABILITY_TOQUI_XP_FROM_GOVERNOR_NOT_FOUNDED,228712807,KIND_ABILITY
ABILITY_TOQUI_COMBAT_BUFF_VS_GOLDEN_AGE,1900874197,KIND_ABILITY
ABILITY_TIMUR_BONUS_EXPERIENCE,1987350367,KIND_ABILITY
ABILITY_DRONE_GRANT_SIEGE_BONUS,1089286443,KIND_ABILITY
ABILITY_GENGHIS_KHAN_CAVALRY_BONUS,-2018712660,KIND_ABILITY
ABILITY_GENGHIS_KHAN_CAVALRY_CAPTURE_CAVALRY,744043403,KIND_ABILITY
UNITCOMMAND_PARADROP,-665520077,KIND_UNITCOMMAND
UNITCOMMAND_PROJECT_PRODUCTION,-1276373037,KIND_UNITCOMMAND
UNITCOMMAND_PRIORITY_TARGET,-1811256191,KIND_UNITCOMMAND
UNITCOMMAND_SPREAD_DISSENT,-1268894701,KIND_UNITCOMMAND
UNITOPERATION_SPY_FABRICATE_SCANDAL,-1766334630,KIND_UNITOPERATION
UNITOPERATION_SPY_FOMENT_UNREST,-1512775255,KIND_UNITOPERATION
UNITOPERATION_SPY_NEUTRALIZE_GOVERNOR,-1064658215,KIND_UNITOPERATION
PROMOTION_SPY_SMEAR_CAMPAIGN,-853118624,KIND_PROMOTION
PROMOTION_SPY_COVERT_ACTION,2070365198,KIND_PROMOTION
PROMOTION_SPY_LICENSE_TO_KILL,1912362587,KIND_PROMOTION
UNIT_SPEC_OPS,-1784218935,KIND_UNIT
UNIT_DRONE,-1770682215,KIND_UNIT
UNIT_PIKE_AND_SHOT,-1792809331,KIND_UNIT
UNIT_SUPPLY_CONVOY,562969330,KIND_UNIT
STRATEGY_DARKAGE,1424855085,KIND_VICTORY_STRATEGY
GOLDEN_AGE_WAR,-682098451,KIND_WAR
EMERGENCY_WAR,32824901,KIND_WAR
WAR_OF_RETRIBUTION,954940652,KIND_WAR
IDEOLOGICAL_WAR,-1420171028,KIND_WAR
PSEUDOYIELD_GOVERNOR,-1815345480,KIND_PSEUDOYIELD
PSEUDOYIELD_DIPLOMATIC_FAVOR,1424701170,KIND_PSEUDOYIELD
PSEUDOYIELD_DIPLOMATIC_VICTORY_POINT,-222084363,KIND_PSEUDOYIELD
PSEUDOYIELD_DIPLOMATIC_GRIEVANCE,2039055749,KIND_PSEUDOYIELD
PSEUDOYIELD_RELIGIOUS_CONVERT_EMPIRE,1598946906,KIND_PSEUDOYIELD
TRAIT_LEADER_PURSUE_DIPLOMATIC_VICTORY,1692492302,KIND_TRAIT
VICTORY_STRATEGY_DIPLOMATIC_VICTORY,633332518,KIND_VICTORY_STRATEGY
TRAIT_AGENDA_EXPANSIONIST,-1679666893,KIND_TRAIT
TRAIT_AGENDA_FLAT_EARTHER,-674669229,KIND_TRAIT
TRAIT_AGENDA_GREAT_WHITE_FLEET,330937478,KIND_TRAIT
TRAIT_AGENDA_INTOLERANT,489339957,KIND_TRAIT
TRAIT_AGENDA_PREFER_NODIPLOVP,-1164968782,KIND_TRAIT
TRAIT_AGENDA_PREFER_NOFAVOR,1022202952,KIND_TRAIT
TRAIT_AGENDA_PREFER_PILLAGE,938273408,KIND_TRAIT
TRAIT_AGENDA_PREFER_NOTOURISM,1775421587,KIND_TRAIT
TRAIT_AGENDA_TURTLER,-254321628,KIND_TRAIT
TRAIT_AGENDA_ZEALOT,-1826492488,KIND_TRAIT
BELIEF_GODDESS_OF_FIRE,-111921712,KIND_BELIEF
BELIEF_HOLY_WATERS,-1245938359,KIND_BELIEF
BELIEF_SACRED_PLACES,-1783344901,KIND_BELIEF
BUILDING_FLOOD_BARRIER,205057393,KIND_BUILDING
BUILDING_HYDROELECTRIC_DAM,-743431162,KIND_BUILDING
BUILDING_COAL_POWER_PLANT,-2024716943,KIND_BUILDING
BUILDING_FOSSIL_FUEL_POWER_PLANT,-837874217,KIND_BUILDING
CIVIC_ENVIRONMENTALISM,-394874756,KIND_CIVIC
CIVIC_CORPORATE_LIBERTARIANISM,355038302,KIND_CIVIC
CIVIC_DIGITAL_DEMOCRACY,-117597162,KIND_CIVIC
CIVIC_SYNTHETIC_TECHNOCRACY,-675698089,KIND_CIVIC
CIVIC_NEAR_FUTURE_GOVERNANCE,245306996,KIND_CIVIC
CIVIC_GLOBAL_WARMING_MITIGATION,-380133079,KIND_CIVIC
CIVIC_SMART_POWER_DOCTRINE,1097758422,KIND_CIVIC
CIVIC_INFORMATION_WARFARE,-631155009,KIND_CIVIC
CIVIC_EXODUS_IMPERATIVE,153455724,KIND_CIVIC
CIVIC_CULTURAL_HEGEMONY,1710068478,KIND_CIVIC
CIVILIZATION_AKKAD,1434843350,KIND_CIVILIZATION
CIVILIZATION_BOLOGNA,-236645554,KIND_CIVILIZATION
CIVILIZATION_CAHOKIA,-565989143,KIND_CIVILIZATION
CIVILIZATION_CARDIFF,963306953,KIND_CIVILIZATION
CIVILIZATION_FEZ,1256334125,KIND_CIVILIZATION
CIVILIZATION_MEXICO_CITY,-439851208,KIND_CIVILIZATION
CIVILIZATION_NAZCA,-405745623,KIND_CIVILIZATION
CIVILIZATION_NGAZARGAMU,-1121933578,KIND_CIVILIZATION
CIVILIZATION_RAPA_NUI,-1036587422,KIND_CIVILIZATION
TRAIT_CIVILIZATION_INDUSTRIAL_REVOLUTION,47348305,KIND_CIVILIZATION
WC_RES_DIPLOVICTORY,334823573,KIND_RESOLUTION
WC_RES_LUXURY,2038705868,KIND_RESOLUTION
WC_RES_TRADE_TREATY,-1283478990,KIND_RESOLUTION
WC_RES_WORLD_RELIGION,-1311232414,KIND_RESOLUTION
WC_RES_POWER_RESOURCE,-1316012937,KIND_RESOLUTION
WC_RES_MERCENARY_COMPANIES,-1027166762,KIND_RESOLUTION
WC_RES_ARMS_CONTROL,1181986504,KIND_RESOLUTION
WC_RES_LOYAL_CITIZENS,2026074263,KIND_RESOLUTION
WC_RES_HERITAGE_ORG,1231809326,KIND_RESOLUTION
WC_RES_POLICY_TREATY,628982704,KIND_RESOLUTION
WC_RES_WORLD_IDEOLOGY,112679103,KIND_RESOLUTION
WC_RES_URBAN_DEVELOPMENT,1111382584,KIND_RESOLUTION
WC_RES_BORDER_CONTROL,-2026419498,KIND_RESOLUTION
WC_RES_PUBLIC_WORKS,-1073144994,KIND_RESOLUTION
WC_RES_PATRONAGE,-1934671345,KIND_RESOLUTION
WC_RES_TREATY_ORGANIZATION,1409569734,KIND_RESOLUTION
WC_RES_GOVERNANCE_DOCTRINE,-2016948192,KIND_RESOLUTION
WC_RES_GLOBAL_ENERGY_TREATY,194445045,KIND_RESOLUTION
WC_RES_SOVEREIGNTY,1549938231,KIND_RESOLUTION
WC_RES_MIGRATION_TREATY,-1699105862,KIND_RESOLUTION
WC_RES_DEFORESTATION_TREATY,1698464291,KIND_RESOLUTION
WC_RES_PUBLIC_RELATIONS,-1891060972,KIND_RESOLUTION
WC_RES_ESPIONAGE_PACT,-109000071,KIND_RESOLUTION
WC_RES_MILITARY_ADVISORY,-1229858121,KIND_RESOLUTION
WC_DENOUNCE_GRIEVANCES,-1930922462,KIND_DISCUSSION
WC_KUDO_SPYING,-752491901,KIND_DISCUSSION
WC_DENOUNCE_SPYING,48917685,KIND_DISCUSSION
WC_KUDO_CONVERTING,1849550588,KIND_DISCUSSION
WC_DENOUNCE_CONVERTING,-312451384,KIND_DISCUSSION
WC_KUDO_DIG_ARTIFACTS,-283456832,KIND_DISCUSSION
WC_DENOUNCE_DIG_ARTIFACTS,-172060938,KIND_DISCUSSION
WC_KUDO_SETTLE_NEAR,-933486938,KIND_DISCUSSION
WC_DENOUNCE_SETTLE_NEAR,-378816597,KIND_DISCUSSION
WC_EMERGENCY_MILITARY,-1752096834,KIND_DISCUSSION
WC_EMERGENCY_CITY_STATE,-1092670517,KIND_DISCUSSION
WC_EMERGENCY_RELIGIOUS,-1606079065,KIND_DISCUSSION
WC_EMERGENCY_NUCLEAR,-1370472309,KIND_DISCUSSION
WC_EMERGENCY_BACKSTAB,-1703382116,KIND_DISCUSSION
WC_EMERGENCY_REQUEST_AID,-789239900,KIND_DISCUSSION
WC_EMERGENCY_NOBEL_PRIZE_LITERATURE,1561995119,KIND_DISCUSSION
WC_EMERGENCY_NOBEL_PRIZE_PEACE,1704084196,KIND_DISCUSSION
WC_EMERGENCY_NOBEL_PRIZE_PHYSICS,1056640552,KIND_DISCUSSION
WC_EMERGENCY_CLIMATE_ACCORDS,-1745767156,KIND_DISCUSSION
WC_EMERGENCY_WORLD_GAMES,-1934215052,KIND_DISCUSSION
WC_EMERGENCY_WORLD_FAIR,977772715,KIND_DISCUSSION
WC_EMERGENCY_SPACE_STATION,384537136,KIND_DISCUSSION
WC_EMERGENCY_MILITARY_AID_REQUEST,-1928575883,KIND_DISCUSSION
WC_PROPOSAL_TYPE_KUDO,-1598818163,KIND_PROPOSAL_TYPE
WC_PROPOSAL_TYPE_CASUS_BELLI,-268378436,KIND_PROPOSAL_TYPE
WC_PROPOSAL_TYPE_AID_REQUEST,808770997,KIND_PROPOSAL_TYPE
WC_PROPOSAL_TYPE_EMERGENCY,-387570628,KIND_PROPOSAL_TYPE
WC_PROPOSAL_TYPE_COMPETITION,-2146097697,KIND_PROPOSAL_TYPE
WC_VOTING_BLOCKER_NOT_BLOCKING,369306947,KIND_VOTING_BLOCKER
WC_VOTING_BLOCKER_AM_TARGET_OF_HOSTILE,-400023205,KIND_VOTING_BLOCKER
WC_VOTING_BLOCKER_AM_TARGET_OF_FRIENDLY,1085205430,KIND_VOTING_BLOCKER
WC_VOTING_BLOCKER_HAVENT_MET_TARGET,321684911,KIND_VOTING_BLOCKER
WC_VOTING_BLOCKER_NOT_INVITED_TO_EMERGENCY,1000158370,KIND_VOTING_BLOCKER
WC_PROPOSAL_BLOCKER_ALREADY_PROPOSED,-1079076980,KIND_PROPOSAL_BLOCKER
WC_PROPOSAL_BLOCKER_CONGRESS_LOCKOUT,1255969942,KIND_PROPOSAL_BLOCKER
DISTRICT_CANAL,1572658334,KIND_DISTRICT
DISTRICT_DAM,-521530595,KIND_DISTRICT
EMERGENCY_NOBEL_PRIZE_LITERATURE,-90112954,KIND_DIPLOMACY_EMERGENCY
EMERGENCY_NOBEL_PRIZE_PEACE,249337089,KIND_DIPLOMACY_EMERGENCY
EMERGENCY_NOBEL_PRIZE_PHYSICS,88417720,KIND_DIPLOMACY_EMERGENCY
EMERGENCY_SEND_AID,-435131240,KIND_DIPLOMACY_EMERGENCY
EMERGENCY_WORLDS_FAIR,-1560447340,KIND_DIPLOMACY_EMERGENCY
EMERGENCY_SPACE_STATION,1234103504,KIND_DIPLOMACY_EMERGENCY
EMERGENCY_CLIMATE_ACCORDS,2117223870,KIND_DIPLOMACY_EMERGENCY
EMERGENCY_WORLD_GAMES,-892283669,KIND_DIPLOMACY_EMERGENCY
EMERGENCY_SEND_MILITARY_AID,-1068529701,KIND_DIPLOMACY_EMERGENCY
ERA_FUTURE,-2126954979,KIND_ERA
FEATURE_CHOCOLATEHILLS,-1521869081,KIND_FEATURE
FEATURE_DEVILSTOWER,-1212159970,KIND_FEATURE
FEATURE_GOBUSTAN,978567123,KIND_FEATURE
FEATURE_IKKIL,501201242,KIND_FEATURE
FEATURE_PAMUKKALE,1491718565,KIND_FEATURE
FEATURE_VESUVIUS,-2010088565,KIND_FEATURE
FEATURE_WHITEDESERT,-556523674,KIND_FEATURE
FEATURE_FLOODPLAINS_GRASSLAND,-1321800551,KIND_FEATURE
FEATURE_FLOODPLAINS_PLAINS,-2029863263,KIND_FEATURE
FEATURE_GEOTHERMAL_FISSURE,1555056577,KIND_FEATURE
FEATURE_VOLCANO,-1523409739,KIND_FEATURE
FEATURE_VOLCANIC_SOIL,2005950930,KIND_FEATURE
CAPABILITY_WORLD_CONGRESS,1916264137,KIND_CAPABILITY
CAPABILITY_RANDOM_EVENTS,1926114043,KIND_CAPABILITY
CAPABILITY_WORLD_CLIMATE,-757233369,KIND_CAPABILITY
CAPABILITY_WORLD_CLIMATE_VIEW,-2038379929,KIND_CAPABILITY
CAPABILITY_LENS_POWER,-1430605682,KIND_CAPABILITY
GOODYHUT_DIPLOMACY,392580697,KIND_GOODY_HUT
GOSSIP_POWERED_CITY,-2141062802,KIND_GOSSIP
GOSSIP_RANDOM_EVENT,-977453601,KIND_GOSSIP
GOSSIP_ROCK_CONCERT,1690227124,KIND_GOSSIP
GOSSIP_SPY_BREACH_DAM,2125791539,KIND_GOSSIP
GOSSIP_SPY_CAPTURED,331451630,KIND_GOSSIP
GOVERNMENT_CORPORATE_LIBERTARIANISM,-1044891228,KIND_GOVERNMENT
GOVERNMENT_DIGITAL_DEMOCRACY,-1432636308,KIND_GOVERNMENT
GOVERNMENT_SYNTHETIC_TECHNOCRACY,1403453710,KIND_GOVERNMENT
GOVERNOR_IBRAHIM,1871818684,KIND_GOVERNOR
GOVERNOR_PROMOTION_PASHA,-1400011619,KIND_GOVERNOR_PROMOTION
GOVERNOR_PROMOTION_HEAD_FALCONER,1641836271,KIND_GOVERNOR_PROMOTION
GOVERNOR_PROMOTION_SERASKER,185953620,KIND_GOVERNOR_PROMOTION
GOVERNOR_PROMOTION_KHASS_ODA_BASHI,-1881924647,KIND_GOVERNOR_PROMOTION
GOVERNOR_PROMOTION_CAPOU_AGHA,1782690556,KIND_GOVERNOR_PROMOTION
GOVERNOR_PROMOTION_GRAND_VISIER,-420362695,KIND_GOVERNOR_PROMOTION
IMPROVEMENT_GEOTHERMAL_PLANT,-1089304449,KIND_IMPROVEMENT
IMPROVEMENT_SOLAR_FARM,2127465633,KIND_IMPROVEMENT
IMPROVEMENT_WIND_FARM,520634903,KIND_IMPROVEMENT
IMPROVEMENT_OFFSHORE_WIND_FARM,1058336991,KIND_IMPROVEMENT
IMPROVEMENT_SEASTEAD,-1825675170,KIND_IMPROVEMENT
IMPROVEMENT_MOAI,-1324087759,KIND_IMPROVEMENT
IMPROVEMENT_MOUND,1957694686,KIND_IMPROVEMENT
IMPROVEMENT_NAZCA_LINE,1163354216,KIND_IMPROVEMENT
IMPROVEMENT_SKI_RESORT,2135005470,KIND_IMPROVEMENT
IMPROVEMENT_MOUNTAIN_TUNNEL,-1186002532,KIND_IMPROVEMENT
LEADER_MINOR_CIV_AKKAD,1718157561,KIND_LEADER
LEADER_MINOR_CIV_BOLOGNA,1352622817,KIND_LEADER
LEADER_MINOR_CIV_CAHOKIA,2134491462,KIND_LEADER
LEADER_MINOR_CIV_CARDIFF,-1743743898,KIND_LEADER
LEADER_MINOR_CIV_FEZ,2050516078,KIND_LEADER
LEADER_MINOR_CIV_MEXICO_CITY,-772641266,KIND_LEADER
LEADER_MINOR_CIV_NAZCA,-734255098,KIND_LEADER
LEADER_MINOR_CIV_NGAZARGAMU,-370119521,KIND_LEADER
LEADER_MINOR_CIV_RAPA_NUI,-2063717782,KIND_LEADER
MINOR_CIV_AKKAD_TRAIT,-1527002341,KIND_TRAIT
MINOR_CIV_BOLOGNA_TRAIT,1410491209,KIND_TRAIT
MINOR_CIV_CAHOKIA_TRAIT,1016979549,KIND_TRAIT
MINOR_CIV_CARDIFF_TRAIT,-1168800959,KIND_TRAIT
MINOR_CIV_FEZ_TRAIT,-1521537939,KIND_TRAIT
MINOR_CIV_MEXICO_CITY_TRAIT,1629735216,KIND_TRAIT
MINOR_CIV_NAZCA_TRAIT,-1954033156,KIND_TRAIT
MINOR_CIV_NGAZARGAMU_TRAIT,-1998101890,KIND_TRAIT
MINOR_CIV_RAPA_NUI_TRAIT,984634002,KIND_TRAIT
MINOR_CIV_BONUS_SCIENTIFIC,-1875498156,KIND_MINORCIVBONUS
MINOR_CIV_BONUS_RELIGIOUS,1253776957,KIND_MINORCIVBONUS
MINOR_CIV_BONUS_TRADE,-67925247,KIND_MINORCIVBONUS
MINOR_CIV_BONUS_CULTURAL,999281844,KIND_MINORCIVBONUS
MINOR_CIV_BONUS_MILITARISTIC,-1366314373,KIND_MINORCIVBONUS
MINOR_CIV_BONUS_INDUSTRIAL,-968604350,KIND_MINORCIVBONUS
MODIFIER_ALL_CITIES_ADJUST_DISTRICT_ADJACENT_NATURAL_WONDER_PRODUCTION,1523627267,KIND_MODIFIER
MODIFIER_ALL_CITIES_ADJUST_NATURAL_WONDER_AMENITY,-410176199,KIND_MODIFIER
MODIFIER_ALL_CITIES_ADJUST_WONDER_ADJACENT_NATURAL_WONDER_PRODUCTION,-2129445106,KIND_MODIFIER
MODIFIER_ALL_CITIES_ADJUST_PROJECT_PRODUCTION,384135992,KIND_MODIFIER
MODIFIER_ALL_CITIES_ADJUST_DISTRICT_BUILDING_PRODUCTION,-1412990938,KIND_MODIFIER
MODIFIER_ALL_UNITS_ADJUST_HEAL_RELIGION_PER_TURN,1937204693,KIND_MODIFIER
MODIFIER_CITY_ADJUST_CITY_FRIENDLY_COMBAT_BONUS,1813626799,KIND_MODIFIER
MODIFIER_CITY_ADJUST_UNIT_DOMAIN_PRODUCTION,-84914937,KIND_MODIFIER
MODIFIER_CITY_DISTRICTS_ADJUST_DISTRICT_AMENITY,1205245262,KIND_MODIFIER
MODIFIER_CITY_DISTRICTS_ADJUST_DISTRICT_HOUSING,389525230,KIND_MODIFIER
MODIFIER_CITY_OWNER_ADJUST_BUILDING_HOUSING,-1965588436,KIND_MODIFIER
MODIFIER_CITY_OWNER_ADJUST_IMPROVEMENT_AMENITY,-29753488,KIND_MODIFIER
MODIFIER_CITY_ADJUST_STRATEGIC_RESOURCE_REQUIREMENT_MODIFIER,1678615448,KIND_MODIFIER
MODIFIER_CITY_TRAINED_UNITS_ADJUST_GRANT_EXPERIENCE,1542183494,KIND_MODIFIER
MODIFIER_DISTRICT_ADJUST_CITY_ATTACK_RANGE,572034019,KIND_MODIFIER
MODIFIER_CONGRESS_ATTACH_MODIFIER_TO_MINORCIVBONUSTYPE,71956583,KIND_MODIFIER
MODIFIER_CONGRESS_ATTACH_MODIFIER_TO_PLAYERTYPE,782974613,KIND_MODIFIER
MODIFIER_GOVERNMENT_ADJUST_SLOTS,-1208655845,KIND_MODIFIER
MODIFIER_GOVERNOR_ADJUST_ALLIANCE_POINTS,-2064409068,KIND_MODIFIER
MODIFIER_GOVERNOR_ADJUST_CAN_FAITH_PURCHASE_DISTRICTS,1136306631,KIND_MODIFIER
MODIFIER_GOVERNOR_ADJUST_CITY_COPY_STRATEGICS_FOR_IMPORT,2137240475,KIND_MODIFIER
MODIFIER_GOVERNOR_ADJUST_CITY_MILITARY_UNIT_PRODUCTION,852234957,KIND_MODIFIER
MODIFIER_GOVERNOR_ADJUST_DISTRICT_COMBAT_BONUS,-604061660,KIND_MODIFIER
MODIFIER_GOVERNOR_ADJUST_HEAL,-1427821701,KIND_MODIFIER
MODIFIER_GOVERNOR_ADJUST_FEATURE_NO_IMPROVEMENT_APPEAL,62982681,KIND_MODIFIER
MODIFIER_GOVERNOR_ADJUST_GRIEVENCE_SCORE,1149605,KIND_MODIFIER
MODIFIER_GOVERNOR_ADJUST_IGNORE_CULTURAL_IDENTITY,-2127493890,KIND_MODIFIER
MODIFIER_GOVERNOR_ADJUST_PREVENET_STRUCTURAL_DAMAGE,-1264739746,KIND_MODIFIER
MODIFIER_GOVERNOR_ADJUST_RESOURCE_POWER_PROVIDED_GOVERNOR,-710166443,KIND_MODIFIER
MODIFIER_GRANT_ROUTE_IN_RADIUS,-587342676,KIND_MODIFIER
MODIFIER_MAP_REMOVE_CLIFFS_IN_DIRECTION,2055495241,KIND_MODIFIER
MODIFIER_MAJOR_PLAYERS_ATTACH_MODIFIER,-485732642,KIND_MODIFIER
MODIFIER_MAJOR_PLAYERS_ADJUST_BANNED_POLICY,-914943508,KIND_MODIFIER
MODIFIER_MAJOR_PLAYERS_ADJUST_BANNED_CITY_PRODUCTION,-420480129,KIND_MODIFIER
MODIFIER_MAJOR_PLAYERS_ADJUST_GREAT_PERSON_POINTS_PERCENT,265886920,KIND_MODIFIER
MODIFIER_MAJOR_PLAYERS_ADJUST_NO_GREAT_PERSON_POINTS,-1585910111,KIND_MODIFIER
MODIFIER_MAJOR_PLAYERS_ADJUST_GOVERNOR_FAVOR,1254048149,KIND_MODIFIER
MODIFIER_MAJOR_PLAYERS_ADJUST_POLICY_FAVOR,1270009841,KIND_MODIFIER
MODIFIER_MAJOR_PLAYERS_ADJUST_UNITS_RELIGIOUS_STRENGTH_BY_RELIGION_TYPE,1611469856,KIND_MODIFIER
MODIFIER_MAJOR_PLAYER_TRADE_ROUTE_BY_CITY_STATE_BONUS_TYPE_MODIFIER,-516053506,KIND_MODIFIER
MODIFIER_MAJOR_PLAYERS_ADJUST_SUZERAIN_FAVOR_BY_BONUS,644658434,KIND_MODIFIER
MODIFIER_PLAYER_BUILT_CITIES_GRANT_FREE_POPULATION,-1483337180,KIND_MODIFIER
MODIFIER_PLAYER_CAPITAL_CITY_ADJUST_BUILDING_HOUSING,482634666,KIND_MODIFIER
MODIFIER_PLAYER_CAPITAL_CITY_ADJUST_CITY_ENTERTAINMENT,1203620716,KIND_MODIFIER
MODIFIER_PLAYER_CITIES_ADJUST_ADJUST_LOYALTY_FROM_GREAT_WORKS_CITIZENS,1778335191,KIND_MODIFIER
MODIFIER_PLAYER_CITIES_ADJUST_EXTRA_ACCUMULATION,-1079863854,KIND_MODIFIER
MODIFIER_PLAYER_CITIES_ADJUST_EXTRA_ACCUMULATION_SPECIFIC_RESOURCE,-2069043755,KIND_MODIFIER
MODIFIER_PLAYER_CITIES_ADJUST_EXTRA_ACCUMALATION_TERRAIN,399273545,KIND_MODIFIER
MODIFIER_PLAYER_CITIES_ADJUST_IMPROVEMENT_VALID_TERRAIN,-1676882612,KIND_MODIFIER
MODIFIER_PLAYER_CITIES_ADJUST_PLOT_PURCHASE_COST_TERRAIN,-1258076393,KIND_MODIFIER
MODIFIER_PLAYER_CITIES_ADJUST_RELIGION_AMENITIES_FOR_MINIMUM_FOLLOWERS,1256678489,KIND_MODIFIER
MODIFIER_PLAYER_CITIES_ADJUST_RESOURCE_STOCKPILE_CAP,-1955995185,KIND_MODIFIER
MODIFIER_PLAYER_CITIES_ADJUST_YIELD_FROM_POWERED_BUILDINGS,1192403366,KIND_MODIFIER
MODIFIER_PLAYER_CITIES_CHANGE_POPULATION_CREATE_UNIT,2016530414,KIND_MODIFIER
MODIFIER_PLAYER_CITIES_ADJUST_EXTRA_FAVOR_PER_TURN,-978094047,KIND_MODIFIER
MODIFIER_PLAYER_ADD_FAVOR,1221606506,KIND_MODIFIER
MODIFIER_PLAYER_ADD_SEQUESTERED_CARBON,-1504994218,KIND_MODIFIER
MODIFIER_PLAYER_ADJUST_ALL_DISTRICTS_CULTURE_BOMB,1424943076,KIND_MODIFIER
MODIFIER_PLAYER_ADJUST_ADDITIONAL_PILLAGING,-1226288337,KIND_MODIFIER
MODIFIER_PLAYER_ADJUST_ANYONE_PLUNDER_FAVOR,-1386420935,KIND_MODIFIER
MODIFIER_PLAYER_ADJUST_ANYONE_TRADE_TO_FAVOR,-1610584739,KIND_MODIFIER
MODIFIER_PLAYER_ADJUST_AUTO_THEME_BUILDINGS_WITH_X_SLOTS,-1493229619,KIND_MODIFIER
MODIFIER_PLAYER_ADJUST_AVOID_RANDOM_EVENT,1220771995,KIND_MODIFIER
MODIFIER_PLAYER_ADJUST_BAN_RESOURCE,1131183177,KIND_MODIFIER
MODIFIER_PLAYER_ADJUST_BANNED_DIPLOMATIC_ACTION,1424899146,KIND_MODIFIER
MODIFIER_PLAYER_ADJUST_BANNED_DIPLOMATIC_ACTION_SPECIFIC_CIVILIZATION,-1456786618,KIND_MODIFIER
MODIFIER_PLAYER_ADJUST_BID_MODIFIER,-106749906,KIND_MODIFIER
MODIFIER_PLAYER_ADJUST_BLOCK_UNIT_ENTRY,-1546666715,KIND_MODIFIER
MODIFIER_PLAYER_ADJUST_CAPITAL,-1912131003,KIND_MODIFIER
MODIFIER_PLAYER_ADJUST_CO2_GENERATION_REDUCTION,-1626013609,KIND_MODIFIER
MODIFIER_PLAYER_ADJUST_ALWAYS_LOYAL_COASTAL_HOME_CONTINENT,240529618,KIND_MODIFIER
MODIFIER_PLAYER_ADJUST_DIPLOMATIC_VICTORY_POINTS,-1785841061,KIND_MODIFIER
MODIFIER_PLAYER_ADJUST_DISTRICT_ADD_NAVAL_UNIT,805264498,KIND_MODIFIER
MODIFIER_PLAYER_ADJUST_DISTRICT_UNLOCK,-1048371065,KIND_MODIFIER
MODIFIER_PLAYER_ADJUST_EMERGENCY_FAVOR_MODIFIER,2115580880,KIND_MODIFIER
MODIFIER_PLAYER_ADJUST_ENVOYS_FROM_LEVIED_CITY_STATES,557905582,KIND_MODIFIER
MODIFIER_PLAYER_ADJUST_PLAYER_ERA_SCORE_PER_NON_BARBARIAN_UNIT_KILLED_BY_GDR,1757855803,KIND_MODIFIER
MODIFIER_PLAYER_ADJUST_EXTRA_FAVOR_PER_TURN,-414677904,KIND_MODIFIER
MODIFIER_PLAYER_ADJUST_FREE_RESOURCE_IMPORT_EXTRACTION,-614460453,KIND_MODIFIER
MODIFIER_PLAYER_ADJUST_GOVERNMENT_SLOT_TYPE_GRANT_FAVOR,381473933,KIND_MODIFIER
MODIFIER_PLAYER_ADJUST_GREATPERSON_FAVOR_MODIFIER,-384909157,KIND_MODIFIER
MODIFIER_PLAYER_ADJUST_GRIEVANCE_DECAY,1505140064,KIND_MODIFIER
MODIFIER_PLAYER_DISABLE_GRIEVANCE_DECAY,-371515907,KIND_MODIFIER
MODIFIER_PLAYER_ADJUST_HEALING_FROM_DISPERSAL,-1869881960,KIND_MODIFIER
MODIFIER_PLAYER_ADJUST_IDENTITY_PER_TURN_FROM_NEARBY_GREAT_WORKS,1616487203,KIND_MODIFIER
MODIFIER_PLAYER_ADJUST_NO_CAP_RESOURCE,713037753,KIND_MODIFIER
MODIFIER_PLAYER_ADJUST_OVERALL_TOURISM_REDUCTION,12937136,KIND_MODIFIER
MODIFIER_PLAYER_ADJUST_FAVOR_REFUND_FOR_SUCCESSFUL_RESOLUTION,323127812,KIND_MODIFIER
MODIFIER_PLAYER_ADJUST_FREE_RESOURCE_EXTRACTION,1870078287,KIND_MODIFIER
MODIFIER_PLAYER_ADJUST_POPULATION_AFTER_CONQUEST,-856871828,KIND_MODIFIER
MODIFIER_PLAYER_ADJUST_SETTLE_FOREIGN_CONTINENT_UNIT_CLASS,-511930162,KIND_MODIFIER
MODIFIER_PLAYER_ADJUST_SKIP_FREE_CITY_STEP,-1458255567,KIND_MODIFIER
MODIFIER_PLAYER_ADJUST_MOST_ADVANCED_STRATEGIC_RESOURCE_COUNT,92098635,KIND_MODIFIER
MODIFIER_PLAYER_ADJUST_THEMED_ALL_YIELDS,-951995354,KIND_MODIFIER
MODIFIER_PLAYER_ADJUST_THEMED_TOURISM,1857256033,KIND_MODIFIER
MODIFIER_PLAYER_ADJUST_TRADE_ROUTE_RELIGIOUS_PRESSURE,1512668432,KIND_MODIFIER
MODIFIER_PLAYER_TRADE_ROUTES_CANCEL,1380489001,KIND_MODIFIER
MODIFIER_PLAYER_TRADE_ROUTES_DISABLE,1519670330,KIND_MODIFIER
MODIFIER_PLAYER_ADJUST_GREAT_WORK_OBJECT_TOURISM,299235393,KIND_MODIFIER
MODIFIER_PLAYER_ADJUST_GREAT_WORK_OBJECT_NO_TOURISM,785073754,KIND_MODIFIER
MODIFIER_PLAYER_ADJUST_TRADE_ROUTE_CAPACITY_FOUND_FOREIGN_CITY,-50133779,KIND_MODIFIER
MODIFIER_PLAYER_ADJUST_TRADE_ROUTE_CAPACITY_GOLDEN_AGE,1979278342,KIND_MODIFIER
MODIFIER_PLAYER_ADJUST_LEVIED_UNIT_IGNORE_STRATEGIC_RESOURCE,-1834007243,KIND_MODIFIER
MODIFIER_PLAYER_ADJUST_LEVIED_UNIT_UPGRADE_DISCOUNT_PERCENT,804202164,KIND_MODIFIER
MODIFIER_PLAYER_ADJUST_PREVENT_HARVEST_RESOURCE,-1058904931,KIND_MODIFIER
MODIFIER_PLAYER_ADJUST_RANDOM_EVENT_MODIFIED_DAMAGE_OPPOSING_PLAYER,-100287843,KIND_MODIFIER
MODIFIER_PLAYER_ADJUST_RANDOM_EVENT_NO_UNIT_DAMAGE,1521578248,KIND_MODIFIER
MODIFIER_PLAYER_ADJUST_RESOURCE_STOCKPILE_CAP,-1665003242,KIND_MODIFIER
MODIFIER_PLAYER_ADJUST_SCIENCE_VICTORY_POINTS,-1113866674,KIND_MODIFIER
MODIFIER_PLAYER_ADJUST_SCIENCE_VICTORY_POINTS_PER_TURN,-1128411173,KIND_MODIFIER
MODIFIER_PLAYER_ADJUST_SEND_INFLUENCE_TOKEN_FAVOR_BY_BONUS,1418730167,KIND_MODIFIER
MODIFIER_PLAYER_ADJUST_SEND_TRADE_ROUTE_FAVOR_BY_BONUS,-697704814,KIND_MODIFIER
MODIFIER_PLAYER_ADJUST_SUZERAIN_BONUS_DISABLED,1716186663,KIND_MODIFIER
MODIFIER_PLAYER_ADJUST_SUZERAIN_FAVOR_MULTIPLIER,1892890155,KIND_MODIFIER
MODIFIER_PLAYER_ADJUST_ALLIANCE_FAVOR_MULTIPLIER,1360844990,KIND_MODIFIER
MODIFIER_PLAYER_ADJUST_TERRAIN_WORKABLE,-1617039862,KIND_MODIFIER
MODIFIER_PLAYER_ADJUST_TOURISM_INTO_FAVOR,1996060735,KIND_MODIFIER
MODIFIER_PLAYER_ADJUST_BUILDING_FAVOR,637125004,KIND_MODIFIER
MODIFIER_PLAYER_ADJUST_POLICY_FAVOR,-1212217296,KIND_MODIFIER
MODIFIER_PLAYER_ADJUST_TRADE_ROUTE_YIELD_PER_TERRAIN_DOMESTIC,705248848,KIND_MODIFIER
MODIFIER_PLAYER_ADJUST_TRADE_ROUTE_YIELD_PER_TERRAIN_INTERNATIONAL,-322206429,KIND_MODIFIER
MODIFIER_PLAYER_ADJUST_UNIT_UPGRADE_RESOURCE_COST_MODIFIER,-2082635574,KIND_MODIFIER
MODIFIER_PLAYER_ADJUST_RESOURCE_ACCUMULATION_MODIFIER,-1564656789,KIND_MODIFIER
MODIFIER_PLAYER_CITIES_ADJUST_ADJACENT_RIVER_BUILDING_PRODUCTION,1274984506,KIND_MODIFIER
MODIFIER_PLAYER_CITIES_ADJUST_ADJACENT_RIVER_DISTRICT_PRODUCTION,235103489,KIND_MODIFIER
MODIFIER_PLAYER_CITIES_ADJUST_FREE_POWER,412997355,KIND_MODIFIER
MODIFIER_PLAYER_CITIES_ADJUST_TRADE_ROUTE_CAPACITY,-1328442030,KIND_MODIFIER
MODIFIER_PLAYER_CITIES_ADJUST_TERRAIN_YIELD_FROM_ADJACENT_IMPROVEMENTS,-61740536,KIND_MODIFIER
MODIFIER_PLAYER_CITIES_ADJUST_ALL_BUILDINGS_PURCHASE_COST,-1476711291,KIND_MODIFIER
MODIFIER_PLAYER_CITIES_NO_CULTURE_BORDER_EXPANSION,-1026940249,KIND_MODIFIER
MODIFIER_PLAYER_UNITS_RELIGIOUS_SPREADS,1936097202,KIND_MODIFIER
MODIFIER_PLAYER_DIPLOMACY_AGENDA_ANGEVIN_EMPIRE,1915113202,KIND_MODIFIER
MODIFIER_PLAYER_DIPLOMACY_AGENDA_CANADIAN_EXPEDITIONARY,-1138404368,KIND_MODIFIER
MODIFIER_PLAYER_DIPLOMACY_AGENDA_KAITIAKITANGA,-822020976,KIND_MODIFIER
MODIFIER_PLAYER_DIPLOMACY_AGENDA_LAWGIVER,1486596404,KIND_MODIFIER
MODIFIER_PLAYER_DIPLOMACY_AGENDA_LORD_OF_MINES,-419920664,KIND_MODIFIER
MODIFIER_PLAYER_DIPLOMACY_AGENDA_PATRON_OF_ARTS,-61269255,KIND_MODIFIER
MODIFIER_PLAYER_DIPLOMACY_AGENDA_RAVEN_BANNER,-700159192,KIND_MODIFIER
MODIFIER_PLAYER_DIPLOMACY_AGENDA_FLAT_EARTHER,-2059036017,KIND_MODIFIER
MODIFIER_PLAYER_DIPLOMACY_AGENDA_TURTLER,1361626868,KIND_MODIFIER
MODIFIER_PLAYER_DIPLOMACY_THIRD_PARTY_WARMONGER,-210960551,KIND_MODIFIER
MODIFIER_PLAYER_DISTRICT_ADJUST_DISTRICT_AMENITY,-1619000550,KIND_MODIFIER
MODIFIER_PLAYER_GRANT_SPECIFIC_TECHNOLOGY,-1993245443,KIND_MODIFIER
MODIFIER_PLAYER_UNIT_ADJUST_ADVANCED_COASTAL_RAID,550820503,KIND_MODIFIER
MODIFIER_PLAYER_UNIT_ADJUST_BYPASS_WALLS_PROMOTION_CLASS,-1796241265,KIND_MODIFIER
MODIFIER_PLAYER_UNIT_ADJUST_ENABLE_WALL_ATTACK_PROMOTION_CLASS,-1375581347,KIND_MODIFIER
MODIFIER_PLAYER_UNIT_ADJUST_HEAL_RELIGION_PER_TURN,-623150475,KIND_MODIFIER
MODIFIER_PLAYER_UNIT_ADJUST_ROCK_BAND_LEVEL_DISTRICT,-1572518918,KIND_MODIFIER
MODIFIER_PLAYER_UNIT_ADJUST_ROCK_BAND_LEVEL_IMPROVEMENT,2052694010,KIND_MODIFIER
MODIFIER_PLAYER_UNIT_ADJUST_ROCK_BAND_LEVEL_NATIONAL_PARK,-524809459,KIND_MODIFIER
MODIFIER_PLAYER_UNIT_ADJUST_ROCK_BAND_LEVEL_NATURAL_WONDER,1336579149,KIND_MODIFIER
MODIFIER_PLAYER_UNIT_ADJUST_TOURISM_BOMB_ADDITIONAL_YIELD,-1052421582,KIND_MODIFIER
MODIFIER_PLAYER_UNIT_ADJUST_TOURISM_BOMB_CONVERT_CITY,-1684712263,KIND_MODIFIER
MODIFIER_PLAYER_UNIT_ADJUST_TOURISM_BOMB_DISTRICT,329611152,KIND_MODIFIER
MODIFIER_PLAYER_UNIT_ADJUST_TOURISM_BOMB_IMPROVEMENT,607764530,KIND_MODIFIER
MODIFIER_PLAYER_UNIT_ADJUST_TOURISM_BOMB_NATIONAL_PARK,407848014,KIND_MODIFIER
MODIFIER_PLAYER_UNIT_ADJUST_TOURISM_BOMB_NATURAL_WONDER,-1601735896,KIND_MODIFIER
MODIFIER_PLAYER_UNIT_ADJUST_TOURISM_BOMB_RANGE,1494719610,KIND_MODIFIER
MODIFIER_PLAYER_UNITS_ADJUST_ENABLE_WALL_ATTACK_WHOLE_GAME_PROMOTION_CLASS,-1796263483,KIND_MODIFIER
MODIFIER_PLAYER_UNITS_ADJUST_ENEMY_TERRITORY_START_MOVEMENT,317904558,KIND_MODIFIER
MODIFIER_PLAYER_UNITS_ADJUST_EVICT_PERCENT,-601922167,KIND_MODIFIER
MODIFIER_PLAYER_UNITS_ADJUST_FRIENDLY_TERRITORY_COMBAT,-1355570053,KIND_MODIFIER
MODIFIER_PLAYER_UNITS_ADJUST_INITIATION_YIELD_POPULATION,1506458449,KIND_MODIFIER
MODIFIER_PLAYER_UNITS_ADJUST_ROCK_BAND_TOURISM_BOMB_VALUE_PEACE,-2022663702,KIND_MODIFIER
MODIFIER_PLAYER_UNITS_GRANT_HEAL_AFTER_ACTION,654290538,KIND_MODIFIER
MODIFIER_PLAYER_UNIT_IGNORE_RANGED_VS_DISTRICT_PENALTY,-211462188,KIND_MODIFIER
MODIFIER_PLAYER_UNITS_IGNORE_RANGED_VS_DISTRICT_PENALTY,-670602908,KIND_MODIFIER
MODIFIER_PLAYER_UNITS_ADJUST_STRENGTH_WHEN_DEFENDING,-1709110694,KIND_MODIFIER
MODIFIER_PLAYERS_ADD_CHOP_YIELD,893454090,KIND_MODIFIER
MODIFIER_PLAYERS_ADJUST_CHOP_BAN,-24237622,KIND_MODIFIER
MODIFIER_PLAYERS_ADJUST_WMD_STOCKPILE,1348619130,KIND_MODIFIER
MODIFIER_PLAYERS_ADJUST_UNIT_BAN_PRODUCTION_YIELD,-1671486927,KIND_MODIFIER
MODIFIER_PLAYERS_ADJUST_UNIT_BUFF_PRODUCTION_YIELD,2113436440,KIND_MODIFIER
MODIFIER_RELIGION_ADJUST_ANYONE_CONDEMNS_FAVOR,-1290578521,KIND_MODIFIER
MODIFIER_RELIGION_ADJUST_CONDEMN_PROHIBITED,40067430,KIND_MODIFIER
MODIFIER_SINGLE_CITY_ADJUST_ALL_BUILDINGS_PURCHASE_COST,-1966468394,KIND_MODIFIER
MODIFIER_SINGLE_CITY_ADJUST_ALL_DISTRICTS_PURCHASE_COST,-1894391302,KIND_MODIFIER
MODIFIER_SINGLE_CITY_ADJUST_ALL_UNITS_PURCHASE_COST,-1372495545,KIND_MODIFIER
MODIFIER_SINGLE_CITY_ADJUST_CITY_YIELD_PER_POPULATION,-657569451,KIND_MODIFIER
MODIFIER_SINGLE_CITY_ADJUST_ENTERTAINMENT,607027632,KIND_MODIFIER
MODIFIER_SINGLE_CITY_ADJUST_EXTRA_ACCUMULATION,-171488506,KIND_MODIFIER
MODIFIER_SINGLE_CITY_ADJUST_EXTRA_ACCUMULATION_FOR_STRATEGIC_DIVERSITY,1463795741,KIND_MODIFIER
MODIFIER_SINGLE_CITY_ADJUST_EXTRA_AMENITY_FOR_LUXURY_DIVERSITY,-1196254239,KIND_MODIFIER
MODIFIER_SINGLE_CITY_ADJUST_FREE_POWER,-1221475462,KIND_MODIFIER
MODIFIER_SINGLE_CITY_ADJUST_FREE_RESOURCE_EXTRACTION,1286548104,KIND_MODIFIER
MODIFIER_SINGLE_CITY_ADJUST_GREAT_PERSON_POINT,1700730499,KIND_MODIFIER
MODIFIER_SINGLE_CITY_ADJUST_IMPROVEMENT_TOURISM,1530136926,KIND_MODIFIER
MODIFIER_SINGLE_CITY_ADJUST_NATIONAL_PARK_TOURISM,-1948052876,KIND_MODIFIER
MODIFIER_SINGLE_CITY_ADJUST_PREVENT_BYPASS_OUTER_DEFENSE,-469764712,KIND_MODIFIER
MODIFIER_SINGLE_CITY_ADJUST_PREVENT_MELEE_ATTACK_OUTER_DEFENSES,1337180383,KIND_MODIFIER
MODIFIER_SINGLE_CITY_ADJUST_REQUIRED_POWER,-1436319192,KIND_MODIFIER
MODIFIER_SINGLE_CITY_ADJUST_SPACE_RACE_PROJECTS_PRODUCTION,1392263446,KIND_MODIFIER
MODIFIER_SINGLE_CITY_ADJUST_TOURISM_PER_FEATURE,623441529,KIND_MODIFIER
MODIFIER_SINGLE_CITY_ADJUST_YIELD_FOR_FLOOD,-413201385,KIND_MODIFIER
MODIFIER_SINGLE_CITY_ADJUST_YIELD_FOR_TERRAIN_CLASS_CITIES_IMPROVEMENT,-2060676593,KIND_MODIFIER
MODIFIER_SINGLE_CITY_RECOMMISSION_REACTOR,1182029019,KIND_MODIFIER
MODIFIER_SINGLE_CITY_GRANT_YIELD_PER_BUILDING_COST,-1704453511,KIND_MODIFIER
MODIFIER_SINGLE_UNIT_ADJUST_COMBAT_FOR_ADJACENT_LEVIED_UNITS,-938314083,KIND_MODIFIER
MODIFIER_SINGLE_UNIT_ADJUST_COMBAT_FOR_NUMBER_ALLIES,-1810438960,KIND_MODIFIER
MODIFIER_SINGLE_UNIT_ADJUST_COMBAT_FOR_UNUSED_MOVEMENT,408137654,KIND_MODIFIER
MODIFIER_SINGLE_UNIT_ADJUST_JUMP_DISTANCE,-1349929244,KIND_MODIFIER
MODIFIER_SINGLE_UNIT_ADJUST_POST_TOURISM_BOMB_LOYALTY,-135715779,KIND_MODIFIER
MODIFIER_SINGLE_UNIT_ADJUST_SPY_COUNTERSPY_ENTIRE_CITY,-2083916536,KIND_MODIFIER
MODIFIER_SINGLE_UNIT_ADJUST_SPY_COUNTERSPY_ADJACENT_LEVEL_BOOST,-423335738,KIND_MODIFIER
MODIFIER_SINGLE_UNIT_ADJUST_FIGHT_WHILE_EMBARKED,1741517006,KIND_MODIFIER
MODIFIER_SINGLE_UNIT_ADJUST_ANTI_AIR_STRENGTH_MODIFIER,-1714324708,KIND_MODIFIER
MODIFIER_MOUNTAIN_PORTAL,-884981087,KIND_MODIFIER
MODIFIER_EMERGENCY_PLAYERS_MAKE_PROJECT_AVAILABLE,-77090638,KIND_MODIFIER
MODIFIER_EMERGENCY_PLAYERS_ADD_FAVOR,-1860043546,KIND_MODIFIER
MODIFIER_EMERGENCY_PLAYERS_ADJUST_DIPLOMATIC_VICTORY_POINTS,-661960043,KIND_MODIFIER
MODIFIER_EMERGENCY_PLAYERS_ADJUST_GREAT_PERSON_POINTS,1488028688,KIND_MODIFIER
MODIFIER_EMERGENCY_PLAYERS_ADJUST_ROCK_BAND_UNIT_ALBUM_SALES,1302856547,KIND_MODIFIER
MODIFIER_EMERGENCY_PLAYERS_ATTACH_MODIFIER,-207456033,KIND_MODIFIER
MODIFIER_EMERGENCY_PLAYERS_GRANT_RANDOM_TECHNOLOGY_BOOST_BY_ERA,-207910776,KIND_MODIFIER
MODIFIER_EMERGENCY_PLAYERS_GRANT_RANDOM_CIVIC_BOOST_BY_ERA,323883261,KIND_MODIFIER
MODIFIER_EMERGENCY_CITIES_ADJUST_EXTRA_ACCUMULATION,-547796536,KIND_MODIFIER
MODIFIER_EMERGENCY_CITIES_GRANT_FREE_RESOURCE_IN_CITY,-1094783241,KIND_MODIFIER
MODIFIER_EMERGENCY_CITIES_ADJUST_UNIT_PURCHASE_COST,625911818,KIND_MODIFIER
MODIFIER_EMERGENCY_CAPITAL_CITIES_GRANT_GREAT_PERSON_CLASS_IN_CITY,-1813183947,KIND_MODIFIER
MODIFIER_EMERGENCY_CITIES_ADJUST_SPACE_RACE_PROJECTS_PRODUCTION,2075673534,KIND_MODIFIER
MODIFIER_EMERGENCY_PLAYERS_GRANT_YIELD,-568450530,KIND_MODIFIER
MODIFIER_EMERGENCY_DISTRICTS_ADJUST_TOURISM_CHANGE,1772999912,KIND_MODIFIER
MODIFIER_ALL_UNITS_APPLY_MODIFIER_IF_PROMOTION_CLASS_MATCHES,1219038968,KIND_MODIFIER
MODIFIER_ALL_UNITS_ADJUST_SPYING_EFFICIENCY,1041575932,KIND_MODIFIER
MODIFIER_ALL_UNITS_DISABLE_OPERATION,1479335344,KIND_MODIFIER
MODIFIER_PLAYER_ADJUST_GRIEVANCE_MULTIPLIER,1569125879,KIND_MODIFIER
MODIFIER_PLAYER_SEND_GOLD_TO_EMERGENCIES_OF_TYPE,-394661741,KIND_MODIFIER
MODIFIER_PLAYER_GRANT_ADVANCED_UNIT_OF_CLASS_IN_NEAREST_OWNER_CITY_AND_APPLY_ABILITY,1945781536,KIND_MODIFIER
MODIFIER_EMERGENCY_CAPITALS_GRANT_UNIT,1407875510,KIND_MODIFIER
MOMENT_CITY_BUILT_NEAR_FLOODABLE_RIVER,-949342523,KIND_MOMENT
MOMENT_CITY_BUILT_NEAR_VOLCANO,-1785145670,KIND_MOMENT
MOMENT_CITY_POWER_GENERATED_FROM_RESOURCE_FIRST,-1847411828,KIND_MOMENT
MOMENT_CITY_POWER_GENERATED_FROM_RESOURCE_FIRST_IN_WORLD,808226043,KIND_MOMENT
MOMENT_CLIMATE_CHANGE_PHASE,-1311472876,KIND_MOMENT
MOMENT_DISTRICT_CONSTRUCTED_CANAL,1204507040,KIND_MOMENT
MOMENT_GOVERNMENT_ENACTED_TIER_4_FIRST,1005209887,KIND_MOMENT
MOMENT_GOVERNMENT_ENACTED_TIER_4_FIRST_IN_WORLD,-183329320,KIND_MOMENT
MOMENT_IMPROVEMENT_CONSTRUCTED_MOUNTAIN_TUNNEL_FIRST,-341993682,KIND_MOMENT
MOMENT_IMPROVEMENT_CONSTRUCTED_MOUNTAIN_TUNNEL_FIRST_IN_WORLD,-465641491,KIND_MOMENT
MOMENT_IMPROVEMENT_CONSTRUCTED_ON_DISASTER_YIELD_TILE_FIRST,-759808243,KIND_MOMENT
MOMENT_IMPROVEMENT_CONSTRUCTED_RENEWABLE_ENERGY_FIRST,1514476263,KIND_MOMENT
MOMENT_IMPROVEMENT_CONSTRUCTED_RENEWABLE_ENERGY_FIRST_IN_WORLD,-1573163854,KIND_MOMENT
MOMENT_MITIGATED_COASTAL_FLOOD,-1573879958,KIND_MOMENT
MOMENT_MITIGATED_RIVER_FLOOD,-1753204314,KIND_MOMENT
MOMENT_PLAYER_EARNED_DIPLOMATIC_VICTORY_POINT,-1642555832,KIND_MOMENT
MOMENT_PROJECT_FOUNDED_EXOPLANET,1889362594,KIND_MOMENT
MOMENT_PROJECT_FOUNDED_EXOPLANET_FIRST_IN_WORLD,-717633327,KIND_MOMENT
MOMENT_ROUTE_CREATED_RAILROAD_CONNECTS_TWO_CITIES,1130242576,KIND_MOMENT
MOMENT_ROUTE_CREATED_RAILROAD_CONNECTS_TWO_CITIES_FIRST_IN_WORLD,2109530973,KIND_MOMENT
MOMENT_UNIT_TOURISM_BOMB,1413618111,KIND_MOMENT
MOMENT_UNIT_TOURISM_BOMB_FIRST_IN_WORLD,1571130094,KIND_MOMENT
COMMEMORATION_AUTOMATON,-745669248,KIND_MOMENT_OUTCOME
NAMED_RIVER_ABUKUMA_RIVER,427730915,KIND_NAMED_RIVER
NAMED_RIVER_ACHELOUS_RIVER,-754753770,KIND_NAMED_RIVER
NAMED_RIVER_AGNO,-1892598570,KIND_NAMED_RIVER
NAMED_RIVER_ALAZANI_RIVER,1782608795,KIND_NAMED_RIVER
NAMED_RIVER_AMAZON,381077278,KIND_NAMED_RIVER
NAMED_RIVER_AMISKWASIPI,-337918528,KIND_NAMED_RIVER
NAMED_RIVER_AMNOK_RIVER,-88891620,KIND_NAMED_RIVER
NAMED_RIVER_AMU_DARYA,1500822704,KIND_NAMED_RIVER
NAMED_RIVER_AMUR,1217797699,KIND_NAMED_RIVER
NAMED_RIVER_APURIMAQ_MAYU,1150320730,KIND_NAMED_RIVER
NAMED_RIVER_ARAS_RIVER,-1542692288,KIND_NAMED_RIVER
NAMED_RIVER_ARKANSAS,1094598372,KIND_NAMED_RIVER
NAMED_RIVER_ARNO_RIVER,-581794218,KIND_NAMED_RIVER
NAMED_RIVER_ATBARAH_RIVER,-857566421,KIND_NAMED_RIVER
NAMED_RIVER_ATHABASCA_RIVER,-1110182727,KIND_NAMED_RIVER
NAMED_RIVER_ATOYAC_RIVER,-38472502,KIND_NAMED_RIVER
NAMED_RIVER_AWRIQ_MAYU,-209478182,KIND_NAMED_RIVER
NAMED_RIVER_AYUNG_RIVER,-244774712,KIND_NAMED_RIVER
NAMED_RIVER_BAHR_YUSSEF,966025822,KIND_NAMED_RIVER
NAMED_RIVER_BALSAS,1441594036,KIND_NAMED_RIVER
NAMED_RIVER_BANI_RIVER,-1057458469,KIND_NAMED_RIVER
NAMED_RIVER_BARADA_RIVER,1337768911,KIND_NAMED_RIVER
NAMED_RIVER_BARITO_RIVER,-656387167,KIND_NAMED_RIVER
NAMED_RIVER_BASSAC_RIVER,-46684853,KIND_NAMED_RIVER
NAMED_RIVER_BATANGHARI_RIVER,1996878127,KIND_NAMED_RIVER
NAMED_RIVER_BEIRUT_RIVER,814829114,KIND_NAMED_RIVER
NAMED_RIVER_BENGAWAN_SOLO_RIVER,-1156076451,KIND_NAMED_RIVER
NAMED_RIVER_BIO_BIO,2037695721,KIND_NAMED_RIVER
NAMED_RIVER_BRAHMAPUTRA,-667805440,KIND_NAMED_RIVER
NAMED_RIVER_BRISBANE_RIVER,-389994275,KIND_NAMED_RIVER
NAMED_RIVER_BUG,1473011645,KIND_NAMED_RIVER
NAMED_RIVER_BUKHAN_RIVER,-1742508430,KIND_NAMED_RIVER
NAMED_RIVER_CHINCHIPE_RIVER,-199327581,KIND_NAMED_RIVER
NAMED_RIVER_COATZACOALCOS_RIVER,1793249433,KIND_NAMED_RIVER
NAMED_RIVER_COLORADO,-885228163,KIND_NAMED_RIVER
NAMED_RIVER_COLUMBIA,-1186572156,KIND_NAMED_RIVER
NAMED_RIVER_CONGO,-17700005,KIND_NAMED_RIVER
NAMED_RIVER_COOPER_CREEK,-712254140,KIND_NAMED_RIVER
NAMED_RIVER_CRNA_RIVER,-1986515658,KIND_NAMED_RIVER
NAMED_RIVER_DAL,-365089326,KIND_NAMED_RIVER
NAMED_RIVER_DAMIETTA_RIVER,1261313016,KIND_NAMED_RIVER
NAMED_RIVER_DANUBE,-221754622,KIND_NAMED_RIVER
NAMED_RIVER_DARLING,1642342888,KIND_NAMED_RIVER
NAMED_RIVER_DAUGAVA,1638800941,KIND_NAMED_RIVER
NAMED_RIVER_DELAWARE,287979952,KIND_NAMED_RIVER
NAMED_RIVER_DIYALA_RIVER,826744616,KIND_NAMED_RIVER
NAMED_RIVER_DNIEPER,1733613563,KIND_NAMED_RIVER
NAMED_RIVER_DNIESTER,-1514164828,KIND_NAMED_RIVER
NAMED_RIVER_DON,-1699716752,KIND_NAMED_RIVER
NAMED_RIVER_DOURO_RIVER,-1300938970,KIND_NAMED_RIVER
NAMED_RIVER_DUNAJEC_RIVER,-785955591,KIND_NAMED_RIVER
NAMED_RIVER_EBRO,-521194441,KIND_NAMED_RIVER
NAMED_RIVER_ELBE,1080484466,KIND_NAMED_RIVER
NAMED_RIVER_ENGURI_RIVER,290228636,KIND_NAMED_RIVER
NAMED_RIVER_EUPHRATES,432990243,KIND_NAMED_RIVER
NAMED_RIVER_EUROTAS,-992135762,KIND_NAMED_RIVER
NAMED_RIVER_FORTH,-593040882,KIND_NAMED_RIVER
NAMED_RIVER_FRASER_RIVER,-1348602709,KIND_NAMED_RIVER
NAMED_RIVER_GAMBIA_RIVER,-1556987986,KIND_NAMED_RIVER
NAMED_RIVER_GANGES,-798266076,KIND_NAMED_RIVER
NAMED_RIVER_GEUM_RIVER,-1364990467,KIND_NAMED_RIVER
NAMED_RIVER_GLOMMA,-1498369946,KIND_NAMED_RIVER
NAMED_RIVER_GODAVARI,1720502334,KIND_NAMED_RIVER
NAMED_RIVER_GREAT_ZAB_RIVER,-2138234901,KIND_NAMED_RIVER
NAMED_RIVER_GUADALQUIVIR_RIVER,-1167626132,KIND_NAMED_RIVER
NAMED_RIVER_GUADIANA_RIVER,-1669384006,KIND_NAMED_RIVER
NAMED_RIVER_GUDBRANDSDALSLAGEN,-1674397112,KIND_NAMED_RIVER
NAMED_RIVER_HAI,-1823662023,KIND_NAMED_RIVER
NAMED_RIVER_HALIACMON_RIVER,-1208490042,KIND_NAMED_RIVER
NAMED_RIVER_HAN_RIVER,-2005587710,KIND_NAMED_RIVER
NAMED_RIVER_HUTT_RIVER,-846977662,KIND_NAMED_RIVER
NAMED_RIVER_IJSSEL_RIVER,-578357230,KIND_NAMED_RIVER
NAMED_RIVER_IMJIN_RIVER,-1983182475,KIND_NAMED_RIVER
NAMED_RIVER_INDAL_RIVER,-297507976,KIND_NAMED_RIVER
NAMED_RIVER_INDUS,1839152597,KIND_NAMED_RIVER
NAMED_RIVER_INKISI_RIVER,-2010868376,KIND_NAMED_RIVER
NAMED_RIVER_IRRAWADDY,1755817616,KIND_NAMED_RIVER
NAMED_RIVER_ISHIKARI_RIVER,-1120764081,KIND_NAMED_RIVER
NAMED_RIVER_ITATA_RIVER,-1043109479,KIND_NAMED_RIVER
NAMED_RIVER_JAJRUD_RIVER,179137675,KIND_NAMED_RIVER
NAMED_RIVER_JORDAN,-869908680,KIND_NAMED_RIVER
NAMED_RIVER_JUCAR_RIVER,-77007556,KIND_NAMED_RIVER
NAMED_RIVER_KAPUAS,1822506985,KIND_NAMED_RIVER
NAMED_RIVER_KARKHEH_RIVER,1719074294,KIND_NAMED_RIVER
NAMED_RIVER_KARUN,881970680,KIND_NAMED_RIVER
NAMED_RIVER_KASAI,-2053511879,KIND_NAMED_RIVER
NAMED_RIVER_KATEPWEWI_SIPI,1914002933,KIND_NAMED_RIVER
NAMED_RIVER_KAVERI_RIVER,254346979,KIND_NAMED_RIVER
NAMED_RIVER_KAWARAU_RIVER,-1146160538,KIND_NAMED_RIVER
NAMED_RIVER_KAWATIRI_RIVER,557138886,KIND_NAMED_RIVER
NAMED_RIVER_KERULEN_RIVER,1646990308,KIND_NAMED_RIVER
NAMED_RIVER_KHABUR_RIVER,-1167389165,KIND_NAMED_RIVER
NAMED_RIVER_KISISKACIWANI_SIPIY,-958823778,KIND_NAMED_RIVER
NAMED_RIVER_KITAKAMI_RIVER,-1001514591,KIND_NAMED_RIVER
NAMED_RIVER_KIZILIRMAK,2061166517,KIND_NAMED_RIVER
NAMED_RIVER_KLARA_RIVER,1806244035,KIND_NAMED_RIVER
NAMED_RIVER_KOROS_RIVER,36467817,KIND_NAMED_RIVER
NAMED_RIVER_KSHIPRA_RIVER,973561711,KIND_NAMED_RIVER
NAMED_RIVER_KURA,-18752522,KIND_NAMED_RIVER
NAMED_RIVER_LEK_RIVER,65755475,KIND_NAMED_RIVER
NAMED_RIVER_LENA,-1721295518,KIND_NAMED_RIVER
NAMED_RIVER_LIMPOPO,-1741633847,KIND_NAMED_RIVER
NAMED_RIVER_LITANI,-1352450594,KIND_NAMED_RIVER
NAMED_RIVER_LOIRE,-1366399739,KIND_NAMED_RIVER
NAMED_RIVER_LULE_RIVER,-1432864740,KIND_NAMED_RIVER
NAMED_RIVER_MACKENZIE,1377373572,KIND_NAMED_RIVER
NAMED_RIVER_MADEIRA,1774238203,KIND_NAMED_RIVER
NAMED_RIVER_MAHAKAM_RIVER,1914123061,KIND_NAMED_RIVER
NAMED_RIVER_MAIPO_RIVER,-551516408,KIND_NAMED_RIVER
NAMED_RIVER_MAMBERAMO_RIVER,1386693199,KIND_NAMED_RIVER
NAMED_RIVER_MANTO_SIPIY,1031874493,KIND_NAMED_RIVER
NAMED_RIVER_MAPOCHO_RIVER,1273204242,KIND_NAMED_RIVER
NAMED_RIVER_MAREB_RIVER,-1539766997,KIND_NAMED_RIVER
NAMED_RIVER_MARITSA_RIVER,-1478607348,KIND_NAMED_RIVER
NAMED_RIVER_MATA_AU_RIVER,1944495341,KIND_NAMED_RIVER
NAMED_RIVER_MAULE_RIVER,447761735,KIND_NAMED_RIVER
NAMED_RIVER_MEDJERDA_RIVER,774609439,KIND_NAMED_RIVER
NAMED_RIVER_MEKONG,1150502078,KIND_NAMED_RIVER
NAMED_RIVER_MEUSE,-260782204,KIND_NAMED_RIVER
NAMED_RIVER_MISSISSIPPI,-340162741,KIND_NAMED_RIVER
NAMED_RIVER_MISSOURI,-1504639820,KIND_NAMED_RIVER
NAMED_RIVER_MIXTECO_RIVER,101844586,KIND_NAMED_RIVER
NAMED_RIVER_MOGAMI_RIVER,-2105995176,KIND_NAMED_RIVER
NAMED_RIVER_MTKVARI_RIVER,694799628,KIND_NAMED_RIVER
NAMED_RIVER_MURAT_RIVER,171475895,KIND_NAMED_RIVER
NAMED_RIVER_MURRAY,1611389606,KIND_NAMED_RIVER
NAMED_RIVER_MURRUMBIDGEE,98473225,KIND_NAMED_RIVER
NAMED_RIVER_MUSI_RIVER,660675281,KIND_NAMED_RIVER
NAMED_RIVER_NAKDONG,1767757576,KIND_NAMED_RIVER
NAMED_RIVER_NAREW_RIVER,138268739,KIND_NAMED_RIVER
NAMED_RIVER_NARMADA_RIVER,-2083074636,KIND_NAMED_RIVER
NAMED_RIVER_NESTOS_RIVER,1590786173,KIND_NAMED_RIVER
NAMED_RIVER_NIGER,2112570850,KIND_NAMED_RIVER
NAMED_RIVER_NILE,254773782,KIND_NAMED_RIVER
NAMED_RIVER_NORTHERN_DVINA,-1852191795,KIND_NAMED_RIVER
NAMED_RIVER_NOTEC_RIVER,-159440473,KIND_NAMED_RIVER
NAMED_RIVER_NUMEDAL_RIVER,-1045348059,KIND_NAMED_RIVER
NAMED_RIVER_OB,-1835572295,KIND_NAMED_RIVER
NAMED_RIVER_OCHEKWI_SIPI,-2128567828,KIND_NAMED_RIVER
NAMED_RIVER_ODER,-312852306,KIND_NAMED_RIVER
NAMED_RIVER_OFANTO_RIVER,-947121938,KIND_NAMED_RIVER
NAMED_RIVER_OHIO,737384991,KIND_NAMED_RIVER
NAMED_RIVER_OKAVANGO,-613464445,KIND_NAMED_RIVER
NAMED_RIVER_ORANGE,-1977025007,KIND_NAMED_RIVER
NAMED_RIVER_ORINOCO,-463410702,KIND_NAMED_RIVER
NAMED_RIVER_ORKHON,-1106038457,KIND_NAMED_RIVER
NAMED_RIVER_ORONTES_RIVER,1898943413,KIND_NAMED_RIVER
NAMED_RIVER_OTRA_RIVER,-878014378,KIND_NAMED_RIVER
NAMED_RIVER_PAPALOAPAN_RIVER,703295405,KIND_NAMED_RIVER
NAMED_RIVER_PARAGUAY,445644919,KIND_NAMED_RIVER
NAMED_RIVER_PARANA,-1061723375,KIND_NAMED_RIVER
NAMED_RIVER_PAROO_RIVER,827126255,KIND_NAMED_RIVER
NAMED_RIVER_PEARL,334239486,KIND_NAMED_RIVER
NAMED_RIVER_PO,561779098,KIND_NAMED_RIVER
NAMED_RIVER_POTOMAC,-763962879,KIND_NAMED_RIVER
NAMED_RIVER_POWINIGOW,-1621144573,KIND_NAMED_RIVER
NAMED_RIVER_PUTUMAYU,889673039,KIND_NAMED_RIVER
NAMED_RIVER_RABA_RIVER,-2095666149,KIND_NAMED_RIVER
NAMED_RIVER_RAKAIA_RIVER,52095424,KIND_NAMED_RIVER
NAMED_RIVER_RANGATIKEI_RIVER,-867167566,KIND_NAMED_RIVER
NAMED_RIVER_RAUMA_RIVER,526080455,KIND_NAMED_RIVER
NAMED_RIVER_RED,-1742618842,KIND_NAMED_RIVER
NAMED_RIVER_RHINE,184428802,KIND_NAMED_RIVER
NAMED_RIVER_RHONE,242439600,KIND_NAMED_RIVER
NAMED_RIVER_RIO_GRANDE,921047574,KIND_NAMED_RIVER
NAMED_RIVER_RIO_NEGRO,1353586143,KIND_NAMED_RIVER
NAMED_RIVER_RIONI_RIVER,-2013095848,KIND_NAMED_RIVER
NAMED_RIVER_RIVER_AVON,1529110148,KIND_NAMED_RIVER
NAMED_RIVER_RIVER_CLYDE,1259865515,KIND_NAMED_RIVER
NAMED_RIVER_RIVER_DEE,2097279894,KIND_NAMED_RIVER
NAMED_RIVER_RIVER_EDEN,822826567,KIND_NAMED_RIVER
NAMED_RIVER_RIVER_GREAT_OUSE,1774034549,KIND_NAMED_RIVER
NAMED_RIVER_RIVER_SEVERN,-2100326161,KIND_NAMED_RIVER
NAMED_RIVER_RIVER_SPEY,-595210129,KIND_NAMED_RIVER
NAMED_RIVER_RIVER_TAY,290113965,KIND_NAMED_RIVER
NAMED_RIVER_RIVER_TEES,-1150656429,KIND_NAMED_RIVER
NAMED_RIVER_RIVER_TRENT,-1401029383,KIND_NAMED_RIVER
NAMED_RIVER_RIVER_WELLAND,-51295133,KIND_NAMED_RIVER
NAMED_RIVER_ROSETTA_RIVER,217032874,KIND_NAMED_RIVER
NAMED_RIVER_RUBICON,-943477998,KIND_NAMED_RIVER
NAMED_RIVER_SAINT_LAWRENCE,-432926623,KIND_NAMED_RIVER
NAMED_RIVER_SAKARYA_RIVER,-846640226,KIND_NAMED_RIVER
NAMED_RIVER_SALWEEN,141028062,KIND_NAMED_RIVER
NAMED_RIVER_SAN_RIVER,-1495206482,KIND_NAMED_RIVER
NAMED_RIVER_SANKARANI_RIVER,-2041326991,KIND_NAMED_RIVER
NAMED_RIVER_SANKURU_RIVER,23510615,KIND_NAMED_RIVER
NAMED_RIVER_SAO_FRANCISCO,1324146900,KIND_NAMED_RIVER
NAMED_RIVER_SARASWATI,1915827946,KIND_NAMED_RIVER
NAMED_RIVER_SCHELDT_RIVER,132193546,KIND_NAMED_RIVER
NAMED_RIVER_SE_KONG_RIVER,-1885077681,KIND_NAMED_RIVER
NAMED_RIVER_SEFID_RIVER,-1811842668,KIND_NAMED_RIVER
NAMED_RIVER_SEINE,-973809553,KIND_NAMED_RIVER
NAMED_RIVER_SENEGAL_RIVER,-1628622663,KIND_NAMED_RIVER
NAMED_RIVER_SEOMJIN_RIVER,-108969402,KIND_NAMED_RIVER
NAMED_RIVER_SHINANO,1499688434,KIND_NAMED_RIVER
NAMED_RIVER_SONGHUA_RIVER,917543205,KIND_NAMED_RIVER
NAMED_RIVER_SREPOK_RIVER,1757820717,KIND_NAMED_RIVER
NAMED_RIVER_STRUMA_RIVER,-373065085,KIND_NAMED_RIVER
NAMED_RIVER_SUSQUEHANNA,64597578,KIND_NAMED_RIVER
NAMED_RIVER_SYR_DARYA,-434841832,KIND_NAMED_RIVER
NAMED_RIVER_TAGUS,-1345666839,KIND_NAMED_RIVER
NAMED_RIVER_TAPISKWAN_SIPI,-847652437,KIND_NAMED_RIVER
NAMED_RIVER_TARIM,-1453342388,KIND_NAMED_RIVER
NAMED_RIVER_TE_AWAKAIRANGI,1829714567,KIND_NAMED_RIVER
NAMED_RIVER_TEHUANTEPEC_RIVER,1120949956,KIND_NAMED_RIVER
NAMED_RIVER_TENRYU_RIVER,-1062206556,KIND_NAMED_RIVER
NAMED_RIVER_TESHIO_RIVER,-1810156616,KIND_NAMED_RIVER
NAMED_RIVER_THAMES,231598816,KIND_NAMED_RIVER
NAMED_RIVER_TIBER,1366296618,KIND_NAMED_RIVER
NAMED_RIVER_TIGRIS,-1375127603,KIND_NAMED_RIVER
NAMED_RIVER_TISZA_RIVER,-513961272,KIND_NAMED_RIVER
NAMED_RIVER_TOCANTINS,199913647,KIND_NAMED_RIVER
NAMED_RIVER_TOLTEN_RIVER,456990407,KIND_NAMED_RIVER
NAMED_RIVER_TONALA_RIVER,278438406,KIND_NAMED_RIVER
NAMED_RIVER_TONE_RIVER,-450218350,KIND_NAMED_RIVER
NAMED_RIVER_TONGARIRO_RIVER,551515692,KIND_NAMED_RIVER
NAMED_RIVER_TONLE_SAN_RIVER,2043142019,KIND_NAMED_RIVER
NAMED_RIVER_TONLE_SAP_RIVER,1311127568,KIND_NAMED_RIVER
NAMED_RIVER_TORNE_RIVER,-142152434,KIND_NAMED_RIVER
NAMED_RIVER_TRUFUL_TRUFUL_RIVER,-2116534510,KIND_NAMED_RIVER
NAMED_RIVER_TSHUAPA_RIVER,1836850345,KIND_NAMED_RIVER
NAMED_RIVER_TUGELA_RIVER,-46644081,KIND_NAMED_RIVER
NAMED_RIVER_TUUL_RIVER,1754109651,KIND_NAMED_RIVER
NAMED_RIVER_UCAYALI,1990151003,KIND_NAMED_RIVER
NAMED_RIVER_UMFOLOZI_RIVER,1206631015,KIND_NAMED_RIVER
NAMED_RIVER_UMZIMKULU_RIVER,-737206494,KIND_NAMED_RIVER
NAMED_RIVER_UMZINYATHI_RIVER,-1290799593,KIND_NAMED_RIVER
NAMED_RIVER_URAL,1412878576,KIND_NAMED_RIVER
NAMED_RIVER_VARDAR,318971894,KIND_NAMED_RIVER
NAMED_RIVER_VISTULA,458419457,KIND_NAMED_RIVER
NAMED_RIVER_VOLGA,-1295185216,KIND_NAMED_RIVER
NAMED_RIVER_WAAL_RIVER,-1972960900,KIND_NAMED_RIVER
NAMED_RIVER_WADI_AL_BATIN,-1396883085,KIND_NAMED_RIVER
NAMED_RIVER_WADI_AL_RUMMAH,-1970156614,KIND_NAMED_RIVER
NAMED_RIVER_WADI_HANIFA,2058443590,KIND_NAMED_RIVER
NAMED_RIVER_WAIAPU_RIVER,1865014320,KIND_NAMED_RIVER
NAMED_RIVER_WAIAU_RIVER,-523835022,KIND_NAMED_RIVER
NAMED_RIVER_WAIKATO,231740096,KIND_NAMED_RIVER
NAMED_RIVER_WAIMAKARIRI_RIVER,2037820971,KIND_NAMED_RIVER
NAMED_RIVER_WAITAKI_RIVER,216519904,KIND_NAMED_RIVER
NAMED_RIVER_WALLAQA_MAYU,323332227,KIND_NAMED_RIVER
NAMED_RIVER_WARREGO_RIVER,-440560047,KIND_NAMED_RIVER
NAMED_RIVER_WARTA_RIVER,1771680332,KIND_NAMED_RIVER
NAMED_RIVER_WAZALAFKEN_RIVER,475049834,KIND_NAMED_RIVER
NAMED_RIVER_WEI,-530906768,KIND_NAMED_RIVER
NAMED_RIVER_WESER_RIVER,-1859210861,KIND_NAMED_RIVER
NAMED_RIVER_WHANGANUI_RIVER,-940640141,KIND_NAMED_RIVER
NAMED_RIVER_WILLKAMAYU,-73010890,KIND_NAMED_RIVER
NAMED_RIVER_WISLOKA_RIVER,-1981388104,KIND_NAMED_RIVER
NAMED_RIVER_WUSKWI_SIPI,1227052183,KIND_NAMED_RIVER
NAMED_RIVER_YAMUNA_RIVER,-2072041491,KIND_NAMED_RIVER
NAMED_RIVER_YANGTZE,-1046302914,KIND_NAMED_RIVER
NAMED_RIVER_YELLOW,1206494198,KIND_NAMED_RIVER
NAMED_RIVER_YENISEI,2068827691,KIND_NAMED_RIVER
NAMED_RIVER_YESILIRMAK_RIVER,1930791055,KIND_NAMED_RIVER
NAMED_RIVER_YUKON,1376824310,KIND_NAMED_RIVER
NAMED_RIVER_ZAGYVA_RIVER,-1381385122,KIND_NAMED_RIVER
NAMED_RIVER_ZAMBEZI,-1805206995,KIND_NAMED_RIVER
NAMED_RIVER_ZAVKHAN_RIVER,1487194859,KIND_NAMED_RIVER
NAMED_RIVER_ZAYANDE_RIVER,-444363280,KIND_NAMED_RIVER
NAMED_VOLCANO_AGRI_DAGI,1854769028,KIND_NAMED_VOLCANO
NAMED_VOLCANO_AGUNG,-186826047,KIND_NAMED_VOLCANO
NAMED_VOLCANO_ALLARPS_BJAR_VOLCANO,-206024601,KIND_NAMED_VOLCANO
NAMED_VOLCANO_AMBRYM,-1560739835,KIND_NAMED_VOLCANO
NAMED_VOLCANO_ARARAT,-1265852639,KIND_NAMED_VOLCANO
NAMED_VOLCANO_ARTHURS_SEAT,-2082302152,KIND_NAMED_VOLCANO
NAMED_VOLCANO_ASAMA,-221806765,KIND_NAMED_VOLCANO
NAMED_VOLCANO_ASKJA,-1341035454,KIND_NAMED_VOLCANO
NAMED_VOLCANO_AVACHINSKY,-2100653136,KIND_NAMED_VOLCANO
NAMED_VOLCANO_BALLS_PYRAMID,-914835470,KIND_NAMED_VOLCANO
NAMED_VOLCANO_BARREN,-822426414,KIND_NAMED_VOLCANO
NAMED_VOLCANO_BAYUDA,-1794082426,KIND_NAMED_VOLCANO
NAMED_VOLCANO_BEERENBERG,-2069892024,KIND_NAMED_VOLCANO
NAMED_VOLCANO_BEZYMIANNY,2145975673,KIND_NAMED_VOLCANO
NAMED_VOLCANO_BUDJ_BIM,652307752,KIND_NAMED_VOLCANO
NAMED_VOLCANO_CATOCA_VOLCANO,-2065708472,KIND_NAMED_VOLCANO
NAMED_VOLCANO_CHHACHANI,-2002615759,KIND_NAMED_VOLCANO
NAMED_VOLCANO_CITLALTEPETL,1909173585,KIND_NAMED_VOLCANO
NAMED_VOLCANO_CHI_GAG,1620406684,KIND_NAMED_VOLCANO
NAMED_VOLCANO_COLIMA,1111839410,KIND_NAMED_VOLCANO
NAMED_VOLCANO_COSIGUINA,1557541241,KIND_NAMED_VOLCANO
NAMED_VOLCANO_DAMAVAND,1779655451,KIND_NAMED_VOLCANO
NAMED_VOLCANO_ELBRUS,1387403724,KIND_NAMED_VOLCANO
NAMED_VOLCANO_EREBUS,211004390,KIND_NAMED_VOLCANO
NAMED_VOLCANO_ERTA_ALE,-328226021,KIND_NAMED_VOLCANO
NAMED_VOLCANO_ETNA,-1585656796,KIND_NAMED_VOLCANO
NAMED_VOLCANO_FRUALID_VOLCANO,2083133166,KIND_NAMED_VOLCANO
NAMED_VOLCANO_FUJI,-658750261,KIND_NAMED_VOLCANO
NAMED_VOLCANO_GALERAS,1151764778,KIND_NAMED_VOLCANO
NAMED_VOLCANO_GALLABJER_VOLCANO,-1341637590,KIND_NAMED_VOLCANO
NAMED_VOLCANO_GALUNGGUNG,1340790536,KIND_NAMED_VOLCANO
NAMED_VOLCANO_GRIMSVOTN,493994061,KIND_NAMED_VOLCANO
NAMED_VOLCANO_HAKON_MOSBY_VOLCANO,-1811408842,KIND_NAMED_VOLCANO
NAMED_VOLCANO_HALEAKALA,788428796,KIND_NAMED_VOLCANO
NAMED_VOLCANO_HALLASAN,-1152283479,KIND_NAMED_VOLCANO
NAMED_VOLCANO_HAMPATU,687811030,KIND_NAMED_VOLCANO
NAMED_VOLCANO_HARRAT_KHAYBAR,-1711637959,KIND_NAMED_VOLCANO
NAMED_VOLCANO_HUAYNAPUTINA,-2012783508,KIND_NAMED_VOLCANO
NAMED_VOLCANO_HUDSON,1952341000,KIND_NAMED_VOLCANO
NAMED_VOLCANO_ILOPANGO,738025,KIND_NAMED_VOLCANO
NAMED_VOLCANO_KAZBEK,1074653706,KIND_NAMED_VOLCANO
NAMED_VOLCANO_KELUD,934055988,KIND_NAMED_VOLCANO
NAMED_VOLCANO_KHORGO,61286973,KIND_NAMED_VOLCANO
NAMED_VOLCANO_KILAUEA,1923962029,KIND_NAMED_VOLCANO
NAMED_VOLCANO_KORYAKSKY,42141175,KIND_NAMED_VOLCANO
NAMED_VOLCANO_KRAKATOA,1713759309,KIND_NAMED_VOLCANO
NAMED_VOLCANO_LAACHER_SEE,-1342852797,KIND_NAMED_VOLCANO
NAMED_VOLCANO_LARDERELLO_VOLCANO,-1446705002,KIND_NAMED_VOLCANO
NAMED_VOLCANO_LAUTARO_VOLCANO,63062374,KIND_NAMED_VOLCANO
NAMED_VOLCANO_LILLO_VOLCANO,1835663142,KIND_NAMED_VOLCANO
NAMED_VOLCANO_LLAIMA_VOLCANO,-140476708,KIND_NAMED_VOLCANO
NAMED_VOLCANO_LONQUIMAY_VOLCANO,-77111205,KIND_NAMED_VOLCANO
NAMED_VOLCANO_MAUNA_LOA,6691637,KIND_NAMED_VOLCANO
NAMED_VOLCANO_MAWSON_PEAK,1509312824,KIND_NAMED_VOLCANO
NAMED_VOLCANO_MAYON,2107343005,KIND_NAMED_VOLCANO
NAMED_VOLCANO_MERAPI,2107489881,KIND_NAMED_VOLCANO
NAMED_VOLCANO_METHANA_VOLCANO,-2109614439,KIND_NAMED_VOLCANO
NAMED_VOLCANO_MOUNT_ERCIYES,1095426675,KIND_NAMED_VOLCANO
NAMED_VOLCANO_MOUNT_HASAN,1904229592,KIND_NAMED_VOLCANO
NAMED_VOLCANO_MOUNT_HYPIPAMEE,-1351098246,KIND_NAMED_VOLCANO
NAMED_VOLCANO_MOUNT_NAPIER,605499010,KIND_NAMED_VOLCANO
NAMED_VOLCANO_MOUNT_SABALAN,626389675,KIND_NAMED_VOLCANO
NAMED_VOLCANO_MOUNT_TARANAKI,-1874009622,KIND_NAMED_VOLCANO
NAMED_VOLCANO_MOUNT_TIBROGARGAN,1628178365,KIND_NAMED_VOLCANO
NAMED_VOLCANO_MOUNT_TONGARIRO,-1345360825,KIND_NAMED_VOLCANO
NAMED_VOLCANO_NABRO,-1574704554,KIND_NAMED_VOLCANO
NAMED_VOLCANO_NEMRUT,-211677557,KIND_NAMED_VOLCANO
NAMED_VOLCANO_NEVADO_DEL_RUIZ,-1820651507,KIND_NAMED_VOLCANO
NAMED_VOLCANO_NGAURUHOE,1302136065,KIND_NAMED_VOLCANO
NAMED_VOLCANO_NISYROS,1536265070,KIND_NAMED_VOLCANO
NAMED_VOLCANO_NOVARUPTA,405274930,KIND_NAMED_VOLCANO
NAMED_VOLCANO_NYIRAGONGO,-769078895,KIND_NAMED_VOLCANO
NAMED_VOLCANO_OJOS_DEL_SALADO,-1375919893,KIND_NAMED_VOLCANO
NAMED_VOLCANO_OSTRZYCA,1501989657,KIND_NAMED_VOLCANO
NAMED_VOLCANO_PAEKTU,-2023654809,KIND_NAMED_VOLCANO
NAMED_VOLCANO_PELEE,492377184,KIND_NAMED_VOLCANO
NAMED_VOLCANO_PHANOM_RUNG_VOLCANO,82577176,KIND_NAMED_VOLCANO
NAMED_VOLCANO_PHLEGRAEAN_FIELDS,-414436921,KIND_NAMED_VOLCANO
NAMED_VOLCANO_PICO_DO_CABUGI,919151183,KIND_NAMED_VOLCANO
NAMED_VOLCANO_PIHANGA,-1062136758,KIND_NAMED_VOLCANO
NAMED_VOLCANO_PILLANZEGUN,102095647,KIND_NAMED_VOLCANO
NAMED_VOLCANO_PINATUBO,-1378339424,KIND_NAMED_VOLCANO
NAMED_VOLCANO_POPOCATEPETL,-244538852,KIND_NAMED_VOLCANO
NAMED_VOLCANO_PUY_DE_DOME,2090708119,KIND_NAMED_VOLCANO
NAMED_VOLCANO_QUIZAPU,-1129368602,KIND_NAMED_VOLCANO
NAMED_VOLCANO_QURUPUNA,-468204166,KIND_NAMED_VOLCANO
NAMED_VOLCANO_RAINIER,1840876337,KIND_NAMED_VOLCANO
NAMED_VOLCANO_RALLATE_VOLCANO,191171509,KIND_NAMED_VOLCANO
NAMED_VOLCANO_RANGITOTO,-1703896211,KIND_NAMED_VOLCANO
NAMED_VOLCANO_RUAPEHU,1469624923,KIND_NAMED_VOLCANO
NAMED_VOLCANO_RUCAPILLAN,-1985068361,KIND_NAMED_VOLCANO
NAMED_VOLCANO_SAHAND,613781483,KIND_NAMED_VOLCANO
NAMED_VOLCANO_SAINT_HELENS,170256323,KIND_NAMED_VOLCANO
NAMED_VOLCANO_SAKURAJIMA,-1255752452,KIND_NAMED_VOLCANO
NAMED_VOLCANO_SANTA_MARIA,-192556194,KIND_NAMED_VOLCANO
NAMED_VOLCANO_SAWANQAYA,1952638796,KIND_NAMED_VOLCANO
NAMED_VOLCANO_SCENERY,-658675467,KIND_NAMED_VOLCANO
NAMED_VOLCANO_SEMERU,1829047402,KIND_NAMED_VOLCANO
NAMED_VOLCANO_SHIVELUCH,1164107351,KIND_NAMED_VOLCANO
NAMED_VOLCANO_SOLLIPULLI,-1467496623,KIND_NAMED_VOLCANO
NAMED_VOLCANO_SOUFRIERE,945775634,KIND_NAMED_VOLCANO
NAMED_VOLCANO_STROMBOLI,519526233,KIND_NAMED_VOLCANO
NAMED_VOLCANO_TAAL,-1440875209,KIND_NAMED_VOLCANO
NAMED_VOLCANO_TAMBORA,881794697,KIND_NAMED_VOLCANO
NAMED_VOLCANO_TARAWERA,-847215595,KIND_NAMED_VOLCANO
NAMED_VOLCANO_TAUPO,-1557351934,KIND_NAMED_VOLCANO
NAMED_VOLCANO_TEIDE,-150388470,KIND_NAMED_VOLCANO
NAMED_VOLCANO_THERA,395055485,KIND_NAMED_VOLCANO
NAMED_VOLCANO_TSEAX_CONE,2019150330,KIND_NAMED_VOLCANO
NAMED_VOLCANO_ULAWUN,639376011,KIND_NAMED_VOLCANO
NAMED_VOLCANO_UNDARA_VOLCANO,-1411562357,KIND_NAMED_VOLCANO
NAMED_VOLCANO_UNZEN,-1916724645,KIND_NAMED_VOLCANO
NAMED_VOLCANO_UWINAS,-1429751932,KIND_NAMED_VOLCANO
NAMED_VOLCANO_VULSINI,45350842,KIND_NAMED_VOLCANO
NAMED_VOLCANO_WHAKAARI,1707443740,KIND_NAMED_VOLCANO
NAMED_VOLCANO_YAK_LOUM,1643406544,KIND_NAMED_VOLCANO
NAMED_VOLCANO_YELLOWSTONE,-960480197,KIND_NAMED_VOLCANO
NAMED_VOLCANO_ZUIDWAL_VOLCANO,-1950989353,KIND_NAMED_VOLCANO
NAMED_MOUNTAIN_AKAISHI,544913593,KIND_NAMED_MOUNTAIN
NAMED_MOUNTAIN_ALADAGH_MOUNTAINS,-2145883203,KIND_NAMED_MOUNTAIN
NAMED_MOUNTAIN_ALADAGLAR_MOUNTAINS,1972523836,KIND_NAMED_MOUNTAIN
NAMED_MOUNTAIN_ALASKAN,1598612440,KIND_NAMED_MOUNTAIN
NAMED_MOUNTAIN_ALAY_MOUNTAINS,1546816827,KIND_NAMED_MOUNTAIN
NAMED_MOUNTAIN_ALBORZ,1535591801,KIND_NAMED_MOUNTAIN
NAMED_MOUNTAIN_ALEUTIANS,-499881513,KIND_NAMED_MOUNTAIN
NAMED_MOUNTAIN_ALPS,883744434,KIND_NAMED_MOUNTAIN
NAMED_MOUNTAIN_ALTAI,1436966725,KIND_NAMED_MOUNTAIN
NAMED_MOUNTAIN_ANDES,2055669952,KIND_NAMED_MOUNTAIN
NAMED_MOUNTAIN_ANNAMITES,-1363658882,KIND_NAMED_MOUNTAIN
NAMED_MOUNTAIN_ANTILIBANUS_MOUNTAINS,-1803646515,KIND_NAMED_MOUNTAIN
NAMED_MOUNTAIN_APENNINES,1657384510,KIND_NAMED_MOUNTAIN
NAMED_MOUNTAIN_APPALACHIANS,89590346,KIND_NAMED_MOUNTAIN
NAMED_MOUNTAIN_ARAKAN,-354484665,KIND_NAMED_MOUNTAIN
NAMED_MOUNTAIN_ARAVALLI_RANGE,-430588971,KIND_NAMED_MOUNTAIN
NAMED_MOUNTAIN_ARROCHAR_ALPS,-52565626,KIND_NAMED_MOUNTAIN
NAMED_MOUNTAIN_ASIR,-808344719,KIND_NAMED_MOUNTAIN
NAMED_MOUNTAIN_ATLAS,794569607,KIND_NAMED_MOUNTAIN
NAMED_MOUNTAIN_BAEKDUDAEGAN,-1279508162,KIND_NAMED_MOUNTAIN
NAMED_MOUNTAIN_BAIKAL_MOUNTAINS,1608497556,KIND_NAMED_MOUNTAIN
NAMED_MOUNTAIN_BALKANS,1443538074,KIND_NAMED_MOUNTAIN
NAMED_MOUNTAIN_BALELES_MOUNTAINS,-1660330892,KIND_NAMED_MOUNTAIN
NAMED_MOUNTAIN_BAMBOUK_MOUNTAINS,-455570976,KIND_NAMED_MOUNTAIN
NAMED_MOUNTAIN_BANDIAGARA_ESCARPMENT,1561104568,KIND_NAMED_MOUNTAIN
NAMED_MOUNTAIN_BARGYLUS_MOUNTAINS,-71148128,KIND_NAMED_MOUNTAIN
NAMED_MOUNTAIN_BARISAN,-655408390,KIND_NAMED_MOUNTAIN
NAMED_MOUNTAIN_BESKIDY_MOUNTAINS,-160645543,KIND_NAMED_MOUNTAIN
NAMED_MOUNTAIN_BIESZCZADY_MOUNTAINS,1669689058,KIND_NAMED_MOUNTAIN
NAMED_MOUNTAIN_BLACK_FOREST_MOUNTAINS,2138769272,KIND_NAMED_MOUNTAIN
NAMED_MOUNTAIN_BLUE_MOUNTAINS,-1952372625,KIND_NAMED_MOUNTAIN
NAMED_MOUNTAIN_BUKK_MOUNTAINS,258773433,KIND_NAMED_MOUNTAIN
NAMED_MOUNTAIN_CAIRNGORMS,-1319443809,KIND_NAMED_MOUNTAIN
NAMED_MOUNTAIN_CANTABRICA,1052998668,KIND_NAMED_MOUNTAIN
NAMED_MOUNTAIN_CARPATHIANS,1318557314,KIND_NAMED_MOUNTAIN
NAMED_MOUNTAIN_CASCADES,-38028384,KIND_NAMED_MOUNTAIN
NAMED_MOUNTAIN_CAUCASUS,2018115353,KIND_NAMED_MOUNTAIN
NAMED_MOUNTAIN_CHERSKY,1970532039,KIND_NAMED_MOUNTAIN
NAMED_MOUNTAIN_CHEVIOT_HILLS,-1052229846,KIND_NAMED_MOUNTAIN
NAMED_MOUNTAIN_CHIANTI_MOUNTAINS,1447502062,KIND_NAMED_MOUNTAIN
NAMED_MOUNTAIN_COAST,1020059226,KIND_NAMED_MOUNTAIN
NAMED_MOUNTAIN_CORDILLERA_DE_QUEULE,1535222369,KIND_NAMED_MOUNTAIN
NAMED_MOUNTAIN_CORDILLERA_DEL_CONDOR,-245678678,KIND_NAMED_MOUNTAIN
NAMED_MOUNTAIN_CORDILLERA_DEL_MAHUIDANCHE,1054944428,KIND_NAMED_MOUNTAIN
NAMED_MOUNTAIN_CORDILLERAS_BETICAS,-1979220827,KIND_NAMED_MOUNTAIN
NAMED_MOUNTAIN_CRYSTAL_MOUNTAINS,-321309312,KIND_NAMED_MOUNTAIN
NAMED_MOUNTAIN_CUILLIN,429011239,KIND_NAMED_MOUNTAIN
NAMED_MOUNTAIN_CUMBRIAN_FELLS,-1217934862,KIND_NAMED_MOUNTAIN
NAMED_MOUNTAIN_DAMREI_MOUNTAINS,1411474532,KIND_NAMED_MOUNTAIN
NAMED_MOUNTAIN_DANGREK_MOUNTAINS,687935908,KIND_NAMED_MOUNTAIN
NAMED_MOUNTAIN_DINARIDES,276617227,KIND_NAMED_MOUNTAIN
NAMED_MOUNTAIN_DOLOMITES,-2062548234,KIND_NAMED_MOUNTAIN
NAMED_MOUNTAIN_DONGDAE_MOUNTAINS,1276218993,KIND_NAMED_MOUNTAIN
NAMED_MOUNTAIN_DOVREFJELL,-740515341,KIND_NAMED_MOUNTAIN
NAMED_MOUNTAIN_DRAKENSBERG,1916727203,KIND_NAMED_MOUNTAIN
NAMED_MOUNTAIN_ESPINHACO_MOUNTAINS,301119119,KIND_NAMED_MOUNTAIN
NAMED_MOUNTAIN_GAGRA_RANGE,-246023319,KIND_NAMED_MOUNTAIN
NAMED_MOUNTAIN_GALICIAN_MASSIF,-892358764,KIND_NAMED_MOUNTAIN
NAMED_MOUNTAIN_GEBEL_AL_AIN,-1646209537,KIND_NAMED_MOUNTAIN
NAMED_MOUNTAIN_GHATS,-2051128505,KIND_NAMED_MOUNTAIN
NAMED_MOUNTAIN_GISSAR_RANGE,777599899,KIND_NAMED_MOUNTAIN
NAMED_MOUNTAIN_GRAMPIANS,374681953,KIND_NAMED_MOUNTAIN
NAMED_MOUNTAIN_GREAT_DIVIDING,538050160,KIND_NAMED_MOUNTAIN
NAMED_MOUNTAIN_GWAZHAL,-993414075,KIND_NAMED_MOUNTAIN
NAMED_MOUNTAIN_HAMERSLEY_RANGE,1457562077,KIND_NAMED_MOUNTAIN
NAMED_MOUNTAIN_HAMRIN_MOUNTAINS,-550309970,KIND_NAMED_MOUNTAIN
NAMED_MOUNTAIN_HARDANGERVIDDA,-711778850,KIND_NAMED_MOUNTAIN
NAMED_MOUNTAIN_HARZ,177657933,KIND_NAMED_MOUNTAIN
NAMED_MOUNTAIN_HENGDUAN,856073416,KIND_NAMED_MOUNTAIN
NAMED_MOUNTAIN_HIDA_MOUNTAINS,1675465718,KIND_NAMED_MOUNTAIN
NAMED_MOUNTAIN_HIJAZ_MOUNTAINS,-1648632325,KIND_NAMED_MOUNTAIN
NAMED_MOUNTAIN_HIMALAYAS,-1386822231,KIND_NAMED_MOUNTAIN
NAMED_MOUNTAIN_HINDU_KUSH,287392359,KIND_NAMED_MOUNTAIN
NAMED_MOUNTAIN_HOGGAR,1842415179,KIND_NAMED_MOUNTAIN
NAMED_MOUNTAIN_HOMBORI_MOUNTAINS,-628952996,KIND_NAMED_MOUNTAIN
NAMED_MOUNTAIN_HONDSRUG,1327863556,KIND_NAMED_MOUNTAIN
NAMED_MOUNTAIN_HUIARAU_RANGE,494321375,KIND_NAMED_MOUNTAIN
NAMED_MOUNTAIN_IYANG_ARGAPURA_MOUNTAINS,867038444,KIND_NAMED_MOUNTAIN
NAMED_MOUNTAIN_JABAL_HARAZ,126606189,KIND_NAMED_MOUNTAIN
NAMED_MOUNTAIN_JEBEL_ABYAD_PLATEAU,1045116978,KIND_NAMED_MOUNTAIN
NAMED_MOUNTAIN_JEBEL_NAGASHUSH,-2105317786,KIND_NAMED_MOUNTAIN
NAMED_MOUNTAIN_JOTUNHEIMEN,-473049708,KIND_NAMED_MOUNTAIN
NAMED_MOUNTAIN_JURA_MOUNTAINS,1328218214,KIND_NAMED_MOUNTAIN
NAMED_MOUNTAIN_KACKAR_MOUNTAINS,-1408007652,KIND_NAMED_MOUNTAIN
NAMED_MOUNTAIN_KAIKOURA_RANGE,448134543,KIND_NAMED_MOUNTAIN
NAMED_MOUNTAIN_KAIMAI_RANGE,-1597515863,KIND_NAMED_MOUNTAIN
NAMED_MOUNTAIN_KAMIKOCHI,-998002942,KIND_NAMED_MOUNTAIN
NAMED_MOUNTAIN_KANANASKIS_RANGE,-818139040,KIND_NAMED_MOUNTAIN
NAMED_MOUNTAIN_KARAKORAM,1913485151,KIND_NAMED_MOUNTAIN
NAMED_MOUNTAIN_KARKAS_MOUNTAINS,-1776254778,KIND_NAMED_MOUNTAIN
NAMED_MOUNTAIN_KARKONOSZE_MOUNTAINS,-1146378506,KIND_NAMED_MOUNTAIN
NAMED_MOUNTAIN_KEBNEKAISE_MASSIF,-1907320510,KIND_NAMED_MOUNTAIN
NAMED_MOUNTAIN_KHANGAI_MOUNTAINS,979666693,KIND_NAMED_MOUNTAIN
NAMED_MOUNTAIN_KHENTII_MOUNTAINS,-1076273524,KIND_NAMED_MOUNTAIN
NAMED_MOUNTAIN_KHINGAN,-72301721,KIND_NAMED_MOUNTAIN
NAMED_MOUNTAIN_KISO_MOUNTAINS,894081368,KIND_NAMED_MOUNTAIN
NAMED_MOUNTAIN_KOPET_DAG_RANGE,-2049492676,KIND_NAMED_MOUNTAIN
NAMED_MOUNTAIN_KOSZEG_MOUNTAINS,-1830516052,KIND_NAMED_MOUNTAIN
NAMED_MOUNTAIN_KOYTENDAG_RANGE,854287258,KIND_NAMED_MOUNTAIN
NAMED_MOUNTAIN_KRAVANH_MOUNTAINS,1860484737,KIND_NAMED_MOUNTAIN
NAMED_MOUNTAIN_KUNLUN,-1964519241,KIND_NAMED_MOUNTAIN
NAMED_MOUNTAIN_LEBANON,1013504369,KIND_NAMED_MOUNTAIN
NAMED_MOUNTAIN_LEBOMBO_MOUNTAINS,985287821,KIND_NAMED_MOUNTAIN
NAMED_MOUNTAIN_LEFKA_ORI,-923175615,KIND_NAMED_MOUNTAIN
NAMED_MOUNTAIN_LIKHI_RANGE,-117199799,KIND_NAMED_MOUNTAIN
NAMED_MOUNTAIN_LOWER_RHINE_HEIGHTS,-2022945354,KIND_NAMED_MOUNTAIN
NAMED_MOUNTAIN_MACDONNELL_RANGE,-37678612,KIND_NAMED_MOUNTAIN
NAMED_MOUNTAIN_MACKENZIE,-1363660721,KIND_NAMED_MOUNTAIN
NAMED_MOUNTAIN_MANDING_MOUNTAINS,479239954,KIND_NAMED_MOUNTAIN
NAMED_MOUNTAIN_MANTIQUEIRA,2013678825,KIND_NAMED_MOUNTAIN
NAMED_MOUNTAIN_MASSIF_CENTRAL,-561764924,KIND_NAMED_MOUNTAIN
NAMED_MOUNTAIN_MATRA_MOUNTAINS,634760111,KIND_NAMED_MOUNTAIN
NAMED_MOUNTAIN_MERATUS_MOUNTAINS,-585387188,KIND_NAMED_MOUNTAIN
NAMED_MOUNTAIN_MESKHETI_RANGE,2138949594,KIND_NAMED_MOUNTAIN
NAMED_MOUNTAIN_MONADH_LIATH,-107622420,KIND_NAMED_MOUNTAIN
NAMED_MOUNTAIN_MONT_BLANC_MASSIF,2096463946,KIND_NAMED_MOUNTAIN
NAMED_MOUNTAIN_MONTES_DE_TOLEDO,-855313591,KIND_NAMED_MOUNTAIN
NAMED_MOUNTAIN_NAHUELBUTA_RANGE,948853165,KIND_NAMED_MOUNTAIN
NAMED_MOUNTAIN_NEBLINA_MASSIF,1617078408,KIND_NAMED_MOUNTAIN
NAMED_MOUNTAIN_NIKANASSIN_RANGE,-279031045,KIND_NAMED_MOUNTAIN
NAMED_MOUNTAIN_NORRA_STORFJALLET,-20919399,KIND_NAMED_MOUNTAIN
NAMED_MOUNTAIN_NORTH_YORK_MOORS,1361475493,KIND_NAMED_MOUNTAIN
NAMED_MOUNTAIN_NUBA,-193636480,KIND_NAMED_MOUNTAIN
NAMED_MOUNTAIN_NUR_MOUNTAINS,138620999,KIND_NAMED_MOUNTAIN
NAMED_MOUNTAIN_OWEN_STANLEY,1559968232,KIND_NAMED_MOUNTAIN
NAMED_MOUNTAIN_ORE_MOUNTAINS,645976325,KIND_NAMED_MOUNTAIN
NAMED_MOUNTAIN_PACARAIMA_MOUNTAINS,1846577292,KIND_NAMED_MOUNTAIN
NAMED_MOUNTAIN_PAMIRS,1320125622,KIND_NAMED_MOUNTAIN
NAMED_MOUNTAIN_PATKAI,-55054299,KIND_NAMED_MOUNTAIN
NAMED_MOUNTAIN_PELION_RANGE,108813101,KIND_NAMED_MOUNTAIN
NAMED_MOUNTAIN_PENNINE_CHAIN,-1783334697,KIND_NAMED_MOUNTAIN
NAMED_MOUNTAIN_PINDUS,737371405,KIND_NAMED_MOUNTAIN
NAMED_MOUNTAIN_PIR_PANJAL_RANGE,-593610364,KIND_NAMED_MOUNTAIN
NAMED_MOUNTAIN_PONTIC_ALPS,1327827153,KIND_NAMED_MOUNTAIN
NAMED_MOUNTAIN_PURVANCHAL_RANGE,-2049838172,KIND_NAMED_MOUNTAIN
NAMED_MOUNTAIN_PUTORANA_PLATEAU,-1265609365,KIND_NAMED_MOUNTAIN
NAMED_MOUNTAIN_PYRENEES,1174602661,KIND_NAMED_MOUNTAIN
NAMED_MOUNTAIN_QANDIL_MOUNTAINS,-729728269,KIND_NAMED_MOUNTAIN
NAMED_MOUNTAIN_QINLING,531713720,KIND_NAMED_MOUNTAIN
NAMED_MOUNTAIN_RAUKUMARA_RANGE,-1310438343,KIND_NAMED_MOUNTAIN
NAMED_MOUNTAIN_RED_SEA_HILLS,-1775906081,KIND_NAMED_MOUNTAIN
NAMED_MOUNTAIN_RHODOPES,-436818519,KIND_NAMED_MOUNTAIN
NAMED_MOUNTAIN_RIMUTAKA_RANGE,977435166,KIND_NAMED_MOUNTAIN
NAMED_MOUNTAIN_ROCKIES,1684620934,KIND_NAMED_MOUNTAIN
NAMED_MOUNTAIN_RONDANE_MASSIF,1043235109,KIND_NAMED_MOUNTAIN
NAMED_MOUNTAIN_RWENZORIS,-188505579,KIND_NAMED_MOUNTAIN
NAMED_MOUNTAIN_SALLANDSE_HILL_RIDGE,-954053018,KIND_NAMED_MOUNTAIN
NAMED_MOUNTAIN_SARAWAT_MOUNTAINS,-995085842,KIND_NAMED_MOUNTAIN
NAMED_MOUNTAIN_SATPURA_RANGE,-378736157,KIND_NAMED_MOUNTAIN
NAMED_MOUNTAIN_SAYAN_MOUNTAINS,597067553,KIND_NAMED_MOUNTAIN
NAMED_MOUNTAIN_SCANDES,-266683064,KIND_NAMED_MOUNTAIN
NAMED_MOUNTAIN_SEMIENS,-1672333295,KIND_NAMED_MOUNTAIN
NAMED_MOUNTAIN_SERRA_DA_CHELA,-559839243,KIND_NAMED_MOUNTAIN
NAMED_MOUNTAIN_SERRA_DA_LEBA,2068994515,KIND_NAMED_MOUNTAIN
NAMED_MOUNTAIN_SERRA_DO_MAR,609975485,KIND_NAMED_MOUNTAIN
NAMED_MOUNTAIN_SERRA_DO_MOCO,181454422,KIND_NAMED_MOUNTAIN
NAMED_MOUNTAIN_SERRA_DOS_ORGAOS,-1203549678,KIND_NAMED_MOUNTAIN
NAMED_MOUNTAIN_SERRA_LONDANUIMA,-2090524483,KIND_NAMED_MOUNTAIN
NAMED_MOUNTAIN_SHROPSHIRE_HILLS,-1504727569,KIND_NAMED_MOUNTAIN
NAMED_MOUNTAIN_SIBILLINI_MOUNTAINS,-49008399,KIND_NAMED_MOUNTAIN
NAMED_MOUNTAIN_SIERRA_CHICHINAUTZIN,-1200523499,KIND_NAMED_MOUNTAIN
NAMED_MOUNTAIN_SIERRA_DE_LOS_TUXTLAS,931329770,KIND_NAMED_MOUNTAIN
NAMED_MOUNTAIN_SIERRA_DE_TAMAULIPAS,-139364919,KIND_NAMED_MOUNTAIN
NAMED_MOUNTAIN_SIERRA_MADRES,-1475886194,KIND_NAMED_MOUNTAIN
NAMED_MOUNTAIN_SIERRA_NEVADAS,1930024790,KIND_NAMED_MOUNTAIN
NAMED_MOUNTAIN_SINAI_HIGH_MOUNTAINS,-740304187,KIND_NAMED_MOUNTAIN
NAMED_MOUNTAIN_SINJAR_MOUNTAINS,-1664989548,KIND_NAMED_MOUNTAIN
NAMED_MOUNTAIN_SNOWY_MOUNTAINS,84464516,KIND_NAMED_MOUNTAIN
NAMED_MOUNTAIN_SOBAEK_MOUNTAINS,-1514570279,KIND_NAMED_MOUNTAIN
NAMED_MOUNTAIN_STANOVOY_MOUNTAINS,1962522004,KIND_NAMED_MOUNTAIN
NAMED_MOUNTAIN_SYLAN,-1542431903,KIND_NAMED_MOUNTAIN
NAMED_MOUNTAIN_TAEBAEK_MOUNTAINS,1841990238,KIND_NAMED_MOUNTAIN
NAMED_MOUNTAIN_TALYSH_MOUNTAINS,-362048525,KIND_NAMED_MOUNTAIN
NAMED_MOUNTAIN_TARARUA_RANGE,-631065602,KIND_NAMED_MOUNTAIN
NAMED_MOUNTAIN_TATRA_MOUNTAINS,398795663,KIND_NAMED_MOUNTAIN
NAMED_MOUNTAIN_TAURUS,530670470,KIND_NAMED_MOUNTAIN
NAMED_MOUNTAIN_TAYGETUS_MASSIF,-205624343,KIND_NAMED_MOUNTAIN
NAMED_MOUNTAIN_TENGGER_MASSIF,-1671160804,KIND_NAMED_MOUNTAIN
NAMED_MOUNTAIN_THURINGIAN_FOREST_MOUNTAINS,578431534,KIND_NAMED_MOUNTAIN
NAMED_MOUNTAIN_TIBESTI,-1286262034,KIND_NAMED_MOUNTAIN
NAMED_MOUNTAIN_TIEN_SHAN,-2035720282,KIND_NAMED_MOUNTAIN
NAMED_MOUNTAIN_TIRITIRI_O_TE_MOANA,-1782658882,KIND_NAMED_MOUNTAIN
NAMED_MOUNTAIN_TITIWANGSA,1671944258,KIND_NAMED_MOUNTAIN
NAMED_MOUNTAIN_TRIALETI_RANGE,1938184471,KIND_NAMED_MOUNTAIN
NAMED_MOUNTAIN_URALS,572631047,KIND_NAMED_MOUNTAIN
NAMED_MOUNTAIN_URUPAMPA_RANGE,1902144034,KIND_NAMED_MOUNTAIN
NAMED_MOUNTAIN_UTRECHT_HILL_RIDGE,-783148756,KIND_NAMED_MOUNTAIN
NAMED_MOUNTAIN_VELUWE,1230355726,KIND_NAMED_MOUNTAIN
NAMED_MOUNTAIN_VERKHOYANSK,988668205,KIND_NAMED_MOUNTAIN
NAMED_MOUNTAIN_VERMILION_RANGE,1367002816,KIND_NAMED_MOUNTAIN
NAMED_MOUNTAIN_VERMIO_MOUNTAINS,-248224179,KIND_NAMED_MOUNTAIN
NAMED_MOUNTAIN_VINDHAYA_RANGE,939813838,KIND_NAMED_MOUNTAIN
NAMED_MOUNTAIN_VORAS_MOUNTAIN_RANGE,-1285136982,KIND_NAMED_MOUNTAIN
NAMED_MOUNTAIN_VOSGES,-1742909190,KIND_NAMED_MOUNTAIN
NAMED_MOUNTAIN_WAYTAPALLANA_WALLA,1256287826,KIND_NAMED_MOUNTAIN
NAMED_MOUNTAIN_WAYWASH_WALLA,-2021728777,KIND_NAMED_MOUNTAIN
NAMED_MOUNTAIN_WILLKANUTA_RANGE,-553846572,KIND_NAMED_MOUNTAIN
NAMED_MOUNTAIN_WILLKAPAMPA_RANGE,752485550,KIND_NAMED_MOUNTAIN
NAMED_MOUNTAIN_YANA_WALLA,1770685192,KIND_NAMED_MOUNTAIN
NAMED_MOUNTAIN_YEONGNAM_ALPS,-1980067211,KIND_NAMED_MOUNTAIN
NAMED_MOUNTAIN_YURAQ_WALLA,2144394946,KIND_NAMED_MOUNTAIN
NAMED_MOUNTAIN_ZAGROS,1872127801,KIND_NAMED_MOUNTAIN
NAMED_MOUNTAIN_ZARAFSHAN_RANGE,1334152556,KIND_NAMED_MOUNTAIN
NAMED_MOUNTAIN_ZEMPOALTEPETL,1452095649,KIND_NAMED_MOUNTAIN
NAMED_DESERT_ACCONA_DESERT,-1935948756,KIND_NAMED_DESERT
NAMED_DESERT_AL_DAHNA_DESERT,-1399087963,KIND_NAMED_DESERT
NAMED_DESERT_AL_NAFUD,-1132604421,KIND_NAMED_DESERT
NAMED_DESERT_ARABIAN,2092767958,KIND_NAMED_DESERT
NAMED_DESERT_ATACAMA,541171083,KIND_NAMED_DESERT
NAMED_DESERT_BAYUDA_DESERT,881930637,KIND_NAMED_DESERT
NAMED_DESERT_BLEDOWSKA_DESERT,-699455396,KIND_NAMED_DESERT
NAMED_DESERT_CHIHUAHUAN,-2055650423,KIND_NAMED_DESERT
NAMED_DESERT_COLORADO_PLATEAU,1631225008,KIND_NAMED_DESERT
NAMED_DESERT_DANAKIL,510738993,KIND_NAMED_DESERT
NAMED_DESERT_DASHT_E_MARGO,-1524849948,KIND_NAMED_DESERT
NAMED_DESERT_EL_DJOUF,1146689538,KIND_NAMED_DESERT
NAMED_DESERT_GIBSON,1764292784,KIND_NAMED_DESERT
NAMED_DESERT_GOBI,2007816698,KIND_NAMED_DESERT
NAMED_DESERT_GREAT_BASIN,640218403,KIND_NAMED_DESERT
NAMED_DESERT_GREAT_SAND_SEA,-1690907767,KIND_NAMED_DESERT
NAMED_DESERT_GREAT_SANDY,1496023224,KIND_NAMED_DESERT
NAMED_DESERT_GREAT_VICTORIA,-1054245518,KIND_NAMED_DESERT
NAMED_DESERT_HAMAD,-1918623867,KIND_NAMED_DESERT
NAMED_DESERT_KALAHARI,47184482,KIND_NAMED_DESERT
NAMED_DESERT_KARAKUM,-598137456,KIND_NAMED_DESERT
NAMED_DESERT_KARAPINAR_DESERT,-567518593,KIND_NAMED_DESERT
NAMED_DESERT_KAVIR,-428206435,KIND_NAMED_DESERT
NAMED_DESERT_KYZYLKUM,423122257,KIND_NAMED_DESERT
NAMED_DESERT_LEMNOS_DESERT,-1327799393,KIND_NAMED_DESERT
NAMED_DESERT_LIBYAN,-1862557653,KIND_NAMED_DESERT
NAMED_DESERT_LUT,-481965021,KIND_NAMED_DESERT
NAMED_DESERT_MANIOTOTO,1937661635,KIND_NAMED_DESERT
NAMED_DESERT_MOJAVE,-1858666217,KIND_NAMED_DESERT
NAMED_DESERT_NAMIB,593413400,KIND_NAMED_DESERT
NAMED_DESERT_NUBIAN,1678104787,KIND_NAMED_DESERT
NAMED_DESERT_OGADEN,-881314259,KIND_NAMED_DESERT
NAMED_DESERT_PATAGONIAN,1444722217,KIND_NAMED_DESERT
NAMED_DESERT_QATTARA_DEPRESSION,605170169,KIND_NAMED_DESERT
NAMED_DESERT_QOZ_ABU_DULU,-1808404325,KIND_NAMED_DESERT
NAMED_DESERT_RANGIPO,1050253525,KIND_NAMED_DESERT
NAMED_DESERT_REGISTAN,-1380111801,KIND_NAMED_DESERT
NAMED_DESERT_RUB_AL_KHALI,-1162346982,KIND_NAMED_DESERT
NAMED_DESERT_SAHARA,-556591861,KIND_NAMED_DESERT
NAMED_DESERT_SECHURA,1665011713,KIND_NAMED_DESERT
NAMED_DESERT_SIMPSON,1430199380,KIND_NAMED_DESERT
NAMED_DESERT_SINAI,601314077,KIND_NAMED_DESERT
NAMED_DESERT_SONORAN,1409123817,KIND_NAMED_DESERT
NAMED_DESERT_TABERNAS,-1062513029,KIND_NAMED_DESERT
NAMED_DESERT_TAKLAMAKAN,1824858193,KIND_NAMED_DESERT
NAMED_DESERT_TANAMI,624753859,KIND_NAMED_DESERT
NAMED_DESERT_TANEZROUFT_BASIN,-734453516,KIND_NAMED_DESERT
NAMED_DESERT_TENGGER_SAND_SEA,-1499031607,KIND_NAMED_DESERT
NAMED_DESERT_THAL,1795723330,KIND_NAMED_DESERT
NAMED_DESERT_THAR,-1861767903,KIND_NAMED_DESERT
NAMED_LAKE_AGUA_VERMELHA,1489754146,KIND_NAMED_LAKE
NAMED_LAKE_ALTYEVATNET,1788465555,KIND_NAMED_LAKE
NAMED_LAKE_AMANZAMNYAMA,-1415040896,KIND_NAMED_LAKE
NAMED_LAKE_ARAL_SEA,1447140032,KIND_NAMED_LAKE
NAMED_LAKE_BAENGNOKDAM,159437383,KIND_NAMED_LAKE
NAMED_LAKE_BAKHTEGAN_LAKE,-1322586201,KIND_NAMED_LAKE
NAMED_LAKE_BASSENTHWAITE_LAKE,-715767425,KIND_NAMED_LAKE
NAMED_LAKE_BLASJO,1365851981,KIND_NAMED_LAKE
NAMED_LAKE_BOEUNG_KAK,2082539162,KIND_NAMED_LAKE
NAMED_LAKE_BOURGET_LAKE,-1129061636,KIND_NAMED_LAKE
NAMED_LAKE_BUDI_LAKE,1504033378,KIND_NAMED_LAKE
NAMED_LAKE_BUWELNO_LAKE,180501442,KIND_NAMED_LAKE
NAMED_LAKE_CABURGUA_LAKE,-1638888021,KIND_NAMED_LAKE
NAMED_LAKE_CHAO_LAKE,755058273,KIND_NAMED_LAKE
NAMED_LAKE_CHINCHAYQUCHA,1560072980,KIND_NAMED_LAKE
NAMED_LAKE_CONISON_LAKE,671172930,KIND_NAMED_LAKE
NAMED_LAKE_DABIE_LAKE,2071840326,KIND_NAMED_LAKE
NAMED_LAKE_DAL_LAKE,396987011,KIND_NAMED_LAKE
NAMED_LAKE_DERWENTWATER_LAKE,-1258536401,KIND_NAMED_LAKE
NAMED_LAKE_DIPOR_BIL,-1208752909,KIND_NAMED_LAKE
NAMED_LAKE_DOBSKIE_LAKE,-654153781,KIND_NAMED_LAKE
NAMED_LAKE_DOIRAN_LAKE,1589954453,KIND_NAMED_LAKE
NAMED_LAKE_DONGTING_LAKE,-163325074,KIND_NAMED_LAKE
NAMED_LAKE_EL_BRICIAL,-1535542290,KIND_NAMED_LAKE
NAMED_LAKE_FELDGES_LAKE,1149116518,KIND_NAMED_LAKE
NAMED_LAKE_FEMUNDEN,-2051236721,KIND_NAMED_LAKE
NAMED_LAKE_FUCINE_LAKE,508840124,KIND_NAMED_LAKE
NAMED_LAKE_GALLETU_LAKE,-2129670519,KIND_NAMED_LAKE
NAMED_LAKE_GREAT_BEAR_LAKE,-233333550,KIND_NAMED_LAKE
NAMED_LAKE_GREAT_BITTER_LAKE,-621519122,KIND_NAMED_LAKE
NAMED_LAKE_GREAT_SALT_LAKE,2053654215,KIND_NAMED_LAKE
NAMED_LAKE_GREAT_SLAVE_LAKE,443209167,KIND_NAMED_LAKE
NAMED_LAKE_GREENLEE_LOUGH,15792716,KIND_NAMED_LAKE
NAMED_LAKE_GUARAPIRANGA,-1598860322,KIND_NAMED_LAKE
NAMED_LAKE_HAMUN_LAKE,1926771229,KIND_NAMED_LAKE
NAMED_LAKE_HAWR_AS_SADIYAH,-1668158937,KIND_NAMED_LAKE
NAMED_LAKE_HEAVEN_LAKE,-2011083414,KIND_NAMED_LAKE
NAMED_LAKE_HJALMAREN,-1801561985,KIND_NAMED_LAKE
NAMED_LAKE_HONGZE_LAKE,200949539,KIND_NAMED_LAKE
NAMED_LAKE_HORNINDALSVATNET,947699809,KIND_NAMED_LAKE
NAMED_LAKE_HULUN_LAKE,1331569150,KIND_NAMED_LAKE
NAMED_LAKE_ICHKEUL_LAKE,-545902334,KIND_NAMED_LAKE
NAMED_LAKE_ILIAMNA_LAKE,1019274299,KIND_NAMED_LAKE
NAMED_LAKE_ISSYK_KUL_LAKE,697850305,KIND_NAMED_LAKE
NAMED_LAKE_KARTSAKHI_LAKE,1243855831,KIND_NAMED_LAKE
NAMED_LAKE_KHAR_US_LAKE,-203330924,KIND_NAMED_LAKE
NAMED_LAKE_KHOVSGOL_LAKE,286414414,KIND_NAMED_LAKE
NAMED_LAKE_KHYARGAS_LAKE,669457671,KIND_NAMED_LAKE
NAMED_LAKE_KILUNDA_LAKE,-1672063374,KIND_NAMED_LAKE
NAMED_LAKE_KOLLERU_LAKE,-1247568588,KIND_NAMED_LAKE
NAMED_LAKE_KONIGSSEE,1707523982,KIND_NAMED_LAKE
NAMED_LAKE_KOSI_LAKE,-1174109286,KIND_NAMED_LAKE
NAMED_LAKE_LAC_DE_GRAND_LIEU,456128597,KIND_NAMED_LAKE
NAMED_LAKE_LAGOA_DOS_PATOS,882280702,KIND_NAMED_LAKE
NAMED_LAKE_LAGUNA_DE_BAY,872808205,KIND_NAMED_LAKE
NAMED_LAKE_LAKE_ADAPASKAW,1880181741,KIND_NAMED_LAKE
NAMED_LAKE_LAKE_AIGUEBELETTE,-1700297274,KIND_NAMED_LAKE
NAMED_LAKE_LAKE_ALAKOL,-1577279896,KIND_NAMED_LAKE
NAMED_LAKE_LAKE_ALBERT,1440213190,KIND_NAMED_LAKE
NAMED_LAKE_LAKE_AMADEUS,-1274873209,KIND_NAMED_LAKE
NAMED_LAKE_LAKE_AMMER,1630456251,KIND_NAMED_LAKE
NAMED_LAKE_LAKE_ANNECY,1219058611,KIND_NAMED_LAKE
NAMED_LAKE_LAKE_ANTOGO,-366863925,KIND_NAMED_LAKE
NAMED_LAKE_LAKE_AOUGOUNDOU,458430441,KIND_NAMED_LAKE
NAMED_LAKE_LAKE_ATITLAN,-1295305335,KIND_NAMED_LAKE
NAMED_LAKE_LAKE_BAIKAL,-2066797290,KIND_NAMED_LAKE
NAMED_LAKE_LAKE_BALATON,-207008857,KIND_NAMED_LAKE
NAMED_LAKE_LAKE_BALKHASH,-1781799118,KIND_NAMED_LAKE
NAMED_LAKE_LAKE_BANGWEULU,1043185916,KIND_NAMED_LAKE
NAMED_LAKE_LAKE_BARDAWIL,-56312446,KIND_NAMED_LAKE
NAMED_LAKE_LAKE_BENACUS,-658867930,KIND_NAMED_LAKE
NAMED_LAKE_LAKE_BEYSEHIR,-755274567,KIND_NAMED_LAKE
NAMED_LAKE_LAKE_BIWA,-406171268,KIND_NAMED_LAKE
NAMED_LAKE_LAKE_BOLSENA,-1477226412,KIND_NAMED_LAKE
NAMED_LAKE_LAKE_BRACCIANO,-1441932699,KIND_NAMED_LAKE
NAMED_LAKE_LAKE_BUJO,-366851469,KIND_NAMED_LAKE
NAMED_LAKE_LAKE_BURDUR,1229611457,KIND_NAMED_LAKE
NAMED_LAKE_LAKE_CARNEGIE,-1876547266,KIND_NAMED_LAKE
NAMED_LAKE_LAKE_CHALCO,692556176,KIND_NAMED_LAKE
NAMED_LAKE_LAKE_CHAMPLAIN,1121925508,KIND_NAMED_LAKE
NAMED_LAKE_LAKE_CHIEMSEE,1766966251,KIND_NAMED_LAKE
NAMED_LAKE_LAKE_CHON,1276172774,KIND_NAMED_LAKE
NAMED_LAKE_LAKE_CONSTANCE,-435868739,KIND_NAMED_LAKE
NAMED_LAKE_LAKE_COPAIS,-1779148052,KIND_NAMED_LAKE
NAMED_LAKE_LAKE_DEBO,464927959,KIND_NAMED_LAKE
NAMED_LAKE_LAKE_DISAPPOINTMENT,1350803171,KIND_NAMED_LAKE
NAMED_LAKE_LAKE_EGIRDIR,879147404,KIND_NAMED_LAKE
NAMED_LAKE_LAKE_ENOL,-2080859228,KIND_NAMED_LAKE
NAMED_LAKE_LAKE_ERCINA,731554948,KIND_NAMED_LAKE
NAMED_LAKE_LAKE_ERIE,-1186799982,KIND_NAMED_LAKE
NAMED_LAKE_LAKE_EYRE,471988969,KIND_NAMED_LAKE
NAMED_LAKE_LAKE_FAGUIBINE,-1057141221,KIND_NAMED_LAKE
NAMED_LAKE_LAKE_FERTO,824153792,KIND_NAMED_LAKE
NAMED_LAKE_LAKE_FROME,-1812297277,KIND_NAMED_LAKE
NAMED_LAKE_LAKE_GENEVA,-839256067,KIND_NAMED_LAKE
NAMED_LAKE_LAKE_GOPLO,-497216733,KIND_NAMED_LAKE
NAMED_LAKE_LAKE_GREVELINGEN,2004395267,KIND_NAMED_LAKE
NAMED_LAKE_LAKE_HABBANIYAH,1381269002,KIND_NAMED_LAKE
NAMED_LAKE_LAKE_HAMMAR,1421138166,KIND_NAMED_LAKE
NAMED_LAKE_LAKE_HAUROKO,2073927784,KIND_NAMED_LAKE
NAMED_LAKE_LAKE_HEVIZ,462882954,KIND_NAMED_LAKE
NAMED_LAKE_LAKE_HURON,492594,KIND_NAMED_LAKE
NAMED_LAKE_LAKE_IDKU,-994128882,KIND_NAMED_LAKE
NAMED_LAKE_LAKE_INAWASHIRO,438775160,KIND_NAMED_LAKE
NAMED_LAKE_LAKE_ISEO,-1103713009,KIND_NAMED_LAKE
NAMED_LAKE_LAKE_IZNIK,1443411145,KIND_NAMED_LAKE
NAMED_LAKE_LAKE_KARLA,592343160,KIND_NAMED_LAKE
NAMED_LAKE_LAKE_KASUMIGAURA,-297685299,KIND_NAMED_LAKE
NAMED_LAKE_LAKE_KAWAGUCHI,-290534861,KIND_NAMED_LAKE
NAMED_LAKE_LAKE_KHANKA,-370057060,KIND_NAMED_LAKE
NAMED_LAKE_LAKE_KHASAN,-1755339356,KIND_NAMED_LAKE
NAMED_LAKE_LAKE_KIVU,-1727792182,KIND_NAMED_LAKE
NAMED_LAKE_LAKE_KORONEIA,-42666224,KIND_NAMED_LAKE
NAMED_LAKE_LAKE_KUMMEROW,-629344355,KIND_NAMED_LAKE
NAMED_LAKE_LAKE_LADOGA,1666049884,KIND_NAMED_LAKE
NAMED_LAKE_LAKE_LARIUS,-1711304138,KIND_NAMED_LAKE
NAMED_LAKE_LAKE_LOUISE,429262393,KIND_NAMED_LAKE
NAMED_LAKE_LAKE_MACKAY,2012846924,KIND_NAMED_LAKE
NAMED_LAKE_LAKE_MAI_NDOMBE,1059095916,KIND_NAMED_LAKE
NAMED_LAKE_LAKE_MAMRY,2086258204,KIND_NAMED_LAKE
NAMED_LAKE_LAKE_MANAPOURI,705737684,KIND_NAMED_LAKE
NAMED_LAKE_LAKE_MANZALA,1497798521,KIND_NAMED_LAKE
NAMED_LAKE_LAKE_MARIOUT,1119450482,KIND_NAMED_LAKE
NAMED_LAKE_LAKE_MARKEN,2028202869,KIND_NAMED_LAKE
NAMED_LAKE_LAKE_MATANO,-991111134,KIND_NAMED_LAKE
NAMED_LAKE_LAKE_MER_WER,500071051,KIND_NAMED_LAKE
NAMED_LAKE_LAKE_MICHIGAN,-464208435,KIND_NAMED_LAKE
NAMED_LAKE_LAKE_MISTASSINI,-254286602,KIND_NAMED_LAKE
NAMED_LAKE_LAKE_MURITZ,-1492846284,KIND_NAMED_LAKE
NAMED_LAKE_LAKE_MWERU,244241356,KIND_NAMED_LAKE
NAMED_LAKE_LAKE_NAKAUMI,733569237,KIND_NAMED_LAKE
NAMED_LAKE_LAKE_NHLABANE,-215195702,KIND_NAMED_LAKE
NAMED_LAKE_LAKE_NIANGAY,2073674297,KIND_NAMED_LAKE
NAMED_LAKE_LAKE_NICARAGUA,1703459036,KIND_NAMED_LAKE
NAMED_LAKE_LAKE_NIEGOCIN,-731270166,KIND_NAMED_LAKE
NAMED_LAKE_LAKE_NIPIGON,-1499534085,KIND_NAMED_LAKE
NAMED_LAKE_LAKE_NYASA,-1388735537,KIND_NAMED_LAKE
NAMED_LAKE_LAKE_OF_BANYOLES,745104429,KIND_NAMED_LAKE
NAMED_LAKE_LAKE_OF_NAARDEN,1749963113,KIND_NAMED_LAKE
NAMED_LAKE_LAKE_OF_THE_WOODS,-378810235,KIND_NAMED_LAKE
NAMED_LAKE_LAKE_OKEECHOBEE,126428709,KIND_NAMED_LAKE
NAMED_LAKE_LAKE_ONEGA,1949346512,KIND_NAMED_LAKE
NAMED_LAKE_LAKE_ONTARIO,375959379,KIND_NAMED_LAKE
NAMED_LAKE_LAKE_PALIASTOMI,-2001041929,KIND_NAMED_LAKE
NAMED_LAKE_LAKE_PEIPUS,-1937457545,KIND_NAMED_LAKE
NAMED_LAKE_LAKE_POSO,-1702667559,KIND_NAMED_LAKE
NAMED_LAKE_LAKE_PRESPA,-1743097591,KIND_NAMED_LAKE
NAMED_LAKE_LAKE_PUKAKI,1923804828,KIND_NAMED_LAKE
NAMED_LAKE_LAKE_PUWPU,291724776,KIND_NAMED_LAKE
NAMED_LAKE_LAKE_ROTOITI,1033794419,KIND_NAMED_LAKE
NAMED_LAKE_LAKE_ROTOMAHANA,-800683079,KIND_NAMED_LAKE
NAMED_LAKE_LAKE_ROTORUA,976062097,KIND_NAMED_LAKE
NAMED_LAKE_LAKE_SAIMAA,913964071,KIND_NAMED_LAKE
NAMED_LAKE_LAKE_SAINT_LUCIA,-592137269,KIND_NAMED_LAKE
NAMED_LAKE_LAKE_SCHWERIN,964715809,KIND_NAMED_LAKE
NAMED_LAKE_LAKE_SENTARUM,1001738854,KIND_NAMED_LAKE
NAMED_LAKE_LAKE_SEVAN,-559615892,KIND_NAMED_LAKE
NAMED_LAKE_LAKE_SHINJI,-738168330,KIND_NAMED_LAKE
NAMED_LAKE_LAKE_SIBHAYI,-2072318284,KIND_NAMED_LAKE
NAMED_LAKE_LAKE_STARNBERG,-546870547,KIND_NAMED_LAKE
NAMED_LAKE_LAKE_SUPERIOR,1473073343,KIND_NAMED_LAKE
NAMED_LAKE_LAKE_SZELID,-756092484,KIND_NAMED_LAKE
NAMED_LAKE_LAKE_TAHOE,-66076329,KIND_NAMED_LAKE
NAMED_LAKE_LAKE_TAI,1476465638,KIND_NAMED_LAKE
NAMED_LAKE_LAKE_TANA,128688543,KIND_NAMED_LAKE
NAMED_LAKE_LAKE_TANGANYIKA,-1520598715,KIND_NAMED_LAKE
NAMED_LAKE_LAKE_TAUPO,-981592332,KIND_NAMED_LAKE
NAMED_LAKE_LAKE_TAYMYR,2109751943,KIND_NAMED_LAKE
NAMED_LAKE_LAKE_TE_ANAU,1310822355,KIND_NAMED_LAKE
NAMED_LAKE_LAKE_TEXCOCO,-1734448505,KIND_NAMED_LAKE
NAMED_LAKE_LAKE_TITIQAQA,-280068004,KIND_NAMED_LAKE
NAMED_LAKE_LAKE_TOBA,-1585396839,KIND_NAMED_LAKE
NAMED_LAKE_LAKE_TORRENS,925419118,KIND_NAMED_LAKE
NAMED_LAKE_LAKE_TOWUTI,265408188,KIND_NAMED_LAKE
NAMED_LAKE_LAKE_TRASIMENE,1410280753,KIND_NAMED_LAKE
NAMED_LAKE_LAKE_TRICHONIDA,-1633429142,KIND_NAMED_LAKE
NAMED_LAKE_LAKE_TUMBA,-1753450208,KIND_NAMED_LAKE
NAMED_LAKE_LAKE_TURKANA,1287923218,KIND_NAMED_LAKE
NAMED_LAKE_LAKE_TUZ,-233732755,KIND_NAMED_LAKE
NAMED_LAKE_LAKE_URMIA,-734023198,KIND_NAMED_LAKE
NAMED_LAKE_LAKE_VAN,-975089109,KIND_NAMED_LAKE
NAMED_LAKE_LAKE_VEGORITIDA,-1837875953,KIND_NAMED_LAKE
NAMED_LAKE_LAKE_VELENCE,1578997273,KIND_NAMED_LAKE
NAMED_LAKE_LAKE_VERBANUS,131242935,KIND_NAMED_LAKE
NAMED_LAKE_LAKE_VICTORIA,125125613,KIND_NAMED_LAKE
NAMED_LAKE_LAKE_VISTONIDA,-553575892,KIND_NAMED_LAKE
NAMED_LAKE_LAKE_VOLVI,-206591765,KIND_NAMED_LAKE
NAMED_LAKE_LAKE_WAIKAREMOANA,-1519484554,KIND_NAMED_LAKE
NAMED_LAKE_LAKE_WAKATIPU,-1429047583,KIND_NAMED_LAKE
NAMED_LAKE_LAKE_WALCHEN,-2087353637,KIND_NAMED_LAKE
NAMED_LAKE_LAKE_WANAKA,-1010133146,KIND_NAMED_LAKE
NAMED_LAKE_LAKE_WIGRY,-1641356282,KIND_NAMED_LAKE
NAMED_LAKE_LAKE_WINDERMERE,-1328025861,KIND_NAMED_LAKE
NAMED_LAKE_LAKE_WINNEBAGO,-1361159431,KIND_NAMED_LAKE
NAMED_LAKE_LAKE_WINNIPEG,1042857477,KIND_NAMED_LAKE
NAMED_LAKE_LAKE_WINNIPEGOSIS,443989161,KIND_NAMED_LAKE
NAMED_LAKE_LAKE_XALTOCAN,-1782254669,KIND_NAMED_LAKE
NAMED_LAKE_LAKE_XOCHIMILCO,-928115289,KIND_NAMED_LAKE
NAMED_LAKE_LAKE_YEAK_LAOM,2070832714,KIND_NAMED_LAKE
NAMED_LAKE_LAKE_ZUMPANGO,-1275704826,KIND_NAMED_LAKE
NAMED_LAKE_LAKE_IJSSEL,-802853645,KIND_NAMED_LAKE
NAMED_LAKE_LAUWERS_LAKE,-1338324434,KIND_NAMED_LAKE
NAMED_LAKE_LIMINGEN,1955213033,KIND_NAMED_LAKE
NAMED_LAKE_LOCH_AWE,322876928,KIND_NAMED_LAKE
NAMED_LAKE_LOCH_CORUISK,1567808796,KIND_NAMED_LAKE
NAMED_LAKE_LOCH_FINLAGGAN,-2007160871,KIND_NAMED_LAKE
NAMED_LAKE_LOCH_LOMOND,1053416971,KIND_NAMED_LAKE
NAMED_LAKE_LOCH_MAREE,5331823,KIND_NAMED_LAKE
NAMED_LAKE_LOCH_MORAR,120679583,KIND_NAMED_LAKE
NAMED_LAKE_LOCH_NESS,-1456935833,KIND_NAMED_LAKE
NAMED_LAKE_LOCH_TAY,21642755,KIND_NAMED_LAKE
NAMED_LAKE_LOKTAK_LAKE,1548981858,KIND_NAMED_LAKE
NAMED_LAKE_LUKNAJNO_LAKE,1134954662,KIND_NAMED_LAKE
NAMED_LAKE_MAHARLOO_LAKE,210912939,KIND_NAMED_LAKE
NAMED_LAKE_MALAREN,970201685,KIND_NAMED_LAKE
NAMED_LAKE_MALLALAFQUEN,-17219795,KIND_NAMED_LAKE
NAMED_LAKE_MJOSA,-1924641807,KIND_NAMED_LAKE
NAMED_LAKE_MOSVATNET ,-538025067,KIND_NAMED_LAKE
NAMED_LAKE_MUNDAU_LAGOON,-351095649,KIND_NAMED_LAKE
NAMED_LAKE_NAMAK_LAKE,-1130730700,KIND_NAMED_LAKE
NAMED_LAKE_NISSER,-255484092,KIND_NAMED_LAKE
NAMED_LAKE_NORSJO,598179223,KIND_NAMED_LAKE
NAMED_LAKE_ORETI_LAKE,1843296105,KIND_NAMED_LAKE
NAMED_LAKE_OROS_LAKE,40182059,KIND_NAMED_LAKE
NAMED_LAKE_OYEREN,1003021656,KIND_NAMED_LAKE
NAMED_LAKE_PALLQAQUCHA,1458171362,KIND_NAMED_LAKE
NAMED_LAKE_PANGONG_TSO,876109146,KIND_NAMED_LAKE
NAMED_LAKE_PARAVANI_LAKE,86487092,KIND_NAMED_LAKE
NAMED_LAKE_PARIWANAQUCHA,1346208558,KIND_NAMED_LAKE
NAMED_LAKE_PLAUER_SEE,-1315203190,KIND_NAMED_LAKE
NAMED_LAKE_POYANG_LAKE,-816306876,KIND_NAMED_LAKE
NAMED_LAKE_QINGHAI_LAKE,-2067903128,KIND_NAMED_LAKE
NAMED_LAKE_REINDEER_LAKE,2009851053,KIND_NAMED_LAKE
NAMED_LAKE_REPRESA_DE_ENG_SOUZA_DIAS,-1070187514,KIND_NAMED_LAKE
NAMED_LAKE_RINIHUE_LAKE,-542032724,KIND_NAMED_LAKE
NAMED_LAKE_ROSSVATNET,-622824791,KIND_NAMED_LAKE
NAMED_LAKE_SAALER_BODDEN,484332485,KIND_NAMED_LAKE
NAMED_LAKE_SAMJI_LAKE,554013853,KIND_NAMED_LAKE
NAMED_LAKE_SANABRIA_LAKE,921506720,KIND_NAMED_LAKE
NAMED_LAKE_SARYGAMYSH_LAKE,1298665719,KIND_NAMED_LAKE
NAMED_LAKE_SCHAALSEE,768102294,KIND_NAMED_LAKE
NAMED_LAKE_SEA_OF_GALILEE,-1173739244,KIND_NAMED_LAKE
NAMED_LAKE_SELBUSJOEN,351019609,KIND_NAMED_LAKE
NAMED_LAKE_SHUSWAP_LAKE,103486849,KIND_NAMED_LAKE
NAMED_LAKE_SNASAVATNET,456016705,KIND_NAMED_LAKE
NAMED_LAKE_SNIARDWY,1559861597,KIND_NAMED_LAKE
NAMED_LAKE_STEINHUDER_MEER,424489389,KIND_NAMED_LAKE
NAMED_LAKE_STORSJON,-576453789,KIND_NAMED_LAKE
NAMED_LAKE_TABATSKURI_LAKE,900425214,KIND_NAMED_LAKE
NAMED_LAKE_TE_WAIHORA,-1128258909,KIND_NAMED_LAKE
NAMED_LAKE_TINNSJOEN,-146103846,KIND_NAMED_LAKE
NAMED_LAKE_TONLE_BATI_LAKE,-1193029794,KIND_NAMED_LAKE
NAMED_LAKE_TONLE_SAP,2144693930,KIND_NAMED_LAKE
NAMED_LAKE_TYRIFJORDEN,1414332027,KIND_NAMED_LAKE
NAMED_LAKE_ULLSWATER_LAKE,-930969279,KIND_NAMED_LAKE
NAMED_LAKE_UTIKUMA_LAKE,713022293,KIND_NAMED_LAKE
NAMED_LAKE_UVS_LAKE,-146691784,KIND_NAMED_LAKE
NAMED_LAKE_VANERN,-2073371606,KIND_NAMED_LAKE
NAMED_LAKE_VATTERN,2008062188,KIND_NAMED_LAKE
NAMED_LAKE_VEMBANAD_LAKE,732594619,KIND_NAMED_LAKE
NAMED_LAKE_WABAMUN_LAKE,2115114696,KIND_NAMED_LAKE
NAMED_LAKE_WAKAW_LAKE,-715519375,KIND_NAMED_LAKE
NAMED_LAKE_WASKESIU_LAKE,-1265086999,KIND_NAMED_LAKE
NAMED_LAKE_WEST_LAKE,-562544782,KIND_NAMED_LAKE
NAMED_LAKE_WEST_NUBIAN_LAKE,-736410383,KIND_NAMED_LAKE
NAMED_LAKE_WOJNOWO_LAKE,-18057446,KIND_NAMED_LAKE
NAMED_LAKE_WOLLASTON_LAKE,-775284775,KIND_NAMED_LAKE
NAMED_LAKE_YANAQUCHA,2047304188,KIND_NAMED_LAKE
NAMED_SEA_ABU_QIR_BAY,1008794295,KIND_NAMED_SEA
NAMED_SEA_ADRIATIC_SEA,1816427757,KIND_NAMED_SEA
NAMED_SEA_AEGEAN_SEA,-1081567337,KIND_NAMED_SEA
NAMED_SEA_AGO_BAY,-2024308282,KIND_NAMED_SEA
NAMED_SEA_ALAUQUEN,783146808,KIND_NAMED_SEA
NAMED_SEA_ALBORAN_SEA,-2068012303,KIND_NAMED_SEA
NAMED_SEA_ALL_SAINTS_BAY,1126262443,KIND_NAMED_SEA
NAMED_SEA_ANDAMAN_SEA,2001728851,KIND_NAMED_SEA
NAMED_SEA_ARABIAN_SEA,2055926410,KIND_NAMED_SEA
NAMED_SEA_ARAFURA_SEA,1504505134,KIND_NAMED_SEA
NAMED_SEA_BAFFIN_BAY,1923510755,KIND_NAMED_SEA
NAMED_SEA_BAIA_DE_SAO_JOSE,450134517,KIND_NAMED_SEA
NAMED_SEA_BAIA_DE_SAO_MARCOS,1760786960,KIND_NAMED_SEA
NAMED_SEA_BAIE_DE_LA_SEINE,441591686,KIND_NAMED_SEA
NAMED_SEA_BAIE_DE_SOMME,-1132999497,KIND_NAMED_SEA
NAMED_SEA_BALTIC_SEA,-2125221784,KIND_NAMED_SEA
NAMED_SEA_BANDA_SEA,1103076715,KIND_NAMED_SEA
NAMED_SEA_BAY_OF_ARAUCO,-2025417503,KIND_NAMED_SEA
NAMED_SEA_BAY_OF_ARGUIN,801444641,KIND_NAMED_SEA
NAMED_SEA_BAY_OF_BEIRUT,-2062225524,KIND_NAMED_SEA
NAMED_SEA_BAY_OF_BENGAL,1072495021,KIND_NAMED_SEA
NAMED_SEA_BAY_OF_BISCAY,851171289,KIND_NAMED_SEA
NAMED_SEA_BAY_OF_CAMPECHE,156305977,KIND_NAMED_SEA
NAMED_SEA_BAY_OF_CONCEPCION,-504063043,KIND_NAMED_SEA
NAMED_SEA_BAY_OF_FUNDY,-1004058080,KIND_NAMED_SEA
NAMED_SEA_BAY_OF_GIBRALTAR,861100807,KIND_NAMED_SEA
NAMED_SEA_BAY_OF_KOMPONG_SOM,-580971332,KIND_NAMED_SEA
NAMED_SEA_BAY_OF_MECKLENBURG,614680068,KIND_NAMED_SEA
NAMED_SEA_BAY_OF_POMERANIA,1576724237,KIND_NAMED_SEA
NAMED_SEA_BAY_OF_SANTANDER,-769624999,KIND_NAMED_SEA
NAMED_SEA_BEAUFORT_SEA,-1997241676,KIND_NAMED_SEA
NAMED_SEA_BERING_SEA,1526901003,KIND_NAMED_SEA
NAMED_SEA_BISMARCK_SEA,-1873050443,KIND_NAMED_SEA
NAMED_SEA_BLACK_SEA,2068303946,KIND_NAMED_SEA
NAMED_SEA_BO_HAI,-2059398084,KIND_NAMED_SEA
NAMED_SEA_BOTANY_BAY,-1902585469,KIND_NAMED_SEA
NAMED_SEA_BRACKLESHAM_BAY,-1749733222,KIND_NAMED_SEA
NAMED_SEA_BRIDGWATER_BAY,1894508375,KIND_NAMED_SEA
NAMED_SEA_BRISTOL_CHANNEL,-462608813,KIND_NAMED_SEA
NAMED_SEA_BUSAN_BAY,121556419,KIND_NAMED_SEA
NAMED_SEA_CARIBBEAN_SEA,1163115966,KIND_NAMED_SEA
NAMED_SEA_CASPIAN_SEA,1389833473,KIND_NAMED_SEA
NAMED_SEA_CAULIN_BAY,-887065765,KIND_NAMED_SEA
NAMED_SEA_CELEBES_SEA,502823499,KIND_NAMED_SEA
NAMED_SEA_CELTIC_SEA,863865434,KIND_NAMED_SEA
NAMED_SEA_CERAM_SEA,-405991974,KIND_NAMED_SEA
NAMED_SEA_CHESAPEAKE_BAY,-782053141,KIND_NAMED_SEA
NAMED_SEA_CHUKCHI_SEA,-849968982,KIND_NAMED_SEA
NAMED_SEA_CORAL_SEA,1265449122,KIND_NAMED_SEA
NAMED_SEA_DOLLART,556281307,KIND_NAMED_SEA
NAMED_SEA_EAST_CHINA_SEA,-1354564843,KIND_NAMED_SEA
NAMED_SEA_EAST_SIBERIAN_SEA,1598642518,KIND_NAMED_SEA
NAMED_SEA_EDSVIKEN,329496559,KIND_NAMED_SEA
NAMED_SEA_ENGLISH_CHANNEL,-1302510701,KIND_NAMED_SEA
NAMED_SEA_FIRTH_OF_CLYDE,-2104944279,KIND_NAMED_SEA
NAMED_SEA_FIRTH_OF_FORTH,1627044090,KIND_NAMED_SEA
NAMED_SEA_FLENSBURG_FIRTH,141905785,KIND_NAMED_SEA
NAMED_SEA_FLORES_SEA,-2088070555,KIND_NAMED_SEA
NAMED_SEA_FOUL_BAY,-29426745,KIND_NAMED_SEA
NAMED_SEA_FROBISHER_BAY,-1181867598,KIND_NAMED_SEA
NAMED_SEA_GDANSK_BAY,-1918953957,KIND_NAMED_SEA
NAMED_SEA_GENKAI_SEA,1338399670,KIND_NAMED_SEA
NAMED_SEA_GEORGIAN_BAY,7599737,KIND_NAMED_SEA
NAMED_SEA_GERMAN_BIGHT,-2106276546,KIND_NAMED_SEA
NAMED_SEA_GREAT_AUSTRALIAN_BIGHT,-1473274830,KIND_NAMED_SEA
NAMED_SEA_GREENLAND_SEA,-544557405,KIND_NAMED_SEA
NAMED_SEA_GUANABARA_BAY,-16198849,KIND_NAMED_SEA
NAMED_SEA_GULF_OF_ADEN,1801525055,KIND_NAMED_SEA
NAMED_SEA_GULF_OF_ALASKA,1656213479,KIND_NAMED_SEA
NAMED_SEA_GULF_OF_AQABA,2074967377,KIND_NAMED_SEA
NAMED_SEA_GULF_OF_BOTHNIA,1772181934,KIND_NAMED_SEA
NAMED_SEA_GULF_OF_CADIZ,1043245922,KIND_NAMED_SEA
NAMED_SEA_GULF_OF_CALIFORNIA,1287405274,KIND_NAMED_SEA
NAMED_SEA_GULF_OF_CARPENTARIA,-1789219002,KIND_NAMED_SEA
NAMED_SEA_GULF_OF_CORINTH,2124026983,KIND_NAMED_SEA
NAMED_SEA_GULF_OF_FINLAND,-621632607,KIND_NAMED_SEA
NAMED_SEA_GULF_OF_GABES,441091768,KIND_NAMED_SEA
NAMED_SEA_GULF_OF_GUAYAQUIL,716177815,KIND_NAMED_SEA
NAMED_SEA_GULF_OF_GUINEA,-1764234165,KIND_NAMED_SEA
NAMED_SEA_GULF_OF_HAMMAMET,1270971491,KIND_NAMED_SEA
NAMED_SEA_GULF_OF_IZMIR,-225652512,KIND_NAMED_SEA
NAMED_SEA_GULF_OF_LION,1799140411,KIND_NAMED_SEA
NAMED_SEA_GULF_OF_MANNAR,-550944244,KIND_NAMED_SEA
NAMED_SEA_GULF_OF_MEXICO,195359825,KIND_NAMED_SEA
NAMED_SEA_GULF_OF_MORBIHAN,2042624191,KIND_NAMED_SEA
NAMED_SEA_GULF_OF_OMAN,-536633721,KIND_NAMED_SEA
NAMED_SEA_GULF_OF_PANAMA,1127619238,KIND_NAMED_SEA
NAMED_SEA_GULF_OF_PAPUA,1850988845,KIND_NAMED_SEA
NAMED_SEA_GULF_OF_ROSES,1332813886,KIND_NAMED_SEA
NAMED_SEA_GULF_OF_SAINT_LAWRENCE,-2105652122,KIND_NAMED_SEA
NAMED_SEA_GULF_OF_SUEZ,-1773169391,KIND_NAMED_SEA
NAMED_SEA_GULF_OF_TEHUANTEPEC,1348489717,KIND_NAMED_SEA
NAMED_SEA_GULF_OF_THAILAND,1916572537,KIND_NAMED_SEA
NAMED_SEA_GULF_OF_TONKIN,-1630291054,KIND_NAMED_SEA
NAMED_SEA_GULF_OF_TORONEOS,-1974338381,KIND_NAMED_SEA
NAMED_SEA_GULF_OF_TUNIS,1205738826,KIND_NAMED_SEA
NAMED_SEA_GULF_OF_VALENCIA,1246319013,KIND_NAMED_SEA
NAMED_SEA_GWANGPO_BAY,-326569724,KIND_NAMED_SEA
NAMED_SEA_HANN_BAY,-1470483568,KIND_NAMED_SEA
NAMED_SEA_HANOBUKTEN,2120333013,KIND_NAMED_SEA
NAMED_SEA_HARDANGERFJORDEN,-875743984,KIND_NAMED_SEA
NAMED_SEA_HELIGOLAND_BIGHT,-90635746,KIND_NAMED_SEA
NAMED_SEA_HUDSON_BAY,892511582,KIND_NAMED_SEA
NAMED_SEA_IONIAN_SEA,-509727582,KIND_NAMED_SEA
NAMED_SEA_IRISH_SEA,-407217246,KIND_NAMED_SEA
NAMED_SEA_JADE_BIGHT,-569823956,KIND_NAMED_SEA
NAMED_SEA_JAWA_SEA,638739578,KIND_NAMED_SEA
NAMED_SEA_JERVIS_BAY,1002606647,KIND_NAMED_SEA
NAMED_SEA_JOSEPH_BONAPARTE_GULF,1869665861,KIND_NAMED_SEA
NAMED_SEA_KANHOLMSFJARDEN,1218911440,KIND_NAMED_SEA
NAMED_SEA_KARA_SEA,-1166674601,KIND_NAMED_SEA
NAMED_SEA_KOREA_BAY,-112162808,KIND_NAMED_SEA
NAMED_SEA_KOSI_BAY,2072150651,KIND_NAMED_SEA
NAMED_SEA_LABRADOR_SEA,1719684580,KIND_NAMED_SEA
NAMED_SEA_LAKE_MARACAIBO,1412747438,KIND_NAMED_SEA
NAMED_SEA_LAKSHADWEEP_SEA,-1582454406,KIND_NAMED_SEA
NAMED_SEA_LAPTEV_SEA,1800174646,KIND_NAMED_SEA
NAMED_SEA_LEVANTINE_SEA,-538099062,KIND_NAMED_SEA
NAMED_SEA_LIBYAN_SEA,1155274733,KIND_NAMED_SEA
NAMED_SEA_LIGURIAN_SEA,1391609559,KIND_NAMED_SEA
NAMED_SEA_LINCOLN_SEA,-1576195015,KIND_NAMED_SEA
NAMED_SEA_MASSACHUSETTS_BAY,-1800203258,KIND_NAMED_SEA
NAMED_SEA_MEDITERRANEAN_SEA,2089725161,KIND_NAMED_SEA
NAMED_SEA_MOLUCCA_SEA,1310317796,KIND_NAMED_SEA
NAMED_SEA_MONT_SAINT_MICHEL_BAY,1386513157,KIND_NAMED_SEA
NAMED_SEA_MORAY_FIRTH,-1983553946,KIND_NAMED_SEA
NAMED_SEA_MORECAMBY_BAY,-669814160,KIND_NAMED_SEA
NAMED_SEA_MOZAMBIQUE_CHANNEL,-653785989,KIND_NAMED_SEA
NAMED_SEA_MUTSU_BAY,1141782943,KIND_NAMED_SEA
NAMED_SEA_NORDFRIESISCHES_WATTENMEER,-1652349192,KIND_NAMED_SEA
NAMED_SEA_NORTH_SEA,481946141,KIND_NAMED_SEA
NAMED_SEA_NORWEGIAN_SEA,956872284,KIND_NAMED_SEA
NAMED_SEA_PARACAS_BAY,-1806880171,KIND_NAMED_SEA
NAMED_SEA_PERSIAN_GULF,-2096560738,KIND_NAMED_SEA
NAMED_SEA_PHILIPPINE_SEA,-570457942,KIND_NAMED_SEA
NAMED_SEA_PITSUNDA_BAY,-1820852181,KIND_NAMED_SEA
NAMED_SEA_PUNIHUIL,1461111283,KIND_NAMED_SEA
NAMED_SEA_RED_SEA,-2120416358,KIND_NAMED_SEA
NAMED_SEA_SAGAMI_BAY,-1703527645,KIND_NAMED_SEA
NAMED_SEA_SALTSJON,-1215924596,KIND_NAMED_SEA
NAMED_SEA_SAN_FRANCISCO_BAY,-1684419646,KIND_NAMED_SEA
NAMED_SEA_SANGAREYA_BAY,158790407,KIND_NAMED_SEA
NAMED_SEA_SARGASSO_SEA,-1746367956,KIND_NAMED_SEA
NAMED_SEA_SARONIC_GULF,-1962000087,KIND_NAMED_SEA
NAMED_SEA_SCOTIA_SEA,-1819924805,KIND_NAMED_SEA
NAMED_SEA_SEA_OF_AZOV,1268972597,KIND_NAMED_SEA
NAMED_SEA_SEA_OF_CRETE,-795128037,KIND_NAMED_SEA
NAMED_SEA_SEA_OF_HYUGA,183427056,KIND_NAMED_SEA
NAMED_SEA_SEA_OF_JAPAN,632130332,KIND_NAMED_SEA
NAMED_SEA_SEA_OF_MARMARA,-341378589,KIND_NAMED_SEA
NAMED_SEA_SEA_OF_OKHOTSK,-1093126720,KIND_NAMED_SEA
NAMED_SEA_SEA_OF_THE_HEBRIDES,-833673070,KIND_NAMED_SEA
NAMED_SEA_SETO_SEA,-2012371290,KIND_NAMED_SEA
NAMED_SEA_SINGITIC_GULF,2090005809,KIND_NAMED_SEA
NAMED_SEA_SODWANA_BAY,176226478,KIND_NAMED_SEA
NAMED_SEA_SOGNEFJORDEN,1181991844,KIND_NAMED_SEA
NAMED_SEA_SOLOMON_SEA,-95473091,KIND_NAMED_SEA
NAMED_SEA_SOLWAY_FIRTH,-802269564,KIND_NAMED_SEA
NAMED_SEA_SOUTH_CHINA_SEA,1222588509,KIND_NAMED_SEA
NAMED_SEA_STORFJORDEN,-282801059,KIND_NAMED_SEA
NAMED_SEA_STRYMONIAN_GULF,-617826139,KIND_NAMED_SEA
NAMED_SEA_SUKHUMI_BAY,1700428907,KIND_NAMED_SEA
NAMED_SEA_SULU_SEA,705050045,KIND_NAMED_SEA
NAMED_SEA_TASMAN_SEA,-386007679,KIND_NAMED_SEA
NAMED_SEA_TE_ARA_A_KIWA,1564312877,KIND_NAMED_SEA
NAMED_SEA_TE_MATAU_A_MAUI,1807865138,KIND_NAMED_SEA
NAMED_SEA_TE_MOANA_A_TOI,-2116111653,KIND_NAMED_SEA
NAMED_SEA_TE_MOANA_O_RAUKAWA,1341077700,KIND_NAMED_SEA
NAMED_SEA_TE_TAI_O_AORERE,-2009260420,KIND_NAMED_SEA
NAMED_SEA_TE_TAI_O_REHUA,-1569398142,KIND_NAMED_SEA
NAMED_SEA_TE_WHANGANUI_A_TARA,2026715758,KIND_NAMED_SEA
NAMED_SEA_THE_MINCH,1640419674,KIND_NAMED_SEA
NAMED_SEA_THE_WASH,-198714815,KIND_NAMED_SEA
NAMED_SEA_THERMAIC_GULF,290790573,KIND_NAMED_SEA
NAMED_SEA_THRACIAN_SEA,433220209,KIND_NAMED_SEA
NAMED_SEA_TIKAPA_MOANA,269453133,KIND_NAMED_SEA
NAMED_SEA_TIMOR_SEA,837794345,KIND_NAMED_SEA
NAMED_SEA_TRONDHEIMSFJORDEN,-992210106,KIND_NAMED_SEA
NAMED_SEA_TYRRHENIAN_SEA,-890627572,KIND_NAMED_SEA
NAMED_SEA_UMZINTO_BAY,13061983,KIND_NAMED_SEA
NAMED_SEA_VESTFJORDEN,-628870613,KIND_NAMED_SEA
NAMED_SEA_WADDEN_SEA,2076014965,KIND_NAMED_SEA
NAMED_SEA_WAITEMATA,577948570,KIND_NAMED_SEA
NAMED_SEA_WHITE_SEA,-1957291093,KIND_NAMED_SEA
NAMED_SEA_WINIPEKW,-864730818,KIND_NAMED_SEA
NAMED_SEA_YATSUSHIRO_SEA,-832568223,KIND_NAMED_SEA
NAMED_SEA_YELLOW_SEA,351902605,KIND_NAMED_SEA
NAMED_SEA_YOF_BAY,841331571,KIND_NAMED_SEA
NAMED_SEA_ZUIDERZEE,1688731094,KIND_NAMED_SEA
NAMED_OCEAN_ANTARCTIC_OCEAN,-71046772,KIND_NAMED_OCEAN
NAMED_OCEAN_ARCTIC_OCEAN,1386683188,KIND_NAMED_OCEAN
NAMED_OCEAN_ATLANTIC_OCEAN,-1956066952,KIND_NAMED_OCEAN
NAMED_OCEAN_IAPETUS_OCEAN,760768751,KIND_NAMED_OCEAN
NAMED_OCEAN_INDIAN_OCEAN,-47775764,KIND_NAMED_OCEAN
NAMED_OCEAN_PACIFIC_OCEAN,-48343868,KIND_NAMED_OCEAN
NAMED_OCEAN_PANTHALASSIC_OCEAN,-2058940973,KIND_NAMED_OCEAN
NAMED_OCEAN_RHEIC_OCEAN,1456078293,KIND_NAMED_OCEAN
NAMED_OCEAN_TETHYS_OCEAN,-718088575,KIND_NAMED_OCEAN
NOTIFICATION_VOLCANO_ACTIVE,-2086317463,KIND_NOTIFICATION
NOTIFICATION_VOLCANO_INACTIVE,-746066867,KIND_NOTIFICATION
NOTIFICATION_VOLCANO_ERUPTS_SEV0,-1417433939,KIND_NOTIFICATION
NOTIFICATION_VOLCANO_ERUPTS_SEV1,-595289029,KIND_NOTIFICATION
NOTIFICATION_VOLCANO_ERUPTS_SEV2,1166921089,KIND_NOTIFICATION
NOTIFICATION_RIVER_FLOODS_SEV0,626035769,KIND_NOTIFICATION
NOTIFICATION_RIVER_FLOODS_SEV1,1381481647,KIND_NOTIFICATION
NOTIFICATION_RIVER_FLOODS_SEV2,-882971371,KIND_NOTIFICATION
NOTIFICATION_RIVER_FLOOD_MITIGATED,767289168,KIND_NOTIFICATION
NOTIFICATION_STORM_ARRIVED,-384985766,KIND_NOTIFICATION
NOTIFICATION_STORM_MOVED,1693405449,KIND_NOTIFICATION
NOTIFICATION_STORM_DISSIPATED,775986608,KIND_NOTIFICATION
NOTIFICATION_DROUGHT_ARRIVED,-1427374806,KIND_NOTIFICATION
NOTIFICATION_DROUGHT_CLEARED,349520969,KIND_NOTIFICATION
NOTIFICATION_RISING_SEA_LEVEL_FLOODED,1615664022,KIND_NOTIFICATION
NOTIFICATION_RISING_SEA_LEVEL_SUBMERGED,72230908,KIND_NOTIFICATION
NOTIFICATION_CITY_UNPOWERED,-346515419,KIND_NOTIFICATION
NOTIFICATION_PLAYER_WMD_DISARMAMENT,-874785157,KIND_NOTIFICATION
NOTIFICATION_PLAYER_WMD_POSITIVE_ADJUSTMENT,772186193,KIND_NOTIFICATION
NOTIFICATION_PLAYER_WMD_NEGATIVE_ADJUSTMENT,-1393137217,KIND_NOTIFICATION
NOTIFICATION_SPY_BREACH_DAM,1298004698,KIND_NOTIFICATION
NOTIFICATION_SPY_ENEMY_BREACH_DAM,1575967311,KIND_NOTIFICATION
NOTIFICATION_WORLD_CONGRESS_SPECIAL_SESSION_BLOCKING,895487076,KIND_NOTIFICATION
NOTIFICATION_WORLD_CONGRESS_BLOCKING,996310584,KIND_NOTIFICATION
NOTIFICATION_WORLD_CONGRESS_SPECIAL_SESSION_NON_BLOCKING,1903778125,KIND_NOTIFICATION
NOTIFICATION_WORLD_CONGRESS_SPECIAL_SESSION_CAN_BE_CALLED,-469914873,KIND_NOTIFICATION
NOTIFICATION_WORLD_CONGRESS_EMERGENCY_CAN_BE_CALLED,909871109,KIND_NOTIFICATION
NOTIFICATION_WORLD_CONGRESS_RESULTS,97016289,KIND_NOTIFICATION
NOTIFICATION_NUCLEAR_ACCIDENT_SEV0,1756013585,KIND_NOTIFICATION
NOTIFICATION_NUCLEAR_ACCIDENT_SEV1,531469447,KIND_NOTIFICATION
NOTIFICATION_NUCLEAR_ACCIDENT_SEV2,-2036021955,KIND_NOTIFICATION
NOTIFICATION_GRIEVANCES_AGAINST_YOU,-2084352726,KIND_NOTIFICATION
NOTIFICATION_SCORED_COMPETITION_DECLARED,1214966144,KIND_NOTIFICATION
NOTIFICATION_REQUEST_FOR_AID_DECLARED,-231682551,KIND_NOTIFICATION
NOTIFICATION_SCORED_COMPETITION_OVER,1638355980,KIND_NOTIFICATION
NOTIFICATION_RECEIVED_DVP,-1157876888,KIND_NOTIFICATION
NOTIFICATION_ROCK_BANDS_PROHIBITED,-1862658048,KIND_NOTIFICATION
POLICY_FUTURE_VICTORY_SCIENCE,-43517555,KIND_POLICY
POLICY_FUTURE_COUNTER_CULTURE,-1681717787,KIND_POLICY
POLICY_FUTURE_VICTORY_CULTURE,752440526,KIND_POLICY
POLICY_FUTURE_COUNTER_SCIENCE,1249749158,KIND_POLICY
POLICY_FUTURE_VICTORY_DOMINATION,-1807564382,KIND_POLICY
POLICY_FUTURE_COUNTER_DIPLOMATIC,1836776893,KIND_POLICY
POLICY_FUTURE_VICTORY_DIPLOMATIC,127975780,KIND_POLICY
POLICY_FUTURE_COUNTER_DOMINATION,-23528069,KIND_POLICY
POLICY_EQUESTRIAN_ORDERS,-1782273817,KIND_POLICY
POLICY_DRILL_MANUALS,715976241,KIND_POLICY
POLICY_RETINUES,825820208,KIND_POLICY
POLICY_FORCE_MODERNIZATION,-1265935431,KIND_POLICY
POLICY_MUSIC_CENSORSHIP,1443238059,KIND_POLICY
POLICY_FLOWER_POWER,-1196927948,KIND_POLICY
POLICY_CYBER_WARFARE,-1711492362,KIND_POLICY
POLICY_AUTOMATED_WORKFORCE,2085509116,KIND_POLICY
POLICY_DISINFORMATION_CAMPAIGN,-1205767761,KIND_POLICY
PROJECT_COTHON_CAPITAL_MOVE,298821670,KIND_PROJECT
PROJECT_CARBON_RECAPTURE,-650018803,KIND_PROJECT
PROJECT_CONVERT_REACTOR_TO_COAL,-583466255,KIND_PROJECT
PROJECT_CONVERT_REACTOR_TO_OIL,361699964,KIND_PROJECT
PROJECT_CONVERT_REACTOR_TO_URANIUM,2022744569,KIND_PROJECT
PROJECT_LAUNCH_MARS_BASE,-923705087,KIND_PROJECT
PROJECT_LAUNCH_EXOPLANET_EXPEDITION,129352549,KIND_PROJECT
PROJECT_ORBITAL_LASER,-1455224677,KIND_PROJECT
PROJECT_TERRESTRIAL_LASER,1329448072,KIND_PROJECT
PROJECT_SEND_AID,1879324884,KIND_PROJECT
PROJECT_TRAIN_ATHLETES,144365095,KIND_PROJECT
PROJECT_TRAIN_ASTRONAUTS,-512705378,KIND_PROJECT
PROJECT_RECOMMISSION_REACTOR,2009136920,KIND_PROJECT
PROJECT_DECOMMISSION_COAL_POWER_PLANT,-829089085,KIND_PROJECT
PROJECT_DECOMMISSION_OIL_POWER_PLANT,-303914735,KIND_PROJECT
PROJECT_DECOMMISSION_NUCLEAR_POWER_PLANT,-453927347,KIND_PROJECT
COASTAL_LOWLAND_1M,198086713,KIND_COASTAL_LOWLAND
COASTAL_LOWLAND_2M,551797754,KIND_COASTAL_LOWLAND
COASTAL_LOWLAND_3M,972616379,KIND_COASTAL_LOWLAND
RANDOM_EVENT_FLOOD_MODERATE,-621739623,KIND_RANDOM_EVENT
RANDOM_EVENT_FLOOD_MAJOR,946561437,KIND_RANDOM_EVENT
RANDOM_EVENT_FLOOD_1000_YEAR,955680268,KIND_RANDOM_EVENT
RANDOM_EVENT_KILIMANJARO_GENTLE,1911753732,KIND_RANDOM_EVENT
RANDOM_EVENT_KILIMANJARO_CATASTROPHIC,2126032894,KIND_RANDOM_EVENT
RANDOM_EVENT_VESUVIUS_MEGACOLOSSAL,-1909805435,KIND_RANDOM_EVENT
RANDOM_EVENT_VOLCANO_GENTLE,13202562,KIND_RANDOM_EVENT
RANDOM_EVENT_VOLCANO_CATASTROPHIC,-1252595305,KIND_RANDOM_EVENT
RANDOM_EVENT_VOLCANO_MEGACOLOSSAL,1513725426,KIND_RANDOM_EVENT
RANDOM_EVENT_BLIZZARD_SIGNIFICANT,1767490167,KIND_RANDOM_EVENT
RANDOM_EVENT_BLIZZARD_CRIPPLING,-1082952158,KIND_RANDOM_EVENT
RANDOM_EVENT_DUST_STORM_GRADIENT,287060512,KIND_RANDOM_EVENT
RANDOM_EVENT_DUST_STORM_HABOOB,-1901803789,KIND_RANDOM_EVENT
RANDOM_EVENT_TORNADO_FAMILY,1990393779,KIND_RANDOM_EVENT
RANDOM_EVENT_TORNADO_OUTBREAK,-1867826940,KIND_RANDOM_EVENT
RANDOM_EVENT_HURRICANE_CAT_4,-642158864,KIND_RANDOM_EVENT
RANDOM_EVENT_HURRICANE_CAT_5,-1363255706,KIND_RANDOM_EVENT
RANDOM_EVENT_NUCLEAR_ACCIDENT_MINOR,-798457139,KIND_RANDOM_EVENT
RANDOM_EVENT_NUCLEAR_ACCIDENT_MAJOR,315949822,KIND_RANDOM_EVENT
RANDOM_EVENT_NUCLEAR_ACCIDENT_CATASTROPHIC,556247687,KIND_RANDOM_EVENT
RANDOM_EVENT_DROUGHT_MAJOR,2105836418,KIND_RANDOM_EVENT
RANDOM_EVENT_DROUGHT_EXTREME,1301929952,KIND_RANDOM_EVENT
REALISM_SETTING_MINIMAL,-641294692,KIND_REALISM_SETTING
REALISM_SETTING_LIGHT,1375433829,KIND_REALISM_SETTING
REALISM_SETTING_MODERATE,1913423907,KIND_REALISM_SETTING
REALISM_SETTING_HEAVY,1087394509,KIND_REALISM_SETTING
REALISM_SETTING_HYPERREAL,-2054602419,KIND_REALISM_SETTING
ROUTE_RAILROAD,153198316,KIND_ROUTE
TECH_BUTTRESS,-903072554,KIND_TECH
TECH_REFINING,-247152462,KIND_TECH
TECH_SEASTEADS,-409290373,KIND_TECH
TECH_ADVANCED_AI,-1642153188,KIND_TECH
TECH_ADVANCED_POWER_CELLS,-370615161,KIND_TECH
TECH_CYBERNETICS,-96279613,KIND_TECH
TECH_SMART_MATERIALS,-707975305,KIND_TECH
TECH_PREDICTIVE_SYSTEMS,1049470971,KIND_TECH
TECH_OFFWORLD_MISSION,-1663036872,KIND_TECH
TECH_FUTURE_TECH,-241112393,KIND_TECH
TURNSEG_WORLDCONGRESS_1,-1255512453,KIND_TURNSEGMENT
TURNSEG_WORLDCONGRESS_2,740505537,KIND_TURNSEGMENT
TURNSEG_WORLDCONGRESS_RESOLUTION,-682654747,KIND_TURNSEGMENT
ABILITY_GUIDE_MOVEMENT_AOE_RELIGIOUS,-169532243,KIND_ABILITY
ABILITY_SAGE_COMBAT_AOE_RELIGIOUS,954185986,KIND_ABILITY
ABILITY_GURU_MOVEMENT,1472952465,KIND_ABILITY
ABILITY_GURU_STRENGTH,1974406334,KIND_ABILITY
ABILITY_ROCK_BAND_ENTER_FOREIGN_LANDS,-969996898,KIND_ABILITY
ABILITY_UNIT_WMD_RESISTANCE,-480203847,KIND_ABILITY
ABILITY_UNIT_FIGHT_WHILE_EMBARKED,-599269934,KIND_ABILITY
ABILITY_UNIT_AUTO_VETERANCY,-1554319316,KIND_ABILITY
ABILITY_FINEST_HOUR_FRIENDLY_TERRITORY,-278426723,KIND_ABILITY
ABILITY_DIGITAL_DEMOCRACY_DEBUFF,-1104804297,KIND_ABILITY
ABILITY_GLOBAL_COALITION_FRIENDLY_TERRITORY,1228901302,KIND_ABILITY
ABILITY_CYBER_WARFARE_COMBAT_BONUS,1247671725,KIND_ABILITY
ABILITY_ENABLE_WALL_ATTACK_PROMOTION_CLASS,783088567,KIND_ABILITY
ABILITY_BYPASS_WALLS_PROMOTION_CLASS,-1419468273,KIND_ABILITY
ABILITY_CHOLA_NAVAL_COMBAT,871514311,KIND_ABILITY
ABILITY_ERIKSON_NAVAL_SIGHT,-1507659248,KIND_ABILITY
ABILITY_MILITARYORGANIZATION_MOVEMENT,715800375,KIND_ABILITY
UNITCOMMAND_MOVE_JUMP,-1611127214,KIND_UNITCOMMAND
UNITCOMMAND_BUILDING_PRODUCTION,-48508348,KIND_UNITCOMMAND
UNITOPERATION_BUILD_IMPROVEMENT_ADJACENT,945035974,KIND_UNITOPERATION
UNITOPERATION_TOURISM_BOMB,-2060655393,KIND_UNITOPERATION
UNITOPERATION_SPY_BREACH_DAM,-191750180,KIND_UNITOPERATION
PROMOTION_CLASS_ROCK_BAND,-203901726,KIND_PROMOTION_CLASS
PROMOTION_CLASS_GIANT_DEATH_ROBOT,2083408011,KIND_PROMOTION_CLASS
PROMOTION_ALBUM_COVER_ART,-530734735,KIND_PROMOTION
PROMOTION_ARENA_ROCK,-371363116,KIND_PROMOTION
PROMOTION_GLAM_ROCK,1292757824,KIND_PROMOTION
PROMOTION_GOES_TO,-806261196,KIND_PROMOTION
PROMOTION_INDIE,-1267167517,KIND_PROMOTION
PROMOTION_MUSIC_FESTIVAL,799817140,KIND_PROMOTION
PROMOTION_POP,-51099891,KIND_PROMOTION
PROMOTION_REGGAE_ROCK,-1695858381,KIND_PROMOTION
PROMOTION_RELIGIOUS_ROCK,885846860,KIND_PROMOTION
PROMOTION_ROADIES,-1658145754,KIND_PROMOTION
PROMOTION_SPACE_ROCK,-1703139669,KIND_PROMOTION
PROMOTION_SURF_ROCK,-484137811,KIND_PROMOTION
PROMOTION_SPY_SATCHEL_CHARGES,21603538,KIND_PROMOTION
PROMOTION_SPY_SURVEILLANCE,-1498443272,KIND_PROMOTION
PROMOTION_SPY_POLYGRAPH,1964029204,KIND_PROMOTION
PROMOTION_GDR_AA_DEFENSE,2063340190,KIND_PROMOTION
PROMOTION_GDR_SIEGE_LASER,-1322344177,KIND_PROMOTION
PROMOTION_GDR_BONUS_MOVEMENT,653916275,KIND_PROMOTION
PROMOTION_GDR_ARMOR_UPGRADE,9215621,KIND_PROMOTION
UNIT_SKIRMISHER,875594477,KIND_UNIT
UNIT_COURSER,424718497,KIND_UNIT
UNIT_CUIRASSIER,734838665,KIND_UNIT
UNIT_GIANT_DEATH_ROBOT,-717851829,KIND_UNIT
UNIT_ROCK_BAND,-1105353614,KIND_UNIT
RESULT_AGING_ROCKERS,-1968175371,KIND_ROCKBAND_RESULT
RESULT_CREATIVE_DIFFERENCES,830017954,KIND_ROCKBAND_RESULT
RESULT_RISING_STARS,1224707973,KIND_ROCKBAND_RESULT
RESULT_HEADLINERS,625688333,KIND_ROCKBAND_RESULT
RESULT_LEGENDS_OF_ROCK,-1485345325,KIND_ROCKBAND_RESULT
VICTORY_DIPLOMATIC,-494301917,KIND_VICTORY
TRAIT_AGENDA_ANGEVIN_EMPIRE,1521205630,KIND_TRAIT
TRAIT_AGENDA_CANADIAN_EXPEDITIONARY,-1787807043,KIND_TRAIT
TRAIT_AGENDA_KAITIAKITANGA,1077405352,KIND_TRAIT
TRAIT_AGENDA_LAWGIVER,-555121542,KIND_TRAIT
TRAIT_AGENDA_LORD_OF_MINES,1775212240,KIND_TRAIT
TRAIT_AGENDA_PATRON_OF_ARTS,-724265611,KIND_TRAIT
TRAIT_AGENDA_RAVEN_BANNER,-2067223308,KIND_TRAIT
TRAIT_AGENDA_SAPA_INCA,1761917321,KIND_TRAIT
TRAIT_AGENDA_SICILIAN_WARS,1966436098,KIND_TRAIT
BUILDING_GRAND_BAZAAR,1891628226,KIND_BUILDING
BUILDING_MARAE,1300928230,KIND_BUILDING
BUILDING_QUEENS_BIBLIOTHEQUE,-492217592,KIND_BUILDING
BUILDING_THERMAL_BATH,-1770941781,KIND_BUILDING
BUILDING_GOLDEN_GATE_BRIDGE,-511395513,KIND_BUILDING
BUILDING_GREAT_BATH,-158901567,KIND_BUILDING
BUILDING_MACHU_PICCHU,1967074475,KIND_BUILDING
BUILDING_MEENAKSHI_TEMPLE,-1772612133,KIND_BUILDING
BUILDING_ORSZAGHAZ,1060744314,KIND_BUILDING
BUILDING_PANAMA_CANAL,-1963666822,KIND_BUILDING
BUILDING_UNIVERSITY_SANKORE,173534414,KIND_BUILDING
CIVILIZATION_CANADA,1587071623,KIND_CIVILIZATION
CIVILIZATION_HUNGARY,-1187336245,KIND_CIVILIZATION
CIVILIZATION_INCA,-1955030529,KIND_CIVILIZATION
CIVILIZATION_MALI,-2046435992,KIND_CIVILIZATION
CIVILIZATION_MAORI,-408985536,KIND_CIVILIZATION
CIVILIZATION_OTTOMAN,-1291593699,KIND_CIVILIZATION
CIVILIZATION_PHOENICIA,1105691465,KIND_CIVILIZATION
CIVILIZATION_SWEDEN,-360660220,KIND_CIVILIZATION
TRAIT_CIVILIZATION_FACES_OF_PEACE,2020917266,KIND_TRAIT
TRAIT_CIVILIZATION_GREAT_MOUNTAINS,933616543,KIND_TRAIT
TRAIT_CIVILIZATION_GREAT_TURKISH_BOMBARD,-315659095,KIND_TRAIT
TRAIT_CIVILIZATION_MALI_GOLD_DESERT,-1398547613,KIND_TRAIT
TRAIT_CIVILIZATION_MAORI_MANA,-89300586,KIND_TRAIT
TRAIT_CIVILIZATION_MEDITERRANEAN_COLONIES,1050794279,KIND_TRAIT
TRAIT_CIVILIZATION_NOBEL_PRIZE,1000865314,KIND_TRAIT
TRAIT_CIVILIZATION_PEARL_DANUBE,-1859066556,KIND_TRAIT
TRAIT_CIVILIZATION_BUILDING_GRAND_BAZAAR,1441572156,KIND_TRAIT
TRAIT_CIVILIZATION_BUILDING_MARAE,-819117010,KIND_TRAIT
TRAIT_CIVILIZATION_BUILDING_THERMAL_BATH,-1289567403,KIND_TRAIT
TRAIT_CIVILIZATION_DISTRICT_COTHON,-1210326386,KIND_TRAIT
TRAIT_CIVILIZATION_DISTRICT_SUGUBA,-316750664,KIND_TRAIT
TRAIT_CIVILIZATION_IMPROVEMENT_OPEN_AIR_MUSEUM,-416113137,KIND_TRAIT
TRAIT_CIVILIZATION_IMPROVEMENT_ICE_HOCKEY_RINK,-942483266,KIND_TRAIT
TRAIT_CIVILIZATION_IMPROVEMENT_TERRACE_FARM,-635908027,KIND_TRAIT
TRAIT_CIVILIZATION_IMPROVEMENT_MAORI_PA,-1513617571,KIND_TRAIT
TRAIT_CIVILIZATION_UNIT_CANADA_MOUNTIE,-1054916069,KIND_TRAIT
TRAIT_CIVILIZATION_UNIT_HUNGARY_HUSZAR,-1450912938,KIND_TRAIT
TRAIT_CIVILIZATION_UNIT_INCA_WARAKAQ,-1646549141,KIND_TRAIT
TRAIT_CIVILIZATION_UNIT_MALI_MANDEKALU_CAVALRY,-240307929,KIND_TRAIT
TRAIT_CIVILIZATION_UNIT_MAORI_TOA,-2021680838,KIND_TRAIT
TRAIT_CIVILIZATION_UNIT_OTTOMAN_BARBARY_CORSAIR,-163327572,KIND_TRAIT
TRAIT_CIVILIZATION_UNIT_PHOENICIA_BIREME,2138345321,KIND_TRAIT
TRAIT_CIVILIZATION_UNIT_SWEDEN_CAROLEAN,322317605,KIND_TRAIT
DISTRICT_COTHON,585502686,KIND_DISTRICT
DISTRICT_SUGUBA,2015570408,KIND_DISTRICT
IMPROVEMENT_OPEN_AIR_MUSEUM,719791194,KIND_IMPROVEMENT
IMPROVEMENT_ICE_HOCKEY_RINK,168256235,KIND_IMPROVEMENT
IMPROVEMENT_TERRACE_FARM,880861921,KIND_IMPROVEMENT
IMPROVEMENT_MAORI_PA,-1723115025,KIND_IMPROVEMENT
IMPROVEMENT_MOUNTAIN_ROAD,1472933527,KIND_IMPROVEMENT
LEADER_DIDO,-1594173807,KIND_LEADER
LEADER_ELEANOR_ENGLAND,-1481476935,KIND_LEADER
LEADER_ELEANOR_FRANCE,1977475125,KIND_LEADER
LEADER_KRISTINA,1158671214,KIND_LEADER
LEADER_KUPE,601793176,KIND_LEADER
LEADER_LAURIER,565472081,KIND_LEADER
LEADER_MANSA_MUSA,2069632485,KIND_LEADER
LEADER_MATTHIAS_CORVINUS,800820078,KIND_LEADER
LEADER_PACHACUTI,1425321953,KIND_LEADER
LEADER_SULEIMAN,583412271,KIND_LEADER
TRAIT_LEADER_FOUNDER_CARTHAGE,416980671,KIND_TRAIT
TRAIT_LEADER_ELEANOR_LOYALTY,624788056,KIND_TRAIT
TRAIT_LEADER_BUILDING_QUEENS_BIBLIOTHEQUE,-1476474931,KIND_TRAIT
TRAIT_LEADER_KRISTINA_AUTO_THEME,-1188160322,KIND_TRAIT
TRAIT_LEADER_KUPES_VOYAGE,-1483076129,KIND_TRAIT
TRAIT_LEADER_LAST_BEST_WEST,-1430593918,KIND_TRAIT
TRAIT_LEADER_RAVEN_KING,1357490323,KIND_TRAIT
TRAIT_LEADER_UNIT_MATTHIAS_BLACK_ARMY,-250002961,KIND_TRAIT
TRAIT_LEADER_SAHEL_MERCHANTS,-1354244481,KIND_TRAIT
TRAIT_LEADER_PACHACUTI_IMPROVEMENT_MOUNTAIN_ROAD,1688442690,KIND_TRAIT
TRAIT_LEADER_PACHACUTI_QHAPAQ_NAN,-868947032,KIND_TRAIT
TRAIT_LEADER_UNIT_SULEIMAN_JANISSARY,-1180702415,KIND_TRAIT
TRAIT_LEADER_SULEIMAN_GOVERNOR,1692423019,KIND_TRAIT
ABILITY_MEDITERRANEAN_COLONIES,788038920,KIND_ABILITY
ABILITY_BIREME_PROTECT_TRADER,-1509684515,KIND_ABILITY
ABILITY_TRADER_PROTECTED_BY_BIREME,-1341372506,KIND_ABILITY
ABILITY_THE_RAVEN_KING,526533830,KIND_ABILITY
ABILITY_BLACK_ARMY,-1575812954,KIND_ABILITY
ABILITY_HUSZAR,1261597369,KIND_ABILITY
ABILITY_MOUNTIE,-1479205514,KIND_ABILITY
ABILITY_MANDEKALU,2095486731,KIND_ABILITY
ABILITY_TRADER_PROTECTED_BY_MANDEKALU,-364954745,KIND_ABILITY
ABILITY_CORBACI,-425148231,KIND_ABILITY
ABILITY_EXPERT_MARKSMAN,-1459672168,KIND_ABILITY
ABILITY_GREAT_TURKISH_BOMBARD,1846090035,KIND_ABILITY
ABILITY_TOA,-392408582,KIND_ABILITY
ABILITY_CAROLEAN,-1246863628,KIND_ABILITY
ABILITY_MANA,-62070907,KIND_ABILITY
ABILITY_CORSAIR,2122830117,KIND_ABILITY
UNIT_CANADA_MOUNTIE,1101340991,KIND_UNIT
UNIT_HUNGARY_BLACK_ARMY,-1635949321,KIND_UNIT
UNIT_HUNGARY_HUSZAR,691974258,KIND_UNIT
UNIT_INCA_WARAKAQ,-103026233,KIND_UNIT
UNIT_MALI_MANDEKALU_CAVALRY,1014532978,KIND_UNIT
UNIT_MAORI_TOA,98061298,KIND_UNIT
UNIT_OTTOMAN_BARBARY_CORSAIR,-309354131,KIND_UNIT
UNIT_PHOENICIA_BIREME,1512562327,KIND_UNIT
UNIT_SULEIMAN_JANISSARY,-958210024,KIND_UNIT
UNIT_SWEDEN_CAROLEAN,800420759,KIND_UNIT
LEADER_T_ROOSEVELT_ROUGHRIDER,2049301877,KIND_LEADER
TRAIT_LEADER_ANTIQUES_AND_PARKS,-329187239,KIND_TRAIT
TRAIT_AGENDA_BULL_MOOSE,-571834817,KIND_TRAIT
MODIFIER_PLAYER_ADJUST_DUPLICATE_INFLUENCE_TOKEN_WHEN_TRADE_ROUTE_TO,1361513364,KIND_MODIFIER
UNIT_AMERICAN_ROUGH_RIDER,-1350764592,KIND_UNIT
CAPABILITY_BARBARIAN_CLANS,1848197068,KIND_CAPABILITY
UNITCOMMAND_TREAT_WITH_CLAN_DISPERSE,636192518,KIND_UNITCOMMAND
UNITCOMMAND_TREAT_WITH_CLAN_RAID,-1387473634,KIND_UNITCOMMAND
TRIBE_CLAN_MELEE_OPEN,-330557622,KIND_BARBARIAN_TRIBE_TYPE
TRIBE_CLAN_MELEE_FOREST,1894876194,KIND_BARBARIAN_TRIBE_TYPE
TRIBE_CLAN_MELEE_HILLS,-967738913,KIND_BARBARIAN_TRIBE_TYPE
TRIBE_CLAN_CAVALRY_OPEN,-236610624,KIND_BARBARIAN_TRIBE_TYPE
TRIBE_CLAN_CAVALRY_JUNGLE,-1230996676,KIND_BARBARIAN_TRIBE_TYPE
TRIBE_CLAN_CAVALRY_CHARIOT,1891370906,KIND_BARBARIAN_TRIBE_TYPE
TRIBE_CLAN_NAVAL,589914865,KIND_BARBARIAN_TRIBE_TYPE
BARBARIAN_CLAN_MELEE_OPEN_1,-1029303572,KIND_BARBARIAN_TRIBE
BARBARIAN_CLAN_MELEE_OPEN_2,1538212694,KIND_BARBARIAN_TRIBE
BARBARIAN_CLAN_MELEE_OPEN_3,749237184,KIND_BARBARIAN_TRIBE
BARBARIAN_CLAN_MELEE_OPEN_4,-1295194525,KIND_BARBARIAN_TRIBE
BARBARIAN_CLAN_MELEE_OPEN_5,-976496907,KIND_BARBARIAN_TRIBE
BARBARIAN_CLAN_MELEE_OPEN_6,1556252495,KIND_BARBARIAN_TRIBE
BARBARIAN_CLAN_MELEE_FOREST_1,-1902179102,KIND_BARBARIAN_TRIBE
BARBARIAN_CLAN_MELEE_FOREST_2,395730264,KIND_BARBARIAN_TRIBE
BARBARIAN_CLAN_MELEE_FOREST_3,1620143566,KIND_BARBARIAN_TRIBE
BARBARIAN_CLAN_MELEE_FOREST_4,-17434515,KIND_BARBARIAN_TRIBE
BARBARIAN_CLAN_MELEE_FOREST_5,-1980577541,KIND_BARBARIAN_TRIBE
BARBARIAN_CLAN_MELEE_FOREST_6,284924225,KIND_BARBARIAN_TRIBE
BARBARIAN_CLAN_MELEE_HILLS_1,1285779473,KIND_BARBARIAN_TRIBE
BARBARIAN_CLAN_MELEE_HILLS_2,-710270549,KIND_BARBARIAN_TRIBE
BARBARIAN_CLAN_MELEE_HILLS_3,-1565716163,KIND_BARBARIAN_TRIBE
BARBARIAN_CLAN_MELEE_HILLS_4,1019839646,KIND_BARBARIAN_TRIBE
BARBARIAN_CLAN_MELEE_HILLS_5,1271837704,KIND_BARBARIAN_TRIBE
BARBARIAN_CLAN_MELEE_HILLS_6,-758651470,KIND_BARBARIAN_TRIBE
BARBARIAN_CLAN_CAVALRY_OPEN_1,1876889965,KIND_BARBARIAN_TRIBE
BARBARIAN_CLAN_CAVALRY_OPEN_2,-153730857,KIND_BARBARIAN_TRIBE
BARBARIAN_CLAN_CAVALRY_OPEN_3,-2116980671,KIND_BARBARIAN_TRIBE
BARBARIAN_CLAN_CAVALRY_OPEN_4,532014562,KIND_BARBARIAN_TRIBE
BARBARIAN_CLAN_CAVALRY_OPEN_5,1756550516,KIND_BARBARIAN_TRIBE
BARBARIAN_CLAN_CAVALRY_OPEN_6,-239369010,KIND_BARBARIAN_TRIBE
BARBARIAN_CLAN_CAVALRY_JUNGLE_1,-1169846038,KIND_BARBARIAN_TRIBE
BARBARIAN_CLAN_CAVALRY_JUNGLE_2,592232784,KIND_BARBARIAN_TRIBE
BARBARIAN_CLAN_CAVALRY_JUNGLE_3,1414263238,KIND_BARBARIAN_TRIBE
BARBARIAN_CLAN_CAVALRY_JUNGLE_4,-902863771,KIND_BARBARIAN_TRIBE
BARBARIAN_CLAN_CAVALRY_JUNGLE_5,-1121430285,KIND_BARBARIAN_TRIBE
BARBARIAN_CLAN_CAVALRY_JUNGLE_6,606143817,KIND_BARBARIAN_TRIBE
BARBARIAN_CLAN_CAVALRY_CHARIOT_1,-1350305424,KIND_BARBARIAN_TRIBE
BARBARIAN_CLAN_CAVALRY_CHARIOT_2,915056842,KIND_BARBARIAN_TRIBE
BARBARIAN_CLAN_CAVALRY_CHARIOT_3,1099798620,KIND_BARBARIAN_TRIBE
BARBARIAN_CLAN_CAVALRY_CHARIOT_4,-538374657,KIND_BARBARIAN_TRIBE
BARBARIAN_CLAN_CAVALRY_CHARIOT_5,-1460781719,KIND_BARBARIAN_TRIBE
BARBARIAN_CLAN_CAVALRY_CHARIOT_6,837250259,KIND_BARBARIAN_TRIBE
BARBARIAN_CLAN_NAVAL_1,815862664,KIND_BARBARIAN_TRIBE
BARBARIAN_CLAN_NAVAL_2,-1448590798,KIND_BARBARIAN_TRIBE
BARBARIAN_CLAN_NAVAL_3,-558927196,KIND_BARBARIAN_TRIBE
BARBARIAN_CLAN_NAVAL_4,1087104775,KIND_BARBARIAN_TRIBE
BARBARIAN_CLAN_NAVAL_5,936171409,KIND_BARBARIAN_TRIBE
BARBARIAN_CLAN_NAVAL_6,-1362786773,KIND_BARBARIAN_TRIBE
TRIBE_CONDITION_SET_MELEE_OPEN_GRASS,539519505,KIND_TRIBE_MAP_CONDITION_SET
TRIBE_CONDITION_SET_MELEE_OPEN_PLAINS,-1221830228,KIND_TRIBE_MAP_CONDITION_SET
TRIBE_CONDITION_SET_MELEE_OPEN_DESERT,-1453140514,KIND_TRIBE_MAP_CONDITION_SET
TRIBE_CONDITION_SET_MELEE_OPEN_TUNDRA,70795609,KIND_TRIBE_MAP_CONDITION_SET
TRIBE_CONDITION_SET_MELEE_OPEN_SNOW,340185453,KIND_TRIBE_MAP_CONDITION_SET
TRIBE_CONDITION_SET_MELEE_FOREST,1858565915,KIND_TRIBE_MAP_CONDITION_SET
TRIBE_CONDITION_SET_MELEE_GRASS_HILLS,-2122847291,KIND_TRIBE_MAP_CONDITION_SET
TRIBE_CONDITION_SET_MELEE_PLAINS_HILLS,1563085178,KIND_TRIBE_MAP_CONDITION_SET
TRIBE_CONDITION_SET_MELEE_DESERT_HILLS,44407127,KIND_TRIBE_MAP_CONDITION_SET
TRIBE_CONDITION_SET_MELEE_TUNDRA_HILLS,1350966546,KIND_TRIBE_MAP_CONDITION_SET
TRIBE_CONDITION_SET_MELEE_SNOW_HILLS,-621507133,KIND_TRIBE_MAP_CONDITION_SET
TRIBE_CONDITION_SET_CAVALRY_OPEN,-271357703,KIND_TRIBE_MAP_CONDITION_SET
TRIBE_CONDITION_SET_CAVALRY_JUNGLE,-1668265194,KIND_TRIBE_MAP_CONDITION_SET
TRIBE_CONDITION_SET_CAVALRY_CHARIOT,-1423049092,KIND_TRIBE_MAP_CONDITION_SET
NOTIFICATION_CLAN_CONVERTED_TO_CITY_STATE,-1381450689,KIND_NOTIFICATION
NOTIFICATION_CLAN_HIRED,269578790,KIND_NOTIFICATION
NOTIFICATION_CLAN_RANSOM_PAID,-401137730,KIND_NOTIFICATION
NOTIFICATION_CLAN_BRIBED,-1907661911,KIND_NOTIFICATION
NOTIFICATION_CLAN_BRIBE_EXPIRED,-465460661,KIND_NOTIFICATION
NOTIFICATION_CLAN_INCITED,828908570,KIND_NOTIFICATION
NOTIFICATION_CLAN_DISPERSED,1094407321,KIND_NOTIFICATION
LEADER_ELIZABETH,274052435,KIND_LEADER
LEADER_HARALD_ALT,-1405698910,KIND_LEADER
LEADER_VICTORIA_ALT,414383146,KIND_LEADER
TRAIT_LEADER_ELIZABETH,-522635897,KIND_TRAIT
TRAIT_LEADER_HARALD_ALT,762849007,KIND_TRAIT
TRAIT_LEADER_VICTORIA_ALT,1304376950,KIND_TRAIT
ABILITY_ELIZABETH_PLUNDER_BONUS,-1715589091,KIND_ABILITY
TRAIT_AGENDA_TRADE_AGREEMENT,630524092,KIND_TRAIT
TRAIT_AGENDA_SAGA,1081572122,KIND_TRAIT
TRAIT_AGENDA_INDUSTRIAL_REVOLUTION,590547536,KIND_TRAIT
ABILITY_LEVIED_HARALD,-1669320712,KIND_ABILITY
LEADER_ABRAHAM_LINCOLN,-1346948526,KIND_LEADER
LEADER_NZINGA_MBANDE,1906484600,KIND_LEADER
LEADER_SALADIN_ALT,1431532500,KIND_LEADER
TRAIT_LEADER_LINCOLN,858371062,KIND_TRAIT
TRAIT_LEADER_SALADIN_ALT,1572798563,KIND_TRAIT
TRAIT_AGENDA_SULTAN,1467012883,KIND_TRAIT
TRAIT_LEADER_NZINGA_MBANDE,321566061,KIND_TRAIT
TRAIT_AGENDA_DECOLONIZATION,1331482008,KIND_TRAIT
TRAIT_AGENDA_LINCOLN,2141782167,KIND_TRAIT
ABILITY_LINCOLN_MELEE_UNITS,1565384095,KIND_ABILITY
ABILITY_SALADIN_FLANKING_UNITS,875786347,KIND_ABILITY
MODIFIER_PLAYER_DISTRICT_ADJUST_PLAYER_DISTRICT_AND_BUILDINGS_CREATE_UNIT_WITH_ABILITY_BY_CLASS_GREAT_NEGOTIATORS,1579207569,KIND_MODIFIER
MODIFIER_PLAYER_DISTRICTS_ADJUST_DISTRICT_AMENITY,-582854971,KIND_MODIFIER
LEADER_YONGLE,204901487,KIND_LEADER
LEADER_WU_ZETIAN,-1566095210,KIND_LEADER
LEADER_QIN_ALT,403056056,KIND_LEADER
TRAIT_LEADER_YONGLE,-1559415280,KIND_TRAIT
TRAIT_LEADER_WU_ZETIAN,1378601026,KIND_TRAIT
TRAIT_LEADER_QIN,232740380,KIND_TRAIT
TRAIT_AGENDA_SIHAI,1019877607,KIND_TRAIT
TRAIT_AGENDA_YINDING,-1728107053,KIND_TRAIT
TRAIT_AGENDA_COURT_INTRIGUE,1393195373,KIND_TRAIT
ABILITY_QIN_MELEE_UNITS,-527388674,KIND_ABILITY
MODIFIER_SINGLE_UNIT_RELIGIOUS_SPREADS,143053665,KIND_MODIFIER
MODIFIER_PLAYER_ALLOW_PROJECT_CHINA,-1366608359,KIND_MODIFIER
PROJECT_LIJIA_FAITH,427914502,KIND_PROJECT
PROJECT_LIJIA_FOOD,-1406079690,KIND_PROJECT
PROJECT_LIJIA_GOLD,1067571600,KIND_PROJECT
LEADER_RAMSES,-179476329,KIND_LEADER
LEADER_CLEOPATRA_ALT,1443235924,KIND_LEADER
TRAIT_LEADER_RAMSES,1517736680,KIND_TRAIT
TRAIT_AGENDA_MAAT,-885647141,KIND_TRAIT
TRAIT_LEADER_CLEOPATRA_ALT,881727553,KIND_TRAIT
TRAIT_AGENDA_PREFER_FOOD,758814578,KIND_TRAIT
MODIFIER_PLAYER_CITIES_GRANT_YIELD_PER_BUILDING_COST_SAHARA,1817181263,KIND_MODIFIER
LEADER_SUNDIATA_KEITA,-1031767405,KIND_LEADER
TRAIT_LEADER_SUNDIATA_KEITA,-1354819992,KIND_TRAIT
TRAIT_AGENDA_LION_OF_MALI,1393302356,KIND_TRAIT
CIVILIZATION_GRAN_COLOMBIA,-1470070539,KIND_CIVILIZATION
CIVILIZATION_MAYA,-1083460786,KIND_CIVILIZATION
TRAIT_CIVILIZATION_MAYAB,31806511,KIND_TRAIT
TRAIT_CIVILIZATION_DISTRICT_OBSERVATORY,1911852046,KIND_TRAIT
TRAIT_CIVILIZATION_HULCHE,-160999766,KIND_TRAIT
TRAIT_CIVILIZATION_EJERCITO_PATRIOTA,-1713621773,KIND_TRAIT
TRAIT_CIVILIZATION_IMPROVEMENT_HACIENDA,-196686213,KIND_TRAIT
TRAIT_CIVILIZATION_COMANDANTE_GENERAL,-1006029258,KIND_TRAIT
TRAIT_CIVILIZATION_LLANERO,127995208,KIND_TRAIT
ABILITY_EJERCITO_PATRIOTA_EXTRA_MOVEMENT,-167416417,KIND_ABILITY
CIVILIZATION_CAGUANA,560038866,KIND_CIVILIZATION
CIVILIZATION_HUNZA,935610357,KIND_CIVILIZATION
CIVILIZATION_LAHORE,-1680966838,KIND_CIVILIZATION
CIVILIZATION_SINGAPORE,1467968654,KIND_CIVILIZATION
CIVILIZATION_TARUGA,1787185388,KIND_CIVILIZATION
CIVILIZATION_VATICAN_CITY,511131069,KIND_CIVILIZATION
DISTRICT_OBSERVATORY,1299698364,KIND_DISTRICT
FEATURE_BERMUDA_TRIANGLE,741500072,KIND_FEATURE
FEATURE_FOUNTAIN_OF_YOUTH,172143503,KIND_FEATURE
FEATURE_PAITITI,-1365563649,KIND_FEATURE
ABILITY_MYSTERIOUS_CURRENTS,-671521901,KIND_ABILITY
ABILITY_WATER_OF_LIFE,-699323615,KIND_ABILITY
GREAT_PERSON_CLASS_COMANDANTE_GENERAL,-2091835403,KIND_GREAT_PERSON_CLASS
GREAT_PERSON_INDIVIDUAL_COMMANDANTE_JOSE_DE_SUCRE,-333714321,KIND_GREAT_PERSON_INDIVIDUAL
GREAT_PERSON_INDIVIDUAL_COMMANDANTE_PAULA_SANTANDER,-1347051834,KIND_GREAT_PERSON_INDIVIDUAL
GREAT_PERSON_INDIVIDUAL_COMMANDANTE_ANTONIO_PAEZ,-1632216248,KIND_GREAT_PERSON_INDIVIDUAL
GREAT_PERSON_INDIVIDUAL_COMMANDANTE_URDANETA,1301616896,KIND_GREAT_PERSON_INDIVIDUAL
GREAT_PERSON_INDIVIDUAL_COMMANDANTE_MARINO,694703716,KIND_GREAT_PERSON_INDIVIDUAL
GREAT_PERSON_INDIVIDUAL_COMMANDANTE_MACGREGOR,1443488983,KIND_GREAT_PERSON_INDIVIDUAL
GREAT_PERSON_INDIVIDUAL_COMMANDANTE_PIAR,-738245391,KIND_GREAT_PERSON_INDIVIDUAL
GREAT_PERSON_INDIVIDUAL_COMMANDANTE_NARINO,-1342430006,KIND_GREAT_PERSON_INDIVIDUAL
GREAT_PERSON_INDIVIDUAL_COMMANDANTE_MONTILLA,-45846933,KIND_GREAT_PERSON_INDIVIDUAL
GREAT_PERSON_INDIVIDUAL_COMMANDANTE_RIBAS,560107819,KIND_GREAT_PERSON_INDIVIDUAL
ABILITY_COMANDANTE_AOE_MOVEMENT,-434962604,KIND_ABILITY
ABILITY_COMANDANTE_AOE_STRENGTH,-998864005,KIND_ABILITY
ABILITY_COMMANDANTE_CAVALRY_BUFF,-1130816447,KIND_ABILITY
ABILITY_COMMANDANTE_MELEE_ANTICAV_BUFF,-56462677,KIND_ABILITY
ABILITY_COMMANDANTE_UNIT_STRENGTH_BUFF,-854603873,KIND_ABILITY
ABILITY_COMMANDANTE_UNIT_STR_VS_DISTRICTS,1169666476,KIND_ABILITY
IMPROVEMENT_BATEY,-1760611559,KIND_IMPROVEMENT
IMPROVEMENT_HACIENDA,-926576439,KIND_IMPROVEMENT
LEADER_SIMON_BOLIVAR,-1101883153,KIND_LEADER
LEADER_LADY_SIX_SKY,-828131628,KIND_LEADER
TRAIT_LEADER_CAMPANA_ADMIRABLE,1101429065,KIND_TRAIT
TRAIT_LEADER_MUTAL,1545167806,KIND_TRAIT
TRAIT_AGENDA_LADY_SIX_SKY,-1916610424,KIND_TRAIT
TRAIT_AGENDA_SIMON_BOLIVAR,-590551970,KIND_TRAIT
ABILITY_MUTAL_COMBAT_STRENGTH_NEAR_CAPITAL,1487948789,KIND_ABILITY
LEADER_MINOR_CIV_CAGUANA,-2145652099,KIND_LEADER
LEADER_MINOR_CIV_HUNZA,69779418,KIND_LEADER
LEADER_MINOR_CIV_LAHORE,808233707,KIND_LEADER
LEADER_MINOR_CIV_SINGAPORE,1507994744,KIND_LEADER
LEADER_MINOR_CIV_TARUGA,-1050371763,KIND_LEADER
LEADER_MINOR_CIV_VATICAN_CITY,-772173267,KIND_LEADER
MINOR_CIV_CAGUANA_TRAIT,165437,KIND_TRAIT
MINOR_CIV_HUNZA_TRAIT,-542178480,KIND_TRAIT
MINOR_CIV_LAHORE_NIHANG_TRAIT,470743216,KIND_TRAIT
MINOR_CIV_SINGAPORE_TRAIT,291612081,KIND_TRAIT
MINOR_CIV_TARUGA_TRAIT,1434385467,KIND_TRAIT
MINOR_CIV_VATICAN_CITY_TRAIT,1618703204,KIND_TRAIT
MODIFIER_PLAYER_ADJUST_PLOT_YIELD_GRANCOLOMBIA_MAYA,1461134917,KIND_MODIFIER
MODIFIER_PLAYER_CITIES_ADD_AMENITY_PER_ADJACENT_LUXURY,6860287,KIND_MODIFIER
MODIFIER_PLAYER_CITIES_ADJUST_NO_FRESH_WATER_HOUSING,-914719303,KIND_MODIFIER
MODIFIER_PLAYER_UNITS_PROMOTE_NO_FINISH_MOVES,-1851796492,KIND_MODIFIER
MODIFIER_SINGLE_CITY_ADJUST_IMPROVEMENT_HOUSING_GRANCOLOMBIA_MAYA,-339558014,KIND_MODIFIER
MODIFIER_SINGLE_CITY_GRANT_YIELD_PER_BUILDING_COST_GRANCOLOMBIA_MAYA,-224995661,KIND_MODIFIER
MODIFIER_ALL_CITIES_ADJUST_TRADE_ROUTE_YIELD_FOR_INTERNATIONAL,150779052,KIND_MODIFIER
MODIFIER_UNIT_TELEPORT,-1305554354,KIND_MODIFIER
MODIFIER_PLAYER_CITIES_ADJUST_CITY_YIELD_MODIFIER_GRANCOLOMBIA_MAYA,-543508333,KIND_MODIFIER
MODIFIER_PLAYER_GRANT_RELIGIOUS_PRESSURE_GREAT_PERSON_ACTIVATED,-503711749,KIND_MODIFIER
MODIFIER_PLAYER_UNITS_GRANT_ABILITY_GRANCOLOMBIA_MAYA,927293153,KIND_MODIFIER
MODIFIER_PLAYER_ADJUST_TRADE_ROUTE_YIELD_PER_PATH_TILE,-2128132659,KIND_MODIFIER
MODIFIER_PLAYER_CITIES_ADJUST_CITY_YIELD_PER_MAJOR_TRADE_PARTNER,860228568,KIND_MODIFIER
MODIFIER_PLAYER_DIPLOMACY_AGENDA_SIMON_BOLIVAR,1409021542,KIND_MODIFIER
MODIFIER_MAJOR_PLAYERS_GRANT_BASE_PROMOTION,-419879672,KIND_MODIFIER
MODIFIER_PLAYER_CITIES_GRANT_UNIT_IN_CITY_GRANCOLOMBIA_MAYA,-1483638289,KIND_MODIFIER
NOTIFICATION_FIRE_STARTS,-1623167077,KIND_NOTIFICATION
NOTIFICATION_FIRE_ENDS,-353923141,KIND_NOTIFICATION
NOTIFICATION_FOREST_REGROWS,1298796765,KIND_NOTIFICATION
NOTIFICATION_JUNGLE_REGROWS,-710421273,KIND_NOTIFICATION
NOTIFICATION_COMET_LANDS,-354730311,KIND_NOTIFICATION
NOTIFICATION_SOLAR_FLARE,-284798410,KIND_NOTIFICATION
NOTIFICATION_METEOR_STRIKES,-1482671373,KIND_NOTIFICATION
RESOURCE_MAIZE,-1277896123,KIND_RESOURCE
RESOURCE_HONEY,1207920210,KIND_RESOURCE
PROMOTION_NIHANG_FLANKED_BONUS,-2006833605,KIND_PROMOTION
PROMOTION_NIHANG_FAITH_FOR_VICTORIES,1857280629,KIND_PROMOTION
PROMOTION_NIHANG_MOVEMENT_BONUS,-853131605,KIND_PROMOTION
PROMOTION_NIHANG_NO_WOUNDED_PENALTY,-1221532370,KIND_PROMOTION
PROMOTION_NIHANG_SUZERAIN_COMBAT_BONUS,1445778439,KIND_PROMOTION
UNIT_MAYAN_HULCHE,2014919428,KIND_UNIT
ABILITY_HULCHE,44995329,KIND_ABILITY
PROMOTION_CLASS_NIHANG,-2036451167,KIND_PROMOTION_CLASS
UNIT_LAHORE_NIHANG,-592847481,KIND_UNIT
ABILITY_NIHANG_BARRACKS_STRENGTH,-131877892,KIND_ABILITY
ABILITY_NIHANG_ARMORY_STRENGTH,1211587380,KIND_ABILITY
ABILITY_NIHANG_ACADEMY_STRENGTH,1641177315,KIND_ABILITY
UNIT_COMANDANTE_GENERAL,1477631817,KIND_UNIT
UNIT_COLOMBIAN_LLANERO,-342835804,KIND_UNIT
ABILITY_LLANERO_ADJACENCY_STRENGTH,-352179720,KIND_ABILITY
NAMED_RIVER_MAGDALENA_RIVER,-1926795550,KIND_NAMED_RIVER
NAMED_RIVER_APURE_RIVER,-1309206961,KIND_NAMED_RIVER
NAMED_RIVER_META_RIVER,-1299505186,KIND_NAMED_RIVER
NAMED_RIVER_ARAUCA_RIVER,944171898,KIND_NAMED_RIVER
NAMED_RIVER_CAUCA_RIVER,1705595134,KIND_NAMED_RIVER
NAMED_RIVER_CARONI_RIVER,-1091273059,KIND_NAMED_RIVER
NAMED_RIVER_MOTAGUA_RIVER,-424734570,KIND_NAMED_RIVER
NAMED_RIVER_GRIJALVA_RIVER,-122622425,KIND_NAMED_RIVER
NAMED_RIVER_SAMALA_RIVER,-582886516,KIND_NAMED_RIVER
NAMED_RIVER_CHIXOY_RIVER,2032306671,KIND_NAMED_RIVER
NAMED_RIVER_USUMACINTA_RIVER,-2143531413,KIND_NAMED_RIVER
NAMED_RIVER_BELIZE_RIVER,-526066684,KIND_NAMED_RIVER
NAMED_RIVER_HONDO_RIVER,741231073,KIND_NAMED_RIVER
NAMED_VOLCANO_CHIMBORAZO,-312711880,KIND_NAMED_VOLCANO
NAMED_VOLCANO_VOLCAN_PURACE,853707863,KIND_NAMED_VOLCANO
NAMED_VOLCANO_NEVADO_DEL_TOLIMA,966933561,KIND_NAMED_VOLCANO
NAMED_VOLCANO_VOLCAN_COTOPAXI,1908465803,KIND_NAMED_VOLCANO
NAMED_VOLCANO_GUAGUA_PICHINCHA,736289582,KIND_NAMED_VOLCANO
NAMED_VOLCANO_TUNGURAHUA,1894424574,KIND_NAMED_VOLCANO
NAMED_VOLCANO_VOLCAN_ATITLAN,1902874004,KIND_NAMED_VOLCANO
NAMED_VOLCANO_VOLCAN_TOLIMAN,1187882656,KIND_NAMED_VOLCANO
NAMED_VOLCANO_PACAYA,15272541,KIND_NAMED_VOLCANO
NAMED_MOUNTAIN_MAYA_MOUNTAINS,801817316,KIND_NAMED_MOUNTAIN
NAMED_MOUNTAIN_SIERRA_MADRE_DE_CHIAPAS,357610031,KIND_NAMED_MOUNTAIN
NAMED_MOUNTAIN_SIERRA_DE_LOS_CUCHUMATANES,1610389669,KIND_NAMED_MOUNTAIN
NAMED_MOUNTAIN_GUATEMALAN_HIGHLANDS,1629011669,KIND_NAMED_MOUNTAIN
NAMED_MOUNTAIN_SIERRA_DE_LAS_MINAS,140941434,KIND_NAMED_MOUNTAIN
NAMED_MOUNTAIN_CORDILLERA_CENTRAL,-1555695174,KIND_NAMED_MOUNTAIN
NAMED_MOUNTAIN_CORDILLERA_OCCIDENTAL,-2003788021,KIND_NAMED_MOUNTAIN
NAMED_MOUNTAIN_CORDILLERA_ORIENTAL,1419959460,KIND_NAMED_MOUNTAIN
NAMED_MOUNTAIN_GUIANA_HIGHLANDS,1830234752,KIND_NAMED_MOUNTAIN
NAMED_MOUNTAIN_CORDILLERA_DE_MERIDA,1479773216,KIND_NAMED_MOUNTAIN
NAMED_MOUNTAIN_CORDILLERA_DE_LA_COSTA,-1460763359,KIND_NAMED_MOUNTAIN
NAMED_DESERT_LA_GUAJIRA_DESERT,574891754,KIND_NAMED_DESERT
NAMED_DESERT_TATACOA_DESERT,-645875123,KIND_NAMED_DESERT
NAMED_DESERT_MEDANOS_DE_CORO,-1695464705,KIND_NAMED_DESERT
NAMED_LAKE_LAKE_IZABAL,861759526,KIND_NAMED_LAKE
NAMED_LAKE_LAKE_PETEN_ITZA,810943666,KIND_NAMED_LAKE
NAMED_LAKE_LAKE_AMATITLAN,944562157,KIND_NAMED_LAKE
NAMED_LAKE_LAKE_GUIJA,2146219686,KIND_NAMED_LAKE
NAMED_LAKE_LAKE_LEOPOLDO,-347947023,KIND_NAMED_LAKE
NAMED_LAKE_LAKE_VALENCIA,1024765775,KIND_NAMED_LAKE
NAMED_LAKE_LAKE_TOTA,-1122470322,KIND_NAMED_LAKE
NAMED_LAKE_LAGUNA_DE_LA_COCHA,-819663085,KIND_NAMED_LAKE
NAMED_LAKE_LAKE_HERRERA,587415463,KIND_NAMED_LAKE
NAMED_SEA_GULF_OF_HONDURAS,-1569496125,KIND_NAMED_SEA
NAMED_SEA_AMATIQUE_BAY,-1770894622,KIND_NAMED_SEA
NAMED_SEA_TERMINOS_LAGOON,-2144661738,KIND_NAMED_SEA
NAMED_SEA_GULF_OF_DARIEN,-1748274131,KIND_NAMED_SEA
NAMED_SEA_GULF_OF_VENEZUELA,-396439861,KIND_NAMED_SEA
NAMED_SEA_GULF_OF_PARIA,-1952428002,KIND_NAMED_SEA
FEATURE_BURNING_FOREST,-1701952754,KIND_FEATURE
FEATURE_BURNT_FOREST,-1294296585,KIND_FEATURE
FEATURE_BURNING_JUNGLE,2042437235,KIND_FEATURE
FEATURE_BURNT_JUNGLE,1374274698,KIND_FEATURE
RANDOM_EVENT_METEOR_SHOWER,-845122322,KIND_RANDOM_EVENT
RANDOM_EVENT_JUNGLE_FIRE,1173918413,KIND_RANDOM_EVENT
RANDOM_EVENT_FOREST_FIRE,782473770,KIND_RANDOM_EVENT
IMPROVEMENT_METEOR_GOODY,933499311,KIND_IMPROVEMENT
MODIFIER_GAME_SET_REALISM_SETTING,-388568481,KIND_MODIFIER
MODIFIER_GAME_SET_ACTIVE_VOLCANOES,171885996,KIND_MODIFIER
MODIFIER_UNIT_ADJUST_DISASTER_CHARGES,-1737758273,KIND_MODIFIER
LEADER_JULIUS_CAESAR,-197233069,KIND_LEADER
TRAIT_LEADER_CAESAR,1143201451,KIND_TRAIT
TRAIT_AGENDA_GALLIC_WARS,-895248093,KIND_TRAIT
MODIFIER_PLAYER_UNITS_ADJUST_UNIT_NO_BARB_XP_LIMIT,-636021017,KIND_MODIFIER
BUILDING_BIOSPHERE,-1995788174,KIND_BUILDING
BUILDING_STATUE_OF_ZEUS,-1767483078,KIND_BUILDING
CIVILIZATION_BYZANTIUM,-1651363178,KIND_CIVILIZATION
CIVILIZATION_GAUL,47341723,KIND_CIVILIZATION
TRAIT_CIVILIZATION_BYZANTIUM,-1215256978,KIND_TRAIT
TRAIT_CIVILIZATION_DISTRICT_HIPPODROME,-658821071,KIND_TRAIT
TRAIT_CIVILIZATION_UNIT_BYZANTINE_DROMON,-1689996564,KIND_TRAIT
TRAIT_CIVILIZATION_GAUL,-2086864170,KIND_TRAIT
TRAIT_CIVILIZATION_DISTRICT_OPPIDUM,-542804212,KIND_TRAIT
TRAIT_CIVILIZATION_UNIT_GAUL_GAESATAE,-1604414251,KIND_TRAIT
ABILITY_BYZANTIUM_COMBAT_UNITS,1721680832,KIND_ABILITY
ABILITY_BYZANTIUM_RELIGIOUS_UNITS,1814780190,KIND_ABILITY
DISTRICT_HIPPODROME,1476481813,KIND_DISTRICT
DISTRICT_OPPIDUM,-1269097707,KIND_DISTRICT
LEADER_AMBIORIX,-1181759895,KIND_LEADER
LEADER_BASIL,-49964157,KIND_LEADER
TRAIT_LEADER_AMBIORIX,983324409,KIND_TRAIT
TRAIT_LEADER_BASIL,-861624278,KIND_TRAIT
TRAIT_LEADER_UNIT_BYZANTINE_TAGMA,-1654546040,KIND_TRAIT
ABILITY_AMBIORIX_NEIGHBOR_COMBAT_BONUS,-1008919085,KIND_ABILITY
ABILITY_ENABLE_WALL_ATTACK_SAME_RELIGION,1989527739,KIND_ABILITY
TRAIT_AGENDA_BASIL_ZEALOT,-1735994988,KIND_TRAIT
TRAIT_AGENDA_AMBIORIX_ARMY,-616049505,KIND_TRAIT
MODIFIER_CITY_ADJUST_FEATURE_APPEAL_MODIFIER,-1145053751,KIND_MODIFIER
MODIFIER_CITY_GRANT_YIELD_PER_FEATURE_TYPE,-1200862552,KIND_MODIFIER
MODIFIER_PLAYER_ADJUST_SPECIALTY_DISTRICT_CANNOT_BE_BUILT_ADJACENT_TO_CITY,1202150628,KIND_MODIFIER
MODIFIER_PLAYER_CITIES_IMPROVEMENT_ADJACENCY,-1979152061,KIND_MODIFIER
MODIFIER_PLAYER_UNIT_ADJUST_COMBAT_FOR_NUMBER_HOLY_CITIES,56011968,KIND_MODIFIER
MODIFIER_PLAYER_DISTRICT_ADJUST_PLAYER_DISTRICT_AND_BUILDINGS_CREATE_UNIT_WITH_ABILITY_BY_CLASS,960552944,KIND_MODIFIER
MODIFIER_PLAYER_GRANT_SPECIFIC_TECHNOLOGY_GAUL,735796398,KIND_MODIFIER
MODIFIER_PLAYER_ADJUST_ENABLE_WALL_ATTACK_WHOLE_GAME_SAME_RELIGION,-1216413921,KIND_MODIFIER
MODIFIER_PLAYER_CITIES_GRANT_YIELD_PER_UNIT_COST,2131477005,KIND_MODIFIER
MODIFIER_PLAYER_UNIT_ADJUST_COMBAT_FOR_NUMBER_NEIGHBORS,-674043656,KIND_MODIFIER
MODIFIER_PLAYER_DIPLOMACY_AGENDA_AMBIORIX_ARMY,1416677031,KIND_MODIFIER
MODIFIER_PLAYER_TRAINED_UNITS_ADJUST_RELIGIOUS_CHARGES,350368974,KIND_MODIFIER
MODIFIER_PLAYER_ADJUST_ENABLE_WALL_ATTACK_WHOLE_GAME_SAME_RELIGION_PROMOTION_CLASS,-144304027,KIND_MODIFIER
UNIT_BYZANTINE_DROMON,-1105730798,KIND_UNIT
UNIT_BYZANTINE_TAGMA,-686550672,KIND_UNIT
UNIT_GAUL_GAESATAE,2136636224,KIND_UNIT
ABILITY_DROMON,133448385,KIND_ABILITY
ABILITY_TAGMA,1382140678,KIND_ABILITY
ABILITY_TAGMA_RELIGIOUS_COMBAT,-1520581259,KIND_ABILITY
ABILITY_TAGMA_NONRELIGIOUS_COMBAT,-734006255,KIND_ABILITY
ABILITY_GAESATAE,-226766660,KIND_ABILITY
ABILITY_FREE_RESOURCE_MAITENANCE_HIPPODROME,-1793389523,KIND_ABILITY
NAMED_RIVER_MEANDER_RIVER,825376846,KIND_NAMED_RIVER
NAMED_RIVER_PRUT_RIVER,1362528713,KIND_NAMED_RIVER
NAMED_RIVER_AISNE_RIVER,843243907,KIND_NAMED_RIVER
NAMED_MOUNTAIN_CEVENNES,-2087883232,KIND_NAMED_MOUNTAIN
NAMED_MOUNTAIN_EIFEL_MOUNTAINS,-1102437381,KIND_NAMED_MOUNTAIN
NAMED_LAKE_LAKE_NEUCHATEL,2074237322,KIND_NAMED_LAKE
MODIFIER_PLAYER_CITIES_ADJUST_GREEN_ENERGY_TOURISM_MODIFIER,-12243999,KIND_MODIFIER
MODIFIER_PLAYER_CITIES_ADJUST_MODIFIED_FREE_POWER_MODIFIER,-685522845,KIND_MODIFIER
CIVILIZATION_VIETNAM,-1076195062,KIND_CIVILIZATION
TRAIT_CIVILIZATION_VIETNAM,-581795553,KIND_TRAIT
TRAIT_CIVILIZATION_DISTRICT_THANH,-75852379,KIND_TRAIT
TRAIT_CIVILIZATION_UNIT_VIETNAMESE_VOI_CHIEN,-1188561013,KIND_TRAIT
DISTRICT_THANH,2044544877,KIND_DISTRICT
DISTRICT_PRESERVE,878026288,KIND_DISTRICT
BUILDING_GROVE,1424736899,KIND_BUILDING
BUILDING_SANCTUARY,928203,KIND_BUILDING
MODIFIER_ALL_PLAYERS_ADD_CULTURE_BOMB_TRIGGER,-921010721,KIND_MODIFIER
LEADER_KUBLAI_KHAN_CHINA,429383886,KIND_LEADER
LEADER_LADY_TRIEU,-198831152,KIND_LEADER
TRAIT_LEADER_KUBLAI,1037596828,KIND_TRAIT
TRAIT_LEADER_TRIEU,-1194855661,KIND_TRAIT
ABILITY_TRIEU_FEATURES,-49216502,KIND_ABILITY
TRAIT_AGENDA_TRIEU_DEFENDER,-1860203727,KIND_TRAIT
TRAIT_AGENDA_KUBLAI_PAX,-1531433676,KIND_TRAIT
MODIFIER_PLAYER_ADJUST_FEAUTE_REQUIRED_FOR_SPECIALTY_DISTRICTS,-1302857949,KIND_MODIFIER
MODIFIER_PLAYER_ADJUST_FEATURE_UNLOCK,-849244943,KIND_MODIFIER
MODIFIER_PLAYER_CITIES_ADJUST_BUILDING_FEATURE_YIELD_CHANGE,690190140,KIND_MODIFIER
MODIFIER_PLAYER_DISTRICT_ADJUST_TOURISM_ADJACENCY_YIELD_MOFIFIER,2144587559,KIND_MODIFIER
MODIFIER_PLAYER_ADJUST_FREE_CIVIC_BOOST_FIRST_TRADING_POST_EACH_CIV,-80911878,KIND_MODIFIER
MODIFIER_PLAYER_ADJUST_FREE_TECH_BOOST_FIRST_TRADING_POST_EACH_CIV,1188343522,KIND_MODIFIER
MODIFIER_PLAYER_DIPLOMACY_AGENDA_KUBLAI_PAX,-1885497928,KIND_MODIFIER
MODIFIER_PLAYER_DIPLOMACY_AGENDA_TRIEU_DEFENDER,-1181612867,KIND_MODIFIER
UNIT_VIETNAMESE_VOI_CHIEN,1752301640,KIND_UNIT
ABILITY_VOI_CHIEN,588180496,KIND_ABILITY
LEADER_KUBLAI_KHAN_MONGOLIA,-769411344,KIND_LEADER
NAMED_RIVER_DONG_NA_RIVER,380910434,KIND_NAMED_RIVER
NAMED_RIVER_BLACK_RIVER,75843773,KIND_NAMED_RIVER
NAMED_RIVER_CA_RIVER,1650269653,KIND_NAMED_RIVER
NAMED_RIVER_MA_RIVER,2010583015,KIND_NAMED_RIVER
NAMED_VOLCANO_TOROENG_PRONG,-715670988,KIND_NAMED_VOLCANO
NAMED_VOLCANO_BAS_DONG_NAI,-1789858050,KIND_NAMED_VOLCANO
NAMED_VOLCANO_HAUT_DONG_NAI,-156394919,KIND_NAMED_VOLCANO
NAMED_MOUNTAIN_BA_VI_MOUNTAINS,793841067,KIND_NAMED_MOUNTAIN
NAMED_MOUNTAIN_BAY NUI_MOUNTAINS,-1030793204,KIND_NAMED_MOUNTAIN
NAMED_MOUNTAIN_MARBLE_MOUNTAINS,-1698108244,KIND_NAMED_MOUNTAIN
NAMED_DESERT_SAND_DUNES_OF_MUI_NE,612718320,KIND_NAMED_DESERT
NAMED_LAKE_BA_BE_LAKE,-1814379007,KIND_NAMED_LAKE
NAMED_LAKE_HO_TAY,368786504,KIND_NAMED_LAKE
NAMED_LAKE_LAK_LAKE,-649485938,KIND_NAMED_LAKE
LEADER_CATHERINE_DE_MEDICI_ALT,1140270511,KIND_LEADER
TRAIT_LEADER_MAGNIFICENCES,1917549149,KIND_TRAIT
TRAIT_AGENDA_MAGNIFICENCES,1918703353,KIND_TRAIT
PROJECT_COURT_FESTIVAL,407900509,KIND_PROJECT
MODIFIER_PLAYER_ALLOW_PROJECT_CATHERINE,-1468904622,KIND_MODIFIER
MODIFIER_PLAYER_GRANT_TOURISM_PER_EXCESS_LUXURIES,-1164899889,KIND_MODIFIER
MODIFIER_PLAYER_GRANT_YIELD_PER_EXCESS_LUXURIES,-825897492,KIND_MODIFIER
LEADER_TOKUGAWA,-206937699,KIND_LEADER
TRAIT_LEADER_TOKUGAWA,1891234061,KIND_TRAIT
TRAIT_AGENDA_SAKOKU,1061073695,KIND_TRAIT
MODIFIER_PLAYER_ADJUST_INTERNATIONAL_TRADE_ROUTE_YIELD_MODIFIER_WARLORDS,-1978326550,KIND_MODIFIER
MODIFIER_PLAYER_CITIES_ADJUST_TRADE_ROUTE_YIELD_FOR_DOMESTIC_WARLORDS,-1166001663,KIND_MODIFIER
MODIFIER_PLAYER_DIPLOMACY_AGENDA_SAKOKU_TURTLER,-251462060,KIND_MODIFIER
LEADER_NADER_SHAH,636990231,KIND_LEADER
TRAIT_LEADER_NADER_SHAH,-1531369126,KIND_TRAIT
TRAIT_AGENDA_PREFER_LANDPOWER,377288462,KIND_TRAIT
ABILITY_NADER_SHAH_COMBAT,152640486,KIND_ABILITY
LEADER_SULEIMAN_ALT,1471619221,KIND_LEADER
TRAIT_LEADER_SULEIMAN_ALT,45804233,KIND_TRAIT
ABILITY_SULEIMAN_COMBAT,-1479379340,KIND_ABILITY
BUILDING_CHANCERY,-921068151,KIND_BUILDING
BUILDING_CONSULATE,-390549121,KIND_BUILDING
CIVILIZATION_ETHIOPIA,-262757756,KIND_CIVILIZATION
TRAIT_CIVILIZATION_ETHIOPIA,-1645621633,KIND_TRAIT
TRAIT_CIVILIZATION_IMPROVEMENT_ROCK_HEWN_CHURCH,-1863765366,KIND_TRAIT
TRAIT_CIVILIZATION_UNIT_ETHIOPIAN_OROMO_CAVALRY,-7183412,KIND_TRAIT
DISTRICT_DIPLOMATIC_QUARTER,-1045669127,KIND_DISTRICT
IMPROVEMENT_ROCK_HEWN_CHURCH,-1960492469,KIND_IMPROVEMENT
LEADER_MENELIK,146394721,KIND_LEADER
TRAIT_LEADER_MENELIK,-928212618,KIND_TRAIT
TRAIT_AGENDA_ETHIOPIAN_HIGHLANDS,-135732842,KIND_TRAIT
ABILITY_MENELIK_HILLS_COMBAT,864105864,KIND_ABILITY
MODIFIER_PLAYER_CITIES_ADJUST_BUILDING_PRODUCTION_CHANGE_ETHIOPIA,626270306,KIND_MODIFIER
MODIFIER_PLAYER_CITIES_ADJUST_DISTRICT_PRODUCTION_CHANGE_ETHIOPIA,-859625731,KIND_MODIFIER
MODIFIER_PLAYER_CITIES_ADJUST_UNIT_PRODUCTION_CHANGE_ETHIOPIA,1210397553,KIND_MODIFIER
MODIFIER_PLAYER_CITIES_ADJUST_RESOURCE_YIELD_BY_COUNT,-77674397,KIND_MODIFIER
MODIFIER_PLAYER_CITIES_ENABLE_SPECIFIC_BUILDING_FAITH_PURCHASE,-755245509,KIND_MODIFIER
MODIFIER_PLAYER_CITIES_TRADE_ROUTE_YIELD_PER_LOCAL_BONUS_RESOURCE_FOR_INTERNATIONAL,-848331170,KIND_MODIFIER
MODIFIER_PLAYER_CITIES_TRADE_ROUTE_YIELD_PER_LOCAL_LUXURY_RESOURCE_FOR_INTERNATIONAL,624428825,KIND_MODIFIER
MODIFIER_PLAYER_CITIES_TRADE_ROUTE_YIELD_PER_LOCAL_STRATEGIC_RESOURCE_FOR_INTERNATIONAL,-35285406,KIND_MODIFIER
MODIFIER_DISTRICT_ADJUST_WITHIN_ONE_HEX_ESPIONAGE_DEFENSE_BONUS,1319208580,KIND_MODIFIER
MODIFIER_PLAYER_ADJUST_COUNTER_SPY_AWARD_YIELD_PER_LEVEL,-2028626704,KIND_MODIFIER
MODIFIER_PLAYER_ADJUST_YIELD_FROM_DELEGATIONS,1848172036,KIND_MODIFIER
MODIFIER_PLAYER_ADJUST_YIELD_FROM_EMBASSIES,2097157549,KIND_MODIFIER
MODIFIER_PLAYER_CITIES_ADJUST_SPY_BONUS,-604314977,KIND_MODIFIER
MODIFIER_PLAYER_CITIES_ADJUST_YIELD_MODIFIER_FROM_FAITH,2131057199,KIND_MODIFIER
MODIFIER_PLAYER_DIPLOMACY_AGENDA_ETHIOPIAN_HIGHLANDS,-2106311663,KIND_MODIFIER
UNIT_ETHIOPIAN_OROMO_CAVALRY,-463596787,KIND_UNIT
ABILITY_ETHIOPIAN_OROMO_CAVALRY,1391298339,KIND_ABILITY
NAMED_RIVER_BLUE_NILE_RIVER,-1988072112,KIND_NAMED_RIVER
NAMED_RIVER_BARO_RIVER,-2009307259,KIND_NAMED_RIVER
NAMED_RIVER_DAWA_RIVER,-1644338437,KIND_NAMED_RIVER
NAMED_RIVER_GANALE_DORYA_RIVER,-1358285830,KIND_NAMED_RIVER
NAMED_RIVER_SHEBELLE_RIVER,-1495230238,KIND_NAMED_RIVER
NAMED_RIVER_AWASH_RIVER,259686165,KIND_NAMED_RIVER
NAMED_VOLCANO_MOUNT_ALAYTA,238397858,KIND_NAMED_VOLCANO
NAMED_VOLCANO_DABBAHU_VOLCANO,-277300047,KIND_NAMED_VOLCANO
NAMED_VOLCANO_DALLOL_VOLCANO,-1718117806,KIND_NAMED_VOLCANO
NAMED_VOLCANO_MOUNT_FENTALE,61963758,KIND_NAMED_VOLCANO
NAMED_VOLCANO_KONE,1455240095,KIND_NAMED_VOLCANO
NAMED_VOLCANO_MANDA_HARARO,480008235,KIND_NAMED_VOLCANO
NAMED_VOLCANO_ALU_DALAFILLA,1096750026,KIND_NAMED_VOLCANO
NAMED_MOUNTAIN_BALE_MOUNTAINS,1564254076,KIND_NAMED_MOUNTAIN
NAMED_MOUNTAIN_ARSI_MOUNTAINS,1543934201,KIND_NAMED_MOUNTAIN
NAMED_MOUNTAIN_WOLLO_HIGHLANDS,-1851229093,KIND_NAMED_MOUNTAIN
NAMED_MOUNTAIN_AHMAR_MOUNTAINS,-1317614337,KIND_NAMED_MOUNTAIN
NAMED_MOUNTAIN_AMARO_MOUNTAINS,-1316246103,KIND_NAMED_MOUNTAIN
NAMED_LAKE_LAKE_ABAYA,1386101770,KIND_NAMED_LAKE
NAMED_LAKE_LAKE_ZIWAY,460571221,KIND_NAMED_LAKE
NAMED_LAKE_LAKE_CHAMO,-1896516260,KIND_NAMED_LAKE
NAMED_LAKE_LAKE_SHALA,280428184,KIND_NAMED_LAKE
NAMED_LAKE_LAKE_CHEW_BAHIR,687052262,KIND_NAMED_LAKE
NAMED_LAKE_LAKE_ABBE,-906873986,KIND_NAMED_LAKE
MODIFIER_PLAYER_ADJUST_FAVOR_FROM_DELEGATIONS,-229571160,KIND_MODIFIER
MODIFIER_PLAYER_ADJUST_FAVOR_FROM_EMBASSIES,-890151256,KIND_MODIFIER
CAPABILITY_SECRETSOCIETIES,1029979438,KIND_CAPABILITY
SECRETSOCIETY_OWLS_OF_MINERVA,35828398,KIND_SECRETSOCIETY
SECRETSOCIETY_HERMETIC_ORDER,1491366344,KIND_SECRETSOCIETY
SECRETSOCIETY_VOIDSINGERS,1851459103,KIND_SECRETSOCIETY
SECRETSOCIETY_SANGUINE_PACT,72378977,KIND_SECRETSOCIETY
GOVERNOR_OWLS_OF_MINERVA,-741624729,KIND_GOVERNOR
GOVERNOR_HERMETIC_ORDER,176507244,KIND_GOVERNOR
GOVERNOR_VOIDSINGERS,-1235818677,KIND_GOVERNOR
GOVERNOR_SANGUINE_PACT,227211474,KIND_GOVERNOR
GOVERNOR_PROMOTION_OWLS_OF_MINERVA_1,-529736117,KIND_GOVERNOR_PROMOTION
GOVERNOR_PROMOTION_OWLS_OF_MINERVA_2,2036699121,KIND_GOVERNOR_PROMOTION
GOVERNOR_PROMOTION_OWLS_OF_MINERVA_3,241352551,KIND_GOVERNOR_PROMOTION
GOVERNOR_PROMOTION_OWLS_OF_MINERVA_4,-1878644028,KIND_GOVERNOR_PROMOTION
GOVERNOR_PROMOTION_HERMETIC_ORDER_1,995340458,KIND_GOVERNOR_PROMOTION
GOVERNOR_PROMOTION_HERMETIC_ORDER_2,-1571102448,KIND_GOVERNOR_PROMOTION
GOVERNOR_PROMOTION_HERMETIC_ORDER_3,-715271802,KIND_GOVERNOR_PROMOTION
GOVERNOR_PROMOTION_HERMETIC_ORDER_4,1262044197,KIND_GOVERNOR_PROMOTION
GOVERNOR_PROMOTION_VOIDSINGERS_1,-2130105141,KIND_GOVERNOR_PROMOTION
GOVERNOR_PROMOTION_VOIDSINGERS_2,402685297,KIND_GOVERNOR_PROMOTION
GOVERNOR_PROMOTION_VOIDSINGERS_3,1862749671,KIND_GOVERNOR_PROMOTION
GOVERNOR_PROMOTION_VOIDSINGERS_4,-245114812,KIND_GOVERNOR_PROMOTION
GOVERNOR_PROMOTION_SANGUINE_PACT_1,-287369258,KIND_GOVERNOR_PROMOTION
GOVERNOR_PROMOTION_SANGUINE_PACT_2,2010531436,KIND_GOVERNOR_PROMOTION
GOVERNOR_PROMOTION_SANGUINE_PACT_3,13727482,KIND_GOVERNOR_PROMOTION
GOVERNOR_PROMOTION_SANGUINE_PACT_4,-1632246951,KIND_GOVERNOR_PROMOTION
BUILDING_ALCHEMICAL_SOCIETY,834320944,KIND_BUILDING
BUILDING_GILDED_VAULT,-1715919788,KIND_BUILDING
BUILDING_OLD_GOD_OBELISK,211264768,KIND_BUILDING
IMPROVEMENT_VAMPIRE_CASTLE,130473463,KIND_IMPROVEMENT
RESOURCE_LEY_LINE,367326199,KIND_RESOURCE
UNIT_VAMPIRE,2076463495,KIND_UNIT
UNIT_CULTIST,399248695,KIND_UNIT
TRAIT_SECRET_SOCIETY_UNIT_CULTIST,-1513781548,KIND_TRAIT
ABILITY_SPREAD_DISSENT,1605924549,KIND_ABILITY
ABILITY_SPREAD_CHAOS,1151489497,KIND_ABILITY
ABILITY_CULTIST_RELIC_ON_DEATH,-108747417,KIND_ABILITY
ABILITY_CULTIST_ENTER_FOREIGN_LANDS,439149178,KIND_ABILITY
PROJECT_OCCULT_RESEARCH,1891243095,KIND_PROJECT
PROJECT_DARK_SUMMONING,1297877099,KIND_PROJECT
PROMOTION_CLASS_VAMPIRE,222078854,KIND_PROMOTION_CLASS
GREATWORK_RELIC_25,-531974404,KIND_GREATWORK
GREATWORK_RELIC_26,2034493254,KIND_GREATWORK
GREATWORK_RELIC_27,239392720,KIND_GREATWORK
GREATWORK_RELIC_28,-1627665855,KIND_GREATWORK
GREATWORK_RELIC_29,-369296681,KIND_GREATWORK
GREATWORK_RELIC_30,-1992592590,KIND_GREATWORK
GREATWORK_RELIC_31,-29604956,KIND_GREATWORK
GREATWORK_RELIC_32,1731531294,KIND_GREATWORK
GREATWORK_RELIC_33,271721096,KIND_GREATWORK
GREATWORK_RELIC_34,-1906919637,KIND_GREATWORK
GREATWORK_RELIC_35,-112097347,KIND_GREATWORK
GREATWORK_RELIC_36,1616434695,KIND_GREATWORK
GREATWORK_RELIC_37,392160913,KIND_GREATWORK
GREATWORK_RELIC_38,-2015298816,KIND_GREATWORK
GREATWORK_RELIC_39,-253244522,KIND_GREATWORK
GREATWORK_RELIC_40,-965024267,KIND_GREATWORK
GREATWORK_RELIC_41,-1317153437,KIND_GREATWORK
GREATWORK_RELIC_42,678724825,KIND_GREATWORK
GREATWORK_RELIC_43,1601418319,KIND_GREATWORK
GREATWORK_RELIC_44,-1055448596,KIND_GREATWORK
GREATWORK_RELIC_45,-1240460934,KIND_GREATWORK
GREATWORK_RELIC_46,790184128,KIND_GREATWORK
GREATWORK_RELIC_47,1478389846,KIND_GREATWORK
GREATWORK_RELIC_48,-928944697,KIND_GREATWORK
NOTIFICATION_SECRETSOCIETY_DISCOVERED,-908923528,KIND_NOTIFICATION
NOTIFICATION_SECRETSOCIETY_JOINED,1591419214,KIND_NOTIFICATION
NOTIFICATION_SECRETSOCIETY_LEADER_JOINED,-1852938614,KIND_NOTIFICATION
NOTIFICATION_SECRETSOCIETY_LEVEL_UP,67108966,KIND_NOTIFICATION
MODIFIER_ALL_COMBAT_RESULTS_APPLY_MODIFIER_TO_UNITS_ON_TILE,-1510092396,KIND_MODIFIER
MODIFIER_ALL_COMBAT_RESULTS_APPLY_MODIFIER_TO_UNITS_ON_ADJACENT_TILES,-1700362238,KIND_MODIFIER
MODIFIER_ALL_UNITS_ADJUST_PROPERTY,69370831,KIND_MODIFIER
MODIFIER_PLAYER_ADJUST_GREAT_PERSON_RESOURCE_YIELD_CHANGE,-1117975496,KIND_MODIFIER
MODIFIER_ALL_PLOT_YIELDS_ATTACH_MODIFIER,-73220198,KIND_MODIFIER
MODIFIER_ALL_PLAYER_IMPROVEMENTS_ATTACH_MODIFIER,267974463,KIND_MODIFIER
MODIFIER_UNIT_ADJUST_DIRECT_LOYALTY_DAMAGE,1582511939,KIND_MODIFIER
MODIFIER_PLAYER_UNITS_ADJUST_DIRECT_LOYALTY_DAMAGE,1725778614,KIND_MODIFIER
MODIFIER_PLAYER_ALLOW_PROJECT,-1199805117,KIND_MODIFIER
MODIFIER_ALL_PLAYER_IMPROVEMENTS_GRANT_ADJACENT_YIELDS,833208055,KIND_MODIFIER
MODIFIER_ALL_PLAYER_IMPROVEMENTS_ADJUST_PROPERTY,-1684220108,KIND_MODIFIER
MODIFIER_GRANT_YIELD_PER_RESOURCE_TYPE_IN_CITY,-2091368479,KIND_MODIFIER
MODIFIER_PLAYER_UNITS_ADJUST_ADVANCED_PILLAGING,-1742384671,KIND_MODIFIER
BUILDING_PALGUM,8957948,KIND_BUILDING
CIVILIZATION_BABYLON_STK,1770109778,KIND_CIVILIZATION
TRAIT_CIVILIZATION_BABYLON,-422308040,KIND_TRAIT
TRAIT_CIVILIZATION_BUILDING_PALGUM,-1783283028,KIND_TRAIT
TRAIT_CIVILIZATION_UNIT_BABYLONIAN_SABUM_KIBITTUM,1107874222,KIND_TRAIT
CIVILIZATION_AYUTTHAYA,-1698441207,KIND_CIVILIZATION
CIVILIZATION_CHINGUETTI,-1936776523,KIND_CIVILIZATION
CIVILIZATION_JOHANNESBURG,16165590,KIND_CIVILIZATION
CIVILIZATION_NALANDA,430881916,KIND_CIVILIZATION
CIVILIZATION_SAMARKAND,1486746550,KIND_CIVILIZATION
CIVILIZATION_WOLIN,402946096,KIND_CIVILIZATION
GREAT_PERSON_INDIVIDUAL_MATTHEW_PERRY,-1527419736,KIND_GREAT_PERSON_INDIVIDUAL
GREAT_PERSON_INDIVIDUAL_HIMERIOS,-1328573182,KIND_GREAT_PERSON_INDIVIDUAL
GREAT_PERSON_INDIVIDUAL_HANNO_THE_NAVIGATOR,-61775955,KIND_GREAT_PERSON_INDIVIDUAL
GREAT_PERSON_INDIVIDUAL_KAMAL_UD_DIN_BEHZAD,-39936291,KIND_GREAT_PERSON_INDIVIDUAL
GREAT_PERSON_INDIVIDUAL_HASEGAWA_TOHAKU,-1960946208,KIND_GREAT_PERSON_INDIVIDUAL
GREAT_PERSON_INDIVIDUAL_WASSILY_KANDINSKY,325044442,KIND_GREAT_PERSON_INDIVIDUAL
GREAT_PERSON_INDIVIDUAL_IMHOTEP,-1601816364,KIND_GREAT_PERSON_INDIVIDUAL
GREAT_PERSON_INDIVIDUAL_SHAH_JAHAN,1066069802,KIND_GREAT_PERSON_INDIVIDUAL
GREAT_PERSON_INDIVIDUAL_KENZO_TANGE,-426965643,KIND_GREAT_PERSON_INDIVIDUAL
GREAT_PERSON_INDIVIDUAL_DANDARA,-1693700559,KIND_GREAT_PERSON_INDIVIDUAL
GREAT_PERSON_INDIVIDUAL_TRUNG_TRAC,819680229,KIND_GREAT_PERSON_INDIVIDUAL
GREAT_PERSON_INDIVIDUAL_TUPAC_AMARU,-1110016899,KIND_GREAT_PERSON_INDIVIDUAL
GREAT_PERSON_INDIVIDUAL_ZHOU_DAGUAN,-535853050,KIND_GREAT_PERSON_INDIVIDUAL
GREAT_PERSON_INDIVIDUAL_IBN_FADLAN,-2102395179,KIND_GREAT_PERSON_INDIVIDUAL
GREAT_PERSON_INDIVIDUAL_STAMFORD_RAFFLES,368630796,KIND_GREAT_PERSON_INDIVIDUAL
GREAT_PERSON_INDIVIDUAL_DIMITRIE_CANTEMIR,-1449361472,KIND_GREAT_PERSON_INDIVIDUAL
GREAT_PERSON_INDIVIDUAL_SCOTT_JOPLIN,-1017645702,KIND_GREAT_PERSON_INDIVIDUAL
GREAT_PERSON_INDIVIDUAL_ZHANG_HENG,1818104172,KIND_GREAT_PERSON_INDIVIDUAL
GREAT_PERSON_INDIVIDUAL_IBN_KHALDUN,1184518971,KIND_GREAT_PERSON_INDIVIDUAL
GREAT_PERSON_INDIVIDUAL_MARGARET_MEAD,-1662629683,KIND_GREAT_PERSON_INDIVIDUAL
GREAT_PERSON_INDIVIDUAL_VALMIKI,-145895506,KIND_GREAT_PERSON_INDIVIDUAL
GREAT_PERSON_INDIVIDUAL_RUMI,1731609470,KIND_GREAT_PERSON_INDIVIDUAL
GREAT_PERSON_INDIVIDUAL_BEATRIX_POTTER,-572310295,KIND_GREAT_PERSON_INDIVIDUAL
GREAT_PERSON_INDIVIDUAL_GABRIELA_MISTRAL,-1931524829,KIND_GREAT_PERSON_INDIVIDUAL
MODIFIER_GRANT_UNITS_IN_DISTRICTS,1174251750,KIND_MODIFIER
MODIFIER_ADJUST_AMENITIES_IN_DISTRICT,-1480029319,KIND_MODIFIER
MODIFIER_ADJUST_HOUSING_IN_DISTRICT,-117735147,KIND_MODIFIER
MODIFIER_PLAYER_CITIES_ADJUST_HAPPINESS_YIELD_BAB,-851553269,KIND_MODIFIER
MODIFIER_UNIT_BECOME_CITY_SUZERAIN,1438319711,KIND_MODIFIER
MODIFIER_CITY_PURCHASE_PRODUCTION,1408470919,KIND_MODIFIER
MODIFIER_CITY_GRANT_FREE_ENVOYS_HERE,-524499121,KIND_MODIFIER
MODIFIER_PLAYER_GRANT_UNIT_OF_ABILITY_WITH_MODIFIER,1238023697,KIND_MODIFIER
MODIFIER_UNIT_ABSORB_CITY_STATE_AS_GIFT_AND_APPLY_MODIFIER,1899017552,KIND_MODIFIER
ABILITY_HIMERIOS_BONUS_EXPERIENCE,-2086169250,KIND_ABILITY
GREATWORK_BEHZAD_1,1298431354,KIND_GREATWORK
GREATWORK_BEHZAD_2,-731042624,KIND_GREATWORK
GREATWORK_BEHZAD_3,-1553327018,KIND_GREATWORK
GREATWORK_TOHAKU_1,917083432,KIND_GREATWORK
GREATWORK_TOHAKU_2,-1348418414,KIND_GREATWORK
GREATWORK_TOHAKU_3,-660081660,KIND_GREATWORK
GREATWORK_KADINSKY_1,-1915692299,KIND_GREATWORK
GREATWORK_KADINSKY_2,349801295,KIND_GREATWORK
GREATWORK_KADINSKY_3,1675541465,KIND_GREATWORK
GREATWORK_BABYLON_CANTEMIR_1,-1881754985,KIND_GREATWORK
GREATWORK_BABYLON_CANTEMIR_2,383771437,KIND_GREATWORK
GREATWORK_BABYLON_CANTEMIR_3,1641599931,KIND_GREATWORK
GREATWORK_BABYLON_JOPLIN_1,-325216083,KIND_GREATWORK
GREATWORK_BABYLON_JOPLIN_2,1972685079,KIND_GREATWORK
GREATWORK_BABYLON_JOPLIN_3,43252097,KIND_GREATWORK
GREATWORK_BABYLON_BEATRIX_POTTER_1,-1875086269,KIND_GREATWORK
GREATWORK_BABYLON_BEATRIX_POTTER_2,154478073,KIND_GREATWORK
GREATWORK_BABYLON_VALMIKI_1,419605862,KIND_GREATWORK
GREATWORK_BABYLON_VALMIKI_2,-2146698020,KIND_GREATWORK
GREATWORK_BABYLON_RUMI_1,64953793,KIND_GREATWORK
GREATWORK_BABYLON_RUMI_2,-1697231749,KIND_GREATWORK
GREATWORK_BABYLON_GABRIELA_MISTRAL_1,-449922420,KIND_GREATWORK
GREATWORK_BABYLON_GABRIELA_MISTRAL_2,2082990902,KIND_GREATWORK
IMPROVEMENT_MAHAVIHARA,-1770392642,KIND_IMPROVEMENT
IMPROVEMENT_TRADING_DOME,1021479658,KIND_IMPROVEMENT
LEADER_HAMMURABI,963386021,KIND_LEADER
LEADER_MINOR_CIV_AYUTTHAYA,-1805739777,KIND_LEADER
LEADER_MINOR_CIV_CHINGUETTI,-664803108,KIND_LEADER
LEADER_MINOR_CIV_JOHANNESBURG,-814217914,KIND_LEADER
LEADER_MINOR_CIV_NALANDA,-1194013229,KIND_LEADER
LEADER_MINOR_CIV_SAMARKAND,1442886464,KIND_LEADER
LEADER_MINOR_CIV_WOLIN,736657439,KIND_LEADER
TRAIT_LEADER_HAMMURABI,-908027279,KIND_TRAIT
TRAIT_AGENDA_HAMMURABI_DISTRICTS,-1250961520,KIND_TRAIT
MINOR_CIV_AYUTTHAYA_TRAIT,960551732,KIND_TRAIT
MINOR_CIV_CHINGUETTI_TRAIT,1978436122,KIND_TRAIT
MINOR_CIV_JOHANNESBURG_TRAIT,573778137,KIND_TRAIT
MINOR_CIV_NALANDA_TRAIT,70488972,KIND_TRAIT
MINOR_CIV_SAMARKAND_TRAIT,-583770562,KIND_TRAIT
MINOR_CIV_WOLIN_TRAIT,-123253541,KIND_TRAIT
ABILITY_WOLIN_LAND_UNITS,37461823,KIND_ABILITY
ABILITY_WOLIN_NAVAL_UNITS,1701305563,KIND_ABILITY
MODIFIER_PLAYER_CITIES_ADJUST_YIELD_BY_NUMBER_RESOURCES,238568836,KIND_MODIFIER
MODIFIER_PLAYER_CITIES_GRANT_YIELD_PER_BUILDING_COST,986323937,KIND_MODIFIER
MODIFIER_PLAYER_DISTRICT_ADJUST_PLAYER_ENVOYS_NON_SPECIALTY,-876075500,KIND_MODIFIER
MODIFIER_PLAYER_DISTRICT_ADJUST_FREE_BUILDING_WHEN_SPECIALTY_DISTRICT_CONSTRUCTED,69251034,KIND_MODIFIER
MODIFIER_PLAYER_DISTRICT_ADJUST_FREE_BUILDING_WHEN_SPECIALTY_DISTRICT_CONSTRUCTED_EXCEPT,41726377,KIND_MODIFIER
MODIFIER_PLAYER_DISTRICT_ADJUST_SPECIFIC_DISTRICT_GRANT_ENVOYS,278878162,KIND_MODIFIER
MODIFIER_PLAYER_ADJUST_TRADE_ROUTE_YIELD_PER_FOLLOWER,1834548991,KIND_MODIFIER
MODIFIER_PLAYER_ADJUST_TRADE_ROUTE_YIELD_PER_IMPROVEMENT_AT_LOCATION_BABYLON,73606587,KIND_MODIFIER
MODIFIER_PLAYER_ADJUST_UNITS_GREAT_PEOPLE_POINTS_PER_KILL_BY_DEFEATED_STRENGTH,702201012,KIND_MODIFIER
MODIFIER_PLAYER_DIPLOMACY_AGENDA_HAMMURABI_DISTRICTS,-1057813993,KIND_MODIFIER
UNIT_BABYLONIAN_SABUM_KIBITTUM,-1058251439,KIND_UNIT
ABILITY_SABUM_KIBITTUM_ANTI_CAVALRY,-273902558,KIND_ABILITY
CAPABILITY_HEROES,-2098257148,KIND_CAPABILITY
UNIT_HERO_ANANSI,1738412426,KIND_UNIT
UNIT_HERO_ARTHUR,2113658492,KIND_UNIT
UNIT_HERO_BEOWULF,574739543,KIND_UNIT
UNIT_HERO_HERCULES,-1752503615,KIND_UNIT
UNIT_HERO_HIMIKO,-699398141,KIND_UNIT
UNIT_HERO_HIPPOLYTA,-663732631,KIND_UNIT
UNIT_HERO_HUNAHPU,-1144879919,KIND_UNIT
UNIT_HERO_OYA,2026467838,KIND_UNIT
UNIT_HERO_MAUI,-1007746488,KIND_UNIT
UNIT_HERO_MULAN,-302671864,KIND_UNIT
UNIT_HERO_SINBAD,-862155946,KIND_UNIT
UNIT_HERO_WUKONG,-745890345,KIND_UNIT
UNIT_QUESTING_KNIGHT,-1708482179,KIND_UNIT
HEROCLASS_ANANSI,-1609787671,KIND_HEROCLASS
HEROCLASS_ARTHUR,-1167501025,KIND_HEROCLASS
HEROCLASS_BEOWULF,-163744206,KIND_HEROCLASS
HEROCLASS_HERCULES,-1434057804,KIND_HEROCLASS
HEROCLASS_HIMIKO,297963360,KIND_HEROCLASS
HEROCLASS_HIPPOLYTA,-131942605,KIND_HEROCLASS
HEROCLASS_HUNAHPU,1874732724,KIND_HEROCLASS
HEROCLASS_OYA,-61597586,KIND_HEROCLASS
HEROCLASS_MAUI,862194789,KIND_HEROCLASS
HEROCLASS_MULAN,-1462087821,KIND_HEROCLASS
HEROCLASS_SINBAD,185470005,KIND_HEROCLASS
HEROCLASS_WUKONG,337124020,KIND_HEROCLASS
PROJECT_CREATE_HERO_ANANSI,1482264395,KIND_PROJECT
PROJECT_CREATE_HERO_ARTHUR,1111244989,KIND_PROJECT
PROJECT_CREATE_HERO_BEOWULF,-836902417,KIND_PROJECT
PROJECT_CREATE_HERO_HERCULES,1390185802,KIND_PROJECT
PROJECT_CREATE_HERO_HIMIKO,-375941438,KIND_PROJECT
PROJECT_CREATE_HERO_HIPPOLYTA,-1562430810,KIND_PROJECT
PROJECT_CREATE_HERO_HUNAHPU,1470017897,KIND_PROJECT
PROJECT_CREATE_HERO_OYA,-1139928392,KIND_PROJECT
PROJECT_CREATE_HERO_MAUI,1553211790,KIND_PROJECT
PROJECT_CREATE_HERO_MULAN,-1620212562,KIND_PROJECT
PROJECT_CREATE_HERO_SINBAD,-212134505,KIND_PROJECT
PROJECT_CREATE_HERO_WUKONG,-330497258,KIND_PROJECT
PROJECT_DISCOVER_NEXT_HERO,755769827,KIND_PROJECT
ABILITY_HERO_COMBAT_STRENGTH_AOE,-1474758538,KIND_ABILITY
ABILITY_HERO_COMBAT_STRENGTH_UNIT,-1480278801,KIND_ABILITY
ABILITY_HERO_ENTER_FOREIGN_LANDS,66503411,KIND_ABILITY
ABILITY_HIPPOLYTA_HEAL_PER_TURN,-669951273,KIND_ABILITY
ABILITY_HUNAHPU_RESURRECT_KILL,-1996428676,KIND_ABILITY
ABILITY_MULAN_STRENGTH_PER_TURN,-1400887912,KIND_ABILITY
ABILITY_MULAN_FORTIFY,-879297958,KIND_ABILITY
ABILITY_WUKONG_STEALTH,1138716996,KIND_ABILITY
ABILITY_WUKONG_LIFESPAN,-291411756,KIND_ABILITY
ABILITY_SINBAD_GOLD_FOR_DISCOVERY,-349115742,KIND_ABILITY
ABILITY_SINBAD_OCEAN_VALID_TERRAIN,-779277422,KIND_ABILITY
ABILITY_HERO_IGNORE_FOREST_TERRAIN_COST,-3183618,KIND_ABILITY
ABILITY_HERO_IGNORE_HILLS_TERRAIN_COST,403063289,KIND_ABILITY
ABILITY_HERO_IGNORE_ALL_TERRAIN_COST,-1327990515,KIND_ABILITY
MODIFIER_CITY_GRANT_HERO,1108597229,KIND_MODIFIER
MODIFIER_PLAYER_DISCOVER_HERO,874939421,KIND_MODIFIER
MODIFIER_ADJUST_COMBAT_STRENGTH_FOR_ERA,-1364376592,KIND_MODIFIER
UNITCOMMAND_KILL_WEAKER_UNIT,433514076,KIND_UNITCOMMAND
UNITCOMMAND_TRANSFORM_UNIT,-1536230479,KIND_UNITCOMMAND
UNITCOMMAND_GRANT_ENVOY,-1121550985,KIND_UNITCOMMAND
UNITCOMMAND_FORCE_LEVY_MILITARY,-425177922,KIND_UNITCOMMAND
UNITCOMMAND_COMPLETE_DISTRICT,-869051732,KIND_UNITCOMMAND
UNITCOMMAND_DESTROY_DEVELOPMENT,1442559572,KIND_UNITCOMMAND
UNITCOMMAND_RESTORE_UNIT_MOVES,1605907890,KIND_UNITCOMMAND
UNITCOMMAND_NAVAL_GOLD_RAID,-1684503434,KIND_UNITCOMMAND
UNITCOMMAND_RESOURCE_INSPIRE,1587775839,KIND_UNITCOMMAND
UNITCOMMAND_AREA_DAMAGE_HEAL,727533156,KIND_UNITCOMMAND
UNITCOMMAND_CREATE_RANDOM_RESOURCE,-539324357,KIND_UNITCOMMAND
GREATWORK_HERO_SYMBOL_ANANSI,1298154767,KIND_GREATWORK
GREATWORK_HERO_EPIC_ANANSI,1653765367,KIND_GREATWORK
GREATWORK_HERO_SYMBOL_ARTHUR,1459981049,KIND_GREATWORK
GREATWORK_HERO_EPIC_ARTHUR,2029501185,KIND_GREATWORK
GREATWORK_HERO_SYMBOL_BEOWULF,-1078370900,KIND_GREATWORK
GREATWORK_HERO_EPIC_BEOWULF,217109939,KIND_GREATWORK
GREATWORK_HERO_SYMBOL_HERCULES,-1116194340,KIND_GREATWORK
GREATWORK_HERO_EPIC_HERCULES,818118049,KIND_GREATWORK
GREATWORK_HERO_SYMBOL_HIMIKO,-55681914,KIND_GREATWORK
GREATWORK_HERO_EPIC_HIMIKO,-748917378,KIND_GREATWORK
GREATWORK_HERO_SYMBOL_HIPPOLYTA,-1151557533,KIND_GREATWORK
GREATWORK_HERO_EPIC_HIPPOLYTA,-1788537178,KIND_GREATWORK
GREATWORK_HERO_SYMBOL_HUNAHPU,641338666,KIND_GREATWORK
GREATWORK_HERO_EPIC_HUNAHPU,-1787591371,KIND_GREATWORK
GREATWORK_HERO_SYMBOL_OYA,67126443,KIND_GREATWORK
GREATWORK_HERO_EPIC_OYA,-1284021011,KIND_GREATWORK
GREATWORK_HERO_SYMBOL_MAUI,-661492218,KIND_GREATWORK
GREATWORK_HERO_EPIC_MAUI,1201339779,KIND_GREATWORK
GREATWORK_HERO_SYMBOL_MULAN,2089454067,KIND_GREATWORK
GREATWORK_HERO_EPIC_MULAN,-506988849,KIND_GREATWORK
GREATWORK_HERO_SYMBOL_SINBAD,-429727789,KIND_GREATWORK
GREATWORK_HERO_EPIC_SINBAD,-913248725,KIND_GREATWORK
GREATWORK_HERO_SYMBOL_WUKONG,-109786798,KIND_GREATWORK
GREATWORK_HERO_EPIC_WUKONG,-695797590,KIND_GREATWORK
TRAIT_LEADER_GILGAMESH_HEROES,-1132346144,KIND_TRAIT
NOTIFICATION_HERO_DISCOVERED,1841612282,KIND_NOTIFICATION
NOTIFICATION_HERO_CREATED,2059784408,KIND_NOTIFICATION
NOTIFICATION_HERO_RECALLED,-1097523223,KIND_NOTIFICATION
NOTIFICATION_HERO_KILLED,99064686,KIND_NOTIFICATION
NOTIFICATION_HERO_KILLED_OTHER,-859997714,KIND_NOTIFICATION
NOTIFICATION_HERO_EXPIRED,-776500693,KIND_NOTIFICATION
NOTIFICATION_HERO_EXPIRED_OTHER,-1893347763,KIND_NOTIFICATION
NOTIFICATION_HERO_LOW_LIFESPAN,-169001814,KIND_NOTIFICATION
NOTIFICATION_HERO_CAN_PURCHASE_WITH_FAITH,-687521414,KIND_NOTIFICATION
NOTIFICATION_HERO_CLAIM_FAILED,2029306321,KIND_NOTIFICATION
MOMENT_HERO_CREATED_FIRST,-1505524166,KIND_MOMENT
MOMENT_HERO_EXPIRED_FIRST,1409146993,KIND_MOMENT
MOMENT_HERO_RECALLED_FIRST,702775456,KIND_MOMENT
MOMENT_HERO_CREATED,-1903939591,KIND_MOMENT
MOMENT_HERO_EXPIRED,636908810,KIND_MOMENT
MOMENT_HERO_RECALLED,-234336696,KIND_MOMENT
LEADER_LUDWIG,-1784723943,KIND_LEADER
TRAIT_LEADER_LUDWIG,983891046,KIND_TRAIT
TRAIT_AGENDA_ETERNAL,-1871830852,KIND_TRAIT
MODIFIER_PLAYER_DISTRICTS_ADJUST_YIELD_BASED_ON_ADJACENCY_BONUS_BUILDER,505684228,KIND_MODIFIER
MODIFIER_PLAYER_DISTRICTS_ADJUST_TOURISM_ADJACENCY_YIELD_MOFIFIER,653668202,KIND_MODIFIER
LEADER_THEODORA,1124845537,KIND_LEADER
TRAIT_LEADER_THEODORA,-1072146575,KIND_TRAIT
TRAIT_AGENDA_NEW_ROME,-403292935,KIND_TRAIT
LEADER_SEJONG,-1168870679,KIND_LEADER
TRAIT_LEADER_SEJONG,359647382,KIND_TRAIT
TRAIT_AGENDA_SEJONG,-53676105,KIND_TRAIT
BUILDING_ETEMENANKI,1886789845,KIND_BUILDING
BUILDING_NAVIGATION_SCHOOL,-1827129977,KIND_BUILDING
BUILDING_TORRE_DE_BELEM,-1548191764,KIND_BUILDING
CIVILIZATION_PORTUGAL,189584266,KIND_CIVILIZATION
TRAIT_CIVILIZATION_PORTUGAL,1727250289,KIND_TRAIT
TRAIT_CIVILIZATION_BUILDING_NAVIGATION_SCHOOL,-1851460750,KIND_TRAIT
TRAIT_CIVILIZATION_IMPROVEMENT_FEITORIA,-481866702,KIND_TRAIT
TRAIT_CIVILIZATION_UNIT_PORTUGUESE_NAU,-699496631,KIND_TRAIT
IMPROVEMENT_FEITORIA,-540798336,KIND_IMPROVEMENT
LEADER_JOAO_III,1349810148,KIND_LEADER
TRAIT_LEADER_JOAO_III,-748165260,KIND_TRAIT
TRAIT_JOAO_EXPLORATION_AGENDA,-1341168181,KIND_TRAIT
ABILITY_PORTA_DO_CERCO_EXTRA_SIGHT,882024805,KIND_ABILITY
MODIFIER_CITY_ADJUST_CITY_YIELD_PER_TERRAIN_TYPE,191237645,KIND_MODIFIER
MODIFIER_CITY_ADJUST_TRADE_ROUTE_YIELD_PER_DESTINATION_LUXURY_FOR_INTERNATIONAL,188808478,KIND_MODIFIER
MODIFIER_PLAYER_ADJUST_FORBID_LAND_ROUTE,-891231990,KIND_MODIFIER
MODIFIER_PLAYER_ADJUST_INTERNATIONAL_TRADE_ROUTE_YIELD_MODIFIER,-373927473,KIND_MODIFIER
MODIFIER_PLAYER_ADJUST_EMBARK_UNIT_PASS,-1711512202,KIND_MODIFIER
MODIFIER_PLAYER_ADJUST_TRADE_ROUTE_YIELD_PER_IMPROVEMENT_AT_LOCATION,39923760,KIND_MODIFIER
MODIFIER_PLAYER_ADJUST_TOKEN_ON_FIRST_MEETING,1233542363,KIND_MODIFIER
MODIFIER_PLAYER_ADJUST_TRADE_ROUTE_CAPACITY_ON_MEETING,-2013823385,KIND_MODIFIER
UNIT_PORTUGUESE_NAU,1458889837,KIND_UNIT
ABILITY_NAU,2104790703,KIND_ABILITY
NAMED_RIVER_MINHO_RIVER,130580651,KIND_NAMED_RIVER
NAMED_RIVER_MONDEGO_RIVER,210248208,KIND_NAMED_RIVER
NAMED_RIVER_ZEZERE_RIVER,-170828280,KIND_NAMED_RIVER
NAMED_VOLCANO_AGUA_DE_PAU_MASSIF,-1725857018,KIND_NAMED_VOLCANO
NAMED_VOLCANO_CAPELINHOS_VOLCANO,-51287642,KIND_NAMED_VOLCANO
NAMED_VOLCANO_FURNAS_VOLCANO,-592271229,KIND_NAMED_VOLCANO
NAMED_VOLCANO_MOUNT_PICO,125649044,KIND_NAMED_VOLCANO
NAMED_VOLCANO_SETE_CIDADES_MASSIF,-1128669440,KIND_NAMED_VOLCANO
NAMED_MOUNTAIN_SERRA_DA_ESTRELA,-1483842059,KIND_NAMED_MOUNTAIN
NAMED_MOUNTAIN_SERRA_DE_MONCHIQUE,1160967042,KIND_NAMED_MOUNTAIN
NAMED_DESERT_BARREIRO_DA_FANECA,476763374,KIND_NAMED_DESERT
NAMED_LAKE_LAGOA_DO_FOGO,268971169,KIND_NAMED_LAKE
NAMED_LAKE_LAGOA_DAS_SETE_CIDADES,-729274590,KIND_NAMED_LAKE
NAMED_LAKE_LAGOA_DAS_FURNAS,2082670515,KIND_NAMED_LAKE
NAMED_LAKE_LAGOA_DE_SANTIAGO,-1668805237,KIND_NAMED_LAKE
NAMED_LAKE_LAGOAS_DE_BERTIANDOS,1724569215,KIND_NAMED_LAKE
NAMED_LAKE_PATEIRA_DE_FERMENTELOS,913784903,KIND_NAMED_LAKE
NAMED_LAKE_LAGOA_DA_VELA,1941990228,KIND_NAMED_LAKE
NAMED_SEA_SETUBAL_BAY,-882329198,KIND_NAMED_SEA
NAMED_SEA_BAY_OF_ANGRA,-247836512,KIND_NAMED_SEA
NAMED_SEA_BAY_OF_REFUGO,696210171,KIND_NAMED_SEA
NAMED_SEA_FUNCHAL_BAY,338558974,KIND_NAMED_SEA
